WIDTH=8;
DEPTH=76800;

ADDRESS_RADIX=HEX;
DATA_RADIX=HEX;

CONTENT BEGIN
 0 : FE;
 1 : FE;
 2 : FE;
 3 : FE;
 4 : FE;
 5 : FE;
 6 : FE;
 7 : FE;
 8 : FE;
 9 : FE;
 A : FE;
 B : FE;
 C : FE;
 D : FE;
 E : FE;
 F : FE;
 10 : FE;
 11 : FE;
 12 : FE;
 13 : FE;
 14 : FE;
 15 : FE;
 16 : FE;
 17 : FE;
 18 : FE;
 19 : FE;
 1A : FE;
 1B : FE;
 1C : FE;
 1D : FE;
 1E : FE;
 1F : FE;
 20 : FE;
 21 : FE;
 22 : FE;
 23 : FE;
 24 : FE;
 25 : FE;
 26 : FE;
 27 : FE;
 28 : FE;
 29 : FE;
 2A : FE;
 2B : FE;
 2C : FE;
 2D : FE;
 2E : FE;
 2F : FE;
 30 : FE;
 31 : FE;
 32 : FE;
 33 : FE;
 34 : FE;
 35 : FE;
 36 : FE;
 37 : FE;
 38 : FE;
 39 : FE;
 3A : FE;
 3B : FE;
 3C : FE;
 3D : FE;
 3E : FE;
 3F : FE;
 40 : FE;
 41 : FE;
 42 : FE;
 43 : FE;
 44 : FE;
 45 : FE;
 46 : FE;
 47 : FE;
 48 : FE;
 49 : FE;
 4A : FE;
 4B : FE;
 4C : FE;
 4D : FE;
 4E : FE;
 4F : FE;
 50 : FE;
 51 : FE;
 52 : FE;
 53 : FE;
 54 : FE;
 55 : FE;
 56 : FE;
 57 : FE;
 58 : FE;
 59 : FE;
 5A : FE;
 5B : FE;
 5C : FE;
 5D : FE;
 5E : FE;
 5F : FE;
 60 : FE;
 61 : FE;
 62 : FE;
 63 : FE;
 64 : FE;
 65 : FE;
 66 : FE;
 67 : FE;
 68 : FE;
 69 : FE;
 6A : FE;
 6B : FE;
 6C : FE;
 6D : FE;
 6E : FE;
 6F : FE;
 70 : FE;
 71 : FE;
 72 : FE;
 73 : FE;
 74 : FE;
 75 : FE;
 76 : FE;
 77 : FE;
 78 : FE;
 79 : FE;
 7A : FE;
 7B : FE;
 7C : FE;
 7D : FE;
 7E : FE;
 7F : FE;
 80 : FE;
 81 : FE;
 82 : FE;
 83 : FE;
 84 : FE;
 85 : FE;
 86 : FE;
 87 : FE;
 88 : FE;
 89 : FE;
 8A : FE;
 8B : FE;
 8C : FE;
 8D : FE;
 8E : FE;
 8F : FE;
 90 : FE;
 91 : FE;
 92 : FE;
 93 : FE;
 94 : FE;
 95 : FE;
 96 : FE;
 97 : FE;
 98 : FE;
 99 : FE;
 9A : FE;
 9B : FE;
 9C : FE;
 9D : FE;
 9E : FE;
 9F : FE;
 A0 : FE;
 A1 : FE;
 A2 : FE;
 A3 : FE;
 A4 : FE;
 A5 : FE;
 A6 : FE;
 A7 : FE;
 A8 : FE;
 A9 : FE;
 AA : FE;
 AB : FE;
 AC : FE;
 AD : FE;
 AE : FE;
 AF : FE;
 B0 : FE;
 B1 : FE;
 B2 : FE;
 B3 : FE;
 B4 : FE;
 B5 : FE;
 B6 : FE;
 B7 : FE;
 B8 : FE;
 B9 : FE;
 BA : FE;
 BB : FE;
 BC : FE;
 BD : FE;
 BE : FE;
 BF : FE;
 C0 : FE;
 C1 : FE;
 C2 : FE;
 C3 : FE;
 C4 : FE;
 C5 : FE;
 C6 : FE;
 C7 : FE;
 C8 : FE;
 C9 : FE;
 CA : FE;
 CB : FE;
 CC : FE;
 CD : FE;
 CE : FE;
 CF : FE;
 D0 : FE;
 D1 : FE;
 D2 : FE;
 D3 : FE;
 D4 : FE;
 D5 : FE;
 D6 : FE;
 D7 : FE;
 D8 : FE;
 D9 : FE;
 DA : FE;
 DB : FE;
 DC : FE;
 DD : FE;
 DE : FE;
 DF : FE;
 E0 : FE;
 E1 : FE;
 E2 : FE;
 E3 : FE;
 E4 : FE;
 E5 : FE;
 E6 : FE;
 E7 : FE;
 E8 : FE;
 E9 : FE;
 EA : FE;
 EB : FE;
 EC : FE;
 ED : FE;
 EE : FE;
 EF : FE;
 F0 : FE;
 F1 : FE;
 F2 : FE;
 F3 : FE;
 F4 : FE;
 F5 : FE;
 F6 : FE;
 F7 : FE;
 F8 : FE;
 F9 : FE;
 FA : FE;
 FB : FE;
 FC : FE;
 FD : FE;
 FE : FE;
 FF : FE;
 100 : FE;
 101 : FE;
 102 : FE;
 103 : FE;
 104 : FE;
 105 : FE;
 106 : FE;
 107 : FE;
 108 : FE;
 109 : FE;
 10A : FE;
 10B : FE;
 10C : FE;
 10D : FE;
 10E : FE;
 10F : FE;
 110 : FE;
 111 : FE;
 112 : FE;
 113 : FE;
 114 : FE;
 115 : FE;
 116 : FE;
 117 : FE;
 118 : FE;
 119 : FE;
 11A : FE;
 11B : FE;
 11C : FE;
 11D : FE;
 11E : FE;
 11F : FE;
 120 : FE;
 121 : FE;
 122 : FE;
 123 : FE;
 124 : FE;
 125 : FE;
 126 : FE;
 127 : FE;
 128 : FE;
 129 : FE;
 12A : FE;
 12B : FE;
 12C : FE;
 12D : FE;
 12E : FE;
 12F : FE;
 130 : FE;
 131 : FE;
 132 : FE;
 133 : FE;
 134 : FE;
 135 : FE;
 136 : FE;
 137 : FE;
 138 : FE;
 139 : FE;
 13A : FE;
 13B : FE;
 13C : FE;
 13D : FE;
 13E : FE;
 13F : FE;
 140 : FE;
 141 : FE;
 142 : FE;
 143 : FE;
 144 : FE;
 145 : FE;
 146 : FE;
 147 : FE;
 148 : FE;
 149 : FE;
 14A : FE;
 14B : FE;
 14C : FE;
 14D : FE;
 14E : FE;
 14F : FE;
 150 : FE;
 151 : FE;
 152 : FE;
 153 : FE;
 154 : FE;
 155 : FE;
 156 : FE;
 157 : FE;
 158 : FE;
 159 : FE;
 15A : FE;
 15B : FE;
 15C : FE;
 15D : FE;
 15E : FE;
 15F : FE;
 160 : FE;
 161 : FE;
 162 : FE;
 163 : FE;
 164 : FE;
 165 : FE;
 166 : FE;
 167 : FE;
 168 : FE;
 169 : FE;
 16A : FE;
 16B : FE;
 16C : FE;
 16D : FE;
 16E : FE;
 16F : FE;
 170 : FE;
 171 : FE;
 172 : FE;
 173 : FE;
 174 : FE;
 175 : FE;
 176 : FE;
 177 : FE;
 178 : FE;
 179 : FE;
 17A : FE;
 17B : FE;
 17C : FE;
 17D : FE;
 17E : FE;
 17F : FE;
 180 : FE;
 181 : FE;
 182 : FE;
 183 : FE;
 184 : FE;
 185 : FE;
 186 : FE;
 187 : FE;
 188 : FE;
 189 : FE;
 18A : FE;
 18B : FE;
 18C : FE;
 18D : FE;
 18E : FE;
 18F : FE;
 190 : FE;
 191 : FE;
 192 : FE;
 193 : FE;
 194 : FE;
 195 : FE;
 196 : FE;
 197 : FE;
 198 : FE;
 199 : FE;
 19A : FE;
 19B : FE;
 19C : FE;
 19D : FE;
 19E : FE;
 19F : FE;
 1A0 : FE;
 1A1 : FE;
 1A2 : FE;
 1A3 : FE;
 1A4 : FE;
 1A5 : FE;
 1A6 : FE;
 1A7 : FE;
 1A8 : FE;
 1A9 : FE;
 1AA : FE;
 1AB : FE;
 1AC : FE;
 1AD : FE;
 1AE : FE;
 1AF : FE;
 1B0 : FE;
 1B1 : FE;
 1B2 : FE;
 1B3 : FE;
 1B4 : FE;
 1B5 : FE;
 1B6 : FE;
 1B7 : FE;
 1B8 : FE;
 1B9 : FE;
 1BA : FE;
 1BB : FE;
 1BC : FE;
 1BD : FE;
 1BE : FE;
 1BF : FE;
 1C0 : FE;
 1C1 : FE;
 1C2 : FE;
 1C3 : FE;
 1C4 : FE;
 1C5 : FE;
 1C6 : FE;
 1C7 : FE;
 1C8 : FE;
 1C9 : FE;
 1CA : FE;
 1CB : FE;
 1CC : FE;
 1CD : FE;
 1CE : FE;
 1CF : FE;
 1D0 : FE;
 1D1 : FE;
 1D2 : FE;
 1D3 : FE;
 1D4 : FE;
 1D5 : FE;
 1D6 : FE;
 1D7 : FE;
 1D8 : FE;
 1D9 : FE;
 1DA : FE;
 1DB : FE;
 1DC : FE;
 1DD : FE;
 1DE : FE;
 1DF : FE;
 1E0 : FE;
 1E1 : FE;
 1E2 : FE;
 1E3 : FE;
 1E4 : FE;
 1E5 : FE;
 1E6 : FE;
 1E7 : FE;
 1E8 : FE;
 1E9 : FE;
 1EA : FE;
 1EB : FE;
 1EC : FE;
 1ED : FE;
 1EE : FE;
 1EF : FE;
 1F0 : FE;
 1F1 : FE;
 1F2 : FE;
 1F3 : FE;
 1F4 : FE;
 1F5 : FE;
 1F6 : FE;
 1F7 : FE;
 1F8 : FE;
 1F9 : FE;
 1FA : FE;
 1FB : FE;
 1FC : FE;
 1FD : FE;
 1FE : FE;
 1FF : FE;
 200 : FE;
 201 : FE;
 202 : FE;
 203 : FE;
 204 : FE;
 205 : FE;
 206 : FE;
 207 : FE;
 208 : FE;
 209 : FE;
 20A : FE;
 20B : FE;
 20C : FE;
 20D : FE;
 20E : FE;
 20F : FE;
 210 : FE;
 211 : FE;
 212 : FE;
 213 : FE;
 214 : FE;
 215 : FE;
 216 : FE;
 217 : FE;
 218 : FE;
 219 : FE;
 21A : FE;
 21B : FE;
 21C : FE;
 21D : FE;
 21E : FE;
 21F : FE;
 220 : FE;
 221 : FE;
 222 : FE;
 223 : FE;
 224 : FE;
 225 : FE;
 226 : FE;
 227 : FE;
 228 : FE;
 229 : FE;
 22A : FE;
 22B : FE;
 22C : FE;
 22D : FE;
 22E : FE;
 22F : FE;
 230 : FE;
 231 : FE;
 232 : FE;
 233 : FE;
 234 : FE;
 235 : FE;
 236 : FE;
 237 : FE;
 238 : FE;
 239 : FE;
 23A : FE;
 23B : FE;
 23C : FE;
 23D : FE;
 23E : FE;
 23F : FE;
 240 : FE;
 241 : FE;
 242 : FE;
 243 : FE;
 244 : FE;
 245 : FE;
 246 : FE;
 247 : FE;
 248 : FE;
 249 : FE;
 24A : FE;
 24B : FE;
 24C : FE;
 24D : FE;
 24E : FE;
 24F : FE;
 250 : FE;
 251 : FE;
 252 : FE;
 253 : FE;
 254 : FE;
 255 : FE;
 256 : FE;
 257 : FE;
 258 : FE;
 259 : FE;
 25A : FE;
 25B : FE;
 25C : FE;
 25D : FE;
 25E : FE;
 25F : FE;
 260 : FE;
 261 : FE;
 262 : FE;
 263 : FE;
 264 : FE;
 265 : FE;
 266 : FE;
 267 : FE;
 268 : FE;
 269 : FE;
 26A : FE;
 26B : FE;
 26C : FE;
 26D : FE;
 26E : FE;
 26F : FE;
 270 : FE;
 271 : FE;
 272 : FE;
 273 : FE;
 274 : FE;
 275 : FE;
 276 : FE;
 277 : FE;
 278 : FE;
 279 : FE;
 27A : FE;
 27B : FE;
 27C : FE;
 27D : FE;
 27E : FE;
 27F : FE;
 280 : FE;
 281 : FE;
 282 : FE;
 283 : FE;
 284 : FE;
 285 : FE;
 286 : FE;
 287 : FE;
 288 : FE;
 289 : FE;
 28A : FE;
 28B : FE;
 28C : FE;
 28D : FE;
 28E : FE;
 28F : FE;
 290 : FE;
 291 : FE;
 292 : FE;
 293 : FE;
 294 : FE;
 295 : FE;
 296 : FE;
 297 : FE;
 298 : FE;
 299 : FE;
 29A : FE;
 29B : FE;
 29C : FE;
 29D : FE;
 29E : FE;
 29F : FE;
 2A0 : FE;
 2A1 : FE;
 2A2 : FE;
 2A3 : FE;
 2A4 : FE;
 2A5 : FE;
 2A6 : FE;
 2A7 : FE;
 2A8 : FE;
 2A9 : FE;
 2AA : FE;
 2AB : FE;
 2AC : FE;
 2AD : FE;
 2AE : FE;
 2AF : FE;
 2B0 : FE;
 2B1 : FE;
 2B2 : FE;
 2B3 : FE;
 2B4 : FE;
 2B5 : FE;
 2B6 : FE;
 2B7 : FE;
 2B8 : FE;
 2B9 : FE;
 2BA : FE;
 2BB : FE;
 2BC : FE;
 2BD : FE;
 2BE : FE;
 2BF : FE;
 2C0 : FE;
 2C1 : FE;
 2C2 : FE;
 2C3 : FE;
 2C4 : FE;
 2C5 : FE;
 2C6 : FE;
 2C7 : FE;
 2C8 : FE;
 2C9 : FE;
 2CA : FE;
 2CB : FE;
 2CC : FE;
 2CD : FE;
 2CE : FE;
 2CF : FE;
 2D0 : FE;
 2D1 : FE;
 2D2 : FE;
 2D3 : FE;
 2D4 : FE;
 2D5 : FE;
 2D6 : FE;
 2D7 : FE;
 2D8 : FE;
 2D9 : FE;
 2DA : FE;
 2DB : FE;
 2DC : FE;
 2DD : FE;
 2DE : FE;
 2DF : FE;
 2E0 : FE;
 2E1 : FE;
 2E2 : FE;
 2E3 : FE;
 2E4 : FE;
 2E5 : FE;
 2E6 : FE;
 2E7 : FE;
 2E8 : FE;
 2E9 : FE;
 2EA : FE;
 2EB : FE;
 2EC : FE;
 2ED : FE;
 2EE : FE;
 2EF : FE;
 2F0 : FE;
 2F1 : FE;
 2F2 : FE;
 2F3 : FE;
 2F4 : FE;
 2F5 : FE;
 2F6 : FE;
 2F7 : FE;
 2F8 : FE;
 2F9 : FE;
 2FA : FE;
 2FB : FE;
 2FC : FE;
 2FD : FE;
 2FE : FE;
 2FF : FE;
 300 : FE;
 301 : FE;
 302 : FE;
 303 : FE;
 304 : FE;
 305 : FE;
 306 : FE;
 307 : FE;
 308 : FE;
 309 : FE;
 30A : FE;
 30B : FE;
 30C : FE;
 30D : FE;
 30E : FE;
 30F : FE;
 310 : FE;
 311 : FE;
 312 : FE;
 313 : FE;
 314 : FE;
 315 : FE;
 316 : FE;
 317 : FE;
 318 : FE;
 319 : FE;
 31A : FE;
 31B : FE;
 31C : FE;
 31D : FE;
 31E : FE;
 31F : FE;
 320 : FE;
 321 : FE;
 322 : FE;
 323 : FE;
 324 : FE;
 325 : FE;
 326 : FE;
 327 : FE;
 328 : FE;
 329 : FE;
 32A : FE;
 32B : FE;
 32C : FE;
 32D : FE;
 32E : FE;
 32F : FE;
 330 : FE;
 331 : FE;
 332 : FE;
 333 : FE;
 334 : FE;
 335 : FE;
 336 : FE;
 337 : FE;
 338 : FE;
 339 : FE;
 33A : FE;
 33B : FE;
 33C : FE;
 33D : FE;
 33E : FE;
 33F : FE;
 340 : FE;
 341 : FE;
 342 : FE;
 343 : FE;
 344 : FE;
 345 : FE;
 346 : FE;
 347 : FE;
 348 : FE;
 349 : FE;
 34A : FE;
 34B : FE;
 34C : FE;
 34D : FE;
 34E : FE;
 34F : FE;
 350 : FE;
 351 : FE;
 352 : FE;
 353 : FE;
 354 : FE;
 355 : FE;
 356 : FE;
 357 : FE;
 358 : FE;
 359 : FE;
 35A : FE;
 35B : FE;
 35C : FE;
 35D : FE;
 35E : FE;
 35F : FE;
 360 : FE;
 361 : FE;
 362 : FE;
 363 : FE;
 364 : FE;
 365 : FE;
 366 : FE;
 367 : FE;
 368 : FE;
 369 : FE;
 36A : FE;
 36B : FE;
 36C : FE;
 36D : FE;
 36E : FE;
 36F : FE;
 370 : FE;
 371 : FE;
 372 : FE;
 373 : FE;
 374 : FE;
 375 : FE;
 376 : FE;
 377 : FE;
 378 : FE;
 379 : FE;
 37A : FE;
 37B : FE;
 37C : FE;
 37D : FE;
 37E : FE;
 37F : FE;
 380 : FE;
 381 : FE;
 382 : FE;
 383 : FE;
 384 : FE;
 385 : FE;
 386 : FE;
 387 : FE;
 388 : FE;
 389 : FE;
 38A : FE;
 38B : FE;
 38C : FE;
 38D : FE;
 38E : FE;
 38F : FE;
 390 : FE;
 391 : FE;
 392 : FE;
 393 : FE;
 394 : FE;
 395 : FE;
 396 : FE;
 397 : FE;
 398 : FE;
 399 : FE;
 39A : FE;
 39B : FE;
 39C : FE;
 39D : FE;
 39E : FE;
 39F : FE;
 3A0 : FE;
 3A1 : FE;
 3A2 : FE;
 3A3 : FE;
 3A4 : FE;
 3A5 : FE;
 3A6 : FE;
 3A7 : FE;
 3A8 : FE;
 3A9 : FE;
 3AA : FE;
 3AB : FE;
 3AC : FE;
 3AD : FE;
 3AE : FE;
 3AF : FE;
 3B0 : FE;
 3B1 : FE;
 3B2 : FE;
 3B3 : FE;
 3B4 : FE;
 3B5 : FE;
 3B6 : FE;
 3B7 : FE;
 3B8 : FE;
 3B9 : FE;
 3BA : FE;
 3BB : FE;
 3BC : FE;
 3BD : FE;
 3BE : FE;
 3BF : FE;
 3C0 : FE;
 3C1 : FE;
 3C2 : FE;
 3C3 : FE;
 3C4 : FE;
 3C5 : FE;
 3C6 : FE;
 3C7 : FE;
 3C8 : FE;
 3C9 : FE;
 3CA : FE;
 3CB : FE;
 3CC : FE;
 3CD : FE;
 3CE : FE;
 3CF : FE;
 3D0 : FE;
 3D1 : FE;
 3D2 : FE;
 3D3 : FE;
 3D4 : FE;
 3D5 : FE;
 3D6 : FE;
 3D7 : FE;
 3D8 : FE;
 3D9 : FE;
 3DA : FE;
 3DB : FE;
 3DC : FE;
 3DD : FE;
 3DE : FE;
 3DF : FE;
 3E0 : FE;
 3E1 : FE;
 3E2 : FE;
 3E3 : FE;
 3E4 : FE;
 3E5 : FE;
 3E6 : FE;
 3E7 : FE;
 3E8 : FE;
 3E9 : FE;
 3EA : FE;
 3EB : FE;
 3EC : FE;
 3ED : FE;
 3EE : FE;
 3EF : FE;
 3F0 : FE;
 3F1 : FE;
 3F2 : FE;
 3F3 : FE;
 3F4 : FE;
 3F5 : FE;
 3F6 : FE;
 3F7 : FE;
 3F8 : FE;
 3F9 : FE;
 3FA : FE;
 3FB : FE;
 3FC : FE;
 3FD : FE;
 3FE : FE;
 3FF : FE;
 400 : FE;
 401 : FE;
 402 : FE;
 403 : FE;
 404 : FE;
 405 : FE;
 406 : FE;
 407 : FE;
 408 : FE;
 409 : FE;
 40A : FE;
 40B : FE;
 40C : FE;
 40D : FE;
 40E : FE;
 40F : FE;
 410 : FE;
 411 : FE;
 412 : FE;
 413 : FE;
 414 : FE;
 415 : FE;
 416 : FE;
 417 : FE;
 418 : FE;
 419 : FE;
 41A : FE;
 41B : FE;
 41C : FE;
 41D : FE;
 41E : FE;
 41F : FE;
 420 : FE;
 421 : FE;
 422 : FE;
 423 : FE;
 424 : FE;
 425 : FE;
 426 : FE;
 427 : FE;
 428 : FE;
 429 : FE;
 42A : FE;
 42B : FE;
 42C : FE;
 42D : FE;
 42E : FE;
 42F : FE;
 430 : FE;
 431 : FE;
 432 : FE;
 433 : FE;
 434 : FE;
 435 : FE;
 436 : FE;
 437 : FE;
 438 : FE;
 439 : FE;
 43A : FE;
 43B : FE;
 43C : FE;
 43D : FE;
 43E : FE;
 43F : FE;
 440 : FE;
 441 : FE;
 442 : FE;
 443 : FE;
 444 : FE;
 445 : FE;
 446 : FE;
 447 : FE;
 448 : FE;
 449 : FE;
 44A : FE;
 44B : FE;
 44C : FE;
 44D : FE;
 44E : FE;
 44F : FE;
 450 : FE;
 451 : FE;
 452 : FE;
 453 : FE;
 454 : FE;
 455 : FE;
 456 : FE;
 457 : FE;
 458 : FE;
 459 : FE;
 45A : FE;
 45B : FE;
 45C : FE;
 45D : FE;
 45E : FE;
 45F : FE;
 460 : FE;
 461 : FE;
 462 : FE;
 463 : FE;
 464 : FE;
 465 : FE;
 466 : FE;
 467 : FE;
 468 : FE;
 469 : FE;
 46A : FE;
 46B : FE;
 46C : FE;
 46D : FE;
 46E : FE;
 46F : FE;
 470 : FE;
 471 : FE;
 472 : FE;
 473 : FE;
 474 : FE;
 475 : FE;
 476 : FE;
 477 : FE;
 478 : FE;
 479 : FE;
 47A : FE;
 47B : FE;
 47C : FE;
 47D : FE;
 47E : FE;
 47F : FE;
 480 : FE;
 481 : FE;
 482 : FE;
 483 : FE;
 484 : FE;
 485 : FE;
 486 : FE;
 487 : FE;
 488 : FE;
 489 : FE;
 48A : FE;
 48B : FE;
 48C : FE;
 48D : FE;
 48E : FE;
 48F : FE;
 490 : FE;
 491 : FE;
 492 : FE;
 493 : FE;
 494 : FE;
 495 : FE;
 496 : FE;
 497 : FE;
 498 : FE;
 499 : FE;
 49A : FE;
 49B : FE;
 49C : FE;
 49D : FE;
 49E : FE;
 49F : FE;
 4A0 : FE;
 4A1 : FE;
 4A2 : FE;
 4A3 : FE;
 4A4 : FE;
 4A5 : FE;
 4A6 : FE;
 4A7 : FE;
 4A8 : FE;
 4A9 : FE;
 4AA : FE;
 4AB : FE;
 4AC : FE;
 4AD : FE;
 4AE : FE;
 4AF : FE;
 4B0 : FE;
 4B1 : FE;
 4B2 : FE;
 4B3 : FE;
 4B4 : FE;
 4B5 : FE;
 4B6 : FE;
 4B7 : FE;
 4B8 : FE;
 4B9 : FE;
 4BA : FE;
 4BB : FE;
 4BC : FE;
 4BD : FE;
 4BE : FE;
 4BF : FE;
 4C0 : FE;
 4C1 : FE;
 4C2 : FE;
 4C3 : FE;
 4C4 : FE;
 4C5 : FE;
 4C6 : FE;
 4C7 : FE;
 4C8 : FE;
 4C9 : FE;
 4CA : FE;
 4CB : FE;
 4CC : FE;
 4CD : FE;
 4CE : FE;
 4CF : FE;
 4D0 : FE;
 4D1 : FE;
 4D2 : FE;
 4D3 : FE;
 4D4 : FE;
 4D5 : FE;
 4D6 : FE;
 4D7 : FE;
 4D8 : FE;
 4D9 : FE;
 4DA : FE;
 4DB : FE;
 4DC : FE;
 4DD : FE;
 4DE : FE;
 4DF : FE;
 4E0 : FE;
 4E1 : FE;
 4E2 : FE;
 4E3 : FE;
 4E4 : FE;
 4E5 : FE;
 4E6 : FE;
 4E7 : FE;
 4E8 : FE;
 4E9 : FE;
 4EA : FE;
 4EB : FE;
 4EC : FE;
 4ED : FE;
 4EE : FE;
 4EF : FE;
 4F0 : FE;
 4F1 : FE;
 4F2 : FE;
 4F3 : FE;
 4F4 : FE;
 4F5 : FE;
 4F6 : FE;
 4F7 : FE;
 4F8 : FE;
 4F9 : FE;
 4FA : FE;
 4FB : FE;
 4FC : FE;
 4FD : FE;
 4FE : FE;
 4FF : FE;
 500 : FE;
 501 : FE;
 502 : FE;
 503 : FE;
 504 : FE;
 505 : FE;
 506 : FE;
 507 : FE;
 508 : FE;
 509 : FE;
 50A : FE;
 50B : FE;
 50C : FE;
 50D : FE;
 50E : FE;
 50F : FE;
 510 : FE;
 511 : FE;
 512 : FE;
 513 : FE;
 514 : FE;
 515 : FE;
 516 : FE;
 517 : FE;
 518 : FE;
 519 : FE;
 51A : FE;
 51B : FE;
 51C : FE;
 51D : FE;
 51E : FE;
 51F : FE;
 520 : FE;
 521 : FE;
 522 : FE;
 523 : FE;
 524 : FE;
 525 : FE;
 526 : FE;
 527 : FE;
 528 : FE;
 529 : FE;
 52A : FE;
 52B : FE;
 52C : FE;
 52D : FE;
 52E : FE;
 52F : FE;
 530 : FE;
 531 : FE;
 532 : FE;
 533 : FE;
 534 : FE;
 535 : FE;
 536 : FE;
 537 : FE;
 538 : FE;
 539 : FE;
 53A : FE;
 53B : FE;
 53C : FE;
 53D : FE;
 53E : FE;
 53F : FE;
 540 : FE;
 541 : FE;
 542 : FE;
 543 : FE;
 544 : FE;
 545 : FE;
 546 : FE;
 547 : FE;
 548 : FE;
 549 : FE;
 54A : FE;
 54B : FE;
 54C : FE;
 54D : FE;
 54E : FE;
 54F : FE;
 550 : FE;
 551 : FE;
 552 : FE;
 553 : FE;
 554 : FE;
 555 : FE;
 556 : FE;
 557 : FE;
 558 : FE;
 559 : FE;
 55A : FE;
 55B : FE;
 55C : FE;
 55D : FE;
 55E : FE;
 55F : FE;
 560 : FE;
 561 : FE;
 562 : FE;
 563 : FE;
 564 : FE;
 565 : FE;
 566 : FE;
 567 : FE;
 568 : FE;
 569 : FE;
 56A : FE;
 56B : FE;
 56C : FE;
 56D : FE;
 56E : FE;
 56F : FE;
 570 : FE;
 571 : FE;
 572 : FE;
 573 : FE;
 574 : FE;
 575 : FE;
 576 : FE;
 577 : FE;
 578 : FE;
 579 : FE;
 57A : FE;
 57B : FE;
 57C : FE;
 57D : FE;
 57E : FE;
 57F : FE;
 580 : FE;
 581 : FE;
 582 : FE;
 583 : FE;
 584 : FE;
 585 : FE;
 586 : FE;
 587 : FE;
 588 : FE;
 589 : FE;
 58A : FE;
 58B : FE;
 58C : FE;
 58D : FE;
 58E : FE;
 58F : FE;
 590 : FE;
 591 : FE;
 592 : FE;
 593 : FE;
 594 : FE;
 595 : FE;
 596 : FE;
 597 : FE;
 598 : FE;
 599 : FE;
 59A : FE;
 59B : FE;
 59C : FE;
 59D : FE;
 59E : FE;
 59F : FE;
 5A0 : FE;
 5A1 : FE;
 5A2 : FE;
 5A3 : FE;
 5A4 : FE;
 5A5 : FE;
 5A6 : FE;
 5A7 : FE;
 5A8 : FE;
 5A9 : FE;
 5AA : FE;
 5AB : FE;
 5AC : FE;
 5AD : FE;
 5AE : FE;
 5AF : FE;
 5B0 : FE;
 5B1 : FE;
 5B2 : FE;
 5B3 : FE;
 5B4 : FE;
 5B5 : FE;
 5B6 : FE;
 5B7 : FE;
 5B8 : FE;
 5B9 : FE;
 5BA : FE;
 5BB : FE;
 5BC : FE;
 5BD : FE;
 5BE : FE;
 5BF : FE;
 5C0 : FE;
 5C1 : FE;
 5C2 : FE;
 5C3 : FE;
 5C4 : FE;
 5C5 : FE;
 5C6 : FE;
 5C7 : FE;
 5C8 : FE;
 5C9 : FE;
 5CA : FE;
 5CB : FE;
 5CC : FE;
 5CD : FE;
 5CE : FE;
 5CF : FE;
 5D0 : FE;
 5D1 : FE;
 5D2 : FE;
 5D3 : FE;
 5D4 : FE;
 5D5 : FE;
 5D6 : FE;
 5D7 : FE;
 5D8 : FE;
 5D9 : FE;
 5DA : FE;
 5DB : FE;
 5DC : FE;
 5DD : FE;
 5DE : FE;
 5DF : FE;
 5E0 : FE;
 5E1 : FE;
 5E2 : FE;
 5E3 : FE;
 5E4 : FE;
 5E5 : FE;
 5E6 : FE;
 5E7 : FE;
 5E8 : FE;
 5E9 : FE;
 5EA : FE;
 5EB : FE;
 5EC : FE;
 5ED : FE;
 5EE : FE;
 5EF : FE;
 5F0 : FE;
 5F1 : FE;
 5F2 : FE;
 5F3 : FE;
 5F4 : FE;
 5F5 : FE;
 5F6 : FE;
 5F7 : FE;
 5F8 : FE;
 5F9 : FE;
 5FA : FE;
 5FB : FE;
 5FC : FE;
 5FD : FE;
 5FE : FE;
 5FF : FE;
 600 : FE;
 601 : FE;
 602 : FE;
 603 : FE;
 604 : FE;
 605 : FE;
 606 : FE;
 607 : FE;
 608 : FE;
 609 : FE;
 60A : FE;
 60B : FE;
 60C : FE;
 60D : FE;
 60E : FE;
 60F : FE;
 610 : FE;
 611 : FE;
 612 : FE;
 613 : FE;
 614 : FE;
 615 : FE;
 616 : FE;
 617 : FE;
 618 : FE;
 619 : FE;
 61A : FE;
 61B : FE;
 61C : FE;
 61D : FE;
 61E : FE;
 61F : FE;
 620 : FE;
 621 : FE;
 622 : FE;
 623 : FE;
 624 : FE;
 625 : FE;
 626 : FE;
 627 : FE;
 628 : FE;
 629 : FE;
 62A : FE;
 62B : FE;
 62C : FE;
 62D : FE;
 62E : FE;
 62F : FE;
 630 : FE;
 631 : FE;
 632 : FE;
 633 : FE;
 634 : FE;
 635 : FE;
 636 : FE;
 637 : FE;
 638 : FE;
 639 : FE;
 63A : FE;
 63B : FE;
 63C : FE;
 63D : FE;
 63E : FE;
 63F : FE;
 640 : FE;
 641 : FE;
 642 : FE;
 643 : FE;
 644 : FE;
 645 : FE;
 646 : FE;
 647 : FE;
 648 : FE;
 649 : FE;
 64A : FE;
 64B : FE;
 64C : FE;
 64D : FE;
 64E : FE;
 64F : FE;
 650 : FE;
 651 : FE;
 652 : FE;
 653 : FE;
 654 : FE;
 655 : FE;
 656 : FE;
 657 : FE;
 658 : FE;
 659 : FE;
 65A : FE;
 65B : FE;
 65C : FE;
 65D : FE;
 65E : FE;
 65F : FE;
 660 : FE;
 661 : FE;
 662 : FE;
 663 : FE;
 664 : FE;
 665 : FE;
 666 : FE;
 667 : FE;
 668 : FE;
 669 : FE;
 66A : FE;
 66B : FE;
 66C : FE;
 66D : FE;
 66E : FE;
 66F : FE;
 670 : FE;
 671 : FE;
 672 : FE;
 673 : FE;
 674 : FE;
 675 : FE;
 676 : FE;
 677 : FE;
 678 : FE;
 679 : FE;
 67A : FE;
 67B : FE;
 67C : FE;
 67D : FE;
 67E : FE;
 67F : FE;
 680 : FE;
 681 : FE;
 682 : FE;
 683 : FE;
 684 : FE;
 685 : FE;
 686 : FE;
 687 : FE;
 688 : FE;
 689 : FE;
 68A : FE;
 68B : FE;
 68C : FE;
 68D : FE;
 68E : FE;
 68F : FE;
 690 : FE;
 691 : FE;
 692 : FE;
 693 : FE;
 694 : FE;
 695 : FE;
 696 : FE;
 697 : FE;
 698 : FE;
 699 : FE;
 69A : FE;
 69B : FE;
 69C : FE;
 69D : FE;
 69E : FE;
 69F : FE;
 6A0 : FE;
 6A1 : FE;
 6A2 : FE;
 6A3 : FE;
 6A4 : FE;
 6A5 : FE;
 6A6 : FE;
 6A7 : FE;
 6A8 : FE;
 6A9 : FE;
 6AA : FE;
 6AB : FE;
 6AC : FE;
 6AD : FE;
 6AE : FE;
 6AF : FE;
 6B0 : FE;
 6B1 : FE;
 6B2 : FE;
 6B3 : FE;
 6B4 : FE;
 6B5 : FE;
 6B6 : FE;
 6B7 : FE;
 6B8 : FE;
 6B9 : FE;
 6BA : FE;
 6BB : FE;
 6BC : FE;
 6BD : FE;
 6BE : FE;
 6BF : FE;
 6C0 : FE;
 6C1 : FE;
 6C2 : FE;
 6C3 : FE;
 6C4 : FE;
 6C5 : FE;
 6C6 : FE;
 6C7 : FE;
 6C8 : FE;
 6C9 : FE;
 6CA : FE;
 6CB : FE;
 6CC : FE;
 6CD : FE;
 6CE : FE;
 6CF : FE;
 6D0 : FE;
 6D1 : FE;
 6D2 : FE;
 6D3 : FE;
 6D4 : FE;
 6D5 : FE;
 6D6 : FE;
 6D7 : FE;
 6D8 : FE;
 6D9 : FE;
 6DA : FE;
 6DB : FE;
 6DC : FE;
 6DD : FE;
 6DE : FE;
 6DF : FE;
 6E0 : FE;
 6E1 : FE;
 6E2 : FE;
 6E3 : FE;
 6E4 : FE;
 6E5 : FE;
 6E6 : FE;
 6E7 : FE;
 6E8 : FE;
 6E9 : FE;
 6EA : FE;
 6EB : FE;
 6EC : FE;
 6ED : FE;
 6EE : FE;
 6EF : FE;
 6F0 : FE;
 6F1 : FE;
 6F2 : FE;
 6F3 : FE;
 6F4 : FE;
 6F5 : FE;
 6F6 : FE;
 6F7 : FE;
 6F8 : FE;
 6F9 : FE;
 6FA : FE;
 6FB : FE;
 6FC : FE;
 6FD : FE;
 6FE : FE;
 6FF : FE;
 700 : FE;
 701 : FE;
 702 : FE;
 703 : FE;
 704 : FE;
 705 : FE;
 706 : FE;
 707 : FE;
 708 : FE;
 709 : FE;
 70A : FE;
 70B : FE;
 70C : FE;
 70D : FE;
 70E : FE;
 70F : FE;
 710 : FE;
 711 : FE;
 712 : FE;
 713 : FE;
 714 : FE;
 715 : FE;
 716 : FE;
 717 : FE;
 718 : FE;
 719 : FE;
 71A : FE;
 71B : FE;
 71C : FE;
 71D : FE;
 71E : FE;
 71F : FE;
 720 : FE;
 721 : FE;
 722 : FE;
 723 : FE;
 724 : FE;
 725 : FE;
 726 : FE;
 727 : FE;
 728 : FE;
 729 : FE;
 72A : FE;
 72B : FE;
 72C : FE;
 72D : FE;
 72E : FE;
 72F : FE;
 730 : FE;
 731 : FE;
 732 : FE;
 733 : FE;
 734 : FE;
 735 : FE;
 736 : FE;
 737 : FE;
 738 : FE;
 739 : FE;
 73A : FE;
 73B : FE;
 73C : FE;
 73D : FE;
 73E : FE;
 73F : FE;
 740 : FE;
 741 : FE;
 742 : FE;
 743 : FE;
 744 : FE;
 745 : FE;
 746 : FE;
 747 : FE;
 748 : FE;
 749 : FE;
 74A : FE;
 74B : FE;
 74C : FE;
 74D : FE;
 74E : FE;
 74F : FE;
 750 : FE;
 751 : FE;
 752 : FE;
 753 : FE;
 754 : FE;
 755 : FE;
 756 : FE;
 757 : FE;
 758 : FE;
 759 : FE;
 75A : FE;
 75B : FE;
 75C : FE;
 75D : FE;
 75E : FE;
 75F : FE;
 760 : FE;
 761 : FE;
 762 : FE;
 763 : FE;
 764 : FE;
 765 : FE;
 766 : FE;
 767 : FE;
 768 : FE;
 769 : FE;
 76A : FE;
 76B : FE;
 76C : FE;
 76D : FE;
 76E : FE;
 76F : FE;
 770 : FE;
 771 : FE;
 772 : FE;
 773 : FE;
 774 : FE;
 775 : FE;
 776 : FE;
 777 : FE;
 778 : FE;
 779 : FE;
 77A : FE;
 77B : FE;
 77C : FE;
 77D : FE;
 77E : FE;
 77F : FE;
 780 : FE;
 781 : FE;
 782 : FE;
 783 : FE;
 784 : FE;
 785 : FE;
 786 : FE;
 787 : FE;
 788 : FE;
 789 : FE;
 78A : FE;
 78B : FE;
 78C : FE;
 78D : FE;
 78E : FE;
 78F : FE;
 790 : FE;
 791 : FE;
 792 : FE;
 793 : FE;
 794 : FE;
 795 : FE;
 796 : FE;
 797 : FE;
 798 : FE;
 799 : FE;
 79A : FE;
 79B : FE;
 79C : FE;
 79D : FE;
 79E : FE;
 79F : FE;
 7A0 : FE;
 7A1 : FE;
 7A2 : FE;
 7A3 : FE;
 7A4 : FE;
 7A5 : FE;
 7A6 : FE;
 7A7 : FE;
 7A8 : FE;
 7A9 : FE;
 7AA : FE;
 7AB : FE;
 7AC : FE;
 7AD : FE;
 7AE : FE;
 7AF : FE;
 7B0 : FE;
 7B1 : FE;
 7B2 : FE;
 7B3 : FE;
 7B4 : FE;
 7B5 : FE;
 7B6 : FE;
 7B7 : FE;
 7B8 : FE;
 7B9 : FE;
 7BA : FE;
 7BB : FE;
 7BC : FE;
 7BD : FE;
 7BE : FE;
 7BF : FE;
 7C0 : FE;
 7C1 : FE;
 7C2 : FE;
 7C3 : FE;
 7C4 : FE;
 7C5 : FE;
 7C6 : FE;
 7C7 : FE;
 7C8 : FE;
 7C9 : FE;
 7CA : FE;
 7CB : FE;
 7CC : FE;
 7CD : FE;
 7CE : FE;
 7CF : FE;
 7D0 : FE;
 7D1 : FE;
 7D2 : FE;
 7D3 : FE;
 7D4 : FE;
 7D5 : FE;
 7D6 : FE;
 7D7 : FE;
 7D8 : FE;
 7D9 : FE;
 7DA : FE;
 7DB : FE;
 7DC : FE;
 7DD : FE;
 7DE : FE;
 7DF : FE;
 7E0 : FE;
 7E1 : FE;
 7E2 : FE;
 7E3 : FE;
 7E4 : FE;
 7E5 : FE;
 7E6 : FE;
 7E7 : FE;
 7E8 : FE;
 7E9 : FE;
 7EA : FE;
 7EB : FE;
 7EC : FE;
 7ED : FE;
 7EE : FE;
 7EF : FE;
 7F0 : FE;
 7F1 : FE;
 7F2 : FE;
 7F3 : FE;
 7F4 : FE;
 7F5 : FE;
 7F6 : FE;
 7F7 : FE;
 7F8 : FE;
 7F9 : FE;
 7FA : FE;
 7FB : FE;
 7FC : FE;
 7FD : FE;
 7FE : FE;
 7FF : FE;
 800 : FE;
 801 : FE;
 802 : FE;
 803 : FE;
 804 : FE;
 805 : FE;
 806 : FE;
 807 : FE;
 808 : FE;
 809 : FE;
 80A : FE;
 80B : FE;
 80C : FE;
 80D : FE;
 80E : FE;
 80F : FE;
 810 : FE;
 811 : FE;
 812 : FE;
 813 : FE;
 814 : FE;
 815 : FE;
 816 : FE;
 817 : FE;
 818 : FE;
 819 : FE;
 81A : FE;
 81B : FE;
 81C : FE;
 81D : FE;
 81E : FE;
 81F : FE;
 820 : FE;
 821 : FE;
 822 : FE;
 823 : FE;
 824 : FE;
 825 : FE;
 826 : FE;
 827 : FE;
 828 : FE;
 829 : FE;
 82A : FE;
 82B : FE;
 82C : FE;
 82D : FE;
 82E : FE;
 82F : FE;
 830 : FE;
 831 : FE;
 832 : FE;
 833 : FE;
 834 : FE;
 835 : FE;
 836 : FE;
 837 : FE;
 838 : FE;
 839 : FE;
 83A : FE;
 83B : FE;
 83C : FE;
 83D : FE;
 83E : FE;
 83F : FE;
 840 : FE;
 841 : FE;
 842 : FE;
 843 : FE;
 844 : FE;
 845 : FE;
 846 : FE;
 847 : FE;
 848 : FE;
 849 : FE;
 84A : FE;
 84B : FE;
 84C : FE;
 84D : FE;
 84E : FE;
 84F : FE;
 850 : FE;
 851 : FE;
 852 : FE;
 853 : FE;
 854 : FE;
 855 : FE;
 856 : FE;
 857 : FE;
 858 : FE;
 859 : FE;
 85A : FE;
 85B : FE;
 85C : FE;
 85D : FE;
 85E : FE;
 85F : FE;
 860 : FE;
 861 : FE;
 862 : FE;
 863 : FE;
 864 : FE;
 865 : FE;
 866 : FE;
 867 : FE;
 868 : FE;
 869 : FE;
 86A : FE;
 86B : FE;
 86C : FE;
 86D : FE;
 86E : FE;
 86F : FE;
 870 : FE;
 871 : FE;
 872 : FE;
 873 : FE;
 874 : FE;
 875 : FE;
 876 : FE;
 877 : FE;
 878 : FE;
 879 : FE;
 87A : FE;
 87B : FE;
 87C : FE;
 87D : FE;
 87E : FE;
 87F : FE;
 880 : FE;
 881 : FE;
 882 : FE;
 883 : FE;
 884 : FE;
 885 : FE;
 886 : FE;
 887 : FE;
 888 : FE;
 889 : FE;
 88A : FE;
 88B : FE;
 88C : FE;
 88D : FE;
 88E : FE;
 88F : FE;
 890 : FE;
 891 : FE;
 892 : FE;
 893 : FE;
 894 : FE;
 895 : FE;
 896 : FE;
 897 : FE;
 898 : FE;
 899 : FE;
 89A : FE;
 89B : FE;
 89C : FE;
 89D : FE;
 89E : FE;
 89F : FE;
 8A0 : FE;
 8A1 : FE;
 8A2 : FE;
 8A3 : FE;
 8A4 : FE;
 8A5 : FE;
 8A6 : FE;
 8A7 : FE;
 8A8 : FE;
 8A9 : FE;
 8AA : FE;
 8AB : FE;
 8AC : FE;
 8AD : FE;
 8AE : FE;
 8AF : FE;
 8B0 : FE;
 8B1 : FE;
 8B2 : FE;
 8B3 : FE;
 8B4 : FE;
 8B5 : FE;
 8B6 : FE;
 8B7 : FE;
 8B8 : FE;
 8B9 : FE;
 8BA : FE;
 8BB : FE;
 8BC : FE;
 8BD : FE;
 8BE : FE;
 8BF : FE;
 8C0 : FE;
 8C1 : FE;
 8C2 : FE;
 8C3 : FE;
 8C4 : FE;
 8C5 : FE;
 8C6 : FE;
 8C7 : FE;
 8C8 : FE;
 8C9 : FE;
 8CA : FE;
 8CB : FE;
 8CC : FE;
 8CD : FE;
 8CE : FE;
 8CF : FE;
 8D0 : FE;
 8D1 : FE;
 8D2 : FE;
 8D3 : FE;
 8D4 : FE;
 8D5 : FE;
 8D6 : FE;
 8D7 : FE;
 8D8 : FE;
 8D9 : FE;
 8DA : FE;
 8DB : FE;
 8DC : FE;
 8DD : FE;
 8DE : FE;
 8DF : FE;
 8E0 : FE;
 8E1 : FE;
 8E2 : FE;
 8E3 : FE;
 8E4 : FE;
 8E5 : FE;
 8E6 : FE;
 8E7 : FE;
 8E8 : FE;
 8E9 : FE;
 8EA : FE;
 8EB : FE;
 8EC : FE;
 8ED : FE;
 8EE : FE;
 8EF : FE;
 8F0 : FE;
 8F1 : FE;
 8F2 : FE;
 8F3 : FE;
 8F4 : FE;
 8F5 : FE;
 8F6 : FE;
 8F7 : FE;
 8F8 : FE;
 8F9 : FE;
 8FA : FE;
 8FB : FE;
 8FC : FE;
 8FD : FE;
 8FE : FE;
 8FF : FE;
 900 : FE;
 901 : FE;
 902 : FE;
 903 : FE;
 904 : FE;
 905 : FE;
 906 : FE;
 907 : FE;
 908 : FE;
 909 : FE;
 90A : FE;
 90B : FE;
 90C : FE;
 90D : FE;
 90E : FE;
 90F : FE;
 910 : FE;
 911 : FE;
 912 : FE;
 913 : FE;
 914 : FE;
 915 : FE;
 916 : FE;
 917 : FE;
 918 : FE;
 919 : FE;
 91A : FE;
 91B : FE;
 91C : FE;
 91D : FE;
 91E : FE;
 91F : FE;
 920 : FE;
 921 : FE;
 922 : FE;
 923 : FE;
 924 : FE;
 925 : FE;
 926 : FE;
 927 : FE;
 928 : FE;
 929 : FE;
 92A : FE;
 92B : FE;
 92C : FE;
 92D : FE;
 92E : FE;
 92F : FE;
 930 : FE;
 931 : FE;
 932 : FE;
 933 : FE;
 934 : FE;
 935 : FE;
 936 : FE;
 937 : FE;
 938 : FE;
 939 : FE;
 93A : FE;
 93B : FE;
 93C : FE;
 93D : FE;
 93E : FE;
 93F : FE;
 940 : FE;
 941 : FE;
 942 : FE;
 943 : FE;
 944 : FE;
 945 : FE;
 946 : FE;
 947 : FE;
 948 : FE;
 949 : FE;
 94A : FE;
 94B : FE;
 94C : FE;
 94D : FE;
 94E : FE;
 94F : FE;
 950 : FE;
 951 : FE;
 952 : FE;
 953 : FE;
 954 : FE;
 955 : FE;
 956 : FE;
 957 : FE;
 958 : FE;
 959 : FE;
 95A : FE;
 95B : FE;
 95C : FE;
 95D : FE;
 95E : FE;
 95F : FE;
 960 : FE;
 961 : FE;
 962 : FE;
 963 : FE;
 964 : FE;
 965 : FE;
 966 : FE;
 967 : FE;
 968 : FE;
 969 : FE;
 96A : FE;
 96B : FE;
 96C : FE;
 96D : FE;
 96E : FE;
 96F : FE;
 970 : FE;
 971 : FE;
 972 : FE;
 973 : FE;
 974 : FE;
 975 : FE;
 976 : FE;
 977 : FE;
 978 : FE;
 979 : FE;
 97A : FE;
 97B : FE;
 97C : FE;
 97D : FE;
 97E : FE;
 97F : FE;
 980 : FE;
 981 : FE;
 982 : FE;
 983 : FE;
 984 : FE;
 985 : FE;
 986 : FE;
 987 : FE;
 988 : FE;
 989 : FE;
 98A : FE;
 98B : FE;
 98C : FE;
 98D : FE;
 98E : FE;
 98F : FE;
 990 : FE;
 991 : FE;
 992 : FE;
 993 : FE;
 994 : FE;
 995 : FE;
 996 : FE;
 997 : FE;
 998 : FE;
 999 : FE;
 99A : FE;
 99B : FE;
 99C : FE;
 99D : FE;
 99E : FE;
 99F : FE;
 9A0 : FE;
 9A1 : FE;
 9A2 : FE;
 9A3 : FE;
 9A4 : FE;
 9A5 : FE;
 9A6 : FE;
 9A7 : FE;
 9A8 : FE;
 9A9 : FE;
 9AA : FE;
 9AB : FE;
 9AC : FE;
 9AD : FE;
 9AE : FE;
 9AF : FE;
 9B0 : FE;
 9B1 : FE;
 9B2 : FE;
 9B3 : FE;
 9B4 : FE;
 9B5 : FE;
 9B6 : FE;
 9B7 : FE;
 9B8 : FE;
 9B9 : FE;
 9BA : FE;
 9BB : FE;
 9BC : FE;
 9BD : FE;
 9BE : FE;
 9BF : FE;
 9C0 : FE;
 9C1 : FE;
 9C2 : FE;
 9C3 : FE;
 9C4 : FE;
 9C5 : FE;
 9C6 : FE;
 9C7 : FE;
 9C8 : FE;
 9C9 : FE;
 9CA : FE;
 9CB : FE;
 9CC : FE;
 9CD : FE;
 9CE : FE;
 9CF : FE;
 9D0 : FE;
 9D1 : FE;
 9D2 : FE;
 9D3 : FE;
 9D4 : FE;
 9D5 : FE;
 9D6 : FE;
 9D7 : FE;
 9D8 : FE;
 9D9 : FE;
 9DA : FE;
 9DB : FE;
 9DC : FE;
 9DD : FE;
 9DE : FE;
 9DF : FE;
 9E0 : FE;
 9E1 : FE;
 9E2 : FE;
 9E3 : FE;
 9E4 : FE;
 9E5 : FE;
 9E6 : FE;
 9E7 : FE;
 9E8 : FE;
 9E9 : FE;
 9EA : FE;
 9EB : FE;
 9EC : FE;
 9ED : FE;
 9EE : FE;
 9EF : FE;
 9F0 : FE;
 9F1 : FE;
 9F2 : FE;
 9F3 : FE;
 9F4 : FE;
 9F5 : FE;
 9F6 : FE;
 9F7 : FE;
 9F8 : FE;
 9F9 : FE;
 9FA : FE;
 9FB : FE;
 9FC : FE;
 9FD : FE;
 9FE : FE;
 9FF : FE;
 A00 : FE;
 A01 : FE;
 A02 : FE;
 A03 : FE;
 A04 : FE;
 A05 : FE;
 A06 : FE;
 A07 : FE;
 A08 : FE;
 A09 : FE;
 A0A : FE;
 A0B : FE;
 A0C : FE;
 A0D : FE;
 A0E : FE;
 A0F : FE;
 A10 : FE;
 A11 : FE;
 A12 : FE;
 A13 : FE;
 A14 : FE;
 A15 : FE;
 A16 : FE;
 A17 : FE;
 A18 : FE;
 A19 : FE;
 A1A : FE;
 A1B : FE;
 A1C : FE;
 A1D : FE;
 A1E : FE;
 A1F : FE;
 A20 : FE;
 A21 : FE;
 A22 : FE;
 A23 : FE;
 A24 : FE;
 A25 : FE;
 A26 : FE;
 A27 : FE;
 A28 : FE;
 A29 : FE;
 A2A : FE;
 A2B : FE;
 A2C : FE;
 A2D : FE;
 A2E : FE;
 A2F : FE;
 A30 : FE;
 A31 : FE;
 A32 : FE;
 A33 : FE;
 A34 : FE;
 A35 : FE;
 A36 : FE;
 A37 : FE;
 A38 : FE;
 A39 : FE;
 A3A : FE;
 A3B : FE;
 A3C : FE;
 A3D : FE;
 A3E : FE;
 A3F : FE;
 A40 : FE;
 A41 : FE;
 A42 : FE;
 A43 : FE;
 A44 : FE;
 A45 : FE;
 A46 : FE;
 A47 : FE;
 A48 : FE;
 A49 : FE;
 A4A : FE;
 A4B : FE;
 A4C : FE;
 A4D : FE;
 A4E : FE;
 A4F : FE;
 A50 : FE;
 A51 : FE;
 A52 : FE;
 A53 : FE;
 A54 : FE;
 A55 : FE;
 A56 : FE;
 A57 : FE;
 A58 : FE;
 A59 : FE;
 A5A : FE;
 A5B : FE;
 A5C : FE;
 A5D : FE;
 A5E : FE;
 A5F : FE;
 A60 : FE;
 A61 : FE;
 A62 : FE;
 A63 : FE;
 A64 : FE;
 A65 : FE;
 A66 : FE;
 A67 : FE;
 A68 : FE;
 A69 : FE;
 A6A : FE;
 A6B : FE;
 A6C : FE;
 A6D : FE;
 A6E : FE;
 A6F : FE;
 A70 : FE;
 A71 : FE;
 A72 : FE;
 A73 : FE;
 A74 : FE;
 A75 : FE;
 A76 : FE;
 A77 : FE;
 A78 : FE;
 A79 : FE;
 A7A : FE;
 A7B : FE;
 A7C : FE;
 A7D : FE;
 A7E : FE;
 A7F : FE;
 A80 : FE;
 A81 : FE;
 A82 : FE;
 A83 : FE;
 A84 : FE;
 A85 : FE;
 A86 : FE;
 A87 : FE;
 A88 : FE;
 A89 : FE;
 A8A : FE;
 A8B : FE;
 A8C : FE;
 A8D : FE;
 A8E : FE;
 A8F : FE;
 A90 : FE;
 A91 : FE;
 A92 : FE;
 A93 : FE;
 A94 : FE;
 A95 : FE;
 A96 : FE;
 A97 : FE;
 A98 : FE;
 A99 : FE;
 A9A : FE;
 A9B : FE;
 A9C : FE;
 A9D : FE;
 A9E : FE;
 A9F : FE;
 AA0 : FE;
 AA1 : FE;
 AA2 : FE;
 AA3 : FE;
 AA4 : FE;
 AA5 : FE;
 AA6 : FE;
 AA7 : FE;
 AA8 : FE;
 AA9 : FE;
 AAA : FE;
 AAB : FE;
 AAC : FE;
 AAD : FE;
 AAE : FE;
 AAF : FE;
 AB0 : FE;
 AB1 : FE;
 AB2 : FE;
 AB3 : FE;
 AB4 : FE;
 AB5 : FE;
 AB6 : FE;
 AB7 : FE;
 AB8 : FE;
 AB9 : FE;
 ABA : FE;
 ABB : FE;
 ABC : FE;
 ABD : FE;
 ABE : FE;
 ABF : FE;
 AC0 : FE;
 AC1 : FE;
 AC2 : FE;
 AC3 : FE;
 AC4 : FE;
 AC5 : FE;
 AC6 : FE;
 AC7 : FE;
 AC8 : FE;
 AC9 : FE;
 ACA : FE;
 ACB : FE;
 ACC : FE;
 ACD : FE;
 ACE : FE;
 ACF : FE;
 AD0 : FE;
 AD1 : FE;
 AD2 : FE;
 AD3 : FE;
 AD4 : FE;
 AD5 : FE;
 AD6 : FE;
 AD7 : FE;
 AD8 : FE;
 AD9 : FE;
 ADA : FE;
 ADB : FE;
 ADC : FE;
 ADD : FE;
 ADE : FE;
 ADF : FE;
 AE0 : FE;
 AE1 : FE;
 AE2 : FE;
 AE3 : FE;
 AE4 : FE;
 AE5 : FE;
 AE6 : FE;
 AE7 : FE;
 AE8 : FE;
 AE9 : FE;
 AEA : FE;
 AEB : FE;
 AEC : FE;
 AED : FE;
 AEE : FE;
 AEF : FE;
 AF0 : FE;
 AF1 : FE;
 AF2 : FE;
 AF3 : FE;
 AF4 : FE;
 AF5 : FE;
 AF6 : FE;
 AF7 : FE;
 AF8 : FE;
 AF9 : FE;
 AFA : FE;
 AFB : FE;
 AFC : FE;
 AFD : FE;
 AFE : FE;
 AFF : FE;
 B00 : FE;
 B01 : FE;
 B02 : FE;
 B03 : FE;
 B04 : FE;
 B05 : FE;
 B06 : FE;
 B07 : FE;
 B08 : FE;
 B09 : FE;
 B0A : FE;
 B0B : FE;
 B0C : FE;
 B0D : FE;
 B0E : FE;
 B0F : FE;
 B10 : FE;
 B11 : FE;
 B12 : FE;
 B13 : FE;
 B14 : FE;
 B15 : FE;
 B16 : FE;
 B17 : FE;
 B18 : FE;
 B19 : FE;
 B1A : FE;
 B1B : FE;
 B1C : FE;
 B1D : FE;
 B1E : FE;
 B1F : FE;
 B20 : FE;
 B21 : FE;
 B22 : FE;
 B23 : FE;
 B24 : FE;
 B25 : FE;
 B26 : FE;
 B27 : FE;
 B28 : FE;
 B29 : FE;
 B2A : FE;
 B2B : FE;
 B2C : FE;
 B2D : FE;
 B2E : FE;
 B2F : FE;
 B30 : FE;
 B31 : FE;
 B32 : FE;
 B33 : FE;
 B34 : FE;
 B35 : FE;
 B36 : FE;
 B37 : FE;
 B38 : FE;
 B39 : FE;
 B3A : FE;
 B3B : FE;
 B3C : FE;
 B3D : FE;
 B3E : FE;
 B3F : FE;
 B40 : FE;
 B41 : FE;
 B42 : FE;
 B43 : FE;
 B44 : FE;
 B45 : FE;
 B46 : FE;
 B47 : FE;
 B48 : FE;
 B49 : FE;
 B4A : FE;
 B4B : FE;
 B4C : FE;
 B4D : FE;
 B4E : FE;
 B4F : FE;
 B50 : FE;
 B51 : FE;
 B52 : FE;
 B53 : FE;
 B54 : FE;
 B55 : FE;
 B56 : FE;
 B57 : FE;
 B58 : FE;
 B59 : FE;
 B5A : FE;
 B5B : FE;
 B5C : FE;
 B5D : FE;
 B5E : FE;
 B5F : FE;
 B60 : FE;
 B61 : FE;
 B62 : FE;
 B63 : FE;
 B64 : FE;
 B65 : FE;
 B66 : FE;
 B67 : FE;
 B68 : FE;
 B69 : FE;
 B6A : FE;
 B6B : FE;
 B6C : FE;
 B6D : FE;
 B6E : FE;
 B6F : FE;
 B70 : FE;
 B71 : FE;
 B72 : FE;
 B73 : FE;
 B74 : FE;
 B75 : FE;
 B76 : FE;
 B77 : FE;
 B78 : FE;
 B79 : FE;
 B7A : FE;
 B7B : FE;
 B7C : FE;
 B7D : FE;
 B7E : FE;
 B7F : FE;
 B80 : FE;
 B81 : FE;
 B82 : FE;
 B83 : FE;
 B84 : FE;
 B85 : FE;
 B86 : FE;
 B87 : FE;
 B88 : FE;
 B89 : FE;
 B8A : FE;
 B8B : FE;
 B8C : FE;
 B8D : FE;
 B8E : FE;
 B8F : FE;
 B90 : FE;
 B91 : FE;
 B92 : FE;
 B93 : FE;
 B94 : FE;
 B95 : FE;
 B96 : FE;
 B97 : FE;
 B98 : FE;
 B99 : FE;
 B9A : FE;
 B9B : FE;
 B9C : FE;
 B9D : FE;
 B9E : FE;
 B9F : FE;
 BA0 : FE;
 BA1 : FE;
 BA2 : FE;
 BA3 : FE;
 BA4 : FE;
 BA5 : FE;
 BA6 : FE;
 BA7 : FE;
 BA8 : FE;
 BA9 : FE;
 BAA : FE;
 BAB : FE;
 BAC : FE;
 BAD : FE;
 BAE : FE;
 BAF : FE;
 BB0 : FE;
 BB1 : FE;
 BB2 : FE;
 BB3 : FE;
 BB4 : FE;
 BB5 : FE;
 BB6 : FE;
 BB7 : FE;
 BB8 : FE;
 BB9 : FE;
 BBA : FE;
 BBB : FE;
 BBC : FE;
 BBD : FE;
 BBE : FE;
 BBF : FE;
 BC0 : FE;
 BC1 : FE;
 BC2 : FE;
 BC3 : FE;
 BC4 : FE;
 BC5 : FE;
 BC6 : FE;
 BC7 : FE;
 BC8 : FE;
 BC9 : FE;
 BCA : FE;
 BCB : FE;
 BCC : FE;
 BCD : FE;
 BCE : FE;
 BCF : FE;
 BD0 : FE;
 BD1 : FE;
 BD2 : FE;
 BD3 : FE;
 BD4 : FE;
 BD5 : FE;
 BD6 : FE;
 BD7 : FE;
 BD8 : FE;
 BD9 : FE;
 BDA : FE;
 BDB : FE;
 BDC : FE;
 BDD : FE;
 BDE : FE;
 BDF : FE;
 BE0 : FE;
 BE1 : FE;
 BE2 : FE;
 BE3 : FE;
 BE4 : FE;
 BE5 : FE;
 BE6 : FE;
 BE7 : FE;
 BE8 : FE;
 BE9 : FE;
 BEA : FE;
 BEB : FE;
 BEC : FE;
 BED : FE;
 BEE : FE;
 BEF : FE;
 BF0 : FE;
 BF1 : FE;
 BF2 : FE;
 BF3 : FE;
 BF4 : FE;
 BF5 : FE;
 BF6 : FE;
 BF7 : FE;
 BF8 : FE;
 BF9 : FE;
 BFA : FE;
 BFB : FE;
 BFC : FE;
 BFD : FE;
 BFE : FE;
 BFF : FE;
 C00 : FE;
 C01 : FE;
 C02 : FE;
 C03 : FE;
 C04 : FE;
 C05 : FE;
 C06 : FE;
 C07 : FE;
 C08 : FE;
 C09 : FE;
 C0A : FE;
 C0B : FE;
 C0C : FE;
 C0D : FE;
 C0E : FE;
 C0F : FE;
 C10 : FE;
 C11 : FE;
 C12 : FE;
 C13 : FE;
 C14 : FE;
 C15 : FE;
 C16 : FE;
 C17 : FE;
 C18 : FE;
 C19 : FE;
 C1A : FE;
 C1B : FE;
 C1C : FE;
 C1D : FE;
 C1E : FE;
 C1F : FE;
 C20 : FE;
 C21 : FE;
 C22 : FE;
 C23 : FE;
 C24 : FE;
 C25 : FE;
 C26 : FE;
 C27 : FE;
 C28 : FE;
 C29 : FE;
 C2A : FE;
 C2B : FE;
 C2C : FE;
 C2D : FE;
 C2E : FE;
 C2F : FE;
 C30 : FE;
 C31 : FE;
 C32 : FE;
 C33 : FE;
 C34 : FE;
 C35 : FE;
 C36 : FE;
 C37 : FE;
 C38 : FE;
 C39 : FE;
 C3A : FE;
 C3B : FE;
 C3C : FE;
 C3D : FE;
 C3E : FE;
 C3F : FE;
 C40 : FE;
 C41 : FE;
 C42 : FE;
 C43 : FE;
 C44 : FE;
 C45 : FE;
 C46 : FE;
 C47 : FE;
 C48 : FE;
 C49 : FE;
 C4A : FE;
 C4B : FE;
 C4C : FE;
 C4D : FE;
 C4E : FE;
 C4F : FE;
 C50 : FE;
 C51 : FE;
 C52 : FE;
 C53 : FE;
 C54 : FE;
 C55 : FE;
 C56 : FE;
 C57 : FE;
 C58 : FE;
 C59 : FE;
 C5A : FE;
 C5B : FE;
 C5C : FE;
 C5D : FE;
 C5E : FE;
 C5F : FE;
 C60 : FE;
 C61 : FE;
 C62 : FE;
 C63 : FE;
 C64 : FE;
 C65 : FE;
 C66 : FE;
 C67 : FE;
 C68 : FE;
 C69 : FE;
 C6A : FE;
 C6B : FE;
 C6C : FE;
 C6D : FE;
 C6E : FE;
 C6F : FE;
 C70 : FE;
 C71 : FE;
 C72 : FE;
 C73 : FE;
 C74 : FE;
 C75 : FE;
 C76 : FE;
 C77 : FE;
 C78 : FE;
 C79 : FE;
 C7A : FE;
 C7B : FE;
 C7C : FE;
 C7D : FE;
 C7E : FE;
 C7F : FE;
 C80 : FE;
 C81 : FE;
 C82 : FE;
 C83 : FE;
 C84 : FE;
 C85 : FE;
 C86 : FE;
 C87 : FE;
 C88 : FE;
 C89 : FE;
 C8A : FE;
 C8B : FE;
 C8C : FE;
 C8D : FE;
 C8E : FE;
 C8F : FE;
 C90 : FE;
 C91 : FE;
 C92 : FE;
 C93 : FE;
 C94 : FE;
 C95 : FE;
 C96 : FE;
 C97 : FE;
 C98 : FE;
 C99 : FE;
 C9A : FE;
 C9B : FE;
 C9C : FE;
 C9D : FE;
 C9E : FE;
 C9F : FE;
 CA0 : FE;
 CA1 : FE;
 CA2 : FE;
 CA3 : FE;
 CA4 : FE;
 CA5 : FE;
 CA6 : FE;
 CA7 : FE;
 CA8 : FE;
 CA9 : FE;
 CAA : FE;
 CAB : FE;
 CAC : FE;
 CAD : FE;
 CAE : FE;
 CAF : FE;
 CB0 : FE;
 CB1 : FE;
 CB2 : FE;
 CB3 : FE;
 CB4 : FE;
 CB5 : FE;
 CB6 : FE;
 CB7 : FE;
 CB8 : FE;
 CB9 : FE;
 CBA : FE;
 CBB : FE;
 CBC : FE;
 CBD : FE;
 CBE : FE;
 CBF : FE;
 CC0 : FE;
 CC1 : FE;
 CC2 : FE;
 CC3 : FE;
 CC4 : FE;
 CC5 : FE;
 CC6 : FE;
 CC7 : FE;
 CC8 : FE;
 CC9 : FE;
 CCA : FE;
 CCB : FE;
 CCC : FE;
 CCD : FE;
 CCE : FE;
 CCF : FE;
 CD0 : FE;
 CD1 : FE;
 CD2 : FE;
 CD3 : FE;
 CD4 : FE;
 CD5 : FE;
 CD6 : FE;
 CD7 : FE;
 CD8 : FE;
 CD9 : FE;
 CDA : FE;
 CDB : FE;
 CDC : FE;
 CDD : FE;
 CDE : FE;
 CDF : FE;
 CE0 : FE;
 CE1 : FE;
 CE2 : FE;
 CE3 : FE;
 CE4 : FE;
 CE5 : FE;
 CE6 : FE;
 CE7 : FE;
 CE8 : FE;
 CE9 : FE;
 CEA : FE;
 CEB : FE;
 CEC : FE;
 CED : FE;
 CEE : FE;
 CEF : FE;
 CF0 : FE;
 CF1 : FE;
 CF2 : FE;
 CF3 : FE;
 CF4 : FE;
 CF5 : FE;
 CF6 : FE;
 CF7 : FE;
 CF8 : FE;
 CF9 : FE;
 CFA : FE;
 CFB : FE;
 CFC : FE;
 CFD : FE;
 CFE : FE;
 CFF : FE;
 D00 : FE;
 D01 : FE;
 D02 : FE;
 D03 : FE;
 D04 : FE;
 D05 : FE;
 D06 : FE;
 D07 : FE;
 D08 : FE;
 D09 : FE;
 D0A : FE;
 D0B : FE;
 D0C : FE;
 D0D : FE;
 D0E : FE;
 D0F : FE;
 D10 : FE;
 D11 : FE;
 D12 : FE;
 D13 : FE;
 D14 : FE;
 D15 : FE;
 D16 : FE;
 D17 : FE;
 D18 : FE;
 D19 : FE;
 D1A : FE;
 D1B : FE;
 D1C : FE;
 D1D : FE;
 D1E : FE;
 D1F : FE;
 D20 : FE;
 D21 : FE;
 D22 : FE;
 D23 : FE;
 D24 : FE;
 D25 : FE;
 D26 : FE;
 D27 : FE;
 D28 : FE;
 D29 : FE;
 D2A : FE;
 D2B : FE;
 D2C : FE;
 D2D : FE;
 D2E : FE;
 D2F : FE;
 D30 : FE;
 D31 : FE;
 D32 : FE;
 D33 : FE;
 D34 : FE;
 D35 : FE;
 D36 : FE;
 D37 : FE;
 D38 : FE;
 D39 : FE;
 D3A : FE;
 D3B : FE;
 D3C : FE;
 D3D : FE;
 D3E : FE;
 D3F : FE;
 D40 : FE;
 D41 : FE;
 D42 : FE;
 D43 : FE;
 D44 : FE;
 D45 : FE;
 D46 : FE;
 D47 : FE;
 D48 : FE;
 D49 : FE;
 D4A : FE;
 D4B : FE;
 D4C : FE;
 D4D : FE;
 D4E : FE;
 D4F : FE;
 D50 : FE;
 D51 : FE;
 D52 : FE;
 D53 : FE;
 D54 : FE;
 D55 : FE;
 D56 : FE;
 D57 : FE;
 D58 : FE;
 D59 : FE;
 D5A : FE;
 D5B : FE;
 D5C : FE;
 D5D : FE;
 D5E : FE;
 D5F : FE;
 D60 : FE;
 D61 : FE;
 D62 : FE;
 D63 : FE;
 D64 : FE;
 D65 : FE;
 D66 : FE;
 D67 : FE;
 D68 : FE;
 D69 : FE;
 D6A : FE;
 D6B : FE;
 D6C : FE;
 D6D : FE;
 D6E : FE;
 D6F : FE;
 D70 : FE;
 D71 : FE;
 D72 : FE;
 D73 : FE;
 D74 : FE;
 D75 : FE;
 D76 : FE;
 D77 : FE;
 D78 : FE;
 D79 : FE;
 D7A : FE;
 D7B : FE;
 D7C : FE;
 D7D : FE;
 D7E : FE;
 D7F : FE;
 D80 : FE;
 D81 : FE;
 D82 : FE;
 D83 : FE;
 D84 : FE;
 D85 : FE;
 D86 : FE;
 D87 : FE;
 D88 : FE;
 D89 : FE;
 D8A : FE;
 D8B : FE;
 D8C : FE;
 D8D : FE;
 D8E : FE;
 D8F : FE;
 D90 : FE;
 D91 : FE;
 D92 : FE;
 D93 : FE;
 D94 : FE;
 D95 : FE;
 D96 : FE;
 D97 : FE;
 D98 : FE;
 D99 : FE;
 D9A : FE;
 D9B : FE;
 D9C : FE;
 D9D : FE;
 D9E : FE;
 D9F : FE;
 DA0 : FE;
 DA1 : FE;
 DA2 : FE;
 DA3 : FE;
 DA4 : FE;
 DA5 : FE;
 DA6 : FE;
 DA7 : FE;
 DA8 : FE;
 DA9 : FE;
 DAA : FE;
 DAB : FE;
 DAC : FE;
 DAD : FE;
 DAE : FE;
 DAF : FE;
 DB0 : FE;
 DB1 : FE;
 DB2 : FE;
 DB3 : FE;
 DB4 : FE;
 DB5 : FE;
 DB6 : FE;
 DB7 : FE;
 DB8 : FE;
 DB9 : FE;
 DBA : FE;
 DBB : FE;
 DBC : FE;
 DBD : FE;
 DBE : FE;
 DBF : FE;
 DC0 : FE;
 DC1 : FE;
 DC2 : FE;
 DC3 : FE;
 DC4 : FE;
 DC5 : FE;
 DC6 : FE;
 DC7 : FE;
 DC8 : FE;
 DC9 : FE;
 DCA : FE;
 DCB : FE;
 DCC : FE;
 DCD : FE;
 DCE : FE;
 DCF : FE;
 DD0 : FE;
 DD1 : FE;
 DD2 : FE;
 DD3 : FE;
 DD4 : FE;
 DD5 : FE;
 DD6 : FE;
 DD7 : FE;
 DD8 : FE;
 DD9 : FE;
 DDA : FE;
 DDB : FE;
 DDC : FE;
 DDD : FE;
 DDE : FE;
 DDF : FE;
 DE0 : FE;
 DE1 : FE;
 DE2 : FE;
 DE3 : FE;
 DE4 : FE;
 DE5 : FE;
 DE6 : FE;
 DE7 : FE;
 DE8 : FE;
 DE9 : FE;
 DEA : FE;
 DEB : FE;
 DEC : FE;
 DED : FE;
 DEE : FE;
 DEF : FE;
 DF0 : FE;
 DF1 : FE;
 DF2 : FE;
 DF3 : FE;
 DF4 : FE;
 DF5 : FE;
 DF6 : FE;
 DF7 : FE;
 DF8 : FE;
 DF9 : FE;
 DFA : FE;
 DFB : FE;
 DFC : FE;
 DFD : FE;
 DFE : FE;
 DFF : FE;
 E00 : FE;
 E01 : FE;
 E02 : FE;
 E03 : FE;
 E04 : FE;
 E05 : FE;
 E06 : FE;
 E07 : FE;
 E08 : FE;
 E09 : FE;
 E0A : FE;
 E0B : FE;
 E0C : FE;
 E0D : FE;
 E0E : FE;
 E0F : FE;
 E10 : FE;
 E11 : FE;
 E12 : FE;
 E13 : FE;
 E14 : FE;
 E15 : FE;
 E16 : FE;
 E17 : FE;
 E18 : FE;
 E19 : FE;
 E1A : FE;
 E1B : FE;
 E1C : FE;
 E1D : FE;
 E1E : FE;
 E1F : FE;
 E20 : FE;
 E21 : FE;
 E22 : FE;
 E23 : FE;
 E24 : FE;
 E25 : FE;
 E26 : FE;
 E27 : FE;
 E28 : FE;
 E29 : FE;
 E2A : FE;
 E2B : FE;
 E2C : FE;
 E2D : FE;
 E2E : FE;
 E2F : FE;
 E30 : FE;
 E31 : FE;
 E32 : FE;
 E33 : FE;
 E34 : FE;
 E35 : FE;
 E36 : FE;
 E37 : FE;
 E38 : FE;
 E39 : FE;
 E3A : FE;
 E3B : FE;
 E3C : FE;
 E3D : FE;
 E3E : FE;
 E3F : FE;
 E40 : FE;
 E41 : FE;
 E42 : FE;
 E43 : FE;
 E44 : FE;
 E45 : FE;
 E46 : FE;
 E47 : FE;
 E48 : FE;
 E49 : FE;
 E4A : FE;
 E4B : FE;
 E4C : FE;
 E4D : FE;
 E4E : FE;
 E4F : FE;
 E50 : FE;
 E51 : FE;
 E52 : FE;
 E53 : FE;
 E54 : FE;
 E55 : FE;
 E56 : FE;
 E57 : FE;
 E58 : FE;
 E59 : FE;
 E5A : FE;
 E5B : FE;
 E5C : FE;
 E5D : FE;
 E5E : FE;
 E5F : FE;
 E60 : FE;
 E61 : FE;
 E62 : FE;
 E63 : FE;
 E64 : FE;
 E65 : FE;
 E66 : FE;
 E67 : FE;
 E68 : FE;
 E69 : FE;
 E6A : FE;
 E6B : FE;
 E6C : FE;
 E6D : FE;
 E6E : FE;
 E6F : FE;
 E70 : FE;
 E71 : FE;
 E72 : FE;
 E73 : FE;
 E74 : FE;
 E75 : FE;
 E76 : FE;
 E77 : FE;
 E78 : FE;
 E79 : FE;
 E7A : FE;
 E7B : FE;
 E7C : FE;
 E7D : FE;
 E7E : FE;
 E7F : FE;
 E80 : FE;
 E81 : FE;
 E82 : FE;
 E83 : FE;
 E84 : FE;
 E85 : FE;
 E86 : FE;
 E87 : FE;
 E88 : FE;
 E89 : FE;
 E8A : FE;
 E8B : FE;
 E8C : FE;
 E8D : FE;
 E8E : FE;
 E8F : FE;
 E90 : FE;
 E91 : FE;
 E92 : FE;
 E93 : FE;
 E94 : FE;
 E95 : FE;
 E96 : FE;
 E97 : FE;
 E98 : FE;
 E99 : FE;
 E9A : FE;
 E9B : FE;
 E9C : FE;
 E9D : FE;
 E9E : FE;
 E9F : FE;
 EA0 : FE;
 EA1 : FE;
 EA2 : FE;
 EA3 : FE;
 EA4 : FE;
 EA5 : FE;
 EA6 : FE;
 EA7 : FE;
 EA8 : FE;
 EA9 : FE;
 EAA : FE;
 EAB : FE;
 EAC : FE;
 EAD : FE;
 EAE : FE;
 EAF : FE;
 EB0 : FE;
 EB1 : FE;
 EB2 : FE;
 EB3 : FE;
 EB4 : FE;
 EB5 : FE;
 EB6 : FE;
 EB7 : FE;
 EB8 : FE;
 EB9 : FE;
 EBA : FE;
 EBB : FE;
 EBC : FE;
 EBD : FE;
 EBE : FE;
 EBF : FE;
 EC0 : FE;
 EC1 : FE;
 EC2 : FE;
 EC3 : FE;
 EC4 : FE;
 EC5 : FE;
 EC6 : FE;
 EC7 : FE;
 EC8 : FE;
 EC9 : FE;
 ECA : FE;
 ECB : FE;
 ECC : FE;
 ECD : FE;
 ECE : FE;
 ECF : FE;
 ED0 : FE;
 ED1 : FE;
 ED2 : FE;
 ED3 : FE;
 ED4 : FE;
 ED5 : FE;
 ED6 : FE;
 ED7 : FE;
 ED8 : FE;
 ED9 : FE;
 EDA : FE;
 EDB : FE;
 EDC : FE;
 EDD : FE;
 EDE : FE;
 EDF : FE;
 EE0 : FE;
 EE1 : FE;
 EE2 : FE;
 EE3 : FE;
 EE4 : FE;
 EE5 : FE;
 EE6 : FE;
 EE7 : FE;
 EE8 : FE;
 EE9 : FE;
 EEA : FE;
 EEB : FE;
 EEC : FE;
 EED : FE;
 EEE : FE;
 EEF : FE;
 EF0 : FE;
 EF1 : FE;
 EF2 : FE;
 EF3 : FE;
 EF4 : FE;
 EF5 : FE;
 EF6 : FE;
 EF7 : FE;
 EF8 : FE;
 EF9 : FE;
 EFA : FE;
 EFB : FE;
 EFC : FE;
 EFD : FE;
 EFE : FE;
 EFF : FE;
 F00 : FE;
 F01 : FE;
 F02 : FE;
 F03 : FE;
 F04 : FE;
 F05 : FE;
 F06 : FE;
 F07 : FE;
 F08 : FE;
 F09 : FE;
 F0A : FE;
 F0B : FE;
 F0C : FE;
 F0D : FE;
 F0E : FE;
 F0F : FE;
 F10 : FE;
 F11 : FE;
 F12 : FE;
 F13 : FE;
 F14 : FE;
 F15 : FE;
 F16 : FE;
 F17 : FE;
 F18 : FE;
 F19 : FE;
 F1A : FE;
 F1B : FE;
 F1C : FE;
 F1D : FE;
 F1E : FE;
 F1F : FE;
 F20 : FE;
 F21 : FE;
 F22 : FE;
 F23 : FE;
 F24 : FE;
 F25 : FE;
 F26 : FE;
 F27 : FE;
 F28 : FE;
 F29 : FE;
 F2A : FE;
 F2B : FE;
 F2C : FE;
 F2D : FE;
 F2E : FE;
 F2F : FE;
 F30 : FE;
 F31 : FE;
 F32 : FE;
 F33 : FE;
 F34 : FE;
 F35 : FE;
 F36 : FE;
 F37 : FE;
 F38 : FE;
 F39 : FE;
 F3A : FE;
 F3B : FE;
 F3C : FE;
 F3D : FE;
 F3E : FE;
 F3F : FE;
 F40 : FE;
 F41 : FE;
 F42 : FE;
 F43 : FE;
 F44 : FE;
 F45 : FE;
 F46 : FE;
 F47 : FE;
 F48 : FE;
 F49 : FE;
 F4A : FE;
 F4B : FE;
 F4C : FE;
 F4D : FE;
 F4E : FE;
 F4F : FE;
 F50 : FE;
 F51 : FE;
 F52 : FE;
 F53 : FE;
 F54 : FE;
 F55 : FE;
 F56 : FE;
 F57 : FE;
 F58 : FE;
 F59 : FE;
 F5A : FE;
 F5B : FE;
 F5C : FE;
 F5D : FE;
 F5E : FE;
 F5F : FE;
 F60 : FE;
 F61 : FE;
 F62 : FE;
 F63 : FE;
 F64 : FE;
 F65 : FE;
 F66 : FE;
 F67 : FE;
 F68 : FE;
 F69 : FE;
 F6A : FE;
 F6B : FE;
 F6C : FE;
 F6D : FE;
 F6E : FE;
 F6F : FE;
 F70 : FE;
 F71 : FE;
 F72 : FE;
 F73 : FE;
 F74 : FE;
 F75 : FE;
 F76 : FE;
 F77 : FE;
 F78 : FE;
 F79 : FE;
 F7A : FE;
 F7B : FE;
 F7C : FE;
 F7D : FE;
 F7E : FE;
 F7F : FE;
 F80 : FE;
 F81 : FE;
 F82 : FE;
 F83 : FE;
 F84 : FE;
 F85 : FE;
 F86 : FE;
 F87 : FE;
 F88 : FE;
 F89 : FE;
 F8A : FE;
 F8B : FE;
 F8C : FE;
 F8D : FE;
 F8E : FE;
 F8F : FE;
 F90 : FE;
 F91 : FE;
 F92 : FE;
 F93 : FE;
 F94 : FE;
 F95 : FE;
 F96 : FE;
 F97 : FE;
 F98 : FE;
 F99 : FE;
 F9A : FE;
 F9B : FE;
 F9C : FE;
 F9D : FE;
 F9E : FE;
 F9F : FE;
 FA0 : FE;
 FA1 : FE;
 FA2 : FE;
 FA3 : FE;
 FA4 : FE;
 FA5 : FE;
 FA6 : FE;
 FA7 : FE;
 FA8 : FE;
 FA9 : FE;
 FAA : FE;
 FAB : FE;
 FAC : FE;
 FAD : FE;
 FAE : FE;
 FAF : FE;
 FB0 : FE;
 FB1 : FE;
 FB2 : FE;
 FB3 : FE;
 FB4 : FE;
 FB5 : FE;
 FB6 : FE;
 FB7 : FE;
 FB8 : FE;
 FB9 : FE;
 FBA : FE;
 FBB : FE;
 FBC : FE;
 FBD : FE;
 FBE : FE;
 FBF : FE;
 FC0 : FE;
 FC1 : FE;
 FC2 : FE;
 FC3 : FE;
 FC4 : FE;
 FC5 : FE;
 FC6 : FE;
 FC7 : FE;
 FC8 : FE;
 FC9 : FE;
 FCA : FE;
 FCB : FE;
 FCC : FE;
 FCD : FE;
 FCE : FE;
 FCF : FE;
 FD0 : FE;
 FD1 : FE;
 FD2 : FE;
 FD3 : FE;
 FD4 : FE;
 FD5 : FE;
 FD6 : FE;
 FD7 : FE;
 FD8 : FE;
 FD9 : FE;
 FDA : FE;
 FDB : FE;
 FDC : FE;
 FDD : FE;
 FDE : FE;
 FDF : FE;
 FE0 : FE;
 FE1 : FE;
 FE2 : FE;
 FE3 : FE;
 FE4 : FE;
 FE5 : FE;
 FE6 : FE;
 FE7 : FE;
 FE8 : FE;
 FE9 : FE;
 FEA : FE;
 FEB : FE;
 FEC : FE;
 FED : FE;
 FEE : FE;
 FEF : FE;
 FF0 : FE;
 FF1 : FE;
 FF2 : FE;
 FF3 : FE;
 FF4 : FE;
 FF5 : FE;
 FF6 : FE;
 FF7 : FE;
 FF8 : FE;
 FF9 : FE;
 FFA : FE;
 FFB : FE;
 FFC : FE;
 FFD : FE;
 FFE : FE;
 FFF : FE;
 1000 : FE;
 1001 : FE;
 1002 : FE;
 1003 : FE;
 1004 : FE;
 1005 : FE;
 1006 : FE;
 1007 : FE;
 1008 : FE;
 1009 : FE;
 100A : FE;
 100B : FE;
 100C : FE;
 100D : FE;
 100E : FE;
 100F : FE;
 1010 : FE;
 1011 : FE;
 1012 : FE;
 1013 : FE;
 1014 : FE;
 1015 : FE;
 1016 : FE;
 1017 : FE;
 1018 : FE;
 1019 : FE;
 101A : FE;
 101B : FE;
 101C : FE;
 101D : FE;
 101E : FE;
 101F : FE;
 1020 : FE;
 1021 : FE;
 1022 : FE;
 1023 : FE;
 1024 : FE;
 1025 : FE;
 1026 : FE;
 1027 : FE;
 1028 : FE;
 1029 : FE;
 102A : FE;
 102B : FE;
 102C : FE;
 102D : FE;
 102E : FE;
 102F : FE;
 1030 : FE;
 1031 : FE;
 1032 : FE;
 1033 : FE;
 1034 : FE;
 1035 : FE;
 1036 : FE;
 1037 : FE;
 1038 : FE;
 1039 : FE;
 103A : FE;
 103B : FE;
 103C : FE;
 103D : FE;
 103E : FE;
 103F : FE;
 1040 : FE;
 1041 : FE;
 1042 : FE;
 1043 : FE;
 1044 : FE;
 1045 : FE;
 1046 : FE;
 1047 : FE;
 1048 : FE;
 1049 : FE;
 104A : FE;
 104B : FE;
 104C : FE;
 104D : FE;
 104E : FE;
 104F : FE;
 1050 : FE;
 1051 : FE;
 1052 : FE;
 1053 : FE;
 1054 : FE;
 1055 : FE;
 1056 : FE;
 1057 : FE;
 1058 : FE;
 1059 : FE;
 105A : FE;
 105B : FE;
 105C : FE;
 105D : FE;
 105E : FE;
 105F : FE;
 1060 : FE;
 1061 : FE;
 1062 : FE;
 1063 : FE;
 1064 : FE;
 1065 : FE;
 1066 : FE;
 1067 : FE;
 1068 : FE;
 1069 : FE;
 106A : FE;
 106B : FE;
 106C : FE;
 106D : FE;
 106E : FE;
 106F : FE;
 1070 : FE;
 1071 : FE;
 1072 : FE;
 1073 : FE;
 1074 : FE;
 1075 : FE;
 1076 : FE;
 1077 : FE;
 1078 : FE;
 1079 : FE;
 107A : FE;
 107B : FE;
 107C : FE;
 107D : FE;
 107E : FE;
 107F : FE;
 1080 : FE;
 1081 : FE;
 1082 : FE;
 1083 : FE;
 1084 : FE;
 1085 : FE;
 1086 : FE;
 1087 : FE;
 1088 : FE;
 1089 : FE;
 108A : FE;
 108B : FE;
 108C : FE;
 108D : FE;
 108E : FE;
 108F : FE;
 1090 : FE;
 1091 : FE;
 1092 : FE;
 1093 : FE;
 1094 : FE;
 1095 : FE;
 1096 : FE;
 1097 : FE;
 1098 : FE;
 1099 : FE;
 109A : FE;
 109B : FE;
 109C : FE;
 109D : FE;
 109E : FE;
 109F : FE;
 10A0 : FE;
 10A1 : FE;
 10A2 : FE;
 10A3 : FE;
 10A4 : FE;
 10A5 : FE;
 10A6 : FE;
 10A7 : FE;
 10A8 : FE;
 10A9 : FE;
 10AA : FE;
 10AB : FE;
 10AC : FE;
 10AD : FE;
 10AE : FE;
 10AF : FE;
 10B0 : FE;
 10B1 : FE;
 10B2 : FE;
 10B3 : FE;
 10B4 : FE;
 10B5 : FE;
 10B6 : FE;
 10B7 : FE;
 10B8 : FE;
 10B9 : FE;
 10BA : FE;
 10BB : FE;
 10BC : FE;
 10BD : FE;
 10BE : FE;
 10BF : FE;
 10C0 : FE;
 10C1 : FE;
 10C2 : FE;
 10C3 : FE;
 10C4 : FE;
 10C5 : FE;
 10C6 : FE;
 10C7 : FE;
 10C8 : FE;
 10C9 : FE;
 10CA : FE;
 10CB : FE;
 10CC : FE;
 10CD : FE;
 10CE : FE;
 10CF : FE;
 10D0 : FE;
 10D1 : FE;
 10D2 : FE;
 10D3 : FE;
 10D4 : FE;
 10D5 : FE;
 10D6 : FE;
 10D7 : FE;
 10D8 : FE;
 10D9 : FE;
 10DA : FE;
 10DB : FE;
 10DC : FE;
 10DD : FE;
 10DE : FE;
 10DF : FE;
 10E0 : FE;
 10E1 : FE;
 10E2 : FE;
 10E3 : FE;
 10E4 : FE;
 10E5 : FE;
 10E6 : FE;
 10E7 : FE;
 10E8 : FE;
 10E9 : FE;
 10EA : FE;
 10EB : FE;
 10EC : FE;
 10ED : FE;
 10EE : FE;
 10EF : FE;
 10F0 : FE;
 10F1 : FE;
 10F2 : FE;
 10F3 : FE;
 10F4 : FE;
 10F5 : FE;
 10F6 : FE;
 10F7 : FE;
 10F8 : FE;
 10F9 : FE;
 10FA : FE;
 10FB : FE;
 10FC : FE;
 10FD : FE;
 10FE : FE;
 10FF : FE;
 1100 : FE;
 1101 : FE;
 1102 : FE;
 1103 : FE;
 1104 : FE;
 1105 : FE;
 1106 : FE;
 1107 : FE;
 1108 : FE;
 1109 : FE;
 110A : FE;
 110B : FE;
 110C : FE;
 110D : FE;
 110E : FE;
 110F : FE;
 1110 : FE;
 1111 : FE;
 1112 : FE;
 1113 : FE;
 1114 : FE;
 1115 : FE;
 1116 : FE;
 1117 : FE;
 1118 : FE;
 1119 : FE;
 111A : FE;
 111B : FE;
 111C : FE;
 111D : FE;
 111E : FE;
 111F : FE;
 1120 : FE;
 1121 : FE;
 1122 : FE;
 1123 : FE;
 1124 : FE;
 1125 : FE;
 1126 : FE;
 1127 : FE;
 1128 : FE;
 1129 : FE;
 112A : FE;
 112B : FE;
 112C : FE;
 112D : FE;
 112E : FE;
 112F : FE;
 1130 : FE;
 1131 : FE;
 1132 : FE;
 1133 : FE;
 1134 : FE;
 1135 : FE;
 1136 : FE;
 1137 : FE;
 1138 : FE;
 1139 : FE;
 113A : FE;
 113B : FE;
 113C : FE;
 113D : FE;
 113E : FE;
 113F : FE;
 1140 : FE;
 1141 : FE;
 1142 : FE;
 1143 : FE;
 1144 : FE;
 1145 : FE;
 1146 : FE;
 1147 : FE;
 1148 : FE;
 1149 : FE;
 114A : FE;
 114B : FE;
 114C : FE;
 114D : FE;
 114E : FE;
 114F : FE;
 1150 : FE;
 1151 : FE;
 1152 : FE;
 1153 : FE;
 1154 : FE;
 1155 : FE;
 1156 : FE;
 1157 : FE;
 1158 : FE;
 1159 : FE;
 115A : FE;
 115B : FE;
 115C : FE;
 115D : FE;
 115E : FE;
 115F : FE;
 1160 : FE;
 1161 : FE;
 1162 : FE;
 1163 : FE;
 1164 : FE;
 1165 : FE;
 1166 : FE;
 1167 : FE;
 1168 : FE;
 1169 : FE;
 116A : FE;
 116B : FE;
 116C : FE;
 116D : FE;
 116E : FE;
 116F : FE;
 1170 : FE;
 1171 : FE;
 1172 : FE;
 1173 : FE;
 1174 : FE;
 1175 : FE;
 1176 : FE;
 1177 : FE;
 1178 : FE;
 1179 : FE;
 117A : FE;
 117B : FE;
 117C : FE;
 117D : FE;
 117E : FE;
 117F : FE;
 1180 : FE;
 1181 : FE;
 1182 : FE;
 1183 : FE;
 1184 : FE;
 1185 : FE;
 1186 : FE;
 1187 : FE;
 1188 : FE;
 1189 : FE;
 118A : FE;
 118B : FE;
 118C : FE;
 118D : FE;
 118E : FE;
 118F : FE;
 1190 : FE;
 1191 : FE;
 1192 : FE;
 1193 : FE;
 1194 : FE;
 1195 : FE;
 1196 : FE;
 1197 : FE;
 1198 : FE;
 1199 : FE;
 119A : FE;
 119B : FE;
 119C : FE;
 119D : FE;
 119E : FE;
 119F : FE;
 11A0 : FE;
 11A1 : FE;
 11A2 : FE;
 11A3 : FE;
 11A4 : FE;
 11A5 : FE;
 11A6 : FE;
 11A7 : FE;
 11A8 : FE;
 11A9 : FE;
 11AA : FE;
 11AB : FE;
 11AC : FE;
 11AD : FE;
 11AE : FE;
 11AF : FE;
 11B0 : FE;
 11B1 : FE;
 11B2 : FE;
 11B3 : FE;
 11B4 : FE;
 11B5 : FE;
 11B6 : FE;
 11B7 : FE;
 11B8 : FE;
 11B9 : FE;
 11BA : FE;
 11BB : FE;
 11BC : FE;
 11BD : FE;
 11BE : FE;
 11BF : FE;
 11C0 : FE;
 11C1 : FE;
 11C2 : FE;
 11C3 : FE;
 11C4 : FE;
 11C5 : FE;
 11C6 : FE;
 11C7 : FE;
 11C8 : FE;
 11C9 : FE;
 11CA : FE;
 11CB : FE;
 11CC : FE;
 11CD : FE;
 11CE : FE;
 11CF : FE;
 11D0 : FE;
 11D1 : FE;
 11D2 : FE;
 11D3 : FE;
 11D4 : FE;
 11D5 : FE;
 11D6 : FE;
 11D7 : FE;
 11D8 : FE;
 11D9 : FE;
 11DA : FE;
 11DB : FE;
 11DC : FE;
 11DD : FE;
 11DE : FE;
 11DF : FE;
 11E0 : FE;
 11E1 : FE;
 11E2 : FE;
 11E3 : FE;
 11E4 : FE;
 11E5 : FE;
 11E6 : FE;
 11E7 : FE;
 11E8 : FE;
 11E9 : FE;
 11EA : FE;
 11EB : FE;
 11EC : FE;
 11ED : FE;
 11EE : FE;
 11EF : FE;
 11F0 : FE;
 11F1 : FE;
 11F2 : FE;
 11F3 : FE;
 11F4 : FE;
 11F5 : FE;
 11F6 : FE;
 11F7 : FE;
 11F8 : FE;
 11F9 : FE;
 11FA : FE;
 11FB : FE;
 11FC : FE;
 11FD : FE;
 11FE : FE;
 11FF : FE;
 1200 : FE;
 1201 : FE;
 1202 : FE;
 1203 : FE;
 1204 : FE;
 1205 : FE;
 1206 : FE;
 1207 : FE;
 1208 : FE;
 1209 : FE;
 120A : FE;
 120B : FE;
 120C : FE;
 120D : FE;
 120E : FE;
 120F : FE;
 1210 : FE;
 1211 : FE;
 1212 : FE;
 1213 : FE;
 1214 : FE;
 1215 : FE;
 1216 : FE;
 1217 : FE;
 1218 : FE;
 1219 : FE;
 121A : FE;
 121B : FE;
 121C : FE;
 121D : FE;
 121E : FE;
 121F : FE;
 1220 : FE;
 1221 : FE;
 1222 : FE;
 1223 : FE;
 1224 : FE;
 1225 : FE;
 1226 : FE;
 1227 : FE;
 1228 : FE;
 1229 : FE;
 122A : FE;
 122B : FE;
 122C : FE;
 122D : FE;
 122E : FE;
 122F : FE;
 1230 : FE;
 1231 : FE;
 1232 : FE;
 1233 : FE;
 1234 : FE;
 1235 : FE;
 1236 : FE;
 1237 : FE;
 1238 : FE;
 1239 : FE;
 123A : FE;
 123B : FE;
 123C : FE;
 123D : FE;
 123E : FE;
 123F : FE;
 1240 : FE;
 1241 : FE;
 1242 : FE;
 1243 : FE;
 1244 : FE;
 1245 : FE;
 1246 : FE;
 1247 : FE;
 1248 : FE;
 1249 : FE;
 124A : FE;
 124B : FE;
 124C : FE;
 124D : FE;
 124E : FE;
 124F : FE;
 1250 : FE;
 1251 : FE;
 1252 : FE;
 1253 : FE;
 1254 : FE;
 1255 : FE;
 1256 : FE;
 1257 : FE;
 1258 : FE;
 1259 : FE;
 125A : FE;
 125B : FE;
 125C : FE;
 125D : FE;
 125E : FE;
 125F : FE;
 1260 : FE;
 1261 : FE;
 1262 : FE;
 1263 : FE;
 1264 : FE;
 1265 : FE;
 1266 : FE;
 1267 : FE;
 1268 : FE;
 1269 : FE;
 126A : FE;
 126B : FE;
 126C : FE;
 126D : FE;
 126E : FE;
 126F : FE;
 1270 : FE;
 1271 : FE;
 1272 : FE;
 1273 : FE;
 1274 : FE;
 1275 : FE;
 1276 : FE;
 1277 : FE;
 1278 : FE;
 1279 : FE;
 127A : FE;
 127B : FE;
 127C : FE;
 127D : FE;
 127E : FE;
 127F : FE;
 1280 : FE;
 1281 : FE;
 1282 : FE;
 1283 : FE;
 1284 : FE;
 1285 : FE;
 1286 : FE;
 1287 : FE;
 1288 : FE;
 1289 : FE;
 128A : FE;
 128B : FE;
 128C : FE;
 128D : FE;
 128E : FE;
 128F : FE;
 1290 : FE;
 1291 : FE;
 1292 : FE;
 1293 : FE;
 1294 : FE;
 1295 : FE;
 1296 : FE;
 1297 : FE;
 1298 : FE;
 1299 : FE;
 129A : FE;
 129B : FE;
 129C : FE;
 129D : FE;
 129E : FE;
 129F : FE;
 12A0 : FE;
 12A1 : FE;
 12A2 : FE;
 12A3 : FE;
 12A4 : FE;
 12A5 : FE;
 12A6 : FE;
 12A7 : FE;
 12A8 : FE;
 12A9 : FE;
 12AA : FE;
 12AB : FE;
 12AC : FE;
 12AD : FE;
 12AE : FE;
 12AF : FE;
 12B0 : FE;
 12B1 : FE;
 12B2 : FE;
 12B3 : FE;
 12B4 : FE;
 12B5 : FE;
 12B6 : FE;
 12B7 : FE;
 12B8 : FE;
 12B9 : FE;
 12BA : FE;
 12BB : FE;
 12BC : FE;
 12BD : FE;
 12BE : FE;
 12BF : FE;
 12C0 : FE;
 12C1 : FE;
 12C2 : FE;
 12C3 : FE;
 12C4 : FE;
 12C5 : FE;
 12C6 : FE;
 12C7 : FE;
 12C8 : FE;
 12C9 : FE;
 12CA : FE;
 12CB : FE;
 12CC : FE;
 12CD : FE;
 12CE : FE;
 12CF : FE;
 12D0 : FE;
 12D1 : FE;
 12D2 : FE;
 12D3 : FE;
 12D4 : FE;
 12D5 : FE;
 12D6 : FE;
 12D7 : FE;
 12D8 : FE;
 12D9 : FE;
 12DA : FE;
 12DB : FE;
 12DC : FE;
 12DD : FE;
 12DE : FE;
 12DF : FE;
 12E0 : FE;
 12E1 : FE;
 12E2 : FE;
 12E3 : FE;
 12E4 : FE;
 12E5 : FE;
 12E6 : FE;
 12E7 : FE;
 12E8 : FE;
 12E9 : FE;
 12EA : FE;
 12EB : FE;
 12EC : FE;
 12ED : FE;
 12EE : FE;
 12EF : FE;
 12F0 : FE;
 12F1 : FE;
 12F2 : FE;
 12F3 : FE;
 12F4 : FE;
 12F5 : FE;
 12F6 : FE;
 12F7 : FE;
 12F8 : FE;
 12F9 : FE;
 12FA : FE;
 12FB : FE;
 12FC : FE;
 12FD : FE;
 12FE : FE;
 12FF : FE;
 1300 : FE;
 1301 : FE;
 1302 : FE;
 1303 : FE;
 1304 : FE;
 1305 : FE;
 1306 : FE;
 1307 : FE;
 1308 : FE;
 1309 : FE;
 130A : FE;
 130B : FE;
 130C : FE;
 130D : FE;
 130E : FE;
 130F : FE;
 1310 : FE;
 1311 : FE;
 1312 : FE;
 1313 : FE;
 1314 : FE;
 1315 : FE;
 1316 : FE;
 1317 : FE;
 1318 : FE;
 1319 : FE;
 131A : FE;
 131B : FE;
 131C : FE;
 131D : FE;
 131E : FE;
 131F : FE;
 1320 : FE;
 1321 : FE;
 1322 : FE;
 1323 : FE;
 1324 : FE;
 1325 : FE;
 1326 : FE;
 1327 : FE;
 1328 : FE;
 1329 : FE;
 132A : FE;
 132B : FE;
 132C : FE;
 132D : FE;
 132E : FE;
 132F : FE;
 1330 : FE;
 1331 : FE;
 1332 : FE;
 1333 : FE;
 1334 : FE;
 1335 : FE;
 1336 : FE;
 1337 : FE;
 1338 : FE;
 1339 : FE;
 133A : FE;
 133B : FE;
 133C : FE;
 133D : FE;
 133E : FE;
 133F : FE;
 1340 : FE;
 1341 : FE;
 1342 : FE;
 1343 : FE;
 1344 : FE;
 1345 : FE;
 1346 : FE;
 1347 : FE;
 1348 : FE;
 1349 : FE;
 134A : FE;
 134B : FE;
 134C : FE;
 134D : FE;
 134E : FE;
 134F : FE;
 1350 : FE;
 1351 : FE;
 1352 : FE;
 1353 : FE;
 1354 : FE;
 1355 : FE;
 1356 : FE;
 1357 : FE;
 1358 : FE;
 1359 : FE;
 135A : FE;
 135B : FE;
 135C : FE;
 135D : FE;
 135E : FE;
 135F : FE;
 1360 : FE;
 1361 : FE;
 1362 : FE;
 1363 : FE;
 1364 : FE;
 1365 : FE;
 1366 : FE;
 1367 : FE;
 1368 : FE;
 1369 : FE;
 136A : FE;
 136B : FE;
 136C : FE;
 136D : FE;
 136E : FE;
 136F : FE;
 1370 : FE;
 1371 : FE;
 1372 : FE;
 1373 : FE;
 1374 : FE;
 1375 : FE;
 1376 : FE;
 1377 : FE;
 1378 : FE;
 1379 : FE;
 137A : FE;
 137B : FE;
 137C : FE;
 137D : FE;
 137E : FE;
 137F : FE;
 1380 : FE;
 1381 : FE;
 1382 : FE;
 1383 : FE;
 1384 : FE;
 1385 : FE;
 1386 : FE;
 1387 : FE;
 1388 : FE;
 1389 : FE;
 138A : FE;
 138B : FE;
 138C : FE;
 138D : FE;
 138E : FE;
 138F : FE;
 1390 : FE;
 1391 : FE;
 1392 : FE;
 1393 : FE;
 1394 : FE;
 1395 : FE;
 1396 : FE;
 1397 : FE;
 1398 : FE;
 1399 : FE;
 139A : FE;
 139B : FE;
 139C : FE;
 139D : FE;
 139E : FE;
 139F : FE;
 13A0 : FE;
 13A1 : FE;
 13A2 : FE;
 13A3 : FE;
 13A4 : FE;
 13A5 : FE;
 13A6 : FE;
 13A7 : FE;
 13A8 : FE;
 13A9 : FE;
 13AA : FE;
 13AB : FE;
 13AC : FE;
 13AD : FE;
 13AE : FE;
 13AF : FE;
 13B0 : FE;
 13B1 : FE;
 13B2 : FE;
 13B3 : FE;
 13B4 : FE;
 13B5 : FE;
 13B6 : FE;
 13B7 : FE;
 13B8 : FE;
 13B9 : FE;
 13BA : FE;
 13BB : FE;
 13BC : FE;
 13BD : FE;
 13BE : FE;
 13BF : FE;
 13C0 : FE;
 13C1 : FE;
 13C2 : FE;
 13C3 : FE;
 13C4 : FE;
 13C5 : FE;
 13C6 : FE;
 13C7 : FE;
 13C8 : FE;
 13C9 : FE;
 13CA : FE;
 13CB : FE;
 13CC : FE;
 13CD : FE;
 13CE : FE;
 13CF : FE;
 13D0 : FE;
 13D1 : FE;
 13D2 : FE;
 13D3 : FE;
 13D4 : FE;
 13D5 : FE;
 13D6 : FE;
 13D7 : FE;
 13D8 : FE;
 13D9 : FE;
 13DA : FE;
 13DB : FE;
 13DC : FE;
 13DD : FE;
 13DE : FE;
 13DF : FE;
 13E0 : FE;
 13E1 : FE;
 13E2 : FE;
 13E3 : FE;
 13E4 : FE;
 13E5 : FE;
 13E6 : FE;
 13E7 : FE;
 13E8 : FE;
 13E9 : FE;
 13EA : FE;
 13EB : FE;
 13EC : FE;
 13ED : FE;
 13EE : FE;
 13EF : FE;
 13F0 : FE;
 13F1 : FE;
 13F2 : FE;
 13F3 : FE;
 13F4 : FE;
 13F5 : FE;
 13F6 : FE;
 13F7 : FE;
 13F8 : FE;
 13F9 : FE;
 13FA : FE;
 13FB : FE;
 13FC : FE;
 13FD : FE;
 13FE : FE;
 13FF : FE;
 1400 : FE;
 1401 : FE;
 1402 : FE;
 1403 : FE;
 1404 : FE;
 1405 : FE;
 1406 : FE;
 1407 : FE;
 1408 : FE;
 1409 : FE;
 140A : FE;
 140B : FE;
 140C : FE;
 140D : FE;
 140E : FE;
 140F : FE;
 1410 : FE;
 1411 : FE;
 1412 : FE;
 1413 : FE;
 1414 : FE;
 1415 : FE;
 1416 : FE;
 1417 : FE;
 1418 : FE;
 1419 : FE;
 141A : FE;
 141B : FE;
 141C : FE;
 141D : FE;
 141E : FE;
 141F : FE;
 1420 : FE;
 1421 : FE;
 1422 : FE;
 1423 : FE;
 1424 : FE;
 1425 : FE;
 1426 : FE;
 1427 : FE;
 1428 : FE;
 1429 : FE;
 142A : FE;
 142B : FE;
 142C : FE;
 142D : FE;
 142E : FE;
 142F : FE;
 1430 : FE;
 1431 : FE;
 1432 : FE;
 1433 : FE;
 1434 : FE;
 1435 : FE;
 1436 : FE;
 1437 : FE;
 1438 : FE;
 1439 : FE;
 143A : FE;
 143B : FE;
 143C : FE;
 143D : FE;
 143E : FE;
 143F : FE;
 1440 : FE;
 1441 : FE;
 1442 : FE;
 1443 : FE;
 1444 : FE;
 1445 : FE;
 1446 : FE;
 1447 : FE;
 1448 : FE;
 1449 : FE;
 144A : FE;
 144B : FE;
 144C : FE;
 144D : FE;
 144E : FE;
 144F : FE;
 1450 : FE;
 1451 : FE;
 1452 : FE;
 1453 : FE;
 1454 : FE;
 1455 : FE;
 1456 : FE;
 1457 : FE;
 1458 : FE;
 1459 : FE;
 145A : FE;
 145B : FE;
 145C : FE;
 145D : FE;
 145E : FE;
 145F : FE;
 1460 : FE;
 1461 : FE;
 1462 : FE;
 1463 : FE;
 1464 : FE;
 1465 : FE;
 1466 : FE;
 1467 : FE;
 1468 : FE;
 1469 : FE;
 146A : FE;
 146B : FE;
 146C : FE;
 146D : FE;
 146E : FE;
 146F : FE;
 1470 : FE;
 1471 : FE;
 1472 : FE;
 1473 : FE;
 1474 : FE;
 1475 : FE;
 1476 : FE;
 1477 : FE;
 1478 : FE;
 1479 : FE;
 147A : FE;
 147B : FE;
 147C : FE;
 147D : FE;
 147E : FE;
 147F : FE;
 1480 : FE;
 1481 : FE;
 1482 : FE;
 1483 : FE;
 1484 : FE;
 1485 : FE;
 1486 : FE;
 1487 : FE;
 1488 : FE;
 1489 : FE;
 148A : FE;
 148B : FE;
 148C : FE;
 148D : FE;
 148E : FE;
 148F : FE;
 1490 : FE;
 1491 : FE;
 1492 : FE;
 1493 : FE;
 1494 : FE;
 1495 : FE;
 1496 : FE;
 1497 : FE;
 1498 : FE;
 1499 : FE;
 149A : FE;
 149B : FE;
 149C : FE;
 149D : FE;
 149E : FE;
 149F : FE;
 14A0 : FE;
 14A1 : FE;
 14A2 : FE;
 14A3 : FE;
 14A4 : FE;
 14A5 : FE;
 14A6 : FE;
 14A7 : FE;
 14A8 : FE;
 14A9 : FE;
 14AA : FE;
 14AB : FE;
 14AC : FE;
 14AD : FE;
 14AE : FE;
 14AF : FE;
 14B0 : FE;
 14B1 : FE;
 14B2 : FE;
 14B3 : FE;
 14B4 : FE;
 14B5 : FE;
 14B6 : FE;
 14B7 : FE;
 14B8 : FE;
 14B9 : FE;
 14BA : FE;
 14BB : FE;
 14BC : FE;
 14BD : FE;
 14BE : FE;
 14BF : FE;
 14C0 : FE;
 14C1 : FE;
 14C2 : FE;
 14C3 : FE;
 14C4 : FE;
 14C5 : FE;
 14C6 : FE;
 14C7 : FE;
 14C8 : FE;
 14C9 : FE;
 14CA : FE;
 14CB : FE;
 14CC : FE;
 14CD : FE;
 14CE : FE;
 14CF : FE;
 14D0 : FE;
 14D1 : FE;
 14D2 : FE;
 14D3 : FE;
 14D4 : FE;
 14D5 : FE;
 14D6 : FE;
 14D7 : FE;
 14D8 : FE;
 14D9 : FE;
 14DA : FE;
 14DB : FE;
 14DC : FE;
 14DD : FE;
 14DE : FE;
 14DF : FE;
 14E0 : FE;
 14E1 : FE;
 14E2 : FE;
 14E3 : FE;
 14E4 : FE;
 14E5 : FE;
 14E6 : FE;
 14E7 : FE;
 14E8 : FE;
 14E9 : FE;
 14EA : FE;
 14EB : FE;
 14EC : FE;
 14ED : FE;
 14EE : FE;
 14EF : FE;
 14F0 : FE;
 14F1 : FE;
 14F2 : FE;
 14F3 : FE;
 14F4 : FE;
 14F5 : FE;
 14F6 : FE;
 14F7 : FE;
 14F8 : FE;
 14F9 : FE;
 14FA : FE;
 14FB : FE;
 14FC : FE;
 14FD : FE;
 14FE : FE;
 14FF : FE;
 1500 : FE;
 1501 : FE;
 1502 : FE;
 1503 : FE;
 1504 : FE;
 1505 : FE;
 1506 : FE;
 1507 : FE;
 1508 : FE;
 1509 : FE;
 150A : FE;
 150B : FE;
 150C : FE;
 150D : FE;
 150E : FE;
 150F : FE;
 1510 : FE;
 1511 : FE;
 1512 : FE;
 1513 : FE;
 1514 : FE;
 1515 : FE;
 1516 : FE;
 1517 : FE;
 1518 : FE;
 1519 : FE;
 151A : FE;
 151B : FE;
 151C : FE;
 151D : FE;
 151E : FE;
 151F : FE;
 1520 : FE;
 1521 : FE;
 1522 : FE;
 1523 : FE;
 1524 : FE;
 1525 : FE;
 1526 : FE;
 1527 : FE;
 1528 : FE;
 1529 : FE;
 152A : FE;
 152B : FE;
 152C : FE;
 152D : FE;
 152E : FE;
 152F : FE;
 1530 : FE;
 1531 : FE;
 1532 : FE;
 1533 : FE;
 1534 : FE;
 1535 : FE;
 1536 : FE;
 1537 : FE;
 1538 : FE;
 1539 : FE;
 153A : FE;
 153B : FE;
 153C : FE;
 153D : FE;
 153E : FE;
 153F : FE;
 1540 : FE;
 1541 : FE;
 1542 : FE;
 1543 : FE;
 1544 : FE;
 1545 : FE;
 1546 : FE;
 1547 : FE;
 1548 : FE;
 1549 : FE;
 154A : FE;
 154B : FE;
 154C : FE;
 154D : FE;
 154E : FE;
 154F : FE;
 1550 : FE;
 1551 : FE;
 1552 : FE;
 1553 : FE;
 1554 : FE;
 1555 : FE;
 1556 : FE;
 1557 : FE;
 1558 : FE;
 1559 : FE;
 155A : FE;
 155B : FE;
 155C : FE;
 155D : FE;
 155E : FE;
 155F : FE;
 1560 : FE;
 1561 : FE;
 1562 : FE;
 1563 : FE;
 1564 : FE;
 1565 : FE;
 1566 : FE;
 1567 : FE;
 1568 : FE;
 1569 : FE;
 156A : FE;
 156B : FE;
 156C : FE;
 156D : FE;
 156E : FE;
 156F : FE;
 1570 : FE;
 1571 : FE;
 1572 : FE;
 1573 : FE;
 1574 : FE;
 1575 : FE;
 1576 : FE;
 1577 : FE;
 1578 : FE;
 1579 : FE;
 157A : FE;
 157B : FE;
 157C : FE;
 157D : FE;
 157E : FE;
 157F : FE;
 1580 : FE;
 1581 : FE;
 1582 : FE;
 1583 : FE;
 1584 : FE;
 1585 : FE;
 1586 : FE;
 1587 : FE;
 1588 : FE;
 1589 : FE;
 158A : FE;
 158B : FE;
 158C : FE;
 158D : FE;
 158E : FE;
 158F : FE;
 1590 : FE;
 1591 : FE;
 1592 : FE;
 1593 : FE;
 1594 : FE;
 1595 : FE;
 1596 : FE;
 1597 : FE;
 1598 : FE;
 1599 : FE;
 159A : FE;
 159B : FE;
 159C : FE;
 159D : FE;
 159E : FE;
 159F : FE;
 15A0 : FE;
 15A1 : FE;
 15A2 : FE;
 15A3 : FE;
 15A4 : FE;
 15A5 : FE;
 15A6 : FE;
 15A7 : FE;
 15A8 : FE;
 15A9 : FE;
 15AA : FE;
 15AB : FE;
 15AC : FE;
 15AD : FE;
 15AE : FE;
 15AF : FE;
 15B0 : FE;
 15B1 : FE;
 15B2 : FE;
 15B3 : FE;
 15B4 : FE;
 15B5 : FE;
 15B6 : FE;
 15B7 : FE;
 15B8 : FE;
 15B9 : FE;
 15BA : FE;
 15BB : FE;
 15BC : FE;
 15BD : FE;
 15BE : FE;
 15BF : FE;
 15C0 : FE;
 15C1 : FE;
 15C2 : FE;
 15C3 : FE;
 15C4 : FE;
 15C5 : FE;
 15C6 : FE;
 15C7 : FE;
 15C8 : FE;
 15C9 : FE;
 15CA : FE;
 15CB : FE;
 15CC : FE;
 15CD : FE;
 15CE : FE;
 15CF : FE;
 15D0 : FE;
 15D1 : FE;
 15D2 : FE;
 15D3 : FE;
 15D4 : FE;
 15D5 : FE;
 15D6 : FE;
 15D7 : FE;
 15D8 : FE;
 15D9 : FE;
 15DA : FE;
 15DB : FE;
 15DC : FE;
 15DD : FE;
 15DE : FE;
 15DF : FE;
 15E0 : FE;
 15E1 : FE;
 15E2 : FE;
 15E3 : FE;
 15E4 : FE;
 15E5 : FE;
 15E6 : FE;
 15E7 : FE;
 15E8 : FE;
 15E9 : FE;
 15EA : FE;
 15EB : FE;
 15EC : FE;
 15ED : FE;
 15EE : FE;
 15EF : FE;
 15F0 : FE;
 15F1 : FE;
 15F2 : FE;
 15F3 : FE;
 15F4 : FE;
 15F5 : FE;
 15F6 : FE;
 15F7 : FE;
 15F8 : FE;
 15F9 : FE;
 15FA : FE;
 15FB : FE;
 15FC : FE;
 15FD : FE;
 15FE : FE;
 15FF : FE;
 1600 : FE;
 1601 : FE;
 1602 : FE;
 1603 : FE;
 1604 : FE;
 1605 : FE;
 1606 : FE;
 1607 : FE;
 1608 : FE;
 1609 : FE;
 160A : FE;
 160B : FE;
 160C : FE;
 160D : FE;
 160E : FE;
 160F : FE;
 1610 : FE;
 1611 : FE;
 1612 : FE;
 1613 : FE;
 1614 : FE;
 1615 : FE;
 1616 : FE;
 1617 : FE;
 1618 : FE;
 1619 : FE;
 161A : FE;
 161B : FE;
 161C : FE;
 161D : FE;
 161E : FE;
 161F : FE;
 1620 : FE;
 1621 : FE;
 1622 : FE;
 1623 : FE;
 1624 : FE;
 1625 : FE;
 1626 : FE;
 1627 : FE;
 1628 : FE;
 1629 : FE;
 162A : FE;
 162B : FE;
 162C : FE;
 162D : FE;
 162E : FE;
 162F : FE;
 1630 : FE;
 1631 : FE;
 1632 : FE;
 1633 : FE;
 1634 : FE;
 1635 : FE;
 1636 : FE;
 1637 : FE;
 1638 : FE;
 1639 : FE;
 163A : FE;
 163B : FE;
 163C : FE;
 163D : FE;
 163E : FE;
 163F : FE;
 1640 : FE;
 1641 : FE;
 1642 : FE;
 1643 : FE;
 1644 : FE;
 1645 : FE;
 1646 : FE;
 1647 : FE;
 1648 : FE;
 1649 : FE;
 164A : FE;
 164B : FE;
 164C : FE;
 164D : FE;
 164E : FE;
 164F : FE;
 1650 : FE;
 1651 : FE;
 1652 : FE;
 1653 : FE;
 1654 : FE;
 1655 : FE;
 1656 : FE;
 1657 : FE;
 1658 : FE;
 1659 : FE;
 165A : FE;
 165B : FE;
 165C : FE;
 165D : FE;
 165E : FE;
 165F : FE;
 1660 : FE;
 1661 : FE;
 1662 : FE;
 1663 : FE;
 1664 : FE;
 1665 : FE;
 1666 : FE;
 1667 : FE;
 1668 : FE;
 1669 : FE;
 166A : FE;
 166B : FE;
 166C : FE;
 166D : FE;
 166E : FE;
 166F : FE;
 1670 : FE;
 1671 : FE;
 1672 : FE;
 1673 : FE;
 1674 : FE;
 1675 : FE;
 1676 : FE;
 1677 : FE;
 1678 : FE;
 1679 : FE;
 167A : FE;
 167B : FE;
 167C : FE;
 167D : FE;
 167E : FE;
 167F : FE;
 1680 : FE;
 1681 : FE;
 1682 : FE;
 1683 : FE;
 1684 : FE;
 1685 : FE;
 1686 : FE;
 1687 : FE;
 1688 : FE;
 1689 : FE;
 168A : FE;
 168B : FE;
 168C : FE;
 168D : FE;
 168E : FE;
 168F : FE;
 1690 : FE;
 1691 : FE;
 1692 : FE;
 1693 : FE;
 1694 : FE;
 1695 : FE;
 1696 : FE;
 1697 : FE;
 1698 : FE;
 1699 : FE;
 169A : FE;
 169B : FE;
 169C : FE;
 169D : FE;
 169E : FE;
 169F : FE;
 16A0 : FE;
 16A1 : FE;
 16A2 : FE;
 16A3 : FE;
 16A4 : FE;
 16A5 : FE;
 16A6 : FE;
 16A7 : FE;
 16A8 : FE;
 16A9 : FE;
 16AA : FE;
 16AB : FE;
 16AC : FE;
 16AD : FE;
 16AE : FE;
 16AF : FE;
 16B0 : FE;
 16B1 : FE;
 16B2 : FE;
 16B3 : FE;
 16B4 : FE;
 16B5 : FE;
 16B6 : FE;
 16B7 : FE;
 16B8 : FE;
 16B9 : FE;
 16BA : FE;
 16BB : FE;
 16BC : FE;
 16BD : FE;
 16BE : FE;
 16BF : FE;
 16C0 : FE;
 16C1 : FE;
 16C2 : FE;
 16C3 : FE;
 16C4 : FE;
 16C5 : FE;
 16C6 : FE;
 16C7 : FE;
 16C8 : FE;
 16C9 : FE;
 16CA : FE;
 16CB : FE;
 16CC : FE;
 16CD : FE;
 16CE : FE;
 16CF : FE;
 16D0 : FE;
 16D1 : FE;
 16D2 : FE;
 16D3 : FE;
 16D4 : FE;
 16D5 : FE;
 16D6 : FE;
 16D7 : FE;
 16D8 : FE;
 16D9 : FE;
 16DA : FE;
 16DB : FE;
 16DC : FE;
 16DD : FE;
 16DE : FE;
 16DF : FE;
 16E0 : FE;
 16E1 : FE;
 16E2 : FE;
 16E3 : FE;
 16E4 : FE;
 16E5 : FE;
 16E6 : FE;
 16E7 : FE;
 16E8 : FE;
 16E9 : FE;
 16EA : FE;
 16EB : FE;
 16EC : FE;
 16ED : FE;
 16EE : FE;
 16EF : FE;
 16F0 : FE;
 16F1 : FE;
 16F2 : FE;
 16F3 : FE;
 16F4 : FE;
 16F5 : FE;
 16F6 : FE;
 16F7 : FE;
 16F8 : FE;
 16F9 : FE;
 16FA : FE;
 16FB : FE;
 16FC : FE;
 16FD : FE;
 16FE : FE;
 16FF : FE;
 1700 : FE;
 1701 : FE;
 1702 : FE;
 1703 : FE;
 1704 : FE;
 1705 : FE;
 1706 : FE;
 1707 : FE;
 1708 : FE;
 1709 : FE;
 170A : FE;
 170B : FE;
 170C : FE;
 170D : FE;
 170E : FE;
 170F : FE;
 1710 : FE;
 1711 : FE;
 1712 : FE;
 1713 : FE;
 1714 : FE;
 1715 : FE;
 1716 : FE;
 1717 : FE;
 1718 : FE;
 1719 : FE;
 171A : FE;
 171B : FE;
 171C : FE;
 171D : FE;
 171E : FE;
 171F : FE;
 1720 : FE;
 1721 : FE;
 1722 : FE;
 1723 : FE;
 1724 : FE;
 1725 : FE;
 1726 : FE;
 1727 : FE;
 1728 : FE;
 1729 : FE;
 172A : FE;
 172B : FE;
 172C : FE;
 172D : FE;
 172E : FE;
 172F : FE;
 1730 : FE;
 1731 : FE;
 1732 : FE;
 1733 : FE;
 1734 : FE;
 1735 : FE;
 1736 : FE;
 1737 : FE;
 1738 : FE;
 1739 : FE;
 173A : FE;
 173B : FE;
 173C : FE;
 173D : FE;
 173E : FE;
 173F : FE;
 1740 : FE;
 1741 : FE;
 1742 : FE;
 1743 : FE;
 1744 : FE;
 1745 : FE;
 1746 : FE;
 1747 : FE;
 1748 : FE;
 1749 : FE;
 174A : FE;
 174B : FE;
 174C : FE;
 174D : FE;
 174E : FE;
 174F : FE;
 1750 : FE;
 1751 : FE;
 1752 : FE;
 1753 : FE;
 1754 : FE;
 1755 : FE;
 1756 : FE;
 1757 : FE;
 1758 : FE;
 1759 : FE;
 175A : FE;
 175B : FE;
 175C : FE;
 175D : FE;
 175E : FE;
 175F : FE;
 1760 : FE;
 1761 : FE;
 1762 : FE;
 1763 : FE;
 1764 : FE;
 1765 : FE;
 1766 : FE;
 1767 : FE;
 1768 : FE;
 1769 : FE;
 176A : FE;
 176B : FE;
 176C : FE;
 176D : FE;
 176E : FE;
 176F : FE;
 1770 : FE;
 1771 : FE;
 1772 : FE;
 1773 : FE;
 1774 : FE;
 1775 : FE;
 1776 : FE;
 1777 : FE;
 1778 : FE;
 1779 : FE;
 177A : FE;
 177B : FE;
 177C : FE;
 177D : FE;
 177E : FE;
 177F : FE;
 1780 : FE;
 1781 : FE;
 1782 : FE;
 1783 : FE;
 1784 : FE;
 1785 : FE;
 1786 : FE;
 1787 : FE;
 1788 : FE;
 1789 : FE;
 178A : FE;
 178B : FE;
 178C : FE;
 178D : FE;
 178E : FE;
 178F : FE;
 1790 : FE;
 1791 : FE;
 1792 : FE;
 1793 : FE;
 1794 : FE;
 1795 : FE;
 1796 : FE;
 1797 : FE;
 1798 : FE;
 1799 : FE;
 179A : FE;
 179B : FE;
 179C : FE;
 179D : FE;
 179E : FE;
 179F : FE;
 17A0 : FE;
 17A1 : FE;
 17A2 : FE;
 17A3 : FE;
 17A4 : FE;
 17A5 : FE;
 17A6 : FE;
 17A7 : FE;
 17A8 : FE;
 17A9 : FE;
 17AA : FE;
 17AB : FE;
 17AC : FE;
 17AD : FE;
 17AE : FE;
 17AF : FE;
 17B0 : FE;
 17B1 : FE;
 17B2 : FE;
 17B3 : FE;
 17B4 : FE;
 17B5 : FE;
 17B6 : FE;
 17B7 : FE;
 17B8 : FE;
 17B9 : FE;
 17BA : FE;
 17BB : FE;
 17BC : FE;
 17BD : FE;
 17BE : FE;
 17BF : FE;
 17C0 : FE;
 17C1 : FE;
 17C2 : FE;
 17C3 : FE;
 17C4 : FE;
 17C5 : FE;
 17C6 : FE;
 17C7 : FE;
 17C8 : FE;
 17C9 : FE;
 17CA : FE;
 17CB : FE;
 17CC : FE;
 17CD : FE;
 17CE : FE;
 17CF : FE;
 17D0 : FE;
 17D1 : FE;
 17D2 : FE;
 17D3 : FE;
 17D4 : FE;
 17D5 : FE;
 17D6 : FE;
 17D7 : FE;
 17D8 : FE;
 17D9 : FE;
 17DA : FE;
 17DB : FE;
 17DC : FE;
 17DD : FE;
 17DE : FE;
 17DF : FE;
 17E0 : FE;
 17E1 : FE;
 17E2 : FE;
 17E3 : FE;
 17E4 : FE;
 17E5 : FE;
 17E6 : FE;
 17E7 : FE;
 17E8 : FE;
 17E9 : FE;
 17EA : FE;
 17EB : FE;
 17EC : FE;
 17ED : FE;
 17EE : FE;
 17EF : FE;
 17F0 : FE;
 17F1 : FE;
 17F2 : FE;
 17F3 : FE;
 17F4 : FE;
 17F5 : FE;
 17F6 : FE;
 17F7 : FE;
 17F8 : FE;
 17F9 : FE;
 17FA : FE;
 17FB : FE;
 17FC : FE;
 17FD : FE;
 17FE : FE;
 17FF : FE;
 1800 : FE;
 1801 : FE;
 1802 : FE;
 1803 : FE;
 1804 : FE;
 1805 : FE;
 1806 : FE;
 1807 : FE;
 1808 : FE;
 1809 : FE;
 180A : FE;
 180B : FE;
 180C : FE;
 180D : FE;
 180E : FE;
 180F : FE;
 1810 : FE;
 1811 : FE;
 1812 : FE;
 1813 : FE;
 1814 : FE;
 1815 : FE;
 1816 : FE;
 1817 : FE;
 1818 : FE;
 1819 : FE;
 181A : FE;
 181B : FE;
 181C : FE;
 181D : FE;
 181E : FE;
 181F : FE;
 1820 : FE;
 1821 : FE;
 1822 : FE;
 1823 : FE;
 1824 : FE;
 1825 : FE;
 1826 : FE;
 1827 : FE;
 1828 : FE;
 1829 : FE;
 182A : FE;
 182B : FE;
 182C : FE;
 182D : FE;
 182E : FE;
 182F : FE;
 1830 : FE;
 1831 : FE;
 1832 : FE;
 1833 : FE;
 1834 : FE;
 1835 : FE;
 1836 : FE;
 1837 : FE;
 1838 : FE;
 1839 : FE;
 183A : FE;
 183B : FE;
 183C : FE;
 183D : FE;
 183E : FE;
 183F : FE;
 1840 : FE;
 1841 : FE;
 1842 : FE;
 1843 : FE;
 1844 : FE;
 1845 : FE;
 1846 : FE;
 1847 : FE;
 1848 : FE;
 1849 : FE;
 184A : FE;
 184B : FE;
 184C : FE;
 184D : FE;
 184E : FE;
 184F : FE;
 1850 : FE;
 1851 : FE;
 1852 : FE;
 1853 : FE;
 1854 : FE;
 1855 : FE;
 1856 : FE;
 1857 : FE;
 1858 : FE;
 1859 : FE;
 185A : FE;
 185B : FE;
 185C : FE;
 185D : FE;
 185E : FE;
 185F : FE;
 1860 : FE;
 1861 : FE;
 1862 : FE;
 1863 : FE;
 1864 : FE;
 1865 : FE;
 1866 : FE;
 1867 : FE;
 1868 : FE;
 1869 : FE;
 186A : FE;
 186B : FE;
 186C : FE;
 186D : FE;
 186E : FE;
 186F : FE;
 1870 : FE;
 1871 : FE;
 1872 : FE;
 1873 : FE;
 1874 : FE;
 1875 : FE;
 1876 : FE;
 1877 : FE;
 1878 : FE;
 1879 : FE;
 187A : FE;
 187B : FE;
 187C : FE;
 187D : FE;
 187E : FE;
 187F : FE;
 1880 : FE;
 1881 : FE;
 1882 : FE;
 1883 : FE;
 1884 : FE;
 1885 : FE;
 1886 : FE;
 1887 : FE;
 1888 : FE;
 1889 : FE;
 188A : FE;
 188B : FE;
 188C : FE;
 188D : FE;
 188E : FE;
 188F : FE;
 1890 : FE;
 1891 : FE;
 1892 : FE;
 1893 : FE;
 1894 : FE;
 1895 : FE;
 1896 : FE;
 1897 : FE;
 1898 : FE;
 1899 : FE;
 189A : FE;
 189B : FE;
 189C : FE;
 189D : FE;
 189E : FE;
 189F : FE;
 18A0 : FE;
 18A1 : FE;
 18A2 : FE;
 18A3 : FE;
 18A4 : FE;
 18A5 : FE;
 18A6 : FE;
 18A7 : FE;
 18A8 : FE;
 18A9 : FE;
 18AA : FE;
 18AB : FE;
 18AC : FE;
 18AD : FE;
 18AE : FE;
 18AF : FE;
 18B0 : FE;
 18B1 : FE;
 18B2 : FE;
 18B3 : FE;
 18B4 : FE;
 18B5 : FE;
 18B6 : FE;
 18B7 : FE;
 18B8 : FE;
 18B9 : FE;
 18BA : FE;
 18BB : FE;
 18BC : FE;
 18BD : FE;
 18BE : FE;
 18BF : FE;
 18C0 : FE;
 18C1 : FE;
 18C2 : FE;
 18C3 : FE;
 18C4 : FE;
 18C5 : FE;
 18C6 : FE;
 18C7 : FE;
 18C8 : FE;
 18C9 : FE;
 18CA : FE;
 18CB : FE;
 18CC : FE;
 18CD : FE;
 18CE : FE;
 18CF : FE;
 18D0 : FE;
 18D1 : FE;
 18D2 : FE;
 18D3 : FE;
 18D4 : FE;
 18D5 : FE;
 18D6 : FE;
 18D7 : FE;
 18D8 : FE;
 18D9 : FE;
 18DA : FE;
 18DB : FE;
 18DC : FE;
 18DD : FE;
 18DE : FE;
 18DF : FE;
 18E0 : FE;
 18E1 : FE;
 18E2 : FE;
 18E3 : FE;
 18E4 : FE;
 18E5 : FE;
 18E6 : FE;
 18E7 : FE;
 18E8 : FE;
 18E9 : FE;
 18EA : FE;
 18EB : FE;
 18EC : FE;
 18ED : FE;
 18EE : FE;
 18EF : FE;
 18F0 : FE;
 18F1 : FE;
 18F2 : FE;
 18F3 : FE;
 18F4 : FE;
 18F5 : FE;
 18F6 : FE;
 18F7 : FE;
 18F8 : FE;
 18F9 : FE;
 18FA : FE;
 18FB : FE;
 18FC : FE;
 18FD : FE;
 18FE : FE;
 18FF : FE;
 1900 : FE;
 1901 : FE;
 1902 : FE;
 1903 : FE;
 1904 : FE;
 1905 : FE;
 1906 : FE;
 1907 : FE;
 1908 : FE;
 1909 : FE;
 190A : FE;
 190B : FE;
 190C : FE;
 190D : FE;
 190E : FE;
 190F : FE;
 1910 : FE;
 1911 : FE;
 1912 : FE;
 1913 : FE;
 1914 : FE;
 1915 : FE;
 1916 : FE;
 1917 : FE;
 1918 : FE;
 1919 : FE;
 191A : FE;
 191B : FE;
 191C : FE;
 191D : FE;
 191E : FE;
 191F : FE;
 1920 : FE;
 1921 : FE;
 1922 : FE;
 1923 : FE;
 1924 : FE;
 1925 : FE;
 1926 : FE;
 1927 : FE;
 1928 : FE;
 1929 : FE;
 192A : FE;
 192B : FE;
 192C : FE;
 192D : FE;
 192E : FE;
 192F : FE;
 1930 : FE;
 1931 : FE;
 1932 : FE;
 1933 : FE;
 1934 : FE;
 1935 : FE;
 1936 : FE;
 1937 : FE;
 1938 : FE;
 1939 : FE;
 193A : FE;
 193B : FE;
 193C : FE;
 193D : FE;
 193E : FE;
 193F : FE;
 1940 : FE;
 1941 : FE;
 1942 : FE;
 1943 : FE;
 1944 : FE;
 1945 : FE;
 1946 : FE;
 1947 : FE;
 1948 : FE;
 1949 : FE;
 194A : FE;
 194B : FE;
 194C : FE;
 194D : FE;
 194E : FE;
 194F : FE;
 1950 : FE;
 1951 : FE;
 1952 : FE;
 1953 : FE;
 1954 : FE;
 1955 : FE;
 1956 : FE;
 1957 : FE;
 1958 : FE;
 1959 : FE;
 195A : FE;
 195B : FE;
 195C : FE;
 195D : FE;
 195E : FE;
 195F : FE;
 1960 : FE;
 1961 : FE;
 1962 : FE;
 1963 : FE;
 1964 : FE;
 1965 : FE;
 1966 : FE;
 1967 : FE;
 1968 : FE;
 1969 : FE;
 196A : FE;
 196B : FE;
 196C : FE;
 196D : FE;
 196E : FE;
 196F : FE;
 1970 : FE;
 1971 : FE;
 1972 : FE;
 1973 : FE;
 1974 : FE;
 1975 : FE;
 1976 : FE;
 1977 : FE;
 1978 : FE;
 1979 : FE;
 197A : FE;
 197B : FE;
 197C : FE;
 197D : FE;
 197E : FE;
 197F : FE;
 1980 : FE;
 1981 : FE;
 1982 : FE;
 1983 : FE;
 1984 : FE;
 1985 : FE;
 1986 : FE;
 1987 : FE;
 1988 : FE;
 1989 : FE;
 198A : FE;
 198B : FE;
 198C : FE;
 198D : FE;
 198E : FE;
 198F : FE;
 1990 : FE;
 1991 : FE;
 1992 : FE;
 1993 : FE;
 1994 : FE;
 1995 : FE;
 1996 : FE;
 1997 : FE;
 1998 : FE;
 1999 : FE;
 199A : FE;
 199B : FE;
 199C : FE;
 199D : FE;
 199E : FE;
 199F : FE;
 19A0 : FE;
 19A1 : FE;
 19A2 : FE;
 19A3 : FE;
 19A4 : FE;
 19A5 : FE;
 19A6 : FE;
 19A7 : FE;
 19A8 : FE;
 19A9 : FE;
 19AA : FE;
 19AB : FE;
 19AC : FE;
 19AD : FE;
 19AE : FE;
 19AF : FE;
 19B0 : FE;
 19B1 : FE;
 19B2 : FE;
 19B3 : FE;
 19B4 : FE;
 19B5 : FE;
 19B6 : FE;
 19B7 : FE;
 19B8 : FE;
 19B9 : FE;
 19BA : FE;
 19BB : FE;
 19BC : FE;
 19BD : FE;
 19BE : FE;
 19BF : FE;
 19C0 : FE;
 19C1 : FE;
 19C2 : FE;
 19C3 : FE;
 19C4 : FE;
 19C5 : FE;
 19C6 : FE;
 19C7 : FE;
 19C8 : FE;
 19C9 : FE;
 19CA : FE;
 19CB : FE;
 19CC : FE;
 19CD : FE;
 19CE : FE;
 19CF : FE;
 19D0 : FE;
 19D1 : FE;
 19D2 : FE;
 19D3 : FE;
 19D4 : FE;
 19D5 : FE;
 19D6 : FE;
 19D7 : FE;
 19D8 : FE;
 19D9 : FE;
 19DA : FE;
 19DB : FE;
 19DC : FE;
 19DD : FE;
 19DE : FE;
 19DF : FE;
 19E0 : FE;
 19E1 : FE;
 19E2 : FE;
 19E3 : FE;
 19E4 : FE;
 19E5 : FE;
 19E6 : FE;
 19E7 : FE;
 19E8 : FE;
 19E9 : FE;
 19EA : FE;
 19EB : FE;
 19EC : FE;
 19ED : FE;
 19EE : FE;
 19EF : FE;
 19F0 : FE;
 19F1 : FE;
 19F2 : FE;
 19F3 : FE;
 19F4 : FE;
 19F5 : FE;
 19F6 : FE;
 19F7 : FE;
 19F8 : FE;
 19F9 : FE;
 19FA : FE;
 19FB : FE;
 19FC : FE;
 19FD : FE;
 19FE : FE;
 19FF : FE;
 1A00 : FE;
 1A01 : FE;
 1A02 : FE;
 1A03 : FE;
 1A04 : FE;
 1A05 : FE;
 1A06 : FE;
 1A07 : FE;
 1A08 : FE;
 1A09 : FE;
 1A0A : FE;
 1A0B : FE;
 1A0C : FE;
 1A0D : FE;
 1A0E : FE;
 1A0F : FE;
 1A10 : FE;
 1A11 : FE;
 1A12 : FE;
 1A13 : FE;
 1A14 : FE;
 1A15 : FE;
 1A16 : FE;
 1A17 : FE;
 1A18 : FE;
 1A19 : FE;
 1A1A : FE;
 1A1B : FE;
 1A1C : FE;
 1A1D : FE;
 1A1E : FE;
 1A1F : FE;
 1A20 : FE;
 1A21 : FE;
 1A22 : FE;
 1A23 : FE;
 1A24 : FE;
 1A25 : FE;
 1A26 : FE;
 1A27 : FE;
 1A28 : FE;
 1A29 : FE;
 1A2A : FE;
 1A2B : FE;
 1A2C : FE;
 1A2D : FE;
 1A2E : FE;
 1A2F : FE;
 1A30 : FE;
 1A31 : FE;
 1A32 : FE;
 1A33 : FE;
 1A34 : FE;
 1A35 : FE;
 1A36 : FE;
 1A37 : FE;
 1A38 : FE;
 1A39 : FE;
 1A3A : FE;
 1A3B : FE;
 1A3C : FE;
 1A3D : FE;
 1A3E : FE;
 1A3F : FE;
 1A40 : FE;
 1A41 : FE;
 1A42 : FE;
 1A43 : FE;
 1A44 : FE;
 1A45 : FE;
 1A46 : FE;
 1A47 : FE;
 1A48 : FE;
 1A49 : FE;
 1A4A : FE;
 1A4B : FE;
 1A4C : FE;
 1A4D : FE;
 1A4E : FE;
 1A4F : FE;
 1A50 : FE;
 1A51 : FE;
 1A52 : FE;
 1A53 : FE;
 1A54 : FE;
 1A55 : FE;
 1A56 : FE;
 1A57 : FE;
 1A58 : FE;
 1A59 : FE;
 1A5A : FE;
 1A5B : FE;
 1A5C : FE;
 1A5D : FE;
 1A5E : FE;
 1A5F : FE;
 1A60 : FE;
 1A61 : FE;
 1A62 : FE;
 1A63 : FE;
 1A64 : FE;
 1A65 : FE;
 1A66 : FE;
 1A67 : FE;
 1A68 : FE;
 1A69 : FE;
 1A6A : FE;
 1A6B : FE;
 1A6C : FE;
 1A6D : FE;
 1A6E : FE;
 1A6F : FE;
 1A70 : FE;
 1A71 : FE;
 1A72 : FE;
 1A73 : FE;
 1A74 : FE;
 1A75 : FE;
 1A76 : FE;
 1A77 : FE;
 1A78 : FE;
 1A79 : FE;
 1A7A : FE;
 1A7B : FE;
 1A7C : FE;
 1A7D : FE;
 1A7E : FE;
 1A7F : FE;
 1A80 : FE;
 1A81 : FE;
 1A82 : FE;
 1A83 : FE;
 1A84 : FE;
 1A85 : FE;
 1A86 : FE;
 1A87 : FE;
 1A88 : FE;
 1A89 : FE;
 1A8A : FE;
 1A8B : FE;
 1A8C : FE;
 1A8D : FE;
 1A8E : FE;
 1A8F : FE;
 1A90 : FE;
 1A91 : FE;
 1A92 : FE;
 1A93 : FE;
 1A94 : FE;
 1A95 : FE;
 1A96 : FE;
 1A97 : FE;
 1A98 : FE;
 1A99 : FE;
 1A9A : FE;
 1A9B : FE;
 1A9C : FE;
 1A9D : FE;
 1A9E : FE;
 1A9F : FE;
 1AA0 : FE;
 1AA1 : FE;
 1AA2 : FE;
 1AA3 : FE;
 1AA4 : FE;
 1AA5 : FE;
 1AA6 : FE;
 1AA7 : FE;
 1AA8 : FE;
 1AA9 : FE;
 1AAA : FE;
 1AAB : FE;
 1AAC : FE;
 1AAD : FE;
 1AAE : FE;
 1AAF : FE;
 1AB0 : FE;
 1AB1 : FE;
 1AB2 : FE;
 1AB3 : FE;
 1AB4 : FE;
 1AB5 : FE;
 1AB6 : FE;
 1AB7 : FE;
 1AB8 : FE;
 1AB9 : FE;
 1ABA : FE;
 1ABB : FE;
 1ABC : FE;
 1ABD : FE;
 1ABE : FE;
 1ABF : FE;
 1AC0 : FE;
 1AC1 : FE;
 1AC2 : FE;
 1AC3 : FE;
 1AC4 : FE;
 1AC5 : FE;
 1AC6 : FE;
 1AC7 : FE;
 1AC8 : FE;
 1AC9 : FE;
 1ACA : FE;
 1ACB : FE;
 1ACC : FE;
 1ACD : FE;
 1ACE : FE;
 1ACF : FE;
 1AD0 : FE;
 1AD1 : FE;
 1AD2 : FE;
 1AD3 : FE;
 1AD4 : FE;
 1AD5 : FE;
 1AD6 : FE;
 1AD7 : FE;
 1AD8 : FE;
 1AD9 : FE;
 1ADA : FE;
 1ADB : FE;
 1ADC : FE;
 1ADD : FE;
 1ADE : FE;
 1ADF : FE;
 1AE0 : FE;
 1AE1 : FE;
 1AE2 : FE;
 1AE3 : FE;
 1AE4 : FE;
 1AE5 : FE;
 1AE6 : FE;
 1AE7 : FE;
 1AE8 : FE;
 1AE9 : FE;
 1AEA : FE;
 1AEB : FE;
 1AEC : FE;
 1AED : FE;
 1AEE : FE;
 1AEF : FE;
 1AF0 : FE;
 1AF1 : FE;
 1AF2 : FE;
 1AF3 : FE;
 1AF4 : FE;
 1AF5 : FE;
 1AF6 : FE;
 1AF7 : FE;
 1AF8 : FE;
 1AF9 : FE;
 1AFA : FE;
 1AFB : FE;
 1AFC : FE;
 1AFD : FE;
 1AFE : FE;
 1AFF : FE;
 1B00 : FE;
 1B01 : FE;
 1B02 : FE;
 1B03 : FE;
 1B04 : FE;
 1B05 : FE;
 1B06 : FE;
 1B07 : FE;
 1B08 : FE;
 1B09 : FE;
 1B0A : FE;
 1B0B : FE;
 1B0C : FE;
 1B0D : FE;
 1B0E : FE;
 1B0F : FE;
 1B10 : FE;
 1B11 : FE;
 1B12 : FE;
 1B13 : FE;
 1B14 : FE;
 1B15 : FE;
 1B16 : FE;
 1B17 : FE;
 1B18 : FE;
 1B19 : FE;
 1B1A : FE;
 1B1B : FE;
 1B1C : FE;
 1B1D : FE;
 1B1E : FE;
 1B1F : FE;
 1B20 : FE;
 1B21 : FE;
 1B22 : FE;
 1B23 : FE;
 1B24 : FE;
 1B25 : FE;
 1B26 : FE;
 1B27 : FE;
 1B28 : FE;
 1B29 : FE;
 1B2A : FE;
 1B2B : FE;
 1B2C : FE;
 1B2D : FE;
 1B2E : FE;
 1B2F : FE;
 1B30 : FE;
 1B31 : FE;
 1B32 : FE;
 1B33 : FE;
 1B34 : FE;
 1B35 : FE;
 1B36 : FE;
 1B37 : FE;
 1B38 : FE;
 1B39 : FE;
 1B3A : FE;
 1B3B : FE;
 1B3C : FE;
 1B3D : FE;
 1B3E : FE;
 1B3F : FE;
 1B40 : FE;
 1B41 : FE;
 1B42 : FE;
 1B43 : FE;
 1B44 : FE;
 1B45 : FE;
 1B46 : FE;
 1B47 : FE;
 1B48 : FE;
 1B49 : FE;
 1B4A : FE;
 1B4B : FE;
 1B4C : FE;
 1B4D : FE;
 1B4E : FE;
 1B4F : FE;
 1B50 : FE;
 1B51 : FE;
 1B52 : FE;
 1B53 : FE;
 1B54 : FE;
 1B55 : FE;
 1B56 : FE;
 1B57 : FE;
 1B58 : FE;
 1B59 : FE;
 1B5A : FE;
 1B5B : FE;
 1B5C : FE;
 1B5D : FE;
 1B5E : FE;
 1B5F : FE;
 1B60 : FE;
 1B61 : FE;
 1B62 : FE;
 1B63 : FE;
 1B64 : FE;
 1B65 : FE;
 1B66 : FE;
 1B67 : FE;
 1B68 : FE;
 1B69 : FE;
 1B6A : FE;
 1B6B : FE;
 1B6C : FE;
 1B6D : FE;
 1B6E : FE;
 1B6F : FE;
 1B70 : FE;
 1B71 : FE;
 1B72 : FE;
 1B73 : FE;
 1B74 : FE;
 1B75 : FE;
 1B76 : FE;
 1B77 : FE;
 1B78 : FE;
 1B79 : FE;
 1B7A : FE;
 1B7B : FE;
 1B7C : FE;
 1B7D : FE;
 1B7E : FE;
 1B7F : FE;
 1B80 : FE;
 1B81 : FE;
 1B82 : FE;
 1B83 : FE;
 1B84 : FE;
 1B85 : FE;
 1B86 : FE;
 1B87 : FE;
 1B88 : FE;
 1B89 : FE;
 1B8A : FE;
 1B8B : FE;
 1B8C : FE;
 1B8D : FE;
 1B8E : FE;
 1B8F : FE;
 1B90 : FE;
 1B91 : FE;
 1B92 : FE;
 1B93 : FE;
 1B94 : FE;
 1B95 : FE;
 1B96 : FE;
 1B97 : FE;
 1B98 : FE;
 1B99 : FE;
 1B9A : FE;
 1B9B : FE;
 1B9C : FE;
 1B9D : FE;
 1B9E : FE;
 1B9F : FE;
 1BA0 : FE;
 1BA1 : FE;
 1BA2 : FE;
 1BA3 : FE;
 1BA4 : FE;
 1BA5 : FE;
 1BA6 : FE;
 1BA7 : FE;
 1BA8 : FE;
 1BA9 : FE;
 1BAA : FE;
 1BAB : FE;
 1BAC : FE;
 1BAD : FE;
 1BAE : FE;
 1BAF : FE;
 1BB0 : FE;
 1BB1 : FE;
 1BB2 : FE;
 1BB3 : FE;
 1BB4 : FE;
 1BB5 : FE;
 1BB6 : FE;
 1BB7 : FE;
 1BB8 : FE;
 1BB9 : FE;
 1BBA : FE;
 1BBB : FE;
 1BBC : FE;
 1BBD : FE;
 1BBE : FE;
 1BBF : FE;
 1BC0 : FE;
 1BC1 : FE;
 1BC2 : FE;
 1BC3 : FE;
 1BC4 : FE;
 1BC5 : FE;
 1BC6 : FE;
 1BC7 : FE;
 1BC8 : FE;
 1BC9 : FE;
 1BCA : FE;
 1BCB : FE;
 1BCC : FE;
 1BCD : FE;
 1BCE : FE;
 1BCF : FE;
 1BD0 : FE;
 1BD1 : FE;
 1BD2 : FE;
 1BD3 : FE;
 1BD4 : FE;
 1BD5 : FE;
 1BD6 : FE;
 1BD7 : FE;
 1BD8 : FE;
 1BD9 : FE;
 1BDA : FE;
 1BDB : FE;
 1BDC : FE;
 1BDD : FE;
 1BDE : FE;
 1BDF : FE;
 1BE0 : FE;
 1BE1 : FE;
 1BE2 : FE;
 1BE3 : FE;
 1BE4 : FE;
 1BE5 : FE;
 1BE6 : FE;
 1BE7 : FE;
 1BE8 : FE;
 1BE9 : FE;
 1BEA : FE;
 1BEB : FE;
 1BEC : FE;
 1BED : FE;
 1BEE : FE;
 1BEF : FE;
 1BF0 : FE;
 1BF1 : FE;
 1BF2 : FE;
 1BF3 : FE;
 1BF4 : FE;
 1BF5 : FE;
 1BF6 : FE;
 1BF7 : FE;
 1BF8 : FE;
 1BF9 : FE;
 1BFA : FE;
 1BFB : FE;
 1BFC : FE;
 1BFD : FE;
 1BFE : FE;
 1BFF : FE;
 1C00 : FE;
 1C01 : FE;
 1C02 : FE;
 1C03 : FE;
 1C04 : FE;
 1C05 : FE;
 1C06 : FE;
 1C07 : FE;
 1C08 : FE;
 1C09 : FE;
 1C0A : FE;
 1C0B : FE;
 1C0C : FE;
 1C0D : FE;
 1C0E : FE;
 1C0F : FE;
 1C10 : FE;
 1C11 : FE;
 1C12 : FE;
 1C13 : FE;
 1C14 : FE;
 1C15 : FE;
 1C16 : FE;
 1C17 : FE;
 1C18 : FE;
 1C19 : FE;
 1C1A : FE;
 1C1B : FE;
 1C1C : FE;
 1C1D : FE;
 1C1E : FE;
 1C1F : FE;
 1C20 : FE;
 1C21 : FE;
 1C22 : FE;
 1C23 : FE;
 1C24 : FE;
 1C25 : FE;
 1C26 : FE;
 1C27 : FE;
 1C28 : FE;
 1C29 : FE;
 1C2A : FE;
 1C2B : FE;
 1C2C : FE;
 1C2D : FE;
 1C2E : FE;
 1C2F : FE;
 1C30 : FE;
 1C31 : FE;
 1C32 : FE;
 1C33 : FE;
 1C34 : FE;
 1C35 : FE;
 1C36 : FE;
 1C37 : FE;
 1C38 : FE;
 1C39 : FE;
 1C3A : FE;
 1C3B : FE;
 1C3C : FE;
 1C3D : FE;
 1C3E : FE;
 1C3F : FE;
 1C40 : FE;
 1C41 : FE;
 1C42 : FE;
 1C43 : FE;
 1C44 : FE;
 1C45 : FE;
 1C46 : FE;
 1C47 : FE;
 1C48 : FE;
 1C49 : FE;
 1C4A : FE;
 1C4B : FE;
 1C4C : FE;
 1C4D : FE;
 1C4E : FE;
 1C4F : FE;
 1C50 : FE;
 1C51 : FE;
 1C52 : FE;
 1C53 : FE;
 1C54 : FE;
 1C55 : FE;
 1C56 : FE;
 1C57 : FE;
 1C58 : FE;
 1C59 : FE;
 1C5A : FE;
 1C5B : FE;
 1C5C : FE;
 1C5D : FE;
 1C5E : FE;
 1C5F : FE;
 1C60 : FE;
 1C61 : FE;
 1C62 : FE;
 1C63 : FE;
 1C64 : FE;
 1C65 : FE;
 1C66 : FE;
 1C67 : FE;
 1C68 : FE;
 1C69 : FE;
 1C6A : FE;
 1C6B : FE;
 1C6C : FE;
 1C6D : FE;
 1C6E : FE;
 1C6F : FE;
 1C70 : FE;
 1C71 : FE;
 1C72 : FE;
 1C73 : FE;
 1C74 : FE;
 1C75 : FE;
 1C76 : FE;
 1C77 : FE;
 1C78 : FE;
 1C79 : FE;
 1C7A : FE;
 1C7B : FE;
 1C7C : FE;
 1C7D : FE;
 1C7E : FE;
 1C7F : FE;
 1C80 : FE;
 1C81 : FE;
 1C82 : FE;
 1C83 : FE;
 1C84 : FE;
 1C85 : FE;
 1C86 : FE;
 1C87 : FE;
 1C88 : FE;
 1C89 : FE;
 1C8A : FE;
 1C8B : FE;
 1C8C : FE;
 1C8D : FE;
 1C8E : FE;
 1C8F : FE;
 1C90 : FE;
 1C91 : FE;
 1C92 : FE;
 1C93 : FE;
 1C94 : FE;
 1C95 : FE;
 1C96 : FE;
 1C97 : FE;
 1C98 : FE;
 1C99 : FE;
 1C9A : FE;
 1C9B : FE;
 1C9C : FE;
 1C9D : FE;
 1C9E : FE;
 1C9F : FE;
 1CA0 : FE;
 1CA1 : FE;
 1CA2 : FE;
 1CA3 : FE;
 1CA4 : FE;
 1CA5 : FE;
 1CA6 : FE;
 1CA7 : FE;
 1CA8 : FE;
 1CA9 : FE;
 1CAA : FE;
 1CAB : FE;
 1CAC : FE;
 1CAD : FE;
 1CAE : FE;
 1CAF : FE;
 1CB0 : FE;
 1CB1 : FE;
 1CB2 : FE;
 1CB3 : FE;
 1CB4 : FE;
 1CB5 : FE;
 1CB6 : FE;
 1CB7 : FE;
 1CB8 : FE;
 1CB9 : FE;
 1CBA : FE;
 1CBB : FE;
 1CBC : FE;
 1CBD : FE;
 1CBE : FE;
 1CBF : FE;
 1CC0 : FE;
 1CC1 : FE;
 1CC2 : FE;
 1CC3 : FE;
 1CC4 : FE;
 1CC5 : FE;
 1CC6 : FE;
 1CC7 : FE;
 1CC8 : FE;
 1CC9 : FE;
 1CCA : FE;
 1CCB : FE;
 1CCC : FE;
 1CCD : FE;
 1CCE : FE;
 1CCF : FE;
 1CD0 : FE;
 1CD1 : FE;
 1CD2 : FE;
 1CD3 : FE;
 1CD4 : FE;
 1CD5 : FE;
 1CD6 : FE;
 1CD7 : FE;
 1CD8 : FE;
 1CD9 : FE;
 1CDA : FE;
 1CDB : FE;
 1CDC : FE;
 1CDD : FE;
 1CDE : FE;
 1CDF : FE;
 1CE0 : FE;
 1CE1 : FE;
 1CE2 : FE;
 1CE3 : FE;
 1CE4 : FE;
 1CE5 : FE;
 1CE6 : FE;
 1CE7 : FE;
 1CE8 : FE;
 1CE9 : FE;
 1CEA : FE;
 1CEB : FE;
 1CEC : FE;
 1CED : FE;
 1CEE : FE;
 1CEF : FE;
 1CF0 : FE;
 1CF1 : FE;
 1CF2 : FE;
 1CF3 : FE;
 1CF4 : FE;
 1CF5 : FE;
 1CF6 : FE;
 1CF7 : FE;
 1CF8 : FE;
 1CF9 : FE;
 1CFA : FE;
 1CFB : FE;
 1CFC : FE;
 1CFD : FE;
 1CFE : FE;
 1CFF : FE;
 1D00 : FE;
 1D01 : FE;
 1D02 : FE;
 1D03 : FE;
 1D04 : FE;
 1D05 : FE;
 1D06 : FE;
 1D07 : FE;
 1D08 : FE;
 1D09 : FE;
 1D0A : FE;
 1D0B : FE;
 1D0C : FE;
 1D0D : FE;
 1D0E : FE;
 1D0F : FE;
 1D10 : FE;
 1D11 : FE;
 1D12 : FE;
 1D13 : FE;
 1D14 : FE;
 1D15 : FE;
 1D16 : FE;
 1D17 : FE;
 1D18 : FE;
 1D19 : FE;
 1D1A : FE;
 1D1B : FE;
 1D1C : FE;
 1D1D : FE;
 1D1E : FE;
 1D1F : FE;
 1D20 : FE;
 1D21 : FE;
 1D22 : FE;
 1D23 : FE;
 1D24 : FE;
 1D25 : FE;
 1D26 : FE;
 1D27 : FE;
 1D28 : FE;
 1D29 : FE;
 1D2A : FE;
 1D2B : FE;
 1D2C : FE;
 1D2D : FE;
 1D2E : FE;
 1D2F : FE;
 1D30 : FE;
 1D31 : FE;
 1D32 : FE;
 1D33 : FE;
 1D34 : FE;
 1D35 : FE;
 1D36 : FE;
 1D37 : FE;
 1D38 : FE;
 1D39 : FE;
 1D3A : FE;
 1D3B : FE;
 1D3C : FE;
 1D3D : FE;
 1D3E : FE;
 1D3F : FE;
 1D40 : FE;
 1D41 : FE;
 1D42 : FE;
 1D43 : FE;
 1D44 : FE;
 1D45 : FE;
 1D46 : FE;
 1D47 : FE;
 1D48 : FE;
 1D49 : FE;
 1D4A : FE;
 1D4B : FE;
 1D4C : FE;
 1D4D : FE;
 1D4E : FE;
 1D4F : FE;
 1D50 : FE;
 1D51 : FE;
 1D52 : FE;
 1D53 : FE;
 1D54 : FE;
 1D55 : FE;
 1D56 : FE;
 1D57 : FE;
 1D58 : FE;
 1D59 : FE;
 1D5A : FE;
 1D5B : FE;
 1D5C : FE;
 1D5D : FE;
 1D5E : FE;
 1D5F : FE;
 1D60 : FE;
 1D61 : FE;
 1D62 : FE;
 1D63 : FE;
 1D64 : FE;
 1D65 : FE;
 1D66 : FE;
 1D67 : FE;
 1D68 : FE;
 1D69 : FE;
 1D6A : FE;
 1D6B : FE;
 1D6C : FE;
 1D6D : FE;
 1D6E : FE;
 1D6F : FE;
 1D70 : FE;
 1D71 : FE;
 1D72 : FE;
 1D73 : FE;
 1D74 : FE;
 1D75 : FE;
 1D76 : FE;
 1D77 : FE;
 1D78 : FE;
 1D79 : FE;
 1D7A : FE;
 1D7B : FE;
 1D7C : FE;
 1D7D : FE;
 1D7E : FE;
 1D7F : FE;
 1D80 : FE;
 1D81 : FE;
 1D82 : FE;
 1D83 : FE;
 1D84 : FE;
 1D85 : FE;
 1D86 : FE;
 1D87 : FE;
 1D88 : FE;
 1D89 : FE;
 1D8A : FE;
 1D8B : FE;
 1D8C : FE;
 1D8D : FE;
 1D8E : FE;
 1D8F : FE;
 1D90 : FE;
 1D91 : FE;
 1D92 : FE;
 1D93 : FE;
 1D94 : FE;
 1D95 : FE;
 1D96 : FE;
 1D97 : FE;
 1D98 : FE;
 1D99 : FE;
 1D9A : FE;
 1D9B : FE;
 1D9C : FE;
 1D9D : FE;
 1D9E : FE;
 1D9F : FE;
 1DA0 : FE;
 1DA1 : FE;
 1DA2 : FE;
 1DA3 : FE;
 1DA4 : FE;
 1DA5 : FE;
 1DA6 : FE;
 1DA7 : FE;
 1DA8 : FE;
 1DA9 : FE;
 1DAA : FE;
 1DAB : FE;
 1DAC : FE;
 1DAD : FE;
 1DAE : FE;
 1DAF : FE;
 1DB0 : FE;
 1DB1 : FE;
 1DB2 : FE;
 1DB3 : FE;
 1DB4 : FE;
 1DB5 : FE;
 1DB6 : FE;
 1DB7 : FE;
 1DB8 : FE;
 1DB9 : FE;
 1DBA : FE;
 1DBB : FE;
 1DBC : FE;
 1DBD : FE;
 1DBE : FE;
 1DBF : FE;
 1DC0 : FE;
 1DC1 : FE;
 1DC2 : FE;
 1DC3 : FE;
 1DC4 : FE;
 1DC5 : FE;
 1DC6 : FE;
 1DC7 : FE;
 1DC8 : FE;
 1DC9 : FE;
 1DCA : FE;
 1DCB : FE;
 1DCC : FE;
 1DCD : FE;
 1DCE : FE;
 1DCF : FE;
 1DD0 : FE;
 1DD1 : FE;
 1DD2 : FE;
 1DD3 : FE;
 1DD4 : FE;
 1DD5 : FE;
 1DD6 : FE;
 1DD7 : FE;
 1DD8 : FE;
 1DD9 : FE;
 1DDA : FE;
 1DDB : FE;
 1DDC : FE;
 1DDD : FE;
 1DDE : FE;
 1DDF : FE;
 1DE0 : FE;
 1DE1 : FE;
 1DE2 : FE;
 1DE3 : FE;
 1DE4 : FE;
 1DE5 : FE;
 1DE6 : FE;
 1DE7 : FE;
 1DE8 : FE;
 1DE9 : FE;
 1DEA : FE;
 1DEB : FE;
 1DEC : FE;
 1DED : FE;
 1DEE : FE;
 1DEF : FE;
 1DF0 : FE;
 1DF1 : FE;
 1DF2 : FE;
 1DF3 : FE;
 1DF4 : FE;
 1DF5 : FE;
 1DF6 : FE;
 1DF7 : FE;
 1DF8 : FE;
 1DF9 : FE;
 1DFA : FE;
 1DFB : FE;
 1DFC : FE;
 1DFD : FE;
 1DFE : FE;
 1DFF : FE;
 1E00 : FE;
 1E01 : FE;
 1E02 : FE;
 1E03 : FE;
 1E04 : FE;
 1E05 : FE;
 1E06 : FE;
 1E07 : FE;
 1E08 : FE;
 1E09 : FE;
 1E0A : FE;
 1E0B : FE;
 1E0C : FE;
 1E0D : FE;
 1E0E : FE;
 1E0F : FE;
 1E10 : FE;
 1E11 : FE;
 1E12 : FE;
 1E13 : FE;
 1E14 : FE;
 1E15 : FE;
 1E16 : FE;
 1E17 : FE;
 1E18 : FE;
 1E19 : FE;
 1E1A : FE;
 1E1B : FE;
 1E1C : FE;
 1E1D : FE;
 1E1E : FE;
 1E1F : FE;
 1E20 : FE;
 1E21 : FE;
 1E22 : FE;
 1E23 : FE;
 1E24 : FE;
 1E25 : FE;
 1E26 : FE;
 1E27 : FE;
 1E28 : FE;
 1E29 : FE;
 1E2A : FE;
 1E2B : FE;
 1E2C : FE;
 1E2D : FE;
 1E2E : FE;
 1E2F : FE;
 1E30 : FE;
 1E31 : FE;
 1E32 : FE;
 1E33 : FE;
 1E34 : FE;
 1E35 : FE;
 1E36 : FE;
 1E37 : FE;
 1E38 : FE;
 1E39 : FE;
 1E3A : FE;
 1E3B : FE;
 1E3C : FE;
 1E3D : FE;
 1E3E : FE;
 1E3F : FE;
 1E40 : FE;
 1E41 : FE;
 1E42 : FE;
 1E43 : FE;
 1E44 : FE;
 1E45 : FE;
 1E46 : FE;
 1E47 : FE;
 1E48 : FE;
 1E49 : FE;
 1E4A : FE;
 1E4B : FE;
 1E4C : FE;
 1E4D : FE;
 1E4E : FE;
 1E4F : FE;
 1E50 : FE;
 1E51 : FE;
 1E52 : FE;
 1E53 : FE;
 1E54 : FE;
 1E55 : FE;
 1E56 : FE;
 1E57 : FE;
 1E58 : FE;
 1E59 : FE;
 1E5A : FE;
 1E5B : FE;
 1E5C : FE;
 1E5D : FE;
 1E5E : FE;
 1E5F : FE;
 1E60 : FE;
 1E61 : FE;
 1E62 : FE;
 1E63 : FE;
 1E64 : FE;
 1E65 : FE;
 1E66 : FE;
 1E67 : FE;
 1E68 : FE;
 1E69 : FE;
 1E6A : FE;
 1E6B : FE;
 1E6C : FE;
 1E6D : FE;
 1E6E : FE;
 1E6F : FE;
 1E70 : FE;
 1E71 : FE;
 1E72 : FE;
 1E73 : FE;
 1E74 : FE;
 1E75 : FE;
 1E76 : FE;
 1E77 : FE;
 1E78 : FE;
 1E79 : FE;
 1E7A : FE;
 1E7B : FE;
 1E7C : FE;
 1E7D : FE;
 1E7E : FE;
 1E7F : FE;
 1E80 : FE;
 1E81 : FE;
 1E82 : FE;
 1E83 : FE;
 1E84 : FE;
 1E85 : FE;
 1E86 : FE;
 1E87 : FE;
 1E88 : FE;
 1E89 : FE;
 1E8A : FE;
 1E8B : FE;
 1E8C : FE;
 1E8D : FE;
 1E8E : FE;
 1E8F : FE;
 1E90 : FE;
 1E91 : FE;
 1E92 : FE;
 1E93 : FE;
 1E94 : FE;
 1E95 : FE;
 1E96 : FE;
 1E97 : FE;
 1E98 : FE;
 1E99 : FE;
 1E9A : FE;
 1E9B : FE;
 1E9C : FE;
 1E9D : FE;
 1E9E : FE;
 1E9F : FE;
 1EA0 : FE;
 1EA1 : FE;
 1EA2 : FE;
 1EA3 : FE;
 1EA4 : FE;
 1EA5 : FE;
 1EA6 : FE;
 1EA7 : FE;
 1EA8 : FE;
 1EA9 : FE;
 1EAA : FE;
 1EAB : FE;
 1EAC : FE;
 1EAD : FE;
 1EAE : FE;
 1EAF : FE;
 1EB0 : FE;
 1EB1 : FE;
 1EB2 : FE;
 1EB3 : FE;
 1EB4 : FE;
 1EB5 : FE;
 1EB6 : FE;
 1EB7 : FE;
 1EB8 : FE;
 1EB9 : FE;
 1EBA : FE;
 1EBB : FE;
 1EBC : FE;
 1EBD : FE;
 1EBE : FE;
 1EBF : FE;
 1EC0 : FE;
 1EC1 : FE;
 1EC2 : FE;
 1EC3 : FE;
 1EC4 : FE;
 1EC5 : FE;
 1EC6 : FE;
 1EC7 : FE;
 1EC8 : FE;
 1EC9 : FE;
 1ECA : FE;
 1ECB : FE;
 1ECC : FE;
 1ECD : FE;
 1ECE : FE;
 1ECF : FE;
 1ED0 : FE;
 1ED1 : FE;
 1ED2 : FE;
 1ED3 : FE;
 1ED4 : FE;
 1ED5 : FE;
 1ED6 : FE;
 1ED7 : FE;
 1ED8 : FE;
 1ED9 : FE;
 1EDA : FE;
 1EDB : FE;
 1EDC : FE;
 1EDD : FE;
 1EDE : FE;
 1EDF : FE;
 1EE0 : FE;
 1EE1 : FE;
 1EE2 : FE;
 1EE3 : FE;
 1EE4 : FE;
 1EE5 : FE;
 1EE6 : FE;
 1EE7 : FE;
 1EE8 : FE;
 1EE9 : FE;
 1EEA : FE;
 1EEB : FE;
 1EEC : FE;
 1EED : FE;
 1EEE : FE;
 1EEF : FE;
 1EF0 : FE;
 1EF1 : FE;
 1EF2 : FE;
 1EF3 : FE;
 1EF4 : FE;
 1EF5 : FE;
 1EF6 : FE;
 1EF7 : FE;
 1EF8 : FE;
 1EF9 : FE;
 1EFA : FE;
 1EFB : FE;
 1EFC : FE;
 1EFD : FE;
 1EFE : FE;
 1EFF : FE;
 1F00 : FE;
 1F01 : FE;
 1F02 : FE;
 1F03 : FE;
 1F04 : FE;
 1F05 : FE;
 1F06 : FE;
 1F07 : FE;
 1F08 : FE;
 1F09 : FE;
 1F0A : FE;
 1F0B : FE;
 1F0C : FE;
 1F0D : FE;
 1F0E : FE;
 1F0F : FE;
 1F10 : FE;
 1F11 : FE;
 1F12 : FE;
 1F13 : FE;
 1F14 : FE;
 1F15 : FE;
 1F16 : FE;
 1F17 : FE;
 1F18 : FE;
 1F19 : FE;
 1F1A : FE;
 1F1B : FE;
 1F1C : FE;
 1F1D : FE;
 1F1E : FE;
 1F1F : FE;
 1F20 : FE;
 1F21 : FE;
 1F22 : FE;
 1F23 : FE;
 1F24 : FE;
 1F25 : FE;
 1F26 : FE;
 1F27 : FE;
 1F28 : FE;
 1F29 : FE;
 1F2A : FE;
 1F2B : FE;
 1F2C : FE;
 1F2D : FE;
 1F2E : FE;
 1F2F : FE;
 1F30 : FE;
 1F31 : FE;
 1F32 : FE;
 1F33 : FE;
 1F34 : FE;
 1F35 : FE;
 1F36 : FE;
 1F37 : FE;
 1F38 : FE;
 1F39 : FE;
 1F3A : FE;
 1F3B : FE;
 1F3C : FE;
 1F3D : FE;
 1F3E : FE;
 1F3F : FE;
 1F40 : FE;
 1F41 : FE;
 1F42 : FE;
 1F43 : FE;
 1F44 : FE;
 1F45 : FE;
 1F46 : FE;
 1F47 : FE;
 1F48 : FE;
 1F49 : FE;
 1F4A : FE;
 1F4B : FE;
 1F4C : FE;
 1F4D : FE;
 1F4E : FE;
 1F4F : FE;
 1F50 : FE;
 1F51 : FE;
 1F52 : FE;
 1F53 : FE;
 1F54 : FE;
 1F55 : FE;
 1F56 : FE;
 1F57 : FE;
 1F58 : FE;
 1F59 : FE;
 1F5A : FE;
 1F5B : FE;
 1F5C : FE;
 1F5D : FE;
 1F5E : FE;
 1F5F : FE;
 1F60 : FE;
 1F61 : FE;
 1F62 : FE;
 1F63 : FE;
 1F64 : FE;
 1F65 : FE;
 1F66 : FE;
 1F67 : FE;
 1F68 : FE;
 1F69 : FE;
 1F6A : FE;
 1F6B : FE;
 1F6C : FE;
 1F6D : FE;
 1F6E : FE;
 1F6F : FE;
 1F70 : FE;
 1F71 : FE;
 1F72 : FE;
 1F73 : FE;
 1F74 : FE;
 1F75 : FE;
 1F76 : FE;
 1F77 : FE;
 1F78 : FE;
 1F79 : FE;
 1F7A : FE;
 1F7B : FE;
 1F7C : FE;
 1F7D : FE;
 1F7E : FE;
 1F7F : FE;
 1F80 : FE;
 1F81 : FE;
 1F82 : FE;
 1F83 : FE;
 1F84 : FE;
 1F85 : FE;
 1F86 : FE;
 1F87 : FE;
 1F88 : FE;
 1F89 : FE;
 1F8A : FE;
 1F8B : FE;
 1F8C : FE;
 1F8D : FE;
 1F8E : FE;
 1F8F : FE;
 1F90 : FE;
 1F91 : FE;
 1F92 : FE;
 1F93 : FE;
 1F94 : FE;
 1F95 : FE;
 1F96 : FE;
 1F97 : FE;
 1F98 : FE;
 1F99 : FE;
 1F9A : FE;
 1F9B : FE;
 1F9C : FE;
 1F9D : FE;
 1F9E : FE;
 1F9F : FE;
 1FA0 : FE;
 1FA1 : FE;
 1FA2 : FE;
 1FA3 : FE;
 1FA4 : FE;
 1FA5 : FE;
 1FA6 : FE;
 1FA7 : FE;
 1FA8 : FE;
 1FA9 : FE;
 1FAA : FE;
 1FAB : FE;
 1FAC : FE;
 1FAD : FE;
 1FAE : FE;
 1FAF : FE;
 1FB0 : FE;
 1FB1 : FE;
 1FB2 : FE;
 1FB3 : FE;
 1FB4 : FE;
 1FB5 : FE;
 1FB6 : FE;
 1FB7 : FE;
 1FB8 : FE;
 1FB9 : FE;
 1FBA : FE;
 1FBB : FE;
 1FBC : FE;
 1FBD : FE;
 1FBE : FE;
 1FBF : FE;
 1FC0 : FE;
 1FC1 : FE;
 1FC2 : FE;
 1FC3 : FE;
 1FC4 : FE;
 1FC5 : FE;
 1FC6 : FE;
 1FC7 : FE;
 1FC8 : FE;
 1FC9 : FE;
 1FCA : FE;
 1FCB : FE;
 1FCC : FE;
 1FCD : FE;
 1FCE : FE;
 1FCF : FE;
 1FD0 : FE;
 1FD1 : FE;
 1FD2 : FE;
 1FD3 : FE;
 1FD4 : FE;
 1FD5 : FE;
 1FD6 : FE;
 1FD7 : FE;
 1FD8 : FE;
 1FD9 : FE;
 1FDA : FE;
 1FDB : FE;
 1FDC : FE;
 1FDD : FE;
 1FDE : FE;
 1FDF : FE;
 1FE0 : FE;
 1FE1 : FE;
 1FE2 : FE;
 1FE3 : FE;
 1FE4 : FE;
 1FE5 : FE;
 1FE6 : FE;
 1FE7 : FE;
 1FE8 : FE;
 1FE9 : FE;
 1FEA : FE;
 1FEB : FE;
 1FEC : FE;
 1FED : FE;
 1FEE : FE;
 1FEF : FE;
 1FF0 : FE;
 1FF1 : FE;
 1FF2 : FE;
 1FF3 : FE;
 1FF4 : FE;
 1FF5 : FE;
 1FF6 : FE;
 1FF7 : FE;
 1FF8 : FE;
 1FF9 : FE;
 1FFA : FE;
 1FFB : FE;
 1FFC : FE;
 1FFD : FE;
 1FFE : FE;
 1FFF : FE;
 2000 : FE;
 2001 : FE;
 2002 : FE;
 2003 : FE;
 2004 : FE;
 2005 : FE;
 2006 : FE;
 2007 : FE;
 2008 : FE;
 2009 : FE;
 200A : FE;
 200B : FE;
 200C : FE;
 200D : FE;
 200E : FE;
 200F : FE;
 2010 : FE;
 2011 : FE;
 2012 : FE;
 2013 : FE;
 2014 : FE;
 2015 : FE;
 2016 : FE;
 2017 : FE;
 2018 : FE;
 2019 : FE;
 201A : FE;
 201B : FE;
 201C : FE;
 201D : FE;
 201E : FE;
 201F : FE;
 2020 : FE;
 2021 : FE;
 2022 : FE;
 2023 : FE;
 2024 : FE;
 2025 : FE;
 2026 : FE;
 2027 : FE;
 2028 : FE;
 2029 : FE;
 202A : FE;
 202B : FE;
 202C : FE;
 202D : FE;
 202E : FE;
 202F : FE;
 2030 : FE;
 2031 : FE;
 2032 : FE;
 2033 : FE;
 2034 : FE;
 2035 : FE;
 2036 : FE;
 2037 : FE;
 2038 : FE;
 2039 : FE;
 203A : FE;
 203B : FE;
 203C : FE;
 203D : FE;
 203E : FE;
 203F : FE;
 2040 : FE;
 2041 : FE;
 2042 : FE;
 2043 : FE;
 2044 : FE;
 2045 : FE;
 2046 : FE;
 2047 : FE;
 2048 : FE;
 2049 : FE;
 204A : FE;
 204B : FE;
 204C : FE;
 204D : FE;
 204E : FE;
 204F : FE;
 2050 : FE;
 2051 : FE;
 2052 : FE;
 2053 : FE;
 2054 : FE;
 2055 : FE;
 2056 : FE;
 2057 : FE;
 2058 : FE;
 2059 : FE;
 205A : FE;
 205B : FE;
 205C : FE;
 205D : FE;
 205E : FE;
 205F : FE;
 2060 : FE;
 2061 : FE;
 2062 : FE;
 2063 : FE;
 2064 : FE;
 2065 : FE;
 2066 : FE;
 2067 : FE;
 2068 : FE;
 2069 : FE;
 206A : FE;
 206B : FE;
 206C : FE;
 206D : FE;
 206E : FE;
 206F : FE;
 2070 : FE;
 2071 : FE;
 2072 : FE;
 2073 : FE;
 2074 : FE;
 2075 : FE;
 2076 : FE;
 2077 : FE;
 2078 : FE;
 2079 : FE;
 207A : FE;
 207B : FE;
 207C : FE;
 207D : FE;
 207E : FE;
 207F : FE;
 2080 : FE;
 2081 : FE;
 2082 : FE;
 2083 : FE;
 2084 : FE;
 2085 : FE;
 2086 : FE;
 2087 : FE;
 2088 : FE;
 2089 : FE;
 208A : FE;
 208B : FE;
 208C : FE;
 208D : FE;
 208E : FE;
 208F : FE;
 2090 : FE;
 2091 : FE;
 2092 : FE;
 2093 : FE;
 2094 : FE;
 2095 : FE;
 2096 : FE;
 2097 : FE;
 2098 : FE;
 2099 : FE;
 209A : FE;
 209B : FE;
 209C : FE;
 209D : FE;
 209E : FE;
 209F : FE;
 20A0 : FE;
 20A1 : FE;
 20A2 : FE;
 20A3 : FE;
 20A4 : FE;
 20A5 : FE;
 20A6 : FE;
 20A7 : FE;
 20A8 : FE;
 20A9 : FE;
 20AA : FE;
 20AB : FE;
 20AC : FE;
 20AD : FE;
 20AE : FE;
 20AF : FE;
 20B0 : FE;
 20B1 : FE;
 20B2 : FE;
 20B3 : FE;
 20B4 : FE;
 20B5 : FE;
 20B6 : FE;
 20B7 : FE;
 20B8 : FE;
 20B9 : FE;
 20BA : FE;
 20BB : FE;
 20BC : FE;
 20BD : FE;
 20BE : FE;
 20BF : FE;
 20C0 : FE;
 20C1 : FE;
 20C2 : FE;
 20C3 : FE;
 20C4 : FE;
 20C5 : FE;
 20C6 : FE;
 20C7 : FE;
 20C8 : FE;
 20C9 : FE;
 20CA : FE;
 20CB : FE;
 20CC : FE;
 20CD : FE;
 20CE : FE;
 20CF : FE;
 20D0 : FE;
 20D1 : FE;
 20D2 : FE;
 20D3 : FE;
 20D4 : FE;
 20D5 : FE;
 20D6 : FE;
 20D7 : FE;
 20D8 : FE;
 20D9 : FE;
 20DA : FE;
 20DB : FE;
 20DC : FE;
 20DD : FE;
 20DE : FE;
 20DF : FE;
 20E0 : FE;
 20E1 : FE;
 20E2 : FE;
 20E3 : FE;
 20E4 : FE;
 20E5 : FE;
 20E6 : FE;
 20E7 : FE;
 20E8 : FE;
 20E9 : FE;
 20EA : FE;
 20EB : FE;
 20EC : FE;
 20ED : FE;
 20EE : FE;
 20EF : FE;
 20F0 : FE;
 20F1 : FE;
 20F2 : FE;
 20F3 : FE;
 20F4 : FE;
 20F5 : FE;
 20F6 : FE;
 20F7 : FE;
 20F8 : FE;
 20F9 : FE;
 20FA : FE;
 20FB : FE;
 20FC : FE;
 20FD : FE;
 20FE : FE;
 20FF : FE;
 2100 : FE;
 2101 : FE;
 2102 : FE;
 2103 : FE;
 2104 : FE;
 2105 : FE;
 2106 : FE;
 2107 : FE;
 2108 : FE;
 2109 : FE;
 210A : FE;
 210B : FE;
 210C : FE;
 210D : FE;
 210E : FE;
 210F : FE;
 2110 : FE;
 2111 : FE;
 2112 : FE;
 2113 : FE;
 2114 : FE;
 2115 : FE;
 2116 : FE;
 2117 : FE;
 2118 : FE;
 2119 : FE;
 211A : FE;
 211B : FE;
 211C : FE;
 211D : FE;
 211E : FE;
 211F : FE;
 2120 : FE;
 2121 : FE;
 2122 : FE;
 2123 : FE;
 2124 : FE;
 2125 : FE;
 2126 : FE;
 2127 : FE;
 2128 : FE;
 2129 : FE;
 212A : FE;
 212B : FE;
 212C : FE;
 212D : FE;
 212E : FE;
 212F : FE;
 2130 : FE;
 2131 : FE;
 2132 : FE;
 2133 : FE;
 2134 : FE;
 2135 : FE;
 2136 : FE;
 2137 : FE;
 2138 : FE;
 2139 : FE;
 213A : FE;
 213B : FE;
 213C : FE;
 213D : FE;
 213E : FE;
 213F : FE;
 2140 : FE;
 2141 : FE;
 2142 : FE;
 2143 : FE;
 2144 : FE;
 2145 : FE;
 2146 : FE;
 2147 : FE;
 2148 : FE;
 2149 : FE;
 214A : FE;
 214B : FE;
 214C : FE;
 214D : FE;
 214E : FE;
 214F : FE;
 2150 : FE;
 2151 : FE;
 2152 : FE;
 2153 : FE;
 2154 : FE;
 2155 : FE;
 2156 : FE;
 2157 : FE;
 2158 : FE;
 2159 : FE;
 215A : FE;
 215B : FE;
 215C : FE;
 215D : FE;
 215E : FE;
 215F : FE;
 2160 : FE;
 2161 : FE;
 2162 : FE;
 2163 : FE;
 2164 : FE;
 2165 : FE;
 2166 : FE;
 2167 : FE;
 2168 : FE;
 2169 : FE;
 216A : FE;
 216B : FE;
 216C : FE;
 216D : FE;
 216E : FE;
 216F : FE;
 2170 : FE;
 2171 : FE;
 2172 : FE;
 2173 : FE;
 2174 : FE;
 2175 : FE;
 2176 : FE;
 2177 : FE;
 2178 : FE;
 2179 : FE;
 217A : FE;
 217B : FE;
 217C : FE;
 217D : FE;
 217E : FE;
 217F : FE;
 2180 : FE;
 2181 : FE;
 2182 : FE;
 2183 : FE;
 2184 : FE;
 2185 : FE;
 2186 : FE;
 2187 : FE;
 2188 : FE;
 2189 : FE;
 218A : FE;
 218B : FE;
 218C : FE;
 218D : FE;
 218E : FE;
 218F : FE;
 2190 : FE;
 2191 : FE;
 2192 : FE;
 2193 : FE;
 2194 : FE;
 2195 : FE;
 2196 : FE;
 2197 : FE;
 2198 : FE;
 2199 : FE;
 219A : FE;
 219B : FE;
 219C : FE;
 219D : FE;
 219E : FE;
 219F : FE;
 21A0 : FE;
 21A1 : FE;
 21A2 : FE;
 21A3 : FE;
 21A4 : FE;
 21A5 : FE;
 21A6 : FE;
 21A7 : FE;
 21A8 : FE;
 21A9 : FE;
 21AA : FE;
 21AB : FE;
 21AC : FE;
 21AD : FE;
 21AE : FE;
 21AF : FE;
 21B0 : FE;
 21B1 : FE;
 21B2 : FE;
 21B3 : FE;
 21B4 : FE;
 21B5 : FE;
 21B6 : FE;
 21B7 : FE;
 21B8 : FE;
 21B9 : FE;
 21BA : FE;
 21BB : FE;
 21BC : FE;
 21BD : FE;
 21BE : FE;
 21BF : FE;
 21C0 : FE;
 21C1 : FE;
 21C2 : FE;
 21C3 : FE;
 21C4 : FE;
 21C5 : FE;
 21C6 : FE;
 21C7 : FE;
 21C8 : FE;
 21C9 : FE;
 21CA : FE;
 21CB : FE;
 21CC : FE;
 21CD : FE;
 21CE : FE;
 21CF : FE;
 21D0 : FE;
 21D1 : FE;
 21D2 : FE;
 21D3 : FE;
 21D4 : FE;
 21D5 : FE;
 21D6 : FE;
 21D7 : FE;
 21D8 : FE;
 21D9 : FE;
 21DA : FE;
 21DB : FE;
 21DC : FE;
 21DD : FE;
 21DE : FE;
 21DF : FE;
 21E0 : FE;
 21E1 : FE;
 21E2 : FE;
 21E3 : FE;
 21E4 : FE;
 21E5 : FE;
 21E6 : FE;
 21E7 : FE;
 21E8 : FE;
 21E9 : FE;
 21EA : FE;
 21EB : FE;
 21EC : FE;
 21ED : FE;
 21EE : FE;
 21EF : FE;
 21F0 : FE;
 21F1 : FE;
 21F2 : FE;
 21F3 : FE;
 21F4 : FE;
 21F5 : FE;
 21F6 : FE;
 21F7 : FE;
 21F8 : FE;
 21F9 : FE;
 21FA : FE;
 21FB : FE;
 21FC : FE;
 21FD : FE;
 21FE : FE;
 21FF : FE;
 2200 : FE;
 2201 : FE;
 2202 : FE;
 2203 : FE;
 2204 : FE;
 2205 : FE;
 2206 : FE;
 2207 : FE;
 2208 : FE;
 2209 : FE;
 220A : FE;
 220B : FE;
 220C : FE;
 220D : FE;
 220E : FE;
 220F : FE;
 2210 : FE;
 2211 : FE;
 2212 : FE;
 2213 : FE;
 2214 : FE;
 2215 : FE;
 2216 : FE;
 2217 : FE;
 2218 : FE;
 2219 : FE;
 221A : FE;
 221B : FE;
 221C : FE;
 221D : FE;
 221E : FE;
 221F : FE;
 2220 : FE;
 2221 : FE;
 2222 : FE;
 2223 : FE;
 2224 : FE;
 2225 : FE;
 2226 : FE;
 2227 : FE;
 2228 : FE;
 2229 : FE;
 222A : FE;
 222B : FE;
 222C : FE;
 222D : FE;
 222E : FE;
 222F : FE;
 2230 : FE;
 2231 : FE;
 2232 : FE;
 2233 : FE;
 2234 : FE;
 2235 : FE;
 2236 : FE;
 2237 : FE;
 2238 : FE;
 2239 : FE;
 223A : FE;
 223B : FE;
 223C : FE;
 223D : FE;
 223E : FE;
 223F : FE;
 2240 : FE;
 2241 : FE;
 2242 : FE;
 2243 : FE;
 2244 : FE;
 2245 : FE;
 2246 : FE;
 2247 : FE;
 2248 : FE;
 2249 : FE;
 224A : FE;
 224B : FE;
 224C : FE;
 224D : FE;
 224E : FE;
 224F : FE;
 2250 : FE;
 2251 : FE;
 2252 : FE;
 2253 : FE;
 2254 : FE;
 2255 : FE;
 2256 : FE;
 2257 : FE;
 2258 : FE;
 2259 : FE;
 225A : FE;
 225B : FE;
 225C : FE;
 225D : FE;
 225E : FE;
 225F : FE;
 2260 : FE;
 2261 : FE;
 2262 : FE;
 2263 : FE;
 2264 : FE;
 2265 : FE;
 2266 : FE;
 2267 : FE;
 2268 : FE;
 2269 : FE;
 226A : FE;
 226B : FE;
 226C : FE;
 226D : FE;
 226E : FE;
 226F : FE;
 2270 : FE;
 2271 : FE;
 2272 : FE;
 2273 : FE;
 2274 : FE;
 2275 : FE;
 2276 : FE;
 2277 : FE;
 2278 : FE;
 2279 : FE;
 227A : FE;
 227B : FE;
 227C : FE;
 227D : FE;
 227E : FE;
 227F : FE;
 2280 : FE;
 2281 : FE;
 2282 : FE;
 2283 : FE;
 2284 : FE;
 2285 : FE;
 2286 : FE;
 2287 : FE;
 2288 : FE;
 2289 : FE;
 228A : FE;
 228B : FE;
 228C : FE;
 228D : FE;
 228E : FE;
 228F : FE;
 2290 : FE;
 2291 : FE;
 2292 : FE;
 2293 : FE;
 2294 : FE;
 2295 : FE;
 2296 : FE;
 2297 : FE;
 2298 : FE;
 2299 : FE;
 229A : FE;
 229B : FE;
 229C : FE;
 229D : FE;
 229E : FE;
 229F : FE;
 22A0 : FE;
 22A1 : FE;
 22A2 : FE;
 22A3 : FE;
 22A4 : FE;
 22A5 : FE;
 22A6 : FE;
 22A7 : FE;
 22A8 : FE;
 22A9 : FE;
 22AA : FE;
 22AB : FE;
 22AC : FE;
 22AD : FE;
 22AE : FE;
 22AF : FE;
 22B0 : FE;
 22B1 : FE;
 22B2 : FE;
 22B3 : FE;
 22B4 : FE;
 22B5 : FE;
 22B6 : FE;
 22B7 : FE;
 22B8 : FE;
 22B9 : FE;
 22BA : FE;
 22BB : FE;
 22BC : FE;
 22BD : FE;
 22BE : FE;
 22BF : FE;
 22C0 : FE;
 22C1 : FE;
 22C2 : FE;
 22C3 : FE;
 22C4 : FE;
 22C5 : FE;
 22C6 : FE;
 22C7 : FE;
 22C8 : FE;
 22C9 : FE;
 22CA : FE;
 22CB : FE;
 22CC : FE;
 22CD : FE;
 22CE : FE;
 22CF : FE;
 22D0 : FE;
 22D1 : FE;
 22D2 : FE;
 22D3 : FE;
 22D4 : FE;
 22D5 : FE;
 22D6 : FE;
 22D7 : FE;
 22D8 : FE;
 22D9 : FE;
 22DA : FE;
 22DB : FE;
 22DC : FE;
 22DD : FE;
 22DE : FE;
 22DF : FE;
 22E0 : FE;
 22E1 : FE;
 22E2 : FE;
 22E3 : FE;
 22E4 : FE;
 22E5 : FE;
 22E6 : FE;
 22E7 : FE;
 22E8 : FE;
 22E9 : FE;
 22EA : FE;
 22EB : FE;
 22EC : FE;
 22ED : FE;
 22EE : FE;
 22EF : FE;
 22F0 : FE;
 22F1 : FE;
 22F2 : FE;
 22F3 : FE;
 22F4 : FE;
 22F5 : FE;
 22F6 : FE;
 22F7 : FE;
 22F8 : FE;
 22F9 : FE;
 22FA : FE;
 22FB : FE;
 22FC : FE;
 22FD : FE;
 22FE : FE;
 22FF : FE;
 2300 : FE;
 2301 : FE;
 2302 : FE;
 2303 : FE;
 2304 : FE;
 2305 : FE;
 2306 : FE;
 2307 : FE;
 2308 : FE;
 2309 : FE;
 230A : FE;
 230B : FE;
 230C : FE;
 230D : FE;
 230E : FE;
 230F : FE;
 2310 : FE;
 2311 : FE;
 2312 : FE;
 2313 : FE;
 2314 : FE;
 2315 : FE;
 2316 : FE;
 2317 : FE;
 2318 : FE;
 2319 : FE;
 231A : FE;
 231B : FE;
 231C : FE;
 231D : FE;
 231E : FE;
 231F : FE;
 2320 : FE;
 2321 : FE;
 2322 : FE;
 2323 : FE;
 2324 : FE;
 2325 : FE;
 2326 : FE;
 2327 : FE;
 2328 : FE;
 2329 : FE;
 232A : FE;
 232B : FE;
 232C : FE;
 232D : FE;
 232E : FE;
 232F : FE;
 2330 : FE;
 2331 : FE;
 2332 : FE;
 2333 : FE;
 2334 : FE;
 2335 : FE;
 2336 : FE;
 2337 : FE;
 2338 : FE;
 2339 : FE;
 233A : FE;
 233B : FE;
 233C : FE;
 233D : FE;
 233E : FE;
 233F : FE;
 2340 : FE;
 2341 : FE;
 2342 : FE;
 2343 : FE;
 2344 : FE;
 2345 : FE;
 2346 : FE;
 2347 : FE;
 2348 : FE;
 2349 : FE;
 234A : FE;
 234B : FE;
 234C : FE;
 234D : FE;
 234E : FE;
 234F : FE;
 2350 : FE;
 2351 : FE;
 2352 : FE;
 2353 : FE;
 2354 : FE;
 2355 : FE;
 2356 : FE;
 2357 : FE;
 2358 : FE;
 2359 : FE;
 235A : FE;
 235B : FE;
 235C : FE;
 235D : FE;
 235E : FE;
 235F : FE;
 2360 : FE;
 2361 : FE;
 2362 : FE;
 2363 : FE;
 2364 : FE;
 2365 : FE;
 2366 : FE;
 2367 : FE;
 2368 : FE;
 2369 : FE;
 236A : FE;
 236B : FE;
 236C : FE;
 236D : FE;
 236E : FE;
 236F : FE;
 2370 : FE;
 2371 : FE;
 2372 : FE;
 2373 : FE;
 2374 : FE;
 2375 : FE;
 2376 : FE;
 2377 : FE;
 2378 : FE;
 2379 : FE;
 237A : FE;
 237B : FE;
 237C : FE;
 237D : FE;
 237E : FE;
 237F : FE;
 2380 : FE;
 2381 : FE;
 2382 : FE;
 2383 : FE;
 2384 : FE;
 2385 : FE;
 2386 : FE;
 2387 : FE;
 2388 : FE;
 2389 : FE;
 238A : FE;
 238B : FE;
 238C : FE;
 238D : FE;
 238E : FE;
 238F : FE;
 2390 : FE;
 2391 : FE;
 2392 : FE;
 2393 : FE;
 2394 : FE;
 2395 : FE;
 2396 : FE;
 2397 : FE;
 2398 : FE;
 2399 : FE;
 239A : FE;
 239B : FE;
 239C : FE;
 239D : FE;
 239E : FE;
 239F : FE;
 23A0 : FE;
 23A1 : FE;
 23A2 : FE;
 23A3 : FE;
 23A4 : FE;
 23A5 : FE;
 23A6 : FE;
 23A7 : FE;
 23A8 : FE;
 23A9 : FE;
 23AA : FE;
 23AB : FE;
 23AC : FE;
 23AD : FE;
 23AE : FE;
 23AF : FE;
 23B0 : FE;
 23B1 : FE;
 23B2 : FE;
 23B3 : FE;
 23B4 : FE;
 23B5 : FE;
 23B6 : FE;
 23B7 : FE;
 23B8 : FE;
 23B9 : FE;
 23BA : FE;
 23BB : FE;
 23BC : FE;
 23BD : FE;
 23BE : FE;
 23BF : FE;
 23C0 : FE;
 23C1 : FE;
 23C2 : FE;
 23C3 : FE;
 23C4 : FE;
 23C5 : FE;
 23C6 : FE;
 23C7 : FE;
 23C8 : FE;
 23C9 : FE;
 23CA : FE;
 23CB : FE;
 23CC : FE;
 23CD : FE;
 23CE : FE;
 23CF : FE;
 23D0 : FE;
 23D1 : FE;
 23D2 : FE;
 23D3 : FE;
 23D4 : FE;
 23D5 : FE;
 23D6 : FE;
 23D7 : FE;
 23D8 : FE;
 23D9 : FE;
 23DA : FE;
 23DB : FE;
 23DC : FE;
 23DD : FE;
 23DE : FE;
 23DF : FE;
 23E0 : FE;
 23E1 : FE;
 23E2 : FE;
 23E3 : FE;
 23E4 : FE;
 23E5 : FE;
 23E6 : FE;
 23E7 : FE;
 23E8 : FE;
 23E9 : FE;
 23EA : FE;
 23EB : FE;
 23EC : FE;
 23ED : FE;
 23EE : FE;
 23EF : FE;
 23F0 : FE;
 23F1 : FE;
 23F2 : FE;
 23F3 : FE;
 23F4 : FE;
 23F5 : FE;
 23F6 : FE;
 23F7 : FE;
 23F8 : FE;
 23F9 : FE;
 23FA : FE;
 23FB : FE;
 23FC : FE;
 23FD : FE;
 23FE : FE;
 23FF : FE;
 2400 : FE;
 2401 : FE;
 2402 : FE;
 2403 : FE;
 2404 : FE;
 2405 : FE;
 2406 : FE;
 2407 : FE;
 2408 : FE;
 2409 : FE;
 240A : FE;
 240B : FE;
 240C : FE;
 240D : FE;
 240E : FE;
 240F : FE;
 2410 : FE;
 2411 : FE;
 2412 : FE;
 2413 : FE;
 2414 : FE;
 2415 : FE;
 2416 : FE;
 2417 : FE;
 2418 : FE;
 2419 : FE;
 241A : FE;
 241B : FE;
 241C : FE;
 241D : FE;
 241E : FE;
 241F : FE;
 2420 : FE;
 2421 : FE;
 2422 : FE;
 2423 : FE;
 2424 : FE;
 2425 : FE;
 2426 : FE;
 2427 : FE;
 2428 : FE;
 2429 : FE;
 242A : FE;
 242B : FE;
 242C : FE;
 242D : FE;
 242E : FE;
 242F : FE;
 2430 : FE;
 2431 : FE;
 2432 : FE;
 2433 : FE;
 2434 : FE;
 2435 : FE;
 2436 : FE;
 2437 : FE;
 2438 : FE;
 2439 : FE;
 243A : FE;
 243B : FE;
 243C : FE;
 243D : FE;
 243E : FE;
 243F : FE;
 2440 : FE;
 2441 : FE;
 2442 : FE;
 2443 : FE;
 2444 : FE;
 2445 : FE;
 2446 : FE;
 2447 : FE;
 2448 : FE;
 2449 : FE;
 244A : FE;
 244B : FE;
 244C : FE;
 244D : FE;
 244E : FE;
 244F : FE;
 2450 : FE;
 2451 : FE;
 2452 : FE;
 2453 : FE;
 2454 : FE;
 2455 : FE;
 2456 : FE;
 2457 : FE;
 2458 : FE;
 2459 : FE;
 245A : FE;
 245B : FE;
 245C : FE;
 245D : FE;
 245E : FE;
 245F : FE;
 2460 : FE;
 2461 : FE;
 2462 : FE;
 2463 : FE;
 2464 : FE;
 2465 : FE;
 2466 : FE;
 2467 : FE;
 2468 : FE;
 2469 : FE;
 246A : FE;
 246B : FE;
 246C : FE;
 246D : FE;
 246E : FE;
 246F : FE;
 2470 : FE;
 2471 : FE;
 2472 : FE;
 2473 : FE;
 2474 : FE;
 2475 : FE;
 2476 : FE;
 2477 : FE;
 2478 : FE;
 2479 : FE;
 247A : FE;
 247B : FE;
 247C : FE;
 247D : FE;
 247E : FE;
 247F : FE;
 2480 : FE;
 2481 : FE;
 2482 : FE;
 2483 : FE;
 2484 : FE;
 2485 : FE;
 2486 : FE;
 2487 : FE;
 2488 : FE;
 2489 : FE;
 248A : FE;
 248B : FE;
 248C : FE;
 248D : FE;
 248E : FE;
 248F : FE;
 2490 : FE;
 2491 : FE;
 2492 : FE;
 2493 : FE;
 2494 : FE;
 2495 : FE;
 2496 : FE;
 2497 : FE;
 2498 : FE;
 2499 : FE;
 249A : FE;
 249B : FE;
 249C : FE;
 249D : FE;
 249E : FE;
 249F : FE;
 24A0 : FE;
 24A1 : FE;
 24A2 : FE;
 24A3 : FE;
 24A4 : FE;
 24A5 : FE;
 24A6 : FE;
 24A7 : FE;
 24A8 : FE;
 24A9 : FE;
 24AA : FE;
 24AB : FE;
 24AC : FE;
 24AD : FE;
 24AE : FE;
 24AF : FE;
 24B0 : FE;
 24B1 : FE;
 24B2 : FE;
 24B3 : FE;
 24B4 : FE;
 24B5 : FE;
 24B6 : FE;
 24B7 : FE;
 24B8 : FE;
 24B9 : FE;
 24BA : FE;
 24BB : FE;
 24BC : FE;
 24BD : FE;
 24BE : FE;
 24BF : FE;
 24C0 : FE;
 24C1 : FE;
 24C2 : FE;
 24C3 : FE;
 24C4 : FE;
 24C5 : FE;
 24C6 : FE;
 24C7 : FE;
 24C8 : FE;
 24C9 : FE;
 24CA : FE;
 24CB : FE;
 24CC : FE;
 24CD : FE;
 24CE : FE;
 24CF : FE;
 24D0 : FE;
 24D1 : FE;
 24D2 : FE;
 24D3 : FE;
 24D4 : FE;
 24D5 : FE;
 24D6 : FE;
 24D7 : FE;
 24D8 : FE;
 24D9 : FE;
 24DA : FE;
 24DB : FE;
 24DC : FE;
 24DD : FE;
 24DE : FE;
 24DF : FE;
 24E0 : FE;
 24E1 : FE;
 24E2 : FE;
 24E3 : FE;
 24E4 : FE;
 24E5 : FE;
 24E6 : FE;
 24E7 : FE;
 24E8 : FE;
 24E9 : FE;
 24EA : FE;
 24EB : FE;
 24EC : FE;
 24ED : FE;
 24EE : FE;
 24EF : FE;
 24F0 : FE;
 24F1 : FE;
 24F2 : FE;
 24F3 : FE;
 24F4 : FE;
 24F5 : FE;
 24F6 : FE;
 24F7 : FE;
 24F8 : FE;
 24F9 : FE;
 24FA : FE;
 24FB : FE;
 24FC : FE;
 24FD : FE;
 24FE : FE;
 24FF : FE;
 2500 : FE;
 2501 : FE;
 2502 : FE;
 2503 : FE;
 2504 : FE;
 2505 : FE;
 2506 : FE;
 2507 : FE;
 2508 : FE;
 2509 : FE;
 250A : FE;
 250B : FE;
 250C : FE;
 250D : FE;
 250E : FE;
 250F : FE;
 2510 : FE;
 2511 : FE;
 2512 : FE;
 2513 : FE;
 2514 : FE;
 2515 : FE;
 2516 : FE;
 2517 : FE;
 2518 : FE;
 2519 : FE;
 251A : FE;
 251B : FE;
 251C : FE;
 251D : FE;
 251E : FE;
 251F : FE;
 2520 : FE;
 2521 : FE;
 2522 : FE;
 2523 : FE;
 2524 : FE;
 2525 : FE;
 2526 : FE;
 2527 : FE;
 2528 : FE;
 2529 : FE;
 252A : FE;
 252B : FE;
 252C : FE;
 252D : FE;
 252E : FE;
 252F : FE;
 2530 : FE;
 2531 : FE;
 2532 : FE;
 2533 : FE;
 2534 : FE;
 2535 : FE;
 2536 : FE;
 2537 : FE;
 2538 : FE;
 2539 : FE;
 253A : FE;
 253B : FE;
 253C : FE;
 253D : FE;
 253E : FE;
 253F : FE;
 2540 : FE;
 2541 : FE;
 2542 : FE;
 2543 : FE;
 2544 : FE;
 2545 : FE;
 2546 : FE;
 2547 : FE;
 2548 : FE;
 2549 : FE;
 254A : FE;
 254B : FE;
 254C : FE;
 254D : FE;
 254E : FE;
 254F : FE;
 2550 : FE;
 2551 : FE;
 2552 : FE;
 2553 : FE;
 2554 : FE;
 2555 : FE;
 2556 : FE;
 2557 : FE;
 2558 : FE;
 2559 : FE;
 255A : FE;
 255B : FE;
 255C : FE;
 255D : FE;
 255E : FE;
 255F : FE;
 2560 : FE;
 2561 : FE;
 2562 : FE;
 2563 : FE;
 2564 : FE;
 2565 : FE;
 2566 : FE;
 2567 : FE;
 2568 : FE;
 2569 : FE;
 256A : FE;
 256B : FE;
 256C : FE;
 256D : FE;
 256E : FE;
 256F : FE;
 2570 : FE;
 2571 : FE;
 2572 : FE;
 2573 : FE;
 2574 : FE;
 2575 : FE;
 2576 : FE;
 2577 : FE;
 2578 : FE;
 2579 : FE;
 257A : FE;
 257B : FE;
 257C : FE;
 257D : FE;
 257E : FE;
 257F : FE;
 2580 : FE;
 2581 : FE;
 2582 : FE;
 2583 : FE;
 2584 : FE;
 2585 : FE;
 2586 : FE;
 2587 : FE;
 2588 : FE;
 2589 : FE;
 258A : FE;
 258B : FE;
 258C : FE;
 258D : FE;
 258E : FE;
 258F : FE;
 2590 : FE;
 2591 : FE;
 2592 : FE;
 2593 : FE;
 2594 : FE;
 2595 : FE;
 2596 : FE;
 2597 : FE;
 2598 : FE;
 2599 : FE;
 259A : FE;
 259B : FE;
 259C : FE;
 259D : FE;
 259E : FE;
 259F : FE;
 25A0 : FE;
 25A1 : FE;
 25A2 : FE;
 25A3 : FE;
 25A4 : FE;
 25A5 : FE;
 25A6 : FE;
 25A7 : FE;
 25A8 : FE;
 25A9 : FE;
 25AA : FE;
 25AB : FE;
 25AC : FE;
 25AD : FE;
 25AE : FE;
 25AF : FE;
 25B0 : FE;
 25B1 : FE;
 25B2 : FE;
 25B3 : FE;
 25B4 : FE;
 25B5 : FE;
 25B6 : FE;
 25B7 : FE;
 25B8 : FE;
 25B9 : FE;
 25BA : FE;
 25BB : FE;
 25BC : FE;
 25BD : FE;
 25BE : FE;
 25BF : FE;
 25C0 : FE;
 25C1 : FE;
 25C2 : FE;
 25C3 : FE;
 25C4 : FE;
 25C5 : FE;
 25C6 : FE;
 25C7 : FE;
 25C8 : FE;
 25C9 : FE;
 25CA : FE;
 25CB : FE;
 25CC : FE;
 25CD : FE;
 25CE : FE;
 25CF : FE;
 25D0 : FE;
 25D1 : FE;
 25D2 : FE;
 25D3 : FE;
 25D4 : FE;
 25D5 : FE;
 25D6 : FE;
 25D7 : FE;
 25D8 : FE;
 25D9 : FE;
 25DA : FE;
 25DB : FE;
 25DC : FE;
 25DD : FE;
 25DE : FE;
 25DF : FE;
 25E0 : FE;
 25E1 : FE;
 25E2 : FE;
 25E3 : FE;
 25E4 : FE;
 25E5 : FE;
 25E6 : FE;
 25E7 : FE;
 25E8 : FE;
 25E9 : FE;
 25EA : FE;
 25EB : FE;
 25EC : FE;
 25ED : FE;
 25EE : FE;
 25EF : FE;
 25F0 : FE;
 25F1 : FE;
 25F2 : FE;
 25F3 : FE;
 25F4 : FE;
 25F5 : FE;
 25F6 : FE;
 25F7 : FE;
 25F8 : FE;
 25F9 : FE;
 25FA : FE;
 25FB : FE;
 25FC : FE;
 25FD : FE;
 25FE : FE;
 25FF : FE;
 2600 : FE;
 2601 : FE;
 2602 : FE;
 2603 : FE;
 2604 : FE;
 2605 : FE;
 2606 : FE;
 2607 : FE;
 2608 : FE;
 2609 : FE;
 260A : FE;
 260B : FE;
 260C : FE;
 260D : FE;
 260E : FE;
 260F : FE;
 2610 : FE;
 2611 : FE;
 2612 : FE;
 2613 : FE;
 2614 : FE;
 2615 : FE;
 2616 : FE;
 2617 : FE;
 2618 : FE;
 2619 : FE;
 261A : FE;
 261B : FE;
 261C : FE;
 261D : FE;
 261E : FE;
 261F : FE;
 2620 : FE;
 2621 : FE;
 2622 : FE;
 2623 : FE;
 2624 : FE;
 2625 : FE;
 2626 : FE;
 2627 : FE;
 2628 : FE;
 2629 : FE;
 262A : FE;
 262B : FE;
 262C : FE;
 262D : FE;
 262E : FE;
 262F : FE;
 2630 : FE;
 2631 : FE;
 2632 : FE;
 2633 : FE;
 2634 : FE;
 2635 : FE;
 2636 : FE;
 2637 : FE;
 2638 : FE;
 2639 : FE;
 263A : FE;
 263B : FE;
 263C : FE;
 263D : FE;
 263E : FE;
 263F : FE;
 2640 : FE;
 2641 : FE;
 2642 : FE;
 2643 : FE;
 2644 : FE;
 2645 : FE;
 2646 : FE;
 2647 : FE;
 2648 : FE;
 2649 : FE;
 264A : FE;
 264B : FE;
 264C : FE;
 264D : FE;
 264E : FE;
 264F : FE;
 2650 : FE;
 2651 : FE;
 2652 : FE;
 2653 : FE;
 2654 : FE;
 2655 : FE;
 2656 : FE;
 2657 : FE;
 2658 : FE;
 2659 : FE;
 265A : FE;
 265B : FE;
 265C : FE;
 265D : FE;
 265E : FE;
 265F : FE;
 2660 : FE;
 2661 : FE;
 2662 : FE;
 2663 : FE;
 2664 : FE;
 2665 : FE;
 2666 : FE;
 2667 : FE;
 2668 : FE;
 2669 : FE;
 266A : FE;
 266B : FE;
 266C : FE;
 266D : FE;
 266E : FE;
 266F : FE;
 2670 : FE;
 2671 : FE;
 2672 : FE;
 2673 : FE;
 2674 : FE;
 2675 : FE;
 2676 : FE;
 2677 : FE;
 2678 : FE;
 2679 : FE;
 267A : FE;
 267B : FE;
 267C : FE;
 267D : FE;
 267E : FE;
 267F : FE;
 2680 : FE;
 2681 : FE;
 2682 : FE;
 2683 : FE;
 2684 : FE;
 2685 : FE;
 2686 : FE;
 2687 : FE;
 2688 : FE;
 2689 : FE;
 268A : FE;
 268B : FE;
 268C : FE;
 268D : FE;
 268E : FE;
 268F : FE;
 2690 : FE;
 2691 : FE;
 2692 : FE;
 2693 : FE;
 2694 : FE;
 2695 : FE;
 2696 : FE;
 2697 : FE;
 2698 : FE;
 2699 : FE;
 269A : FE;
 269B : FE;
 269C : FE;
 269D : FE;
 269E : FE;
 269F : FE;
 26A0 : FE;
 26A1 : FE;
 26A2 : FE;
 26A3 : FE;
 26A4 : FE;
 26A5 : FE;
 26A6 : FE;
 26A7 : FE;
 26A8 : FE;
 26A9 : FE;
 26AA : FE;
 26AB : FE;
 26AC : FE;
 26AD : FE;
 26AE : FE;
 26AF : FE;
 26B0 : FE;
 26B1 : FE;
 26B2 : FE;
 26B3 : FE;
 26B4 : FE;
 26B5 : FE;
 26B6 : FE;
 26B7 : FE;
 26B8 : FE;
 26B9 : FE;
 26BA : FE;
 26BB : FE;
 26BC : FE;
 26BD : FE;
 26BE : FE;
 26BF : FE;
 26C0 : FE;
 26C1 : FE;
 26C2 : FE;
 26C3 : FE;
 26C4 : FE;
 26C5 : FE;
 26C6 : FE;
 26C7 : FE;
 26C8 : FE;
 26C9 : FE;
 26CA : FE;
 26CB : FE;
 26CC : FE;
 26CD : FE;
 26CE : FE;
 26CF : FE;
 26D0 : FE;
 26D1 : FE;
 26D2 : FE;
 26D3 : FE;
 26D4 : FE;
 26D5 : FE;
 26D6 : FE;
 26D7 : FE;
 26D8 : FE;
 26D9 : FE;
 26DA : FE;
 26DB : FE;
 26DC : FE;
 26DD : FE;
 26DE : FE;
 26DF : FE;
 26E0 : FE;
 26E1 : FE;
 26E2 : FE;
 26E3 : FE;
 26E4 : FE;
 26E5 : FE;
 26E6 : FE;
 26E7 : FE;
 26E8 : FE;
 26E9 : FE;
 26EA : FE;
 26EB : FE;
 26EC : FE;
 26ED : FE;
 26EE : FE;
 26EF : FE;
 26F0 : FE;
 26F1 : FE;
 26F2 : FE;
 26F3 : FE;
 26F4 : FE;
 26F5 : FE;
 26F6 : FE;
 26F7 : FE;
 26F8 : FE;
 26F9 : FE;
 26FA : FE;
 26FB : FE;
 26FC : FE;
 26FD : FE;
 26FE : FE;
 26FF : FE;
 2700 : FE;
 2701 : FE;
 2702 : FE;
 2703 : FE;
 2704 : FE;
 2705 : FE;
 2706 : FE;
 2707 : FE;
 2708 : FE;
 2709 : FE;
 270A : FE;
 270B : FE;
 270C : FE;
 270D : FE;
 270E : FE;
 270F : FE;
 2710 : FE;
 2711 : FE;
 2712 : FE;
 2713 : FE;
 2714 : FE;
 2715 : FE;
 2716 : FE;
 2717 : FE;
 2718 : FE;
 2719 : FE;
 271A : FE;
 271B : FE;
 271C : FE;
 271D : FE;
 271E : FE;
 271F : FE;
 2720 : FE;
 2721 : FE;
 2722 : FE;
 2723 : FE;
 2724 : FE;
 2725 : FE;
 2726 : FE;
 2727 : FE;
 2728 : FE;
 2729 : FE;
 272A : FE;
 272B : FE;
 272C : FE;
 272D : FE;
 272E : FE;
 272F : FE;
 2730 : FE;
 2731 : FE;
 2732 : FE;
 2733 : FE;
 2734 : FE;
 2735 : FE;
 2736 : FE;
 2737 : FE;
 2738 : FE;
 2739 : FE;
 273A : FE;
 273B : FE;
 273C : FE;
 273D : FE;
 273E : FE;
 273F : FE;
 2740 : FE;
 2741 : FE;
 2742 : FE;
 2743 : FE;
 2744 : FE;
 2745 : FE;
 2746 : FE;
 2747 : FE;
 2748 : FE;
 2749 : FE;
 274A : FE;
 274B : FE;
 274C : FE;
 274D : FE;
 274E : FE;
 274F : FE;
 2750 : FE;
 2751 : FE;
 2752 : FE;
 2753 : FE;
 2754 : FE;
 2755 : FE;
 2756 : FE;
 2757 : FE;
 2758 : FE;
 2759 : FE;
 275A : FE;
 275B : FE;
 275C : FE;
 275D : FE;
 275E : FE;
 275F : FE;
 2760 : FE;
 2761 : FE;
 2762 : FE;
 2763 : FE;
 2764 : FE;
 2765 : FE;
 2766 : FE;
 2767 : FE;
 2768 : FE;
 2769 : FE;
 276A : FE;
 276B : FE;
 276C : FE;
 276D : FE;
 276E : FE;
 276F : FE;
 2770 : FE;
 2771 : FE;
 2772 : FE;
 2773 : FE;
 2774 : FE;
 2775 : FE;
 2776 : FE;
 2777 : FE;
 2778 : FE;
 2779 : FE;
 277A : FE;
 277B : FE;
 277C : FE;
 277D : FE;
 277E : FE;
 277F : FE;
 2780 : FE;
 2781 : FE;
 2782 : FE;
 2783 : FE;
 2784 : FE;
 2785 : FE;
 2786 : FE;
 2787 : FE;
 2788 : FE;
 2789 : FE;
 278A : FE;
 278B : FE;
 278C : FE;
 278D : FE;
 278E : FE;
 278F : FE;
 2790 : FE;
 2791 : FE;
 2792 : FE;
 2793 : FE;
 2794 : FE;
 2795 : FE;
 2796 : FE;
 2797 : FE;
 2798 : FE;
 2799 : FE;
 279A : FE;
 279B : FE;
 279C : FE;
 279D : FE;
 279E : FE;
 279F : FE;
 27A0 : FE;
 27A1 : FE;
 27A2 : FE;
 27A3 : FE;
 27A4 : FE;
 27A5 : FE;
 27A6 : FE;
 27A7 : FE;
 27A8 : FE;
 27A9 : FE;
 27AA : FE;
 27AB : FE;
 27AC : FE;
 27AD : FE;
 27AE : FE;
 27AF : FE;
 27B0 : FE;
 27B1 : FE;
 27B2 : FE;
 27B3 : FE;
 27B4 : FE;
 27B5 : FE;
 27B6 : FE;
 27B7 : FE;
 27B8 : FE;
 27B9 : FE;
 27BA : FE;
 27BB : FE;
 27BC : FE;
 27BD : FE;
 27BE : FE;
 27BF : FE;
 27C0 : FE;
 27C1 : FE;
 27C2 : FE;
 27C3 : FE;
 27C4 : FE;
 27C5 : FE;
 27C6 : FE;
 27C7 : FE;
 27C8 : FE;
 27C9 : FE;
 27CA : FE;
 27CB : FE;
 27CC : FE;
 27CD : FE;
 27CE : FE;
 27CF : FE;
 27D0 : FE;
 27D1 : FE;
 27D2 : FE;
 27D3 : FE;
 27D4 : FE;
 27D5 : FE;
 27D6 : FE;
 27D7 : FE;
 27D8 : FE;
 27D9 : FE;
 27DA : FE;
 27DB : FE;
 27DC : FE;
 27DD : FE;
 27DE : FE;
 27DF : FE;
 27E0 : FE;
 27E1 : FE;
 27E2 : FE;
 27E3 : FE;
 27E4 : FE;
 27E5 : FE;
 27E6 : FE;
 27E7 : FE;
 27E8 : FE;
 27E9 : FE;
 27EA : FE;
 27EB : FE;
 27EC : FE;
 27ED : FE;
 27EE : FE;
 27EF : FE;
 27F0 : FE;
 27F1 : FE;
 27F2 : FE;
 27F3 : FE;
 27F4 : FE;
 27F5 : FE;
 27F6 : FE;
 27F7 : FE;
 27F8 : FE;
 27F9 : FE;
 27FA : FE;
 27FB : FE;
 27FC : FE;
 27FD : FE;
 27FE : FE;
 27FF : FE;
 2800 : FE;
 2801 : FE;
 2802 : FE;
 2803 : FE;
 2804 : FE;
 2805 : FE;
 2806 : FE;
 2807 : FE;
 2808 : FE;
 2809 : FE;
 280A : FE;
 280B : FE;
 280C : FE;
 280D : FE;
 280E : FE;
 280F : FE;
 2810 : FE;
 2811 : FE;
 2812 : FE;
 2813 : FE;
 2814 : FE;
 2815 : FE;
 2816 : FE;
 2817 : FE;
 2818 : FE;
 2819 : FE;
 281A : FE;
 281B : FE;
 281C : FE;
 281D : FE;
 281E : FE;
 281F : FE;
 2820 : FE;
 2821 : FE;
 2822 : FE;
 2823 : FE;
 2824 : FE;
 2825 : FE;
 2826 : FE;
 2827 : FE;
 2828 : FE;
 2829 : FE;
 282A : FE;
 282B : FE;
 282C : FE;
 282D : FE;
 282E : FE;
 282F : FE;
 2830 : FE;
 2831 : FE;
 2832 : FE;
 2833 : FE;
 2834 : FE;
 2835 : FE;
 2836 : FE;
 2837 : FE;
 2838 : FE;
 2839 : FE;
 283A : FE;
 283B : FE;
 283C : FE;
 283D : FE;
 283E : FE;
 283F : FE;
 2840 : FE;
 2841 : FE;
 2842 : FE;
 2843 : FE;
 2844 : FE;
 2845 : FE;
 2846 : FE;
 2847 : FE;
 2848 : FE;
 2849 : FE;
 284A : FE;
 284B : FE;
 284C : FE;
 284D : FE;
 284E : FE;
 284F : FE;
 2850 : FE;
 2851 : FE;
 2852 : FE;
 2853 : FE;
 2854 : FE;
 2855 : FE;
 2856 : FE;
 2857 : FE;
 2858 : FE;
 2859 : FE;
 285A : FE;
 285B : FE;
 285C : FE;
 285D : FE;
 285E : FE;
 285F : FE;
 2860 : FE;
 2861 : FE;
 2862 : FE;
 2863 : FE;
 2864 : FE;
 2865 : FE;
 2866 : FE;
 2867 : FE;
 2868 : FE;
 2869 : FE;
 286A : FE;
 286B : FE;
 286C : FE;
 286D : FE;
 286E : FE;
 286F : FE;
 2870 : FE;
 2871 : FE;
 2872 : FE;
 2873 : FE;
 2874 : FE;
 2875 : FE;
 2876 : FE;
 2877 : FE;
 2878 : FE;
 2879 : FE;
 287A : FE;
 287B : FE;
 287C : FE;
 287D : FE;
 287E : FE;
 287F : FE;
 2880 : FE;
 2881 : FE;
 2882 : FE;
 2883 : FE;
 2884 : FE;
 2885 : FE;
 2886 : FE;
 2887 : FE;
 2888 : FE;
 2889 : FE;
 288A : FE;
 288B : FE;
 288C : FE;
 288D : FE;
 288E : FE;
 288F : FE;
 2890 : FE;
 2891 : FE;
 2892 : FE;
 2893 : FE;
 2894 : FE;
 2895 : FE;
 2896 : FE;
 2897 : FE;
 2898 : FE;
 2899 : FE;
 289A : FE;
 289B : FE;
 289C : FE;
 289D : FE;
 289E : FE;
 289F : FE;
 28A0 : FE;
 28A1 : FE;
 28A2 : FE;
 28A3 : FE;
 28A4 : FE;
 28A5 : FE;
 28A6 : FE;
 28A7 : FE;
 28A8 : FE;
 28A9 : FE;
 28AA : FE;
 28AB : FE;
 28AC : FE;
 28AD : FE;
 28AE : FE;
 28AF : FE;
 28B0 : FE;
 28B1 : FE;
 28B2 : FE;
 28B3 : FE;
 28B4 : FE;
 28B5 : FE;
 28B6 : FE;
 28B7 : FE;
 28B8 : FE;
 28B9 : FE;
 28BA : FE;
 28BB : FE;
 28BC : FE;
 28BD : FE;
 28BE : FE;
 28BF : FE;
 28C0 : FE;
 28C1 : FE;
 28C2 : FE;
 28C3 : FE;
 28C4 : FE;
 28C5 : FE;
 28C6 : FE;
 28C7 : FE;
 28C8 : FE;
 28C9 : FE;
 28CA : FE;
 28CB : FE;
 28CC : FE;
 28CD : FE;
 28CE : FE;
 28CF : FE;
 28D0 : FE;
 28D1 : FE;
 28D2 : FE;
 28D3 : FE;
 28D4 : FE;
 28D5 : FE;
 28D6 : FE;
 28D7 : FE;
 28D8 : FE;
 28D9 : FE;
 28DA : FE;
 28DB : FE;
 28DC : FE;
 28DD : FE;
 28DE : FE;
 28DF : FE;
 28E0 : FE;
 28E1 : FE;
 28E2 : FE;
 28E3 : FE;
 28E4 : FE;
 28E5 : FE;
 28E6 : FE;
 28E7 : FE;
 28E8 : FE;
 28E9 : FE;
 28EA : FE;
 28EB : FE;
 28EC : FE;
 28ED : FE;
 28EE : FE;
 28EF : FE;
 28F0 : FE;
 28F1 : FE;
 28F2 : FE;
 28F3 : FE;
 28F4 : FE;
 28F5 : FE;
 28F6 : FE;
 28F7 : FE;
 28F8 : FE;
 28F9 : FE;
 28FA : FE;
 28FB : FE;
 28FC : FE;
 28FD : FE;
 28FE : FE;
 28FF : FE;
 2900 : FE;
 2901 : FE;
 2902 : FE;
 2903 : FE;
 2904 : FE;
 2905 : FE;
 2906 : FE;
 2907 : FE;
 2908 : FE;
 2909 : FE;
 290A : FE;
 290B : FE;
 290C : FE;
 290D : FE;
 290E : FE;
 290F : FE;
 2910 : FE;
 2911 : FE;
 2912 : FE;
 2913 : FE;
 2914 : FE;
 2915 : FE;
 2916 : FE;
 2917 : FE;
 2918 : FE;
 2919 : FE;
 291A : FE;
 291B : FE;
 291C : FE;
 291D : FE;
 291E : FE;
 291F : FE;
 2920 : FE;
 2921 : FE;
 2922 : FE;
 2923 : FE;
 2924 : FE;
 2925 : FE;
 2926 : FE;
 2927 : FE;
 2928 : FE;
 2929 : FE;
 292A : FE;
 292B : FE;
 292C : FE;
 292D : FE;
 292E : FE;
 292F : FE;
 2930 : FE;
 2931 : FE;
 2932 : FE;
 2933 : FE;
 2934 : FE;
 2935 : FE;
 2936 : FE;
 2937 : FE;
 2938 : FE;
 2939 : FE;
 293A : FE;
 293B : FE;
 293C : FE;
 293D : FE;
 293E : FE;
 293F : FE;
 2940 : FE;
 2941 : FE;
 2942 : FE;
 2943 : FE;
 2944 : FE;
 2945 : FE;
 2946 : FE;
 2947 : FE;
 2948 : FE;
 2949 : FE;
 294A : FE;
 294B : FE;
 294C : FE;
 294D : FE;
 294E : FE;
 294F : FE;
 2950 : FE;
 2951 : FE;
 2952 : FE;
 2953 : FE;
 2954 : FE;
 2955 : FE;
 2956 : FE;
 2957 : FE;
 2958 : FE;
 2959 : FE;
 295A : FE;
 295B : FE;
 295C : FE;
 295D : FE;
 295E : FE;
 295F : FE;
 2960 : FE;
 2961 : FE;
 2962 : FE;
 2963 : FE;
 2964 : FE;
 2965 : FE;
 2966 : FE;
 2967 : FE;
 2968 : FE;
 2969 : FE;
 296A : FE;
 296B : FE;
 296C : FE;
 296D : FE;
 296E : FE;
 296F : FE;
 2970 : FE;
 2971 : FE;
 2972 : FE;
 2973 : FE;
 2974 : FE;
 2975 : FE;
 2976 : FE;
 2977 : FE;
 2978 : FE;
 2979 : FE;
 297A : FE;
 297B : FE;
 297C : FE;
 297D : FE;
 297E : FE;
 297F : FE;
 2980 : FE;
 2981 : FE;
 2982 : FE;
 2983 : FE;
 2984 : FE;
 2985 : FE;
 2986 : FE;
 2987 : FE;
 2988 : FE;
 2989 : FE;
 298A : FE;
 298B : FE;
 298C : FE;
 298D : FE;
 298E : FE;
 298F : FE;
 2990 : FE;
 2991 : FE;
 2992 : FE;
 2993 : FE;
 2994 : FE;
 2995 : FE;
 2996 : FE;
 2997 : FE;
 2998 : FE;
 2999 : FE;
 299A : FE;
 299B : FE;
 299C : FE;
 299D : FE;
 299E : FE;
 299F : FE;
 29A0 : FE;
 29A1 : FE;
 29A2 : FE;
 29A3 : FE;
 29A4 : FE;
 29A5 : FE;
 29A6 : FE;
 29A7 : FE;
 29A8 : FE;
 29A9 : FE;
 29AA : FE;
 29AB : FE;
 29AC : FE;
 29AD : FE;
 29AE : FE;
 29AF : FE;
 29B0 : FE;
 29B1 : FE;
 29B2 : FE;
 29B3 : FE;
 29B4 : FE;
 29B5 : FE;
 29B6 : FE;
 29B7 : FE;
 29B8 : FE;
 29B9 : FE;
 29BA : FE;
 29BB : FE;
 29BC : FE;
 29BD : FE;
 29BE : FE;
 29BF : FE;
 29C0 : FE;
 29C1 : FE;
 29C2 : FE;
 29C3 : FE;
 29C4 : FE;
 29C5 : FE;
 29C6 : FE;
 29C7 : FE;
 29C8 : FE;
 29C9 : FE;
 29CA : FE;
 29CB : FE;
 29CC : FE;
 29CD : FE;
 29CE : FE;
 29CF : FE;
 29D0 : FE;
 29D1 : FE;
 29D2 : FE;
 29D3 : FE;
 29D4 : FE;
 29D5 : FE;
 29D6 : FE;
 29D7 : FE;
 29D8 : FE;
 29D9 : FE;
 29DA : FE;
 29DB : FE;
 29DC : FE;
 29DD : FE;
 29DE : FE;
 29DF : FE;
 29E0 : FE;
 29E1 : FE;
 29E2 : FE;
 29E3 : FE;
 29E4 : FE;
 29E5 : FE;
 29E6 : FE;
 29E7 : FE;
 29E8 : FE;
 29E9 : FE;
 29EA : FE;
 29EB : FE;
 29EC : FE;
 29ED : FE;
 29EE : FE;
 29EF : FE;
 29F0 : FE;
 29F1 : FE;
 29F2 : FE;
 29F3 : FE;
 29F4 : FE;
 29F5 : FE;
 29F6 : FE;
 29F7 : FE;
 29F8 : FE;
 29F9 : FE;
 29FA : FE;
 29FB : FE;
 29FC : FE;
 29FD : FE;
 29FE : FE;
 29FF : FE;
 2A00 : FE;
 2A01 : FE;
 2A02 : FE;
 2A03 : FE;
 2A04 : FE;
 2A05 : FE;
 2A06 : FE;
 2A07 : FE;
 2A08 : FE;
 2A09 : FE;
 2A0A : FE;
 2A0B : FE;
 2A0C : FE;
 2A0D : FE;
 2A0E : FE;
 2A0F : FE;
 2A10 : FE;
 2A11 : FE;
 2A12 : FE;
 2A13 : FE;
 2A14 : FE;
 2A15 : FE;
 2A16 : FE;
 2A17 : FE;
 2A18 : FE;
 2A19 : FE;
 2A1A : FE;
 2A1B : FE;
 2A1C : FE;
 2A1D : FE;
 2A1E : FE;
 2A1F : FE;
 2A20 : FE;
 2A21 : FE;
 2A22 : FE;
 2A23 : FE;
 2A24 : FE;
 2A25 : FE;
 2A26 : FE;
 2A27 : FE;
 2A28 : FE;
 2A29 : FE;
 2A2A : FE;
 2A2B : FE;
 2A2C : FE;
 2A2D : FE;
 2A2E : FE;
 2A2F : FE;
 2A30 : FE;
 2A31 : FE;
 2A32 : FE;
 2A33 : FE;
 2A34 : FE;
 2A35 : FE;
 2A36 : FE;
 2A37 : FE;
 2A38 : FE;
 2A39 : FE;
 2A3A : FE;
 2A3B : FE;
 2A3C : FE;
 2A3D : FE;
 2A3E : FE;
 2A3F : FE;
 2A40 : FE;
 2A41 : FE;
 2A42 : FE;
 2A43 : FE;
 2A44 : FE;
 2A45 : FE;
 2A46 : FE;
 2A47 : FE;
 2A48 : FE;
 2A49 : FE;
 2A4A : FE;
 2A4B : FE;
 2A4C : FE;
 2A4D : FE;
 2A4E : FE;
 2A4F : FE;
 2A50 : FE;
 2A51 : FE;
 2A52 : FE;
 2A53 : FE;
 2A54 : FE;
 2A55 : FE;
 2A56 : FE;
 2A57 : FE;
 2A58 : FE;
 2A59 : FE;
 2A5A : FE;
 2A5B : FE;
 2A5C : FE;
 2A5D : FE;
 2A5E : FE;
 2A5F : FE;
 2A60 : FE;
 2A61 : FE;
 2A62 : FE;
 2A63 : FE;
 2A64 : FE;
 2A65 : FE;
 2A66 : FE;
 2A67 : FE;
 2A68 : FE;
 2A69 : FE;
 2A6A : FE;
 2A6B : FE;
 2A6C : FE;
 2A6D : FE;
 2A6E : FE;
 2A6F : FE;
 2A70 : FE;
 2A71 : FE;
 2A72 : FE;
 2A73 : FE;
 2A74 : FE;
 2A75 : FE;
 2A76 : FE;
 2A77 : FE;
 2A78 : FE;
 2A79 : FE;
 2A7A : FE;
 2A7B : FE;
 2A7C : FE;
 2A7D : FE;
 2A7E : FE;
 2A7F : FE;
 2A80 : FE;
 2A81 : FE;
 2A82 : FE;
 2A83 : FE;
 2A84 : FE;
 2A85 : FE;
 2A86 : FE;
 2A87 : FE;
 2A88 : FE;
 2A89 : FE;
 2A8A : FE;
 2A8B : FE;
 2A8C : FE;
 2A8D : FE;
 2A8E : FE;
 2A8F : FE;
 2A90 : FE;
 2A91 : FE;
 2A92 : FE;
 2A93 : FE;
 2A94 : FE;
 2A95 : FE;
 2A96 : FE;
 2A97 : FE;
 2A98 : FE;
 2A99 : FE;
 2A9A : FE;
 2A9B : FE;
 2A9C : FE;
 2A9D : FE;
 2A9E : FE;
 2A9F : FE;
 2AA0 : FE;
 2AA1 : FE;
 2AA2 : FE;
 2AA3 : FE;
 2AA4 : FE;
 2AA5 : FE;
 2AA6 : FE;
 2AA7 : FE;
 2AA8 : FE;
 2AA9 : FE;
 2AAA : FE;
 2AAB : FE;
 2AAC : FE;
 2AAD : FE;
 2AAE : FE;
 2AAF : FE;
 2AB0 : FE;
 2AB1 : FE;
 2AB2 : FE;
 2AB3 : FE;
 2AB4 : FE;
 2AB5 : FE;
 2AB6 : FE;
 2AB7 : FE;
 2AB8 : FE;
 2AB9 : FE;
 2ABA : FE;
 2ABB : FE;
 2ABC : FE;
 2ABD : FE;
 2ABE : FE;
 2ABF : FE;
 2AC0 : FE;
 2AC1 : FE;
 2AC2 : FE;
 2AC3 : FE;
 2AC4 : FE;
 2AC5 : FE;
 2AC6 : FE;
 2AC7 : FE;
 2AC8 : FE;
 2AC9 : FE;
 2ACA : FE;
 2ACB : FE;
 2ACC : FE;
 2ACD : FE;
 2ACE : FE;
 2ACF : FE;
 2AD0 : FE;
 2AD1 : FE;
 2AD2 : FE;
 2AD3 : FE;
 2AD4 : FE;
 2AD5 : FE;
 2AD6 : FE;
 2AD7 : FE;
 2AD8 : FE;
 2AD9 : FE;
 2ADA : FE;
 2ADB : FE;
 2ADC : FE;
 2ADD : FE;
 2ADE : FE;
 2ADF : FE;
 2AE0 : FE;
 2AE1 : FE;
 2AE2 : FE;
 2AE3 : FE;
 2AE4 : FE;
 2AE5 : FE;
 2AE6 : FE;
 2AE7 : FE;
 2AE8 : FE;
 2AE9 : FE;
 2AEA : FE;
 2AEB : FE;
 2AEC : FE;
 2AED : FE;
 2AEE : FE;
 2AEF : FE;
 2AF0 : FE;
 2AF1 : FE;
 2AF2 : FE;
 2AF3 : FE;
 2AF4 : FE;
 2AF5 : FE;
 2AF6 : FE;
 2AF7 : FE;
 2AF8 : FE;
 2AF9 : FE;
 2AFA : FE;
 2AFB : FE;
 2AFC : FE;
 2AFD : FE;
 2AFE : FE;
 2AFF : FE;
 2B00 : FE;
 2B01 : FE;
 2B02 : FE;
 2B03 : FE;
 2B04 : FE;
 2B05 : FE;
 2B06 : FE;
 2B07 : FE;
 2B08 : FE;
 2B09 : FE;
 2B0A : FE;
 2B0B : FE;
 2B0C : FE;
 2B0D : FE;
 2B0E : FE;
 2B0F : FE;
 2B10 : FE;
 2B11 : FE;
 2B12 : FE;
 2B13 : FE;
 2B14 : FE;
 2B15 : FE;
 2B16 : FE;
 2B17 : FE;
 2B18 : FE;
 2B19 : FE;
 2B1A : FE;
 2B1B : FE;
 2B1C : FE;
 2B1D : FE;
 2B1E : FE;
 2B1F : FE;
 2B20 : FE;
 2B21 : FE;
 2B22 : FE;
 2B23 : FE;
 2B24 : FE;
 2B25 : FE;
 2B26 : FE;
 2B27 : FE;
 2B28 : FE;
 2B29 : FE;
 2B2A : FE;
 2B2B : FE;
 2B2C : FE;
 2B2D : FE;
 2B2E : FE;
 2B2F : FE;
 2B30 : FE;
 2B31 : FE;
 2B32 : FE;
 2B33 : FE;
 2B34 : FE;
 2B35 : FE;
 2B36 : FE;
 2B37 : FE;
 2B38 : FE;
 2B39 : FE;
 2B3A : FE;
 2B3B : FE;
 2B3C : FE;
 2B3D : FE;
 2B3E : FE;
 2B3F : FE;
 2B40 : FE;
 2B41 : FE;
 2B42 : FE;
 2B43 : FE;
 2B44 : FE;
 2B45 : FE;
 2B46 : FE;
 2B47 : FE;
 2B48 : FE;
 2B49 : FE;
 2B4A : FE;
 2B4B : FE;
 2B4C : FE;
 2B4D : FE;
 2B4E : FE;
 2B4F : FE;
 2B50 : FE;
 2B51 : FE;
 2B52 : FE;
 2B53 : FE;
 2B54 : FE;
 2B55 : FE;
 2B56 : FE;
 2B57 : FE;
 2B58 : FE;
 2B59 : FE;
 2B5A : FE;
 2B5B : FE;
 2B5C : FE;
 2B5D : FE;
 2B5E : FE;
 2B5F : FE;
 2B60 : FE;
 2B61 : FE;
 2B62 : FE;
 2B63 : FE;
 2B64 : FE;
 2B65 : FE;
 2B66 : FE;
 2B67 : FE;
 2B68 : FE;
 2B69 : FE;
 2B6A : FE;
 2B6B : FE;
 2B6C : FE;
 2B6D : FE;
 2B6E : FE;
 2B6F : FE;
 2B70 : FE;
 2B71 : FE;
 2B72 : FE;
 2B73 : FE;
 2B74 : FE;
 2B75 : FE;
 2B76 : FE;
 2B77 : FE;
 2B78 : FE;
 2B79 : FE;
 2B7A : FE;
 2B7B : FE;
 2B7C : FE;
 2B7D : FE;
 2B7E : FE;
 2B7F : FE;
 2B80 : FE;
 2B81 : FE;
 2B82 : FE;
 2B83 : FE;
 2B84 : FE;
 2B85 : FE;
 2B86 : FE;
 2B87 : FE;
 2B88 : FE;
 2B89 : FE;
 2B8A : FE;
 2B8B : FE;
 2B8C : FE;
 2B8D : FE;
 2B8E : FE;
 2B8F : FE;
 2B90 : FE;
 2B91 : FE;
 2B92 : FE;
 2B93 : FE;
 2B94 : FE;
 2B95 : FE;
 2B96 : FE;
 2B97 : FE;
 2B98 : FE;
 2B99 : FE;
 2B9A : FE;
 2B9B : FE;
 2B9C : FE;
 2B9D : FE;
 2B9E : FE;
 2B9F : FE;
 2BA0 : FE;
 2BA1 : FE;
 2BA2 : FE;
 2BA3 : FE;
 2BA4 : FE;
 2BA5 : FE;
 2BA6 : FE;
 2BA7 : FE;
 2BA8 : FE;
 2BA9 : FE;
 2BAA : FE;
 2BAB : FE;
 2BAC : FE;
 2BAD : FE;
 2BAE : FE;
 2BAF : FE;
 2BB0 : FE;
 2BB1 : FE;
 2BB2 : FE;
 2BB3 : FE;
 2BB4 : FE;
 2BB5 : FE;
 2BB6 : FE;
 2BB7 : FE;
 2BB8 : FE;
 2BB9 : FE;
 2BBA : FE;
 2BBB : FE;
 2BBC : FE;
 2BBD : FE;
 2BBE : FE;
 2BBF : FE;
 2BC0 : FE;
 2BC1 : FE;
 2BC2 : FE;
 2BC3 : FE;
 2BC4 : FE;
 2BC5 : FE;
 2BC6 : FE;
 2BC7 : FE;
 2BC8 : FE;
 2BC9 : FE;
 2BCA : FE;
 2BCB : FE;
 2BCC : FE;
 2BCD : FE;
 2BCE : FE;
 2BCF : FE;
 2BD0 : FE;
 2BD1 : FE;
 2BD2 : FE;
 2BD3 : FE;
 2BD4 : FE;
 2BD5 : FE;
 2BD6 : FE;
 2BD7 : FE;
 2BD8 : FE;
 2BD9 : FE;
 2BDA : FE;
 2BDB : FE;
 2BDC : FE;
 2BDD : FE;
 2BDE : FE;
 2BDF : FE;
 2BE0 : FE;
 2BE1 : FE;
 2BE2 : FE;
 2BE3 : FE;
 2BE4 : FE;
 2BE5 : FE;
 2BE6 : FE;
 2BE7 : FE;
 2BE8 : FE;
 2BE9 : FE;
 2BEA : FE;
 2BEB : FE;
 2BEC : FE;
 2BED : FE;
 2BEE : FE;
 2BEF : FE;
 2BF0 : FE;
 2BF1 : FE;
 2BF2 : FE;
 2BF3 : FE;
 2BF4 : FE;
 2BF5 : FE;
 2BF6 : FE;
 2BF7 : FE;
 2BF8 : FE;
 2BF9 : FE;
 2BFA : FE;
 2BFB : FE;
 2BFC : FE;
 2BFD : FE;
 2BFE : FE;
 2BFF : FE;
 2C00 : FE;
 2C01 : FE;
 2C02 : FE;
 2C03 : FE;
 2C04 : FE;
 2C05 : FE;
 2C06 : FE;
 2C07 : FE;
 2C08 : FE;
 2C09 : FE;
 2C0A : FE;
 2C0B : FE;
 2C0C : FE;
 2C0D : FE;
 2C0E : FE;
 2C0F : FE;
 2C10 : FE;
 2C11 : FE;
 2C12 : FE;
 2C13 : FE;
 2C14 : FE;
 2C15 : FE;
 2C16 : FE;
 2C17 : FE;
 2C18 : FE;
 2C19 : FE;
 2C1A : FE;
 2C1B : FE;
 2C1C : FE;
 2C1D : FE;
 2C1E : FE;
 2C1F : FE;
 2C20 : FE;
 2C21 : FE;
 2C22 : FE;
 2C23 : FE;
 2C24 : FE;
 2C25 : FE;
 2C26 : FE;
 2C27 : FE;
 2C28 : FE;
 2C29 : FE;
 2C2A : FE;
 2C2B : FE;
 2C2C : FE;
 2C2D : FE;
 2C2E : FE;
 2C2F : FE;
 2C30 : FE;
 2C31 : FE;
 2C32 : FE;
 2C33 : FE;
 2C34 : FE;
 2C35 : FE;
 2C36 : FE;
 2C37 : FE;
 2C38 : FE;
 2C39 : FE;
 2C3A : FE;
 2C3B : FE;
 2C3C : FE;
 2C3D : FE;
 2C3E : FE;
 2C3F : FE;
 2C40 : FE;
 2C41 : FE;
 2C42 : FE;
 2C43 : FE;
 2C44 : FE;
 2C45 : FE;
 2C46 : FE;
 2C47 : FE;
 2C48 : FE;
 2C49 : FE;
 2C4A : FE;
 2C4B : FE;
 2C4C : FE;
 2C4D : FE;
 2C4E : FE;
 2C4F : FE;
 2C50 : FE;
 2C51 : FE;
 2C52 : FE;
 2C53 : FE;
 2C54 : FE;
 2C55 : FE;
 2C56 : FE;
 2C57 : FE;
 2C58 : FE;
 2C59 : FE;
 2C5A : FE;
 2C5B : FE;
 2C5C : FE;
 2C5D : FE;
 2C5E : FE;
 2C5F : FE;
 2C60 : FE;
 2C61 : FE;
 2C62 : FE;
 2C63 : FE;
 2C64 : FE;
 2C65 : FE;
 2C66 : FE;
 2C67 : FE;
 2C68 : FE;
 2C69 : FE;
 2C6A : FE;
 2C6B : FE;
 2C6C : FE;
 2C6D : FE;
 2C6E : FE;
 2C6F : FE;
 2C70 : FE;
 2C71 : FE;
 2C72 : FE;
 2C73 : FE;
 2C74 : FE;
 2C75 : FE;
 2C76 : FE;
 2C77 : FE;
 2C78 : FE;
 2C79 : FE;
 2C7A : FE;
 2C7B : FE;
 2C7C : FE;
 2C7D : FE;
 2C7E : FE;
 2C7F : FE;
 2C80 : FE;
 2C81 : FE;
 2C82 : FE;
 2C83 : FE;
 2C84 : FE;
 2C85 : FE;
 2C86 : FE;
 2C87 : FE;
 2C88 : FE;
 2C89 : FE;
 2C8A : FE;
 2C8B : FE;
 2C8C : FE;
 2C8D : FE;
 2C8E : FE;
 2C8F : FE;
 2C90 : FE;
 2C91 : FE;
 2C92 : FE;
 2C93 : FE;
 2C94 : FE;
 2C95 : FE;
 2C96 : FE;
 2C97 : FE;
 2C98 : FE;
 2C99 : FE;
 2C9A : FE;
 2C9B : FE;
 2C9C : FE;
 2C9D : FE;
 2C9E : FE;
 2C9F : FE;
 2CA0 : FE;
 2CA1 : FE;
 2CA2 : FE;
 2CA3 : FE;
 2CA4 : FE;
 2CA5 : FE;
 2CA6 : FE;
 2CA7 : FE;
 2CA8 : FE;
 2CA9 : FE;
 2CAA : FE;
 2CAB : FE;
 2CAC : FE;
 2CAD : FE;
 2CAE : FE;
 2CAF : FE;
 2CB0 : FE;
 2CB1 : FE;
 2CB2 : FE;
 2CB3 : FE;
 2CB4 : FE;
 2CB5 : FE;
 2CB6 : FE;
 2CB7 : FE;
 2CB8 : FE;
 2CB9 : FE;
 2CBA : FE;
 2CBB : FE;
 2CBC : FE;
 2CBD : FE;
 2CBE : FE;
 2CBF : FE;
 2CC0 : FE;
 2CC1 : FE;
 2CC2 : FE;
 2CC3 : FE;
 2CC4 : FE;
 2CC5 : FE;
 2CC6 : FE;
 2CC7 : FE;
 2CC8 : FE;
 2CC9 : FE;
 2CCA : FE;
 2CCB : FE;
 2CCC : FE;
 2CCD : FE;
 2CCE : FE;
 2CCF : FE;
 2CD0 : FE;
 2CD1 : FE;
 2CD2 : FE;
 2CD3 : FE;
 2CD4 : FE;
 2CD5 : FE;
 2CD6 : FE;
 2CD7 : FE;
 2CD8 : FE;
 2CD9 : FE;
 2CDA : FE;
 2CDB : FE;
 2CDC : FE;
 2CDD : FE;
 2CDE : FE;
 2CDF : FE;
 2CE0 : FE;
 2CE1 : FE;
 2CE2 : FE;
 2CE3 : FE;
 2CE4 : FE;
 2CE5 : FE;
 2CE6 : FE;
 2CE7 : FE;
 2CE8 : FE;
 2CE9 : FE;
 2CEA : FE;
 2CEB : FE;
 2CEC : FE;
 2CED : FE;
 2CEE : FE;
 2CEF : FE;
 2CF0 : FE;
 2CF1 : FE;
 2CF2 : FE;
 2CF3 : FE;
 2CF4 : FE;
 2CF5 : FE;
 2CF6 : FE;
 2CF7 : FE;
 2CF8 : FE;
 2CF9 : FE;
 2CFA : FE;
 2CFB : FE;
 2CFC : FE;
 2CFD : FE;
 2CFE : FE;
 2CFF : FE;
 2D00 : FE;
 2D01 : FE;
 2D02 : FE;
 2D03 : FE;
 2D04 : FE;
 2D05 : FE;
 2D06 : FE;
 2D07 : FE;
 2D08 : FE;
 2D09 : FE;
 2D0A : FE;
 2D0B : FE;
 2D0C : FE;
 2D0D : FE;
 2D0E : FE;
 2D0F : FE;
 2D10 : FE;
 2D11 : FE;
 2D12 : FE;
 2D13 : FE;
 2D14 : FE;
 2D15 : FE;
 2D16 : FE;
 2D17 : FE;
 2D18 : FE;
 2D19 : FE;
 2D1A : FE;
 2D1B : FE;
 2D1C : FE;
 2D1D : FE;
 2D1E : FE;
 2D1F : FE;
 2D20 : FE;
 2D21 : FE;
 2D22 : FE;
 2D23 : FE;
 2D24 : FE;
 2D25 : FE;
 2D26 : FE;
 2D27 : FE;
 2D28 : FE;
 2D29 : FE;
 2D2A : FE;
 2D2B : FE;
 2D2C : FE;
 2D2D : FE;
 2D2E : FE;
 2D2F : FE;
 2D30 : FE;
 2D31 : FE;
 2D32 : FE;
 2D33 : FE;
 2D34 : FE;
 2D35 : FE;
 2D36 : FE;
 2D37 : FE;
 2D38 : FE;
 2D39 : FE;
 2D3A : FE;
 2D3B : FE;
 2D3C : FE;
 2D3D : FE;
 2D3E : FE;
 2D3F : FE;
 2D40 : FE;
 2D41 : FE;
 2D42 : FE;
 2D43 : FE;
 2D44 : FE;
 2D45 : FE;
 2D46 : FE;
 2D47 : FE;
 2D48 : FE;
 2D49 : FE;
 2D4A : FE;
 2D4B : FE;
 2D4C : FE;
 2D4D : FE;
 2D4E : FE;
 2D4F : FE;
 2D50 : FE;
 2D51 : FE;
 2D52 : FE;
 2D53 : FE;
 2D54 : FE;
 2D55 : FE;
 2D56 : FE;
 2D57 : FE;
 2D58 : FE;
 2D59 : FE;
 2D5A : FE;
 2D5B : FE;
 2D5C : FE;
 2D5D : FE;
 2D5E : FE;
 2D5F : FE;
 2D60 : FE;
 2D61 : FE;
 2D62 : FE;
 2D63 : FE;
 2D64 : FE;
 2D65 : FE;
 2D66 : FE;
 2D67 : FE;
 2D68 : FE;
 2D69 : FE;
 2D6A : FE;
 2D6B : FE;
 2D6C : FE;
 2D6D : FE;
 2D6E : FE;
 2D6F : FE;
 2D70 : FE;
 2D71 : FE;
 2D72 : FE;
 2D73 : FE;
 2D74 : FE;
 2D75 : FE;
 2D76 : FE;
 2D77 : FE;
 2D78 : FE;
 2D79 : FE;
 2D7A : FE;
 2D7B : FE;
 2D7C : FE;
 2D7D : FE;
 2D7E : FE;
 2D7F : FE;
 2D80 : FE;
 2D81 : FE;
 2D82 : FE;
 2D83 : FE;
 2D84 : FE;
 2D85 : FE;
 2D86 : FE;
 2D87 : FE;
 2D88 : FE;
 2D89 : FE;
 2D8A : FE;
 2D8B : FE;
 2D8C : FE;
 2D8D : FE;
 2D8E : FE;
 2D8F : FE;
 2D90 : FE;
 2D91 : FE;
 2D92 : FE;
 2D93 : FE;
 2D94 : FE;
 2D95 : FE;
 2D96 : FE;
 2D97 : FE;
 2D98 : FE;
 2D99 : FE;
 2D9A : FE;
 2D9B : FE;
 2D9C : FE;
 2D9D : FE;
 2D9E : FE;
 2D9F : FE;
 2DA0 : FE;
 2DA1 : FE;
 2DA2 : FE;
 2DA3 : FE;
 2DA4 : FE;
 2DA5 : FE;
 2DA6 : FE;
 2DA7 : FE;
 2DA8 : FE;
 2DA9 : FE;
 2DAA : FE;
 2DAB : FE;
 2DAC : FE;
 2DAD : FE;
 2DAE : FE;
 2DAF : FE;
 2DB0 : FE;
 2DB1 : FE;
 2DB2 : FE;
 2DB3 : FE;
 2DB4 : FE;
 2DB5 : FE;
 2DB6 : FE;
 2DB7 : FE;
 2DB8 : FE;
 2DB9 : FE;
 2DBA : FE;
 2DBB : FE;
 2DBC : FE;
 2DBD : FE;
 2DBE : FE;
 2DBF : FE;
 2DC0 : FE;
 2DC1 : FE;
 2DC2 : FE;
 2DC3 : FE;
 2DC4 : FE;
 2DC5 : FE;
 2DC6 : FE;
 2DC7 : FE;
 2DC8 : FE;
 2DC9 : FE;
 2DCA : FE;
 2DCB : FE;
 2DCC : FE;
 2DCD : FE;
 2DCE : FE;
 2DCF : FE;
 2DD0 : FE;
 2DD1 : FE;
 2DD2 : FE;
 2DD3 : FE;
 2DD4 : FE;
 2DD5 : FE;
 2DD6 : FE;
 2DD7 : FE;
 2DD8 : FE;
 2DD9 : FE;
 2DDA : FE;
 2DDB : FE;
 2DDC : FE;
 2DDD : FE;
 2DDE : FE;
 2DDF : FE;
 2DE0 : FE;
 2DE1 : FE;
 2DE2 : FE;
 2DE3 : FE;
 2DE4 : FE;
 2DE5 : FE;
 2DE6 : FE;
 2DE7 : FE;
 2DE8 : FE;
 2DE9 : FE;
 2DEA : FE;
 2DEB : FE;
 2DEC : FE;
 2DED : FE;
 2DEE : FE;
 2DEF : FE;
 2DF0 : FE;
 2DF1 : FE;
 2DF2 : FE;
 2DF3 : FE;
 2DF4 : FE;
 2DF5 : FE;
 2DF6 : FE;
 2DF7 : FE;
 2DF8 : FE;
 2DF9 : FE;
 2DFA : FE;
 2DFB : FE;
 2DFC : FE;
 2DFD : FE;
 2DFE : FE;
 2DFF : FE;
 2E00 : FE;
 2E01 : FE;
 2E02 : FE;
 2E03 : FE;
 2E04 : FE;
 2E05 : FE;
 2E06 : FE;
 2E07 : FE;
 2E08 : FE;
 2E09 : FE;
 2E0A : FE;
 2E0B : FE;
 2E0C : FE;
 2E0D : FE;
 2E0E : FE;
 2E0F : FE;
 2E10 : FE;
 2E11 : FE;
 2E12 : FE;
 2E13 : FE;
 2E14 : FE;
 2E15 : FE;
 2E16 : FE;
 2E17 : FE;
 2E18 : FE;
 2E19 : FE;
 2E1A : FE;
 2E1B : FE;
 2E1C : FE;
 2E1D : FE;
 2E1E : FE;
 2E1F : FE;
 2E20 : FE;
 2E21 : FE;
 2E22 : FE;
 2E23 : FE;
 2E24 : FE;
 2E25 : FE;
 2E26 : FE;
 2E27 : FE;
 2E28 : FE;
 2E29 : FE;
 2E2A : FE;
 2E2B : FE;
 2E2C : FE;
 2E2D : FE;
 2E2E : FE;
 2E2F : FE;
 2E30 : FE;
 2E31 : FE;
 2E32 : FE;
 2E33 : FE;
 2E34 : FE;
 2E35 : FE;
 2E36 : FE;
 2E37 : FE;
 2E38 : FE;
 2E39 : FE;
 2E3A : FE;
 2E3B : FE;
 2E3C : FE;
 2E3D : FE;
 2E3E : FE;
 2E3F : FE;
 2E40 : FE;
 2E41 : FE;
 2E42 : FE;
 2E43 : FE;
 2E44 : FE;
 2E45 : FE;
 2E46 : FE;
 2E47 : FE;
 2E48 : FE;
 2E49 : FE;
 2E4A : FE;
 2E4B : FE;
 2E4C : FE;
 2E4D : FE;
 2E4E : FE;
 2E4F : FE;
 2E50 : FE;
 2E51 : FE;
 2E52 : FE;
 2E53 : FE;
 2E54 : FE;
 2E55 : FE;
 2E56 : FE;
 2E57 : FE;
 2E58 : FE;
 2E59 : FE;
 2E5A : FE;
 2E5B : FE;
 2E5C : FE;
 2E5D : FE;
 2E5E : FE;
 2E5F : FE;
 2E60 : FE;
 2E61 : FE;
 2E62 : FE;
 2E63 : FE;
 2E64 : FE;
 2E65 : FE;
 2E66 : FE;
 2E67 : FE;
 2E68 : FE;
 2E69 : FE;
 2E6A : FE;
 2E6B : FE;
 2E6C : FE;
 2E6D : FE;
 2E6E : FE;
 2E6F : FE;
 2E70 : FE;
 2E71 : FE;
 2E72 : FE;
 2E73 : FE;
 2E74 : FE;
 2E75 : FE;
 2E76 : FE;
 2E77 : FE;
 2E78 : FE;
 2E79 : FE;
 2E7A : FE;
 2E7B : FE;
 2E7C : FE;
 2E7D : FE;
 2E7E : FE;
 2E7F : FE;
 2E80 : FE;
 2E81 : FE;
 2E82 : FE;
 2E83 : FE;
 2E84 : FE;
 2E85 : FE;
 2E86 : FE;
 2E87 : FE;
 2E88 : FE;
 2E89 : FE;
 2E8A : FE;
 2E8B : FE;
 2E8C : FE;
 2E8D : FE;
 2E8E : FE;
 2E8F : FE;
 2E90 : FE;
 2E91 : FE;
 2E92 : FE;
 2E93 : FE;
 2E94 : FE;
 2E95 : FE;
 2E96 : FE;
 2E97 : FE;
 2E98 : FE;
 2E99 : FE;
 2E9A : FE;
 2E9B : FE;
 2E9C : FE;
 2E9D : FE;
 2E9E : FE;
 2E9F : FE;
 2EA0 : FE;
 2EA1 : FE;
 2EA2 : FE;
 2EA3 : FE;
 2EA4 : FE;
 2EA5 : FE;
 2EA6 : FE;
 2EA7 : FE;
 2EA8 : FE;
 2EA9 : FE;
 2EAA : FE;
 2EAB : FE;
 2EAC : FE;
 2EAD : FE;
 2EAE : FE;
 2EAF : FE;
 2EB0 : FE;
 2EB1 : FE;
 2EB2 : FE;
 2EB3 : FE;
 2EB4 : FE;
 2EB5 : FE;
 2EB6 : FE;
 2EB7 : FE;
 2EB8 : FE;
 2EB9 : FE;
 2EBA : FE;
 2EBB : FE;
 2EBC : FE;
 2EBD : FE;
 2EBE : FE;
 2EBF : FE;
 2EC0 : FE;
 2EC1 : FE;
 2EC2 : FE;
 2EC3 : FE;
 2EC4 : FE;
 2EC5 : FE;
 2EC6 : FE;
 2EC7 : FE;
 2EC8 : FE;
 2EC9 : FE;
 2ECA : FE;
 2ECB : FE;
 2ECC : FE;
 2ECD : FE;
 2ECE : FE;
 2ECF : FE;
 2ED0 : FE;
 2ED1 : FE;
 2ED2 : FE;
 2ED3 : FE;
 2ED4 : FE;
 2ED5 : FE;
 2ED6 : FE;
 2ED7 : FE;
 2ED8 : FE;
 2ED9 : FE;
 2EDA : FE;
 2EDB : FE;
 2EDC : FE;
 2EDD : FE;
 2EDE : FE;
 2EDF : FE;
 2EE0 : FE;
 2EE1 : FE;
 2EE2 : FE;
 2EE3 : FE;
 2EE4 : FE;
 2EE5 : FE;
 2EE6 : FE;
 2EE7 : FE;
 2EE8 : FE;
 2EE9 : FE;
 2EEA : FE;
 2EEB : FE;
 2EEC : FE;
 2EED : FE;
 2EEE : FE;
 2EEF : FE;
 2EF0 : FE;
 2EF1 : FE;
 2EF2 : FE;
 2EF3 : FE;
 2EF4 : FE;
 2EF5 : FE;
 2EF6 : FE;
 2EF7 : FE;
 2EF8 : FE;
 2EF9 : FE;
 2EFA : FE;
 2EFB : FE;
 2EFC : FE;
 2EFD : FE;
 2EFE : FE;
 2EFF : FE;
 2F00 : FE;
 2F01 : FE;
 2F02 : FE;
 2F03 : FE;
 2F04 : FE;
 2F05 : FE;
 2F06 : FE;
 2F07 : FE;
 2F08 : FE;
 2F09 : FE;
 2F0A : FE;
 2F0B : FE;
 2F0C : FE;
 2F0D : FE;
 2F0E : FE;
 2F0F : FE;
 2F10 : FE;
 2F11 : FE;
 2F12 : FE;
 2F13 : FE;
 2F14 : FE;
 2F15 : FE;
 2F16 : FE;
 2F17 : FE;
 2F18 : FE;
 2F19 : FE;
 2F1A : FE;
 2F1B : FE;
 2F1C : FE;
 2F1D : FE;
 2F1E : FE;
 2F1F : FE;
 2F20 : FE;
 2F21 : FE;
 2F22 : FE;
 2F23 : FE;
 2F24 : FE;
 2F25 : FE;
 2F26 : FE;
 2F27 : FE;
 2F28 : FE;
 2F29 : FE;
 2F2A : FE;
 2F2B : FE;
 2F2C : FE;
 2F2D : FE;
 2F2E : FE;
 2F2F : FE;
 2F30 : FE;
 2F31 : FE;
 2F32 : FE;
 2F33 : FE;
 2F34 : FE;
 2F35 : FE;
 2F36 : FE;
 2F37 : FE;
 2F38 : FE;
 2F39 : FE;
 2F3A : FE;
 2F3B : FE;
 2F3C : FE;
 2F3D : FE;
 2F3E : FE;
 2F3F : FE;
 2F40 : FE;
 2F41 : FE;
 2F42 : FE;
 2F43 : FE;
 2F44 : FE;
 2F45 : FE;
 2F46 : FE;
 2F47 : FE;
 2F48 : FE;
 2F49 : FE;
 2F4A : FE;
 2F4B : FE;
 2F4C : FE;
 2F4D : FE;
 2F4E : FE;
 2F4F : FE;
 2F50 : FE;
 2F51 : FE;
 2F52 : FE;
 2F53 : FE;
 2F54 : FE;
 2F55 : FE;
 2F56 : FE;
 2F57 : FE;
 2F58 : FE;
 2F59 : FE;
 2F5A : FE;
 2F5B : FE;
 2F5C : FE;
 2F5D : FE;
 2F5E : FE;
 2F5F : FE;
 2F60 : FE;
 2F61 : FE;
 2F62 : FE;
 2F63 : FE;
 2F64 : FE;
 2F65 : FE;
 2F66 : FE;
 2F67 : FE;
 2F68 : FE;
 2F69 : FE;
 2F6A : FE;
 2F6B : FE;
 2F6C : FE;
 2F6D : FE;
 2F6E : FE;
 2F6F : FE;
 2F70 : FE;
 2F71 : FE;
 2F72 : FE;
 2F73 : FE;
 2F74 : FE;
 2F75 : FE;
 2F76 : FE;
 2F77 : FE;
 2F78 : FE;
 2F79 : FE;
 2F7A : FE;
 2F7B : FE;
 2F7C : FE;
 2F7D : FE;
 2F7E : FE;
 2F7F : FE;
 2F80 : FE;
 2F81 : FE;
 2F82 : FE;
 2F83 : FE;
 2F84 : FE;
 2F85 : FE;
 2F86 : FE;
 2F87 : FE;
 2F88 : FE;
 2F89 : FE;
 2F8A : FE;
 2F8B : FE;
 2F8C : FE;
 2F8D : FE;
 2F8E : FE;
 2F8F : FE;
 2F90 : FE;
 2F91 : FE;
 2F92 : FE;
 2F93 : FE;
 2F94 : FE;
 2F95 : FE;
 2F96 : FE;
 2F97 : FE;
 2F98 : FE;
 2F99 : FE;
 2F9A : FE;
 2F9B : FE;
 2F9C : FE;
 2F9D : FE;
 2F9E : FE;
 2F9F : FE;
 2FA0 : FE;
 2FA1 : FE;
 2FA2 : FE;
 2FA3 : FE;
 2FA4 : FE;
 2FA5 : FE;
 2FA6 : FE;
 2FA7 : FE;
 2FA8 : FE;
 2FA9 : FE;
 2FAA : FE;
 2FAB : FE;
 2FAC : FE;
 2FAD : FE;
 2FAE : FE;
 2FAF : FE;
 2FB0 : FE;
 2FB1 : FE;
 2FB2 : FE;
 2FB3 : FE;
 2FB4 : FE;
 2FB5 : FE;
 2FB6 : FE;
 2FB7 : FE;
 2FB8 : FE;
 2FB9 : FE;
 2FBA : FE;
 2FBB : FE;
 2FBC : FE;
 2FBD : FE;
 2FBE : FE;
 2FBF : FE;
 2FC0 : FE;
 2FC1 : FE;
 2FC2 : FE;
 2FC3 : FE;
 2FC4 : FE;
 2FC5 : FE;
 2FC6 : FE;
 2FC7 : FE;
 2FC8 : FE;
 2FC9 : FE;
 2FCA : FE;
 2FCB : FE;
 2FCC : FE;
 2FCD : FE;
 2FCE : FE;
 2FCF : FE;
 2FD0 : FE;
 2FD1 : FE;
 2FD2 : FE;
 2FD3 : FE;
 2FD4 : FE;
 2FD5 : FE;
 2FD6 : FE;
 2FD7 : FE;
 2FD8 : FE;
 2FD9 : FE;
 2FDA : FE;
 2FDB : FE;
 2FDC : FE;
 2FDD : FE;
 2FDE : FE;
 2FDF : FE;
 2FE0 : FE;
 2FE1 : FE;
 2FE2 : FE;
 2FE3 : FE;
 2FE4 : FE;
 2FE5 : FE;
 2FE6 : FE;
 2FE7 : FE;
 2FE8 : FE;
 2FE9 : FE;
 2FEA : FE;
 2FEB : FE;
 2FEC : FE;
 2FED : FE;
 2FEE : FE;
 2FEF : FE;
 2FF0 : FE;
 2FF1 : FE;
 2FF2 : FE;
 2FF3 : FE;
 2FF4 : FE;
 2FF5 : FE;
 2FF6 : FE;
 2FF7 : FE;
 2FF8 : FE;
 2FF9 : FE;
 2FFA : FE;
 2FFB : FE;
 2FFC : FE;
 2FFD : FE;
 2FFE : FE;
 2FFF : FE;
 3000 : FE;
 3001 : FE;
 3002 : FE;
 3003 : FE;
 3004 : FE;
 3005 : FE;
 3006 : FE;
 3007 : FE;
 3008 : FE;
 3009 : FE;
 300A : FE;
 300B : FE;
 300C : FE;
 300D : FE;
 300E : FE;
 300F : FE;
 3010 : FE;
 3011 : FE;
 3012 : FE;
 3013 : FE;
 3014 : FE;
 3015 : FE;
 3016 : FE;
 3017 : FE;
 3018 : FE;
 3019 : FE;
 301A : FE;
 301B : FE;
 301C : FE;
 301D : FE;
 301E : FE;
 301F : FE;
 3020 : FE;
 3021 : FE;
 3022 : FE;
 3023 : FE;
 3024 : FE;
 3025 : FE;
 3026 : FE;
 3027 : FE;
 3028 : FE;
 3029 : FE;
 302A : FE;
 302B : FE;
 302C : FE;
 302D : FE;
 302E : FE;
 302F : FE;
 3030 : FE;
 3031 : FE;
 3032 : FE;
 3033 : FE;
 3034 : FE;
 3035 : FE;
 3036 : FE;
 3037 : FE;
 3038 : FE;
 3039 : FE;
 303A : FE;
 303B : FE;
 303C : FE;
 303D : FE;
 303E : FE;
 303F : FE;
 3040 : FE;
 3041 : FE;
 3042 : FE;
 3043 : FE;
 3044 : FE;
 3045 : FE;
 3046 : FE;
 3047 : FE;
 3048 : FE;
 3049 : FE;
 304A : FE;
 304B : FE;
 304C : FE;
 304D : FE;
 304E : FE;
 304F : FE;
 3050 : FE;
 3051 : FE;
 3052 : FE;
 3053 : FE;
 3054 : FE;
 3055 : FE;
 3056 : FE;
 3057 : FE;
 3058 : FE;
 3059 : FE;
 305A : FE;
 305B : FE;
 305C : FE;
 305D : FE;
 305E : FE;
 305F : FE;
 3060 : FE;
 3061 : FE;
 3062 : FE;
 3063 : FE;
 3064 : FE;
 3065 : FE;
 3066 : FE;
 3067 : FE;
 3068 : FE;
 3069 : FE;
 306A : FE;
 306B : FE;
 306C : FE;
 306D : FE;
 306E : FE;
 306F : FE;
 3070 : FE;
 3071 : FE;
 3072 : FE;
 3073 : FE;
 3074 : FE;
 3075 : FE;
 3076 : FE;
 3077 : FE;
 3078 : FE;
 3079 : FE;
 307A : FE;
 307B : FE;
 307C : FE;
 307D : FE;
 307E : FE;
 307F : FE;
 3080 : FE;
 3081 : FE;
 3082 : FE;
 3083 : FE;
 3084 : FE;
 3085 : FE;
 3086 : FE;
 3087 : FE;
 3088 : FE;
 3089 : FE;
 308A : FE;
 308B : FE;
 308C : FE;
 308D : FE;
 308E : FE;
 308F : FE;
 3090 : FE;
 3091 : FE;
 3092 : FE;
 3093 : FE;
 3094 : FE;
 3095 : FE;
 3096 : FE;
 3097 : FE;
 3098 : FE;
 3099 : FE;
 309A : FE;
 309B : FE;
 309C : FE;
 309D : FE;
 309E : FE;
 309F : FE;
 30A0 : FE;
 30A1 : FE;
 30A2 : FE;
 30A3 : FE;
 30A4 : FE;
 30A5 : FE;
 30A6 : FE;
 30A7 : FE;
 30A8 : FE;
 30A9 : FE;
 30AA : FE;
 30AB : FE;
 30AC : FE;
 30AD : FE;
 30AE : FE;
 30AF : FE;
 30B0 : FE;
 30B1 : FE;
 30B2 : FE;
 30B3 : FE;
 30B4 : FE;
 30B5 : FE;
 30B6 : FE;
 30B7 : FE;
 30B8 : FE;
 30B9 : FE;
 30BA : FE;
 30BB : FE;
 30BC : FE;
 30BD : FE;
 30BE : FE;
 30BF : FE;
 30C0 : FE;
 30C1 : FE;
 30C2 : FE;
 30C3 : FE;
 30C4 : FE;
 30C5 : FE;
 30C6 : FE;
 30C7 : FE;
 30C8 : FE;
 30C9 : FE;
 30CA : FE;
 30CB : FE;
 30CC : FE;
 30CD : FE;
 30CE : FE;
 30CF : FE;
 30D0 : FE;
 30D1 : FE;
 30D2 : FE;
 30D3 : FE;
 30D4 : FE;
 30D5 : FE;
 30D6 : FE;
 30D7 : FE;
 30D8 : FE;
 30D9 : FE;
 30DA : FE;
 30DB : FE;
 30DC : FE;
 30DD : FE;
 30DE : FE;
 30DF : FE;
 30E0 : FE;
 30E1 : FE;
 30E2 : FE;
 30E3 : FE;
 30E4 : FE;
 30E5 : FE;
 30E6 : FE;
 30E7 : FE;
 30E8 : FE;
 30E9 : FE;
 30EA : FE;
 30EB : FE;
 30EC : FE;
 30ED : FE;
 30EE : FE;
 30EF : FE;
 30F0 : FE;
 30F1 : FE;
 30F2 : FE;
 30F3 : FE;
 30F4 : FE;
 30F5 : FE;
 30F6 : FE;
 30F7 : FE;
 30F8 : FE;
 30F9 : FE;
 30FA : FE;
 30FB : FE;
 30FC : FE;
 30FD : FE;
 30FE : FE;
 30FF : FE;
 3100 : FE;
 3101 : FE;
 3102 : FE;
 3103 : FE;
 3104 : FE;
 3105 : FE;
 3106 : FE;
 3107 : FE;
 3108 : FE;
 3109 : FE;
 310A : FE;
 310B : FE;
 310C : FE;
 310D : FE;
 310E : FE;
 310F : FE;
 3110 : FE;
 3111 : FE;
 3112 : FE;
 3113 : FE;
 3114 : FE;
 3115 : FE;
 3116 : FE;
 3117 : FE;
 3118 : FE;
 3119 : FE;
 311A : FE;
 311B : FE;
 311C : FE;
 311D : FE;
 311E : FE;
 311F : FE;
 3120 : FE;
 3121 : FE;
 3122 : FE;
 3123 : FE;
 3124 : FE;
 3125 : FE;
 3126 : FE;
 3127 : FE;
 3128 : FE;
 3129 : FE;
 312A : FE;
 312B : FE;
 312C : FE;
 312D : FE;
 312E : FE;
 312F : FE;
 3130 : FE;
 3131 : FE;
 3132 : FE;
 3133 : FE;
 3134 : FE;
 3135 : FE;
 3136 : FE;
 3137 : FE;
 3138 : FE;
 3139 : FE;
 313A : FE;
 313B : FE;
 313C : FE;
 313D : FE;
 313E : FE;
 313F : FE;
 3140 : FE;
 3141 : FE;
 3142 : FE;
 3143 : FE;
 3144 : FE;
 3145 : FE;
 3146 : FE;
 3147 : FE;
 3148 : FE;
 3149 : FE;
 314A : FE;
 314B : FE;
 314C : FE;
 314D : FE;
 314E : FE;
 314F : FE;
 3150 : FE;
 3151 : FE;
 3152 : FE;
 3153 : FE;
 3154 : FE;
 3155 : FE;
 3156 : FE;
 3157 : FE;
 3158 : FE;
 3159 : FE;
 315A : FE;
 315B : FE;
 315C : FE;
 315D : FE;
 315E : FE;
 315F : FE;
 3160 : FE;
 3161 : FE;
 3162 : FE;
 3163 : FE;
 3164 : FE;
 3165 : FE;
 3166 : FE;
 3167 : FE;
 3168 : FE;
 3169 : FE;
 316A : FE;
 316B : FE;
 316C : FE;
 316D : FE;
 316E : FE;
 316F : FE;
 3170 : FE;
 3171 : FE;
 3172 : FE;
 3173 : FE;
 3174 : FE;
 3175 : FE;
 3176 : FE;
 3177 : FE;
 3178 : FE;
 3179 : FE;
 317A : FE;
 317B : FE;
 317C : FE;
 317D : FE;
 317E : FE;
 317F : FE;
 3180 : FE;
 3181 : FE;
 3182 : FE;
 3183 : FE;
 3184 : FE;
 3185 : FE;
 3186 : FE;
 3187 : FE;
 3188 : FE;
 3189 : FE;
 318A : FE;
 318B : FE;
 318C : FE;
 318D : FE;
 318E : FE;
 318F : FE;
 3190 : FE;
 3191 : FE;
 3192 : FE;
 3193 : FE;
 3194 : FE;
 3195 : FE;
 3196 : FE;
 3197 : FE;
 3198 : FE;
 3199 : FE;
 319A : FE;
 319B : FE;
 319C : FE;
 319D : FE;
 319E : FE;
 319F : FE;
 31A0 : FE;
 31A1 : FE;
 31A2 : FE;
 31A3 : FE;
 31A4 : FE;
 31A5 : FE;
 31A6 : FE;
 31A7 : FE;
 31A8 : FE;
 31A9 : FE;
 31AA : FE;
 31AB : FE;
 31AC : FE;
 31AD : FE;
 31AE : FE;
 31AF : FE;
 31B0 : FE;
 31B1 : FE;
 31B2 : FE;
 31B3 : FE;
 31B4 : FE;
 31B5 : FE;
 31B6 : FE;
 31B7 : FE;
 31B8 : FE;
 31B9 : FE;
 31BA : FE;
 31BB : FE;
 31BC : FE;
 31BD : FE;
 31BE : FE;
 31BF : FE;
 31C0 : FE;
 31C1 : FE;
 31C2 : FE;
 31C3 : FE;
 31C4 : FE;
 31C5 : FE;
 31C6 : FE;
 31C7 : FE;
 31C8 : FE;
 31C9 : FE;
 31CA : FE;
 31CB : FE;
 31CC : FE;
 31CD : FE;
 31CE : FE;
 31CF : FE;
 31D0 : FE;
 31D1 : FE;
 31D2 : FE;
 31D3 : FE;
 31D4 : FE;
 31D5 : FE;
 31D6 : FE;
 31D7 : FE;
 31D8 : FE;
 31D9 : FE;
 31DA : FE;
 31DB : FE;
 31DC : FE;
 31DD : FE;
 31DE : FE;
 31DF : FE;
 31E0 : FE;
 31E1 : FE;
 31E2 : FE;
 31E3 : FE;
 31E4 : FE;
 31E5 : FE;
 31E6 : FE;
 31E7 : FE;
 31E8 : FE;
 31E9 : FE;
 31EA : FE;
 31EB : FE;
 31EC : FE;
 31ED : FE;
 31EE : FE;
 31EF : FE;
 31F0 : FE;
 31F1 : FE;
 31F2 : FE;
 31F3 : FE;
 31F4 : FE;
 31F5 : FE;
 31F6 : FE;
 31F7 : FE;
 31F8 : FE;
 31F9 : FE;
 31FA : FE;
 31FB : FE;
 31FC : FE;
 31FD : FE;
 31FE : FE;
 31FF : FE;
 3200 : FE;
 3201 : FE;
 3202 : FE;
 3203 : FE;
 3204 : FE;
 3205 : FE;
 3206 : FE;
 3207 : FE;
 3208 : FE;
 3209 : FE;
 320A : FE;
 320B : FE;
 320C : FE;
 320D : FE;
 320E : FE;
 320F : FE;
 3210 : FE;
 3211 : FE;
 3212 : FE;
 3213 : FE;
 3214 : FE;
 3215 : FE;
 3216 : FE;
 3217 : FE;
 3218 : FE;
 3219 : FE;
 321A : FE;
 321B : FE;
 321C : FE;
 321D : FE;
 321E : FE;
 321F : FE;
 3220 : FE;
 3221 : FE;
 3222 : FE;
 3223 : FE;
 3224 : FE;
 3225 : FE;
 3226 : FE;
 3227 : FE;
 3228 : FE;
 3229 : FE;
 322A : FE;
 322B : FE;
 322C : FE;
 322D : FE;
 322E : FE;
 322F : FE;
 3230 : FE;
 3231 : FE;
 3232 : FE;
 3233 : FE;
 3234 : FE;
 3235 : FE;
 3236 : FE;
 3237 : FE;
 3238 : FE;
 3239 : FE;
 323A : FE;
 323B : FE;
 323C : FE;
 323D : FE;
 323E : FE;
 323F : FE;
 3240 : FE;
 3241 : FE;
 3242 : FE;
 3243 : FE;
 3244 : FE;
 3245 : FE;
 3246 : FE;
 3247 : FE;
 3248 : FE;
 3249 : FE;
 324A : FE;
 324B : FE;
 324C : FE;
 324D : FE;
 324E : FE;
 324F : FE;
 3250 : FE;
 3251 : FE;
 3252 : FE;
 3253 : FE;
 3254 : FE;
 3255 : FE;
 3256 : FE;
 3257 : FE;
 3258 : FE;
 3259 : FE;
 325A : FE;
 325B : FE;
 325C : FE;
 325D : FE;
 325E : FE;
 325F : FE;
 3260 : FE;
 3261 : FE;
 3262 : FE;
 3263 : FE;
 3264 : FE;
 3265 : FE;
 3266 : FE;
 3267 : FE;
 3268 : FE;
 3269 : FE;
 326A : FE;
 326B : FE;
 326C : FE;
 326D : FE;
 326E : FE;
 326F : FE;
 3270 : FE;
 3271 : FE;
 3272 : FE;
 3273 : FE;
 3274 : FE;
 3275 : FE;
 3276 : FE;
 3277 : FE;
 3278 : FE;
 3279 : FE;
 327A : FE;
 327B : FE;
 327C : FE;
 327D : FE;
 327E : FE;
 327F : FE;
 3280 : FE;
 3281 : FE;
 3282 : FE;
 3283 : FE;
 3284 : FE;
 3285 : FE;
 3286 : FE;
 3287 : FE;
 3288 : FE;
 3289 : FE;
 328A : FE;
 328B : FE;
 328C : FE;
 328D : FE;
 328E : FE;
 328F : FE;
 3290 : FE;
 3291 : FE;
 3292 : FE;
 3293 : FE;
 3294 : FE;
 3295 : FE;
 3296 : FE;
 3297 : FE;
 3298 : FE;
 3299 : FE;
 329A : FE;
 329B : FE;
 329C : FE;
 329D : FE;
 329E : FE;
 329F : FE;
 32A0 : FE;
 32A1 : FE;
 32A2 : FE;
 32A3 : FE;
 32A4 : FE;
 32A5 : FE;
 32A6 : FE;
 32A7 : FE;
 32A8 : FE;
 32A9 : FE;
 32AA : FE;
 32AB : FE;
 32AC : FE;
 32AD : FE;
 32AE : FE;
 32AF : FE;
 32B0 : FE;
 32B1 : FE;
 32B2 : FE;
 32B3 : FE;
 32B4 : FE;
 32B5 : FE;
 32B6 : FE;
 32B7 : FE;
 32B8 : FE;
 32B9 : FE;
 32BA : FE;
 32BB : FE;
 32BC : FE;
 32BD : FE;
 32BE : FE;
 32BF : FE;
 32C0 : FE;
 32C1 : FE;
 32C2 : FE;
 32C3 : FE;
 32C4 : FE;
 32C5 : FE;
 32C6 : FE;
 32C7 : FE;
 32C8 : FE;
 32C9 : FE;
 32CA : FE;
 32CB : FE;
 32CC : FE;
 32CD : FE;
 32CE : FE;
 32CF : FE;
 32D0 : FE;
 32D1 : FE;
 32D2 : FE;
 32D3 : FE;
 32D4 : FE;
 32D5 : FE;
 32D6 : FE;
 32D7 : FE;
 32D8 : FE;
 32D9 : FE;
 32DA : FE;
 32DB : FE;
 32DC : FE;
 32DD : FE;
 32DE : FE;
 32DF : FE;
 32E0 : FE;
 32E1 : FE;
 32E2 : FE;
 32E3 : FE;
 32E4 : FE;
 32E5 : FE;
 32E6 : FE;
 32E7 : FE;
 32E8 : FE;
 32E9 : FE;
 32EA : FE;
 32EB : FE;
 32EC : FE;
 32ED : FE;
 32EE : FE;
 32EF : FE;
 32F0 : FE;
 32F1 : FE;
 32F2 : FE;
 32F3 : FE;
 32F4 : FE;
 32F5 : FE;
 32F6 : FE;
 32F7 : FE;
 32F8 : FE;
 32F9 : FE;
 32FA : FE;
 32FB : FE;
 32FC : FE;
 32FD : FE;
 32FE : FE;
 32FF : FE;
 3300 : FE;
 3301 : FE;
 3302 : FE;
 3303 : FE;
 3304 : FE;
 3305 : FE;
 3306 : FE;
 3307 : FE;
 3308 : FE;
 3309 : FE;
 330A : FE;
 330B : FE;
 330C : FE;
 330D : FE;
 330E : FE;
 330F : FE;
 3310 : FE;
 3311 : FE;
 3312 : FE;
 3313 : FE;
 3314 : FE;
 3315 : FE;
 3316 : FE;
 3317 : FE;
 3318 : FE;
 3319 : FE;
 331A : FE;
 331B : FE;
 331C : FE;
 331D : FE;
 331E : FE;
 331F : FE;
 3320 : FE;
 3321 : FE;
 3322 : FE;
 3323 : FE;
 3324 : FE;
 3325 : FE;
 3326 : FE;
 3327 : FE;
 3328 : FE;
 3329 : FE;
 332A : FE;
 332B : FE;
 332C : FE;
 332D : FE;
 332E : FE;
 332F : FE;
 3330 : FE;
 3331 : FE;
 3332 : FE;
 3333 : FE;
 3334 : FE;
 3335 : FE;
 3336 : FE;
 3337 : FE;
 3338 : FE;
 3339 : FE;
 333A : FE;
 333B : FE;
 333C : FE;
 333D : FE;
 333E : FE;
 333F : FE;
 3340 : FE;
 3341 : FE;
 3342 : FE;
 3343 : FE;
 3344 : FE;
 3345 : FE;
 3346 : FE;
 3347 : FE;
 3348 : FE;
 3349 : FE;
 334A : FE;
 334B : FE;
 334C : FE;
 334D : FE;
 334E : FE;
 334F : FE;
 3350 : FE;
 3351 : FE;
 3352 : FE;
 3353 : FE;
 3354 : FE;
 3355 : FE;
 3356 : FE;
 3357 : FE;
 3358 : FE;
 3359 : FE;
 335A : FE;
 335B : FE;
 335C : FE;
 335D : FE;
 335E : FE;
 335F : FE;
 3360 : FE;
 3361 : FE;
 3362 : FE;
 3363 : FE;
 3364 : FE;
 3365 : FE;
 3366 : FE;
 3367 : FE;
 3368 : FE;
 3369 : FE;
 336A : FE;
 336B : FE;
 336C : FE;
 336D : FE;
 336E : FE;
 336F : FE;
 3370 : FE;
 3371 : FE;
 3372 : FE;
 3373 : FE;
 3374 : FE;
 3375 : FE;
 3376 : FE;
 3377 : FE;
 3378 : FE;
 3379 : FE;
 337A : FE;
 337B : FE;
 337C : FE;
 337D : FE;
 337E : FE;
 337F : FE;
 3380 : FE;
 3381 : FE;
 3382 : FE;
 3383 : FE;
 3384 : FE;
 3385 : FE;
 3386 : FE;
 3387 : FE;
 3388 : FE;
 3389 : FE;
 338A : FE;
 338B : FE;
 338C : FE;
 338D : FE;
 338E : FE;
 338F : FE;
 3390 : FE;
 3391 : FE;
 3392 : FE;
 3393 : FE;
 3394 : FE;
 3395 : FE;
 3396 : FE;
 3397 : FE;
 3398 : FE;
 3399 : FE;
 339A : FE;
 339B : FE;
 339C : FE;
 339D : FE;
 339E : FE;
 339F : FE;
 33A0 : FE;
 33A1 : FE;
 33A2 : FE;
 33A3 : FE;
 33A4 : FE;
 33A5 : FE;
 33A6 : FE;
 33A7 : FE;
 33A8 : FE;
 33A9 : FE;
 33AA : FE;
 33AB : FE;
 33AC : FE;
 33AD : FE;
 33AE : FE;
 33AF : FE;
 33B0 : FE;
 33B1 : FE;
 33B2 : FE;
 33B3 : FE;
 33B4 : FE;
 33B5 : FE;
 33B6 : FE;
 33B7 : FE;
 33B8 : FE;
 33B9 : FE;
 33BA : FE;
 33BB : FE;
 33BC : FE;
 33BD : FE;
 33BE : FE;
 33BF : FE;
 33C0 : FE;
 33C1 : FE;
 33C2 : FE;
 33C3 : FE;
 33C4 : FE;
 33C5 : FE;
 33C6 : FE;
 33C7 : FE;
 33C8 : FE;
 33C9 : FE;
 33CA : FE;
 33CB : FE;
 33CC : FE;
 33CD : FE;
 33CE : FE;
 33CF : FE;
 33D0 : FE;
 33D1 : FE;
 33D2 : FE;
 33D3 : FE;
 33D4 : FE;
 33D5 : FE;
 33D6 : FE;
 33D7 : FE;
 33D8 : FE;
 33D9 : FE;
 33DA : FE;
 33DB : FE;
 33DC : FE;
 33DD : FE;
 33DE : FE;
 33DF : FE;
 33E0 : FE;
 33E1 : FE;
 33E2 : FE;
 33E3 : FE;
 33E4 : FE;
 33E5 : FE;
 33E6 : FE;
 33E7 : FE;
 33E8 : FE;
 33E9 : FE;
 33EA : FE;
 33EB : FE;
 33EC : FE;
 33ED : FE;
 33EE : FE;
 33EF : FE;
 33F0 : FE;
 33F1 : FE;
 33F2 : FE;
 33F3 : FE;
 33F4 : FE;
 33F5 : FE;
 33F6 : FE;
 33F7 : FE;
 33F8 : FE;
 33F9 : FE;
 33FA : FE;
 33FB : FE;
 33FC : FE;
 33FD : FE;
 33FE : FE;
 33FF : FE;
 3400 : FE;
 3401 : FE;
 3402 : FE;
 3403 : FE;
 3404 : FE;
 3405 : FE;
 3406 : FE;
 3407 : FE;
 3408 : FE;
 3409 : FE;
 340A : FE;
 340B : FE;
 340C : FE;
 340D : FE;
 340E : FE;
 340F : FE;
 3410 : FE;
 3411 : FE;
 3412 : FE;
 3413 : FE;
 3414 : FE;
 3415 : FE;
 3416 : FE;
 3417 : FE;
 3418 : FE;
 3419 : FE;
 341A : FE;
 341B : FE;
 341C : FE;
 341D : FE;
 341E : FE;
 341F : FE;
 3420 : FE;
 3421 : FE;
 3422 : FE;
 3423 : FE;
 3424 : FE;
 3425 : FE;
 3426 : FE;
 3427 : FE;
 3428 : FE;
 3429 : FE;
 342A : FE;
 342B : FE;
 342C : FE;
 342D : FE;
 342E : FE;
 342F : FE;
 3430 : FE;
 3431 : FE;
 3432 : FE;
 3433 : FE;
 3434 : FE;
 3435 : FE;
 3436 : FE;
 3437 : FE;
 3438 : FE;
 3439 : FE;
 343A : FE;
 343B : FE;
 343C : FE;
 343D : FE;
 343E : FE;
 343F : FE;
 3440 : FE;
 3441 : FE;
 3442 : FE;
 3443 : FE;
 3444 : FE;
 3445 : FE;
 3446 : FE;
 3447 : FE;
 3448 : FE;
 3449 : FE;
 344A : FE;
 344B : FE;
 344C : FE;
 344D : FE;
 344E : FE;
 344F : FE;
 3450 : FE;
 3451 : FE;
 3452 : FE;
 3453 : FE;
 3454 : FE;
 3455 : FE;
 3456 : FE;
 3457 : FE;
 3458 : FE;
 3459 : FE;
 345A : FE;
 345B : FE;
 345C : FE;
 345D : FE;
 345E : FE;
 345F : FE;
 3460 : FE;
 3461 : FE;
 3462 : FE;
 3463 : FE;
 3464 : FE;
 3465 : FE;
 3466 : FE;
 3467 : FE;
 3468 : FE;
 3469 : FE;
 346A : FE;
 346B : FE;
 346C : FE;
 346D : FE;
 346E : FE;
 346F : FE;
 3470 : FE;
 3471 : FE;
 3472 : FE;
 3473 : FE;
 3474 : FE;
 3475 : FE;
 3476 : FE;
 3477 : FE;
 3478 : FE;
 3479 : FE;
 347A : FE;
 347B : FE;
 347C : FE;
 347D : FE;
 347E : FE;
 347F : FE;
 3480 : FE;
 3481 : FE;
 3482 : FE;
 3483 : FE;
 3484 : FE;
 3485 : FE;
 3486 : FE;
 3487 : FE;
 3488 : FE;
 3489 : FE;
 348A : FE;
 348B : FE;
 348C : FE;
 348D : FE;
 348E : FE;
 348F : FE;
 3490 : FE;
 3491 : FE;
 3492 : FE;
 3493 : FE;
 3494 : FE;
 3495 : FE;
 3496 : FE;
 3497 : FE;
 3498 : FE;
 3499 : FE;
 349A : FE;
 349B : FE;
 349C : FE;
 349D : FE;
 349E : FE;
 349F : FE;
 34A0 : FE;
 34A1 : FE;
 34A2 : FE;
 34A3 : FE;
 34A4 : FE;
 34A5 : FE;
 34A6 : FE;
 34A7 : FE;
 34A8 : FE;
 34A9 : FE;
 34AA : FE;
 34AB : FE;
 34AC : FE;
 34AD : FE;
 34AE : FE;
 34AF : FE;
 34B0 : FE;
 34B1 : FE;
 34B2 : FE;
 34B3 : FE;
 34B4 : FE;
 34B5 : FE;
 34B6 : FE;
 34B7 : FE;
 34B8 : FE;
 34B9 : FE;
 34BA : FE;
 34BB : FE;
 34BC : FE;
 34BD : FE;
 34BE : FE;
 34BF : FE;
 34C0 : FE;
 34C1 : FE;
 34C2 : FE;
 34C3 : FE;
 34C4 : FE;
 34C5 : FE;
 34C6 : FE;
 34C7 : FE;
 34C8 : FE;
 34C9 : FE;
 34CA : FE;
 34CB : FE;
 34CC : FE;
 34CD : FE;
 34CE : FE;
 34CF : FE;
 34D0 : FE;
 34D1 : FE;
 34D2 : FE;
 34D3 : FE;
 34D4 : FE;
 34D5 : FE;
 34D6 : FE;
 34D7 : FE;
 34D8 : FE;
 34D9 : FE;
 34DA : FE;
 34DB : FE;
 34DC : FE;
 34DD : FE;
 34DE : FE;
 34DF : FE;
 34E0 : FE;
 34E1 : FE;
 34E2 : FE;
 34E3 : FE;
 34E4 : FE;
 34E5 : FE;
 34E6 : FE;
 34E7 : FE;
 34E8 : FE;
 34E9 : FE;
 34EA : FE;
 34EB : FE;
 34EC : FE;
 34ED : FE;
 34EE : FE;
 34EF : FE;
 34F0 : FE;
 34F1 : FE;
 34F2 : FE;
 34F3 : FE;
 34F4 : FE;
 34F5 : FE;
 34F6 : FE;
 34F7 : FE;
 34F8 : FE;
 34F9 : FE;
 34FA : FE;
 34FB : FE;
 34FC : FE;
 34FD : FE;
 34FE : FE;
 34FF : FE;
 3500 : FE;
 3501 : FE;
 3502 : FE;
 3503 : FE;
 3504 : FE;
 3505 : FE;
 3506 : FE;
 3507 : FE;
 3508 : FE;
 3509 : FE;
 350A : FE;
 350B : FE;
 350C : FE;
 350D : FE;
 350E : FE;
 350F : FE;
 3510 : FE;
 3511 : FE;
 3512 : FE;
 3513 : FE;
 3514 : FE;
 3515 : FE;
 3516 : FE;
 3517 : FE;
 3518 : FE;
 3519 : FE;
 351A : FE;
 351B : FE;
 351C : FE;
 351D : FE;
 351E : FE;
 351F : FE;
 3520 : FE;
 3521 : FE;
 3522 : FE;
 3523 : FE;
 3524 : FE;
 3525 : FE;
 3526 : FE;
 3527 : FE;
 3528 : FE;
 3529 : FE;
 352A : FE;
 352B : FE;
 352C : FE;
 352D : FE;
 352E : FE;
 352F : FE;
 3530 : FE;
 3531 : FE;
 3532 : FE;
 3533 : FE;
 3534 : FE;
 3535 : FE;
 3536 : FE;
 3537 : FE;
 3538 : FE;
 3539 : FE;
 353A : FE;
 353B : FE;
 353C : FE;
 353D : FE;
 353E : FE;
 353F : FE;
 3540 : FE;
 3541 : FE;
 3542 : FE;
 3543 : FE;
 3544 : FE;
 3545 : FE;
 3546 : FE;
 3547 : FE;
 3548 : FE;
 3549 : FE;
 354A : FE;
 354B : FE;
 354C : FE;
 354D : FE;
 354E : FE;
 354F : FE;
 3550 : FE;
 3551 : FE;
 3552 : FE;
 3553 : FE;
 3554 : FE;
 3555 : FE;
 3556 : FE;
 3557 : FE;
 3558 : FE;
 3559 : FE;
 355A : FE;
 355B : FE;
 355C : FE;
 355D : FE;
 355E : FE;
 355F : FE;
 3560 : FE;
 3561 : FE;
 3562 : FE;
 3563 : FE;
 3564 : FE;
 3565 : FE;
 3566 : FE;
 3567 : FE;
 3568 : FE;
 3569 : FE;
 356A : FE;
 356B : FE;
 356C : FE;
 356D : FE;
 356E : FE;
 356F : FE;
 3570 : FE;
 3571 : FE;
 3572 : FE;
 3573 : FE;
 3574 : FE;
 3575 : FE;
 3576 : FE;
 3577 : FE;
 3578 : FE;
 3579 : FE;
 357A : FE;
 357B : FE;
 357C : FE;
 357D : FE;
 357E : FE;
 357F : FE;
 3580 : FE;
 3581 : FE;
 3582 : FE;
 3583 : FE;
 3584 : FE;
 3585 : FE;
 3586 : FE;
 3587 : FE;
 3588 : FE;
 3589 : FE;
 358A : FE;
 358B : FE;
 358C : FE;
 358D : FE;
 358E : FE;
 358F : FE;
 3590 : FE;
 3591 : FE;
 3592 : FE;
 3593 : FE;
 3594 : FE;
 3595 : FE;
 3596 : FE;
 3597 : FE;
 3598 : FE;
 3599 : FE;
 359A : FE;
 359B : FE;
 359C : FE;
 359D : FE;
 359E : FE;
 359F : FE;
 35A0 : FE;
 35A1 : FE;
 35A2 : FE;
 35A3 : FE;
 35A4 : FE;
 35A5 : FE;
 35A6 : FE;
 35A7 : FE;
 35A8 : FE;
 35A9 : FE;
 35AA : FE;
 35AB : FE;
 35AC : FE;
 35AD : FE;
 35AE : FE;
 35AF : FE;
 35B0 : FE;
 35B1 : FE;
 35B2 : FE;
 35B3 : FE;
 35B4 : FE;
 35B5 : FE;
 35B6 : FE;
 35B7 : FE;
 35B8 : FE;
 35B9 : FE;
 35BA : FE;
 35BB : FE;
 35BC : FE;
 35BD : FE;
 35BE : FE;
 35BF : FE;
 35C0 : FE;
 35C1 : FE;
 35C2 : FE;
 35C3 : FE;
 35C4 : FE;
 35C5 : FE;
 35C6 : FE;
 35C7 : FE;
 35C8 : FE;
 35C9 : FE;
 35CA : FE;
 35CB : FE;
 35CC : FE;
 35CD : FE;
 35CE : FE;
 35CF : FE;
 35D0 : FE;
 35D1 : FE;
 35D2 : FE;
 35D3 : FE;
 35D4 : FE;
 35D5 : FE;
 35D6 : FE;
 35D7 : FE;
 35D8 : FE;
 35D9 : FE;
 35DA : FE;
 35DB : FE;
 35DC : FE;
 35DD : FE;
 35DE : FE;
 35DF : FE;
 35E0 : FE;
 35E1 : FE;
 35E2 : FE;
 35E3 : FE;
 35E4 : FE;
 35E5 : FE;
 35E6 : FE;
 35E7 : FE;
 35E8 : FE;
 35E9 : FE;
 35EA : FE;
 35EB : FE;
 35EC : FE;
 35ED : FE;
 35EE : FE;
 35EF : FE;
 35F0 : FE;
 35F1 : FE;
 35F2 : FE;
 35F3 : FE;
 35F4 : FE;
 35F5 : FE;
 35F6 : FE;
 35F7 : FE;
 35F8 : FE;
 35F9 : FE;
 35FA : FE;
 35FB : FE;
 35FC : FE;
 35FD : FE;
 35FE : FE;
 35FF : FE;
 3600 : FE;
 3601 : FE;
 3602 : FE;
 3603 : FE;
 3604 : FE;
 3605 : FE;
 3606 : FE;
 3607 : FE;
 3608 : FE;
 3609 : FE;
 360A : FE;
 360B : FE;
 360C : FE;
 360D : FE;
 360E : FE;
 360F : FE;
 3610 : FE;
 3611 : FE;
 3612 : FE;
 3613 : FE;
 3614 : FE;
 3615 : FE;
 3616 : FE;
 3617 : FE;
 3618 : FE;
 3619 : FE;
 361A : FE;
 361B : FE;
 361C : FE;
 361D : FE;
 361E : FE;
 361F : FE;
 3620 : FE;
 3621 : FE;
 3622 : FE;
 3623 : FE;
 3624 : FE;
 3625 : FE;
 3626 : FE;
 3627 : FE;
 3628 : FE;
 3629 : FE;
 362A : FE;
 362B : FE;
 362C : FE;
 362D : FE;
 362E : FE;
 362F : FE;
 3630 : FE;
 3631 : FE;
 3632 : FE;
 3633 : FE;
 3634 : FE;
 3635 : FE;
 3636 : FE;
 3637 : FE;
 3638 : FE;
 3639 : FE;
 363A : FE;
 363B : FE;
 363C : FE;
 363D : FE;
 363E : FE;
 363F : FE;
 3640 : FE;
 3641 : FE;
 3642 : FE;
 3643 : FE;
 3644 : FE;
 3645 : FE;
 3646 : FE;
 3647 : FE;
 3648 : FE;
 3649 : FE;
 364A : FE;
 364B : FE;
 364C : FE;
 364D : FE;
 364E : FE;
 364F : FE;
 3650 : FE;
 3651 : FE;
 3652 : FE;
 3653 : FE;
 3654 : FE;
 3655 : FE;
 3656 : FE;
 3657 : FE;
 3658 : FE;
 3659 : FE;
 365A : FE;
 365B : FE;
 365C : FE;
 365D : FE;
 365E : FE;
 365F : FE;
 3660 : FE;
 3661 : FE;
 3662 : FE;
 3663 : FE;
 3664 : FE;
 3665 : FE;
 3666 : FE;
 3667 : FE;
 3668 : FE;
 3669 : FE;
 366A : FE;
 366B : FE;
 366C : FE;
 366D : FE;
 366E : FE;
 366F : FE;
 3670 : FE;
 3671 : FE;
 3672 : FE;
 3673 : FE;
 3674 : FE;
 3675 : FE;
 3676 : FE;
 3677 : FE;
 3678 : FE;
 3679 : FE;
 367A : FE;
 367B : FE;
 367C : FE;
 367D : FE;
 367E : FE;
 367F : FE;
 3680 : FE;
 3681 : FE;
 3682 : FE;
 3683 : FE;
 3684 : FE;
 3685 : FE;
 3686 : FE;
 3687 : FE;
 3688 : FE;
 3689 : FE;
 368A : FE;
 368B : FE;
 368C : FE;
 368D : FE;
 368E : FE;
 368F : FE;
 3690 : FE;
 3691 : FE;
 3692 : FE;
 3693 : FE;
 3694 : FE;
 3695 : FE;
 3696 : FE;
 3697 : FE;
 3698 : FE;
 3699 : FE;
 369A : FE;
 369B : FE;
 369C : FE;
 369D : FE;
 369E : FE;
 369F : FE;
 36A0 : FE;
 36A1 : FE;
 36A2 : FE;
 36A3 : FE;
 36A4 : FE;
 36A5 : FE;
 36A6 : FE;
 36A7 : FE;
 36A8 : FE;
 36A9 : FE;
 36AA : FE;
 36AB : FE;
 36AC : FE;
 36AD : FE;
 36AE : FE;
 36AF : FE;
 36B0 : FE;
 36B1 : FE;
 36B2 : FE;
 36B3 : FE;
 36B4 : FE;
 36B5 : FE;
 36B6 : FE;
 36B7 : FE;
 36B8 : FE;
 36B9 : FE;
 36BA : FE;
 36BB : FE;
 36BC : FE;
 36BD : FE;
 36BE : FE;
 36BF : FE;
 36C0 : FE;
 36C1 : FE;
 36C2 : FE;
 36C3 : FE;
 36C4 : FE;
 36C5 : FE;
 36C6 : FE;
 36C7 : FE;
 36C8 : FE;
 36C9 : FE;
 36CA : FE;
 36CB : FE;
 36CC : FE;
 36CD : FE;
 36CE : FE;
 36CF : FE;
 36D0 : FE;
 36D1 : FE;
 36D2 : FE;
 36D3 : FE;
 36D4 : FE;
 36D5 : FE;
 36D6 : FE;
 36D7 : FE;
 36D8 : FE;
 36D9 : FE;
 36DA : FE;
 36DB : FE;
 36DC : FE;
 36DD : FE;
 36DE : FE;
 36DF : FE;
 36E0 : FE;
 36E1 : FE;
 36E2 : FE;
 36E3 : FE;
 36E4 : FE;
 36E5 : FE;
 36E6 : FE;
 36E7 : FE;
 36E8 : FE;
 36E9 : FE;
 36EA : FE;
 36EB : FE;
 36EC : FE;
 36ED : FE;
 36EE : FE;
 36EF : FE;
 36F0 : FE;
 36F1 : FE;
 36F2 : FE;
 36F3 : FE;
 36F4 : FE;
 36F5 : FE;
 36F6 : FE;
 36F7 : FE;
 36F8 : FE;
 36F9 : FE;
 36FA : FE;
 36FB : FE;
 36FC : FE;
 36FD : FE;
 36FE : FE;
 36FF : FE;
 3700 : FE;
 3701 : FE;
 3702 : FE;
 3703 : FE;
 3704 : FE;
 3705 : FE;
 3706 : FE;
 3707 : FE;
 3708 : FE;
 3709 : FE;
 370A : FE;
 370B : FE;
 370C : FE;
 370D : FE;
 370E : FE;
 370F : FE;
 3710 : FE;
 3711 : FE;
 3712 : FE;
 3713 : FE;
 3714 : FE;
 3715 : FE;
 3716 : FE;
 3717 : FE;
 3718 : FE;
 3719 : FE;
 371A : FE;
 371B : FE;
 371C : FE;
 371D : FE;
 371E : FE;
 371F : FE;
 3720 : FE;
 3721 : FE;
 3722 : FE;
 3723 : FE;
 3724 : FE;
 3725 : FE;
 3726 : FE;
 3727 : FE;
 3728 : FE;
 3729 : FE;
 372A : FE;
 372B : FE;
 372C : FE;
 372D : FE;
 372E : FE;
 372F : FE;
 3730 : FE;
 3731 : FE;
 3732 : FE;
 3733 : FE;
 3734 : FE;
 3735 : FE;
 3736 : FE;
 3737 : FE;
 3738 : FE;
 3739 : FE;
 373A : FE;
 373B : FE;
 373C : FE;
 373D : FE;
 373E : FE;
 373F : FE;
 3740 : FE;
 3741 : FE;
 3742 : FE;
 3743 : FE;
 3744 : FE;
 3745 : FE;
 3746 : FE;
 3747 : FE;
 3748 : FE;
 3749 : FE;
 374A : FE;
 374B : FE;
 374C : FE;
 374D : FE;
 374E : FE;
 374F : FE;
 3750 : FE;
 3751 : FE;
 3752 : FE;
 3753 : FE;
 3754 : FE;
 3755 : FE;
 3756 : FE;
 3757 : FE;
 3758 : FE;
 3759 : FE;
 375A : FE;
 375B : FE;
 375C : FE;
 375D : FE;
 375E : FE;
 375F : FE;
 3760 : FE;
 3761 : FE;
 3762 : FE;
 3763 : FE;
 3764 : FE;
 3765 : FE;
 3766 : FE;
 3767 : FE;
 3768 : FE;
 3769 : FE;
 376A : FE;
 376B : FE;
 376C : FE;
 376D : FE;
 376E : FE;
 376F : FE;
 3770 : FE;
 3771 : FE;
 3772 : FE;
 3773 : FE;
 3774 : FE;
 3775 : FE;
 3776 : FE;
 3777 : FE;
 3778 : FE;
 3779 : FE;
 377A : FE;
 377B : FE;
 377C : FE;
 377D : FE;
 377E : FE;
 377F : FE;
 3780 : FE;
 3781 : FE;
 3782 : FE;
 3783 : FE;
 3784 : FE;
 3785 : FE;
 3786 : FE;
 3787 : FE;
 3788 : FE;
 3789 : FE;
 378A : FE;
 378B : FE;
 378C : FE;
 378D : FE;
 378E : FE;
 378F : FE;
 3790 : FE;
 3791 : FE;
 3792 : FE;
 3793 : FE;
 3794 : FE;
 3795 : FE;
 3796 : FE;
 3797 : FE;
 3798 : FE;
 3799 : FE;
 379A : FE;
 379B : FE;
 379C : FE;
 379D : FE;
 379E : FE;
 379F : FE;
 37A0 : FE;
 37A1 : FE;
 37A2 : FE;
 37A3 : FE;
 37A4 : FE;
 37A5 : FE;
 37A6 : FE;
 37A7 : FE;
 37A8 : FE;
 37A9 : FE;
 37AA : FE;
 37AB : FE;
 37AC : FE;
 37AD : FE;
 37AE : FE;
 37AF : FE;
 37B0 : FE;
 37B1 : FE;
 37B2 : FE;
 37B3 : FE;
 37B4 : FE;
 37B5 : FE;
 37B6 : FE;
 37B7 : FE;
 37B8 : FE;
 37B9 : FE;
 37BA : FE;
 37BB : FE;
 37BC : FE;
 37BD : FE;
 37BE : FE;
 37BF : FE;
 37C0 : FE;
 37C1 : FE;
 37C2 : FE;
 37C3 : FE;
 37C4 : FE;
 37C5 : FE;
 37C6 : FE;
 37C7 : FE;
 37C8 : FE;
 37C9 : FE;
 37CA : FE;
 37CB : FE;
 37CC : FE;
 37CD : FE;
 37CE : FE;
 37CF : FE;
 37D0 : FE;
 37D1 : FE;
 37D2 : FE;
 37D3 : FE;
 37D4 : FE;
 37D5 : FE;
 37D6 : FE;
 37D7 : FE;
 37D8 : FE;
 37D9 : FE;
 37DA : FE;
 37DB : FE;
 37DC : FE;
 37DD : FE;
 37DE : FE;
 37DF : FE;
 37E0 : FE;
 37E1 : FE;
 37E2 : FE;
 37E3 : FE;
 37E4 : FE;
 37E5 : FE;
 37E6 : FE;
 37E7 : FE;
 37E8 : FE;
 37E9 : FE;
 37EA : FE;
 37EB : FE;
 37EC : FE;
 37ED : FE;
 37EE : FE;
 37EF : FE;
 37F0 : FE;
 37F1 : FE;
 37F2 : FE;
 37F3 : FE;
 37F4 : FE;
 37F5 : FE;
 37F6 : FE;
 37F7 : FE;
 37F8 : FE;
 37F9 : FE;
 37FA : FE;
 37FB : FE;
 37FC : FE;
 37FD : FE;
 37FE : FE;
 37FF : FE;
 3800 : FE;
 3801 : FE;
 3802 : FE;
 3803 : FE;
 3804 : FE;
 3805 : FE;
 3806 : FE;
 3807 : FE;
 3808 : FE;
 3809 : FE;
 380A : FE;
 380B : FE;
 380C : FE;
 380D : FE;
 380E : FE;
 380F : FE;
 3810 : FE;
 3811 : FE;
 3812 : FE;
 3813 : FE;
 3814 : FE;
 3815 : FE;
 3816 : FE;
 3817 : FE;
 3818 : FE;
 3819 : FE;
 381A : FE;
 381B : FE;
 381C : FE;
 381D : FE;
 381E : FE;
 381F : FE;
 3820 : FE;
 3821 : FE;
 3822 : FE;
 3823 : FE;
 3824 : FE;
 3825 : FE;
 3826 : FE;
 3827 : FE;
 3828 : FE;
 3829 : FE;
 382A : FE;
 382B : FE;
 382C : FE;
 382D : FE;
 382E : FE;
 382F : FE;
 3830 : FE;
 3831 : FE;
 3832 : FE;
 3833 : FE;
 3834 : FE;
 3835 : FE;
 3836 : FE;
 3837 : FE;
 3838 : FE;
 3839 : FE;
 383A : FE;
 383B : FE;
 383C : FE;
 383D : FE;
 383E : FE;
 383F : FE;
 3840 : FE;
 3841 : FE;
 3842 : FE;
 3843 : FE;
 3844 : FE;
 3845 : FE;
 3846 : FE;
 3847 : FE;
 3848 : FE;
 3849 : FE;
 384A : FE;
 384B : FE;
 384C : FE;
 384D : FE;
 384E : FE;
 384F : FE;
 3850 : FE;
 3851 : FE;
 3852 : FE;
 3853 : FE;
 3854 : FE;
 3855 : FE;
 3856 : FE;
 3857 : FE;
 3858 : FE;
 3859 : FE;
 385A : FE;
 385B : FE;
 385C : FE;
 385D : FE;
 385E : FE;
 385F : FE;
 3860 : FE;
 3861 : FE;
 3862 : FE;
 3863 : FE;
 3864 : FE;
 3865 : FE;
 3866 : FE;
 3867 : FE;
 3868 : FE;
 3869 : FE;
 386A : FE;
 386B : FE;
 386C : FE;
 386D : FE;
 386E : FE;
 386F : FE;
 3870 : FE;
 3871 : FE;
 3872 : FE;
 3873 : FE;
 3874 : FE;
 3875 : FE;
 3876 : FE;
 3877 : FE;
 3878 : FE;
 3879 : FE;
 387A : FE;
 387B : FE;
 387C : FE;
 387D : FE;
 387E : FE;
 387F : FE;
 3880 : FE;
 3881 : FE;
 3882 : FE;
 3883 : FE;
 3884 : FE;
 3885 : FE;
 3886 : FE;
 3887 : FE;
 3888 : FE;
 3889 : FE;
 388A : FE;
 388B : FE;
 388C : FE;
 388D : FE;
 388E : FE;
 388F : FE;
 3890 : FE;
 3891 : FE;
 3892 : FE;
 3893 : FE;
 3894 : FE;
 3895 : FE;
 3896 : FE;
 3897 : FE;
 3898 : FE;
 3899 : FE;
 389A : FE;
 389B : FE;
 389C : FE;
 389D : FE;
 389E : FE;
 389F : FE;
 38A0 : FE;
 38A1 : FE;
 38A2 : FE;
 38A3 : FE;
 38A4 : FE;
 38A5 : FE;
 38A6 : FE;
 38A7 : FE;
 38A8 : FE;
 38A9 : FE;
 38AA : FE;
 38AB : FE;
 38AC : FE;
 38AD : FE;
 38AE : FE;
 38AF : FE;
 38B0 : FE;
 38B1 : FE;
 38B2 : FE;
 38B3 : FE;
 38B4 : FE;
 38B5 : FE;
 38B6 : FE;
 38B7 : FE;
 38B8 : FE;
 38B9 : FE;
 38BA : FE;
 38BB : FE;
 38BC : FE;
 38BD : FE;
 38BE : FE;
 38BF : FE;
 38C0 : FE;
 38C1 : FE;
 38C2 : FE;
 38C3 : FE;
 38C4 : FE;
 38C5 : FE;
 38C6 : FE;
 38C7 : FE;
 38C8 : FE;
 38C9 : FE;
 38CA : FE;
 38CB : FE;
 38CC : FE;
 38CD : FE;
 38CE : FE;
 38CF : FE;
 38D0 : FE;
 38D1 : FE;
 38D2 : FE;
 38D3 : FE;
 38D4 : FE;
 38D5 : FE;
 38D6 : FE;
 38D7 : FE;
 38D8 : FE;
 38D9 : FE;
 38DA : FE;
 38DB : FE;
 38DC : FE;
 38DD : FE;
 38DE : FE;
 38DF : FE;
 38E0 : FE;
 38E1 : FE;
 38E2 : FE;
 38E3 : FE;
 38E4 : FE;
 38E5 : FE;
 38E6 : FE;
 38E7 : FE;
 38E8 : FE;
 38E9 : FE;
 38EA : FE;
 38EB : FE;
 38EC : FE;
 38ED : FE;
 38EE : FE;
 38EF : FE;
 38F0 : FE;
 38F1 : FE;
 38F2 : FE;
 38F3 : FE;
 38F4 : FE;
 38F5 : FE;
 38F6 : FE;
 38F7 : FE;
 38F8 : FE;
 38F9 : FE;
 38FA : FE;
 38FB : FE;
 38FC : FE;
 38FD : FE;
 38FE : FE;
 38FF : FE;
 3900 : FE;
 3901 : FE;
 3902 : FE;
 3903 : FE;
 3904 : FE;
 3905 : FE;
 3906 : FE;
 3907 : FE;
 3908 : FE;
 3909 : FE;
 390A : FE;
 390B : FE;
 390C : FE;
 390D : FE;
 390E : FE;
 390F : FE;
 3910 : FE;
 3911 : FE;
 3912 : FE;
 3913 : FE;
 3914 : FE;
 3915 : FE;
 3916 : FE;
 3917 : FE;
 3918 : FE;
 3919 : FE;
 391A : FE;
 391B : FE;
 391C : FE;
 391D : FE;
 391E : FE;
 391F : FE;
 3920 : FE;
 3921 : FE;
 3922 : FE;
 3923 : FE;
 3924 : FE;
 3925 : FE;
 3926 : FE;
 3927 : FE;
 3928 : FE;
 3929 : FE;
 392A : FE;
 392B : FE;
 392C : FE;
 392D : FE;
 392E : FE;
 392F : FE;
 3930 : FE;
 3931 : FE;
 3932 : FE;
 3933 : FE;
 3934 : FE;
 3935 : FE;
 3936 : FE;
 3937 : FE;
 3938 : FE;
 3939 : FE;
 393A : FE;
 393B : FE;
 393C : FE;
 393D : FE;
 393E : FE;
 393F : FE;
 3940 : FE;
 3941 : FE;
 3942 : FE;
 3943 : FE;
 3944 : FE;
 3945 : FE;
 3946 : FE;
 3947 : FE;
 3948 : FE;
 3949 : FE;
 394A : FE;
 394B : FE;
 394C : FE;
 394D : FE;
 394E : FE;
 394F : FE;
 3950 : FE;
 3951 : FE;
 3952 : FE;
 3953 : FE;
 3954 : FE;
 3955 : FE;
 3956 : FE;
 3957 : FE;
 3958 : FE;
 3959 : FE;
 395A : FE;
 395B : FE;
 395C : FE;
 395D : FE;
 395E : FE;
 395F : FE;
 3960 : FE;
 3961 : FE;
 3962 : FE;
 3963 : FE;
 3964 : FE;
 3965 : FE;
 3966 : FE;
 3967 : FE;
 3968 : FE;
 3969 : FE;
 396A : FE;
 396B : FE;
 396C : FE;
 396D : FE;
 396E : FE;
 396F : FE;
 3970 : FE;
 3971 : FE;
 3972 : FE;
 3973 : FE;
 3974 : FE;
 3975 : FE;
 3976 : FE;
 3977 : FE;
 3978 : FE;
 3979 : FE;
 397A : FE;
 397B : FE;
 397C : FE;
 397D : FE;
 397E : FE;
 397F : FE;
 3980 : FE;
 3981 : FE;
 3982 : FE;
 3983 : FE;
 3984 : FE;
 3985 : FE;
 3986 : FE;
 3987 : FE;
 3988 : FE;
 3989 : FE;
 398A : FE;
 398B : FE;
 398C : FE;
 398D : FE;
 398E : FE;
 398F : FE;
 3990 : FE;
 3991 : FE;
 3992 : FE;
 3993 : FE;
 3994 : FE;
 3995 : FE;
 3996 : FE;
 3997 : FE;
 3998 : FE;
 3999 : FE;
 399A : FE;
 399B : FE;
 399C : FE;
 399D : FE;
 399E : FE;
 399F : FE;
 39A0 : FE;
 39A1 : FE;
 39A2 : FE;
 39A3 : FE;
 39A4 : FE;
 39A5 : FE;
 39A6 : FE;
 39A7 : FE;
 39A8 : FE;
 39A9 : FE;
 39AA : FE;
 39AB : FE;
 39AC : FE;
 39AD : FE;
 39AE : FE;
 39AF : FE;
 39B0 : FE;
 39B1 : FE;
 39B2 : FE;
 39B3 : FE;
 39B4 : FE;
 39B5 : FE;
 39B6 : FE;
 39B7 : FE;
 39B8 : FE;
 39B9 : FE;
 39BA : FE;
 39BB : FE;
 39BC : FE;
 39BD : FE;
 39BE : FE;
 39BF : FE;
 39C0 : FE;
 39C1 : FE;
 39C2 : FE;
 39C3 : FE;
 39C4 : FE;
 39C5 : FE;
 39C6 : FE;
 39C7 : FE;
 39C8 : FE;
 39C9 : FE;
 39CA : FE;
 39CB : FE;
 39CC : FE;
 39CD : FE;
 39CE : FE;
 39CF : FE;
 39D0 : FE;
 39D1 : FE;
 39D2 : FE;
 39D3 : FE;
 39D4 : FE;
 39D5 : FE;
 39D6 : FE;
 39D7 : FE;
 39D8 : FE;
 39D9 : FE;
 39DA : FE;
 39DB : FE;
 39DC : FE;
 39DD : FE;
 39DE : FE;
 39DF : FE;
 39E0 : FE;
 39E1 : FE;
 39E2 : FE;
 39E3 : FE;
 39E4 : FE;
 39E5 : FE;
 39E6 : FE;
 39E7 : FE;
 39E8 : FE;
 39E9 : FE;
 39EA : FE;
 39EB : FE;
 39EC : FE;
 39ED : FE;
 39EE : FE;
 39EF : FE;
 39F0 : FE;
 39F1 : FE;
 39F2 : FE;
 39F3 : FE;
 39F4 : FE;
 39F5 : FE;
 39F6 : FE;
 39F7 : FE;
 39F8 : FE;
 39F9 : FE;
 39FA : FE;
 39FB : FE;
 39FC : FE;
 39FD : FE;
 39FE : FE;
 39FF : FE;
 3A00 : FE;
 3A01 : FE;
 3A02 : FE;
 3A03 : FE;
 3A04 : FE;
 3A05 : FE;
 3A06 : FE;
 3A07 : FE;
 3A08 : FE;
 3A09 : FE;
 3A0A : FE;
 3A0B : FE;
 3A0C : FE;
 3A0D : FE;
 3A0E : FE;
 3A0F : FE;
 3A10 : FE;
 3A11 : FE;
 3A12 : FE;
 3A13 : FE;
 3A14 : FE;
 3A15 : FE;
 3A16 : FE;
 3A17 : FE;
 3A18 : FE;
 3A19 : FE;
 3A1A : FE;
 3A1B : FE;
 3A1C : FE;
 3A1D : FE;
 3A1E : FE;
 3A1F : FE;
 3A20 : FE;
 3A21 : FE;
 3A22 : FE;
 3A23 : FE;
 3A24 : FE;
 3A25 : FE;
 3A26 : FE;
 3A27 : FE;
 3A28 : FE;
 3A29 : FE;
 3A2A : FE;
 3A2B : FE;
 3A2C : FE;
 3A2D : FE;
 3A2E : FE;
 3A2F : FE;
 3A30 : FE;
 3A31 : FE;
 3A32 : FE;
 3A33 : FE;
 3A34 : FE;
 3A35 : FE;
 3A36 : FE;
 3A37 : FE;
 3A38 : FE;
 3A39 : FE;
 3A3A : FE;
 3A3B : FE;
 3A3C : FE;
 3A3D : FE;
 3A3E : FE;
 3A3F : FE;
 3A40 : FE;
 3A41 : FE;
 3A42 : FE;
 3A43 : FE;
 3A44 : FE;
 3A45 : FE;
 3A46 : FE;
 3A47 : FE;
 3A48 : FE;
 3A49 : FE;
 3A4A : FE;
 3A4B : FE;
 3A4C : FE;
 3A4D : FE;
 3A4E : FE;
 3A4F : FE;
 3A50 : FE;
 3A51 : FE;
 3A52 : FE;
 3A53 : FE;
 3A54 : FE;
 3A55 : FE;
 3A56 : FE;
 3A57 : FE;
 3A58 : FE;
 3A59 : FE;
 3A5A : FE;
 3A5B : FE;
 3A5C : FE;
 3A5D : FE;
 3A5E : FE;
 3A5F : FE;
 3A60 : FE;
 3A61 : FE;
 3A62 : FE;
 3A63 : FE;
 3A64 : FE;
 3A65 : FE;
 3A66 : FE;
 3A67 : FE;
 3A68 : FE;
 3A69 : FE;
 3A6A : FE;
 3A6B : FE;
 3A6C : FE;
 3A6D : FE;
 3A6E : FE;
 3A6F : FE;
 3A70 : FE;
 3A71 : FE;
 3A72 : FE;
 3A73 : FE;
 3A74 : FE;
 3A75 : FE;
 3A76 : FE;
 3A77 : FE;
 3A78 : FE;
 3A79 : FE;
 3A7A : FE;
 3A7B : FE;
 3A7C : FE;
 3A7D : FE;
 3A7E : FE;
 3A7F : FE;
 3A80 : FE;
 3A81 : FE;
 3A82 : FE;
 3A83 : FE;
 3A84 : FE;
 3A85 : FE;
 3A86 : FE;
 3A87 : FE;
 3A88 : FE;
 3A89 : FE;
 3A8A : FE;
 3A8B : FE;
 3A8C : FE;
 3A8D : FE;
 3A8E : FE;
 3A8F : FE;
 3A90 : FE;
 3A91 : FE;
 3A92 : FE;
 3A93 : FE;
 3A94 : FE;
 3A95 : FE;
 3A96 : FE;
 3A97 : FE;
 3A98 : FE;
 3A99 : FE;
 3A9A : FE;
 3A9B : FE;
 3A9C : FE;
 3A9D : FE;
 3A9E : FE;
 3A9F : FE;
 3AA0 : FE;
 3AA1 : FE;
 3AA2 : FE;
 3AA3 : FE;
 3AA4 : FE;
 3AA5 : FE;
 3AA6 : FE;
 3AA7 : FE;
 3AA8 : FE;
 3AA9 : FE;
 3AAA : FE;
 3AAB : FE;
 3AAC : FE;
 3AAD : FE;
 3AAE : FE;
 3AAF : FE;
 3AB0 : FE;
 3AB1 : FE;
 3AB2 : FE;
 3AB3 : FE;
 3AB4 : FE;
 3AB5 : FE;
 3AB6 : FE;
 3AB7 : FE;
 3AB8 : FE;
 3AB9 : FE;
 3ABA : FE;
 3ABB : FE;
 3ABC : FE;
 3ABD : FE;
 3ABE : FE;
 3ABF : FE;
 3AC0 : FE;
 3AC1 : FE;
 3AC2 : FE;
 3AC3 : FE;
 3AC4 : FE;
 3AC5 : FE;
 3AC6 : FE;
 3AC7 : FE;
 3AC8 : FE;
 3AC9 : FE;
 3ACA : FE;
 3ACB : FE;
 3ACC : FE;
 3ACD : FE;
 3ACE : FE;
 3ACF : FE;
 3AD0 : FE;
 3AD1 : FE;
 3AD2 : FE;
 3AD3 : FE;
 3AD4 : FE;
 3AD5 : FE;
 3AD6 : FE;
 3AD7 : FE;
 3AD8 : FE;
 3AD9 : FE;
 3ADA : FE;
 3ADB : FE;
 3ADC : FE;
 3ADD : FE;
 3ADE : FE;
 3ADF : FE;
 3AE0 : FE;
 3AE1 : FE;
 3AE2 : FE;
 3AE3 : FE;
 3AE4 : FE;
 3AE5 : FE;
 3AE6 : FE;
 3AE7 : FE;
 3AE8 : FE;
 3AE9 : FE;
 3AEA : FE;
 3AEB : FE;
 3AEC : FE;
 3AED : FE;
 3AEE : FE;
 3AEF : FE;
 3AF0 : FE;
 3AF1 : FE;
 3AF2 : FE;
 3AF3 : FE;
 3AF4 : FE;
 3AF5 : FE;
 3AF6 : FE;
 3AF7 : FE;
 3AF8 : FE;
 3AF9 : FE;
 3AFA : FE;
 3AFB : FE;
 3AFC : FE;
 3AFD : FE;
 3AFE : FE;
 3AFF : FE;
 3B00 : FE;
 3B01 : FE;
 3B02 : FE;
 3B03 : FE;
 3B04 : FE;
 3B05 : FE;
 3B06 : FE;
 3B07 : FE;
 3B08 : FE;
 3B09 : FE;
 3B0A : FE;
 3B0B : FE;
 3B0C : FE;
 3B0D : FE;
 3B0E : FE;
 3B0F : FE;
 3B10 : FE;
 3B11 : FE;
 3B12 : FE;
 3B13 : FE;
 3B14 : FE;
 3B15 : FE;
 3B16 : FE;
 3B17 : FE;
 3B18 : FE;
 3B19 : FE;
 3B1A : FE;
 3B1B : FE;
 3B1C : FE;
 3B1D : FE;
 3B1E : FE;
 3B1F : FE;
 3B20 : FE;
 3B21 : FE;
 3B22 : FE;
 3B23 : FE;
 3B24 : FE;
 3B25 : FE;
 3B26 : FE;
 3B27 : FE;
 3B28 : FE;
 3B29 : FE;
 3B2A : FE;
 3B2B : FE;
 3B2C : FE;
 3B2D : FE;
 3B2E : FE;
 3B2F : FE;
 3B30 : FE;
 3B31 : FE;
 3B32 : FE;
 3B33 : FE;
 3B34 : FE;
 3B35 : FE;
 3B36 : FE;
 3B37 : FE;
 3B38 : FE;
 3B39 : FE;
 3B3A : FE;
 3B3B : FE;
 3B3C : FE;
 3B3D : FE;
 3B3E : FE;
 3B3F : FE;
 3B40 : FE;
 3B41 : FE;
 3B42 : FE;
 3B43 : FE;
 3B44 : FE;
 3B45 : FE;
 3B46 : FE;
 3B47 : FE;
 3B48 : FE;
 3B49 : FE;
 3B4A : FE;
 3B4B : FE;
 3B4C : FE;
 3B4D : FE;
 3B4E : FE;
 3B4F : FE;
 3B50 : FE;
 3B51 : FE;
 3B52 : FE;
 3B53 : FE;
 3B54 : FE;
 3B55 : FE;
 3B56 : FE;
 3B57 : FE;
 3B58 : FE;
 3B59 : FE;
 3B5A : FE;
 3B5B : FE;
 3B5C : FE;
 3B5D : FE;
 3B5E : FE;
 3B5F : FE;
 3B60 : FE;
 3B61 : FE;
 3B62 : FE;
 3B63 : FD;
 3B64 : FE;
 3B65 : FE;
 3B66 : FE;
 3B67 : FE;
 3B68 : FE;
 3B69 : FE;
 3B6A : FD;
 3B6B : FE;
 3B6C : FE;
 3B6D : FE;
 3B6E : FE;
 3B6F : FE;
 3B70 : FE;
 3B71 : FE;
 3B72 : FE;
 3B73 : FE;
 3B74 : FE;
 3B75 : FE;
 3B76 : FE;
 3B77 : FE;
 3B78 : FE;
 3B79 : FE;
 3B7A : FE;
 3B7B : FE;
 3B7C : FE;
 3B7D : FE;
 3B7E : FE;
 3B7F : FE;
 3B80 : FE;
 3B81 : FE;
 3B82 : FE;
 3B83 : FE;
 3B84 : FE;
 3B85 : FE;
 3B86 : FE;
 3B87 : FE;
 3B88 : FE;
 3B89 : FE;
 3B8A : FE;
 3B8B : FE;
 3B8C : FE;
 3B8D : FE;
 3B8E : FE;
 3B8F : FE;
 3B90 : FE;
 3B91 : FE;
 3B92 : FE;
 3B93 : FE;
 3B94 : FE;
 3B95 : FE;
 3B96 : FE;
 3B97 : FE;
 3B98 : FE;
 3B99 : FE;
 3B9A : FE;
 3B9B : FE;
 3B9C : FE;
 3B9D : FE;
 3B9E : FE;
 3B9F : FE;
 3BA0 : FE;
 3BA1 : FE;
 3BA2 : FE;
 3BA3 : FE;
 3BA4 : FE;
 3BA5 : FE;
 3BA6 : FE;
 3BA7 : FE;
 3BA8 : FE;
 3BA9 : FE;
 3BAA : FE;
 3BAB : FE;
 3BAC : FE;
 3BAD : FE;
 3BAE : FE;
 3BAF : FE;
 3BB0 : FE;
 3BB1 : FE;
 3BB2 : FE;
 3BB3 : FE;
 3BB4 : FE;
 3BB5 : FE;
 3BB6 : FE;
 3BB7 : FE;
 3BB8 : FE;
 3BB9 : FE;
 3BBA : FE;
 3BBB : FE;
 3BBC : FE;
 3BBD : FE;
 3BBE : FE;
 3BBF : FE;
 3BC0 : FE;
 3BC1 : FE;
 3BC2 : FE;
 3BC3 : FE;
 3BC4 : FE;
 3BC5 : FE;
 3BC6 : FE;
 3BC7 : FE;
 3BC8 : FE;
 3BC9 : FE;
 3BCA : FE;
 3BCB : FE;
 3BCC : FE;
 3BCD : FE;
 3BCE : FE;
 3BCF : FE;
 3BD0 : FE;
 3BD1 : FE;
 3BD2 : FE;
 3BD3 : FE;
 3BD4 : FE;
 3BD5 : FE;
 3BD6 : FE;
 3BD7 : FE;
 3BD8 : FE;
 3BD9 : FE;
 3BDA : FE;
 3BDB : FE;
 3BDC : FE;
 3BDD : FE;
 3BDE : FE;
 3BDF : FE;
 3BE0 : FE;
 3BE1 : FE;
 3BE2 : FE;
 3BE3 : FE;
 3BE4 : FE;
 3BE5 : FE;
 3BE6 : FE;
 3BE7 : FE;
 3BE8 : FE;
 3BE9 : FE;
 3BEA : FE;
 3BEB : FE;
 3BEC : FE;
 3BED : FE;
 3BEE : FE;
 3BEF : FE;
 3BF0 : FE;
 3BF1 : FE;
 3BF2 : FE;
 3BF3 : FE;
 3BF4 : FE;
 3BF5 : FE;
 3BF6 : FE;
 3BF7 : FE;
 3BF8 : FE;
 3BF9 : FE;
 3BFA : FE;
 3BFB : FE;
 3BFC : FE;
 3BFD : FE;
 3BFE : FE;
 3BFF : FE;
 3C00 : FE;
 3C01 : FE;
 3C02 : FE;
 3C03 : FE;
 3C04 : FE;
 3C05 : FE;
 3C06 : FE;
 3C07 : FE;
 3C08 : FE;
 3C09 : FE;
 3C0A : FE;
 3C0B : FE;
 3C0C : FE;
 3C0D : FE;
 3C0E : FE;
 3C0F : FE;
 3C10 : FE;
 3C11 : FE;
 3C12 : FE;
 3C13 : FE;
 3C14 : FE;
 3C15 : FE;
 3C16 : FE;
 3C17 : FE;
 3C18 : FE;
 3C19 : FE;
 3C1A : FE;
 3C1B : FE;
 3C1C : FE;
 3C1D : FE;
 3C1E : FE;
 3C1F : FE;
 3C20 : FE;
 3C21 : FE;
 3C22 : FE;
 3C23 : FE;
 3C24 : FE;
 3C25 : FE;
 3C26 : FE;
 3C27 : FE;
 3C28 : FE;
 3C29 : FE;
 3C2A : FE;
 3C2B : FE;
 3C2C : FE;
 3C2D : FE;
 3C2E : FE;
 3C2F : FE;
 3C30 : FE;
 3C31 : FE;
 3C32 : FE;
 3C33 : FE;
 3C34 : FE;
 3C35 : FE;
 3C36 : FE;
 3C37 : FE;
 3C38 : FE;
 3C39 : FE;
 3C3A : FE;
 3C3B : FE;
 3C3C : FE;
 3C3D : FE;
 3C3E : FE;
 3C3F : FE;
 3C40 : FE;
 3C41 : FE;
 3C42 : FE;
 3C43 : FE;
 3C44 : FE;
 3C45 : FE;
 3C46 : FE;
 3C47 : FE;
 3C48 : FE;
 3C49 : FE;
 3C4A : FE;
 3C4B : FE;
 3C4C : FE;
 3C4D : FE;
 3C4E : FE;
 3C4F : FE;
 3C50 : FE;
 3C51 : FE;
 3C52 : FE;
 3C53 : FE;
 3C54 : FE;
 3C55 : FE;
 3C56 : FE;
 3C57 : FE;
 3C58 : FE;
 3C59 : FE;
 3C5A : FE;
 3C5B : FE;
 3C5C : FE;
 3C5D : FE;
 3C5E : FE;
 3C5F : FE;
 3C60 : FE;
 3C61 : FE;
 3C62 : FE;
 3C63 : FE;
 3C64 : FE;
 3C65 : FE;
 3C66 : FE;
 3C67 : FE;
 3C68 : FE;
 3C69 : FE;
 3C6A : FE;
 3C6B : FE;
 3C6C : FE;
 3C6D : FE;
 3C6E : FE;
 3C6F : FE;
 3C70 : FE;
 3C71 : FE;
 3C72 : FE;
 3C73 : FE;
 3C74 : FE;
 3C75 : FE;
 3C76 : FE;
 3C77 : FE;
 3C78 : FE;
 3C79 : FE;
 3C7A : FE;
 3C7B : FE;
 3C7C : FE;
 3C7D : FE;
 3C7E : FE;
 3C7F : FE;
 3C80 : FE;
 3C81 : FE;
 3C82 : FE;
 3C83 : FE;
 3C84 : FE;
 3C85 : FE;
 3C86 : FE;
 3C87 : FE;
 3C88 : FE;
 3C89 : FE;
 3C8A : FE;
 3C8B : FE;
 3C8C : FE;
 3C8D : FE;
 3C8E : FE;
 3C8F : FE;
 3C90 : FE;
 3C91 : FE;
 3C92 : FE;
 3C93 : FE;
 3C94 : FE;
 3C95 : FE;
 3C96 : FE;
 3C97 : FE;
 3C98 : FE;
 3C99 : FE;
 3C9A : FE;
 3C9B : FE;
 3C9C : FE;
 3C9D : FE;
 3C9E : FE;
 3C9F : FF;
 3CA0 : FF;
 3CA1 : FE;
 3CA2 : FE;
 3CA3 : FD;
 3CA4 : FD;
 3CA5 : FD;
 3CA6 : FC;
 3CA7 : FC;
 3CA8 : FD;
 3CA9 : FD;
 3CAA : FD;
 3CAB : FE;
 3CAC : FE;
 3CAD : FF;
 3CAE : FF;
 3CAF : FE;
 3CB0 : FE;
 3CB1 : FE;
 3CB2 : FE;
 3CB3 : FE;
 3CB4 : FE;
 3CB5 : FE;
 3CB6 : FE;
 3CB7 : FE;
 3CB8 : FE;
 3CB9 : FE;
 3CBA : FE;
 3CBB : FE;
 3CBC : FE;
 3CBD : FE;
 3CBE : FE;
 3CBF : FE;
 3CC0 : FE;
 3CC1 : FE;
 3CC2 : FE;
 3CC3 : FE;
 3CC4 : FE;
 3CC5 : FE;
 3CC6 : FE;
 3CC7 : FE;
 3CC8 : FE;
 3CC9 : FE;
 3CCA : FE;
 3CCB : FE;
 3CCC : FE;
 3CCD : FE;
 3CCE : FE;
 3CCF : FE;
 3CD0 : FE;
 3CD1 : FE;
 3CD2 : FE;
 3CD3 : FE;
 3CD4 : FE;
 3CD5 : FE;
 3CD6 : FE;
 3CD7 : FE;
 3CD8 : FE;
 3CD9 : FE;
 3CDA : FE;
 3CDB : FE;
 3CDC : FE;
 3CDD : FE;
 3CDE : FE;
 3CDF : FE;
 3CE0 : FE;
 3CE1 : FE;
 3CE2 : FE;
 3CE3 : FE;
 3CE4 : FE;
 3CE5 : FE;
 3CE6 : FE;
 3CE7 : FE;
 3CE8 : FE;
 3CE9 : FE;
 3CEA : FE;
 3CEB : FE;
 3CEC : FE;
 3CED : FE;
 3CEE : FE;
 3CEF : FE;
 3CF0 : FE;
 3CF1 : FE;
 3CF2 : FE;
 3CF3 : FE;
 3CF4 : FE;
 3CF5 : FE;
 3CF6 : FE;
 3CF7 : FE;
 3CF8 : FE;
 3CF9 : FE;
 3CFA : FE;
 3CFB : FE;
 3CFC : FE;
 3CFD : FE;
 3CFE : FE;
 3CFF : FE;
 3D00 : FE;
 3D01 : FE;
 3D02 : FE;
 3D03 : FE;
 3D04 : FE;
 3D05 : FE;
 3D06 : FE;
 3D07 : FE;
 3D08 : FE;
 3D09 : FE;
 3D0A : FE;
 3D0B : FE;
 3D0C : FE;
 3D0D : FE;
 3D0E : FE;
 3D0F : FE;
 3D10 : FE;
 3D11 : FE;
 3D12 : FE;
 3D13 : FE;
 3D14 : FE;
 3D15 : FE;
 3D16 : FE;
 3D17 : FE;
 3D18 : FE;
 3D19 : FE;
 3D1A : FE;
 3D1B : FE;
 3D1C : FE;
 3D1D : FE;
 3D1E : FE;
 3D1F : FE;
 3D20 : FE;
 3D21 : FE;
 3D22 : FE;
 3D23 : FE;
 3D24 : FE;
 3D25 : FE;
 3D26 : FE;
 3D27 : FE;
 3D28 : FE;
 3D29 : FE;
 3D2A : FE;
 3D2B : FE;
 3D2C : FE;
 3D2D : FE;
 3D2E : FE;
 3D2F : FE;
 3D30 : FE;
 3D31 : FE;
 3D32 : FE;
 3D33 : FE;
 3D34 : FE;
 3D35 : FE;
 3D36 : FE;
 3D37 : FE;
 3D38 : FE;
 3D39 : FE;
 3D3A : FE;
 3D3B : FE;
 3D3C : FE;
 3D3D : FE;
 3D3E : FE;
 3D3F : FE;
 3D40 : FE;
 3D41 : FE;
 3D42 : FE;
 3D43 : FE;
 3D44 : FE;
 3D45 : FE;
 3D46 : FE;
 3D47 : FE;
 3D48 : FE;
 3D49 : FE;
 3D4A : FE;
 3D4B : FE;
 3D4C : FE;
 3D4D : FE;
 3D4E : FE;
 3D4F : FE;
 3D50 : FE;
 3D51 : FE;
 3D52 : FE;
 3D53 : FE;
 3D54 : FE;
 3D55 : FE;
 3D56 : FE;
 3D57 : FE;
 3D58 : FE;
 3D59 : FE;
 3D5A : FE;
 3D5B : FE;
 3D5C : FE;
 3D5D : FE;
 3D5E : FE;
 3D5F : FE;
 3D60 : FE;
 3D61 : FE;
 3D62 : FE;
 3D63 : FE;
 3D64 : FE;
 3D65 : FE;
 3D66 : FE;
 3D67 : FE;
 3D68 : FE;
 3D69 : FE;
 3D6A : FE;
 3D6B : FE;
 3D6C : FE;
 3D6D : FE;
 3D6E : FE;
 3D6F : FE;
 3D70 : FE;
 3D71 : FE;
 3D72 : FE;
 3D73 : FE;
 3D74 : FE;
 3D75 : FE;
 3D76 : FE;
 3D77 : FE;
 3D78 : FE;
 3D79 : FE;
 3D7A : FE;
 3D7B : FE;
 3D7C : FE;
 3D7D : FE;
 3D7E : FE;
 3D7F : FE;
 3D80 : FE;
 3D81 : FE;
 3D82 : FE;
 3D83 : FE;
 3D84 : FE;
 3D85 : FE;
 3D86 : FE;
 3D87 : FE;
 3D88 : FE;
 3D89 : FE;
 3D8A : FE;
 3D8B : FE;
 3D8C : FE;
 3D8D : FE;
 3D8E : FE;
 3D8F : FE;
 3D90 : FE;
 3D91 : FE;
 3D92 : FE;
 3D93 : FE;
 3D94 : FE;
 3D95 : FE;
 3D96 : FE;
 3D97 : FE;
 3D98 : FE;
 3D99 : FE;
 3D9A : FE;
 3D9B : FE;
 3D9C : FE;
 3D9D : FE;
 3D9E : FE;
 3D9F : FE;
 3DA0 : FE;
 3DA1 : FE;
 3DA2 : FE;
 3DA3 : FE;
 3DA4 : FE;
 3DA5 : FE;
 3DA6 : FE;
 3DA7 : FE;
 3DA8 : FE;
 3DA9 : FE;
 3DAA : FE;
 3DAB : FE;
 3DAC : FE;
 3DAD : FE;
 3DAE : FE;
 3DAF : FE;
 3DB0 : FE;
 3DB1 : FE;
 3DB2 : FE;
 3DB3 : FE;
 3DB4 : FE;
 3DB5 : FE;
 3DB6 : FE;
 3DB7 : FE;
 3DB8 : FE;
 3DB9 : FE;
 3DBA : FE;
 3DBB : FE;
 3DBC : FE;
 3DBD : FE;
 3DBE : FE;
 3DBF : FE;
 3DC0 : FE;
 3DC1 : FE;
 3DC2 : FE;
 3DC3 : FE;
 3DC4 : FE;
 3DC5 : FE;
 3DC6 : FE;
 3DC7 : FE;
 3DC8 : FE;
 3DC9 : FE;
 3DCA : FE;
 3DCB : FE;
 3DCC : FE;
 3DCD : FE;
 3DCE : FE;
 3DCF : FE;
 3DD0 : FE;
 3DD1 : FE;
 3DD2 : FE;
 3DD3 : FE;
 3DD4 : FE;
 3DD5 : FE;
 3DD6 : FE;
 3DD7 : FE;
 3DD8 : FE;
 3DD9 : FE;
 3DDA : FE;
 3DDB : FE;
 3DDC : FE;
 3DDD : FE;
 3DDE : FE;
 3DDF : FE;
 3DE0 : FE;
 3DE1 : FE;
 3DE2 : FE;
 3DE3 : FD;
 3DE4 : FD;
 3DE5 : FC;
 3DE6 : FC;
 3DE7 : FC;
 3DE8 : FC;
 3DE9 : FD;
 3DEA : FD;
 3DEB : FE;
 3DEC : FE;
 3DED : FE;
 3DEE : FE;
 3DEF : FE;
 3DF0 : FE;
 3DF1 : FE;
 3DF2 : FE;
 3DF3 : FE;
 3DF4 : FE;
 3DF5 : FE;
 3DF6 : FE;
 3DF7 : FE;
 3DF8 : FE;
 3DF9 : FE;
 3DFA : FE;
 3DFB : FE;
 3DFC : FE;
 3DFD : FE;
 3DFE : FE;
 3DFF : FE;
 3E00 : FE;
 3E01 : FE;
 3E02 : FE;
 3E03 : FE;
 3E04 : FE;
 3E05 : FE;
 3E06 : FE;
 3E07 : FE;
 3E08 : FE;
 3E09 : FE;
 3E0A : FE;
 3E0B : FE;
 3E0C : FE;
 3E0D : FE;
 3E0E : FE;
 3E0F : FE;
 3E10 : FE;
 3E11 : FE;
 3E12 : FE;
 3E13 : FE;
 3E14 : FE;
 3E15 : FE;
 3E16 : FE;
 3E17 : FE;
 3E18 : FE;
 3E19 : FE;
 3E1A : FE;
 3E1B : FE;
 3E1C : FE;
 3E1D : FE;
 3E1E : FE;
 3E1F : FE;
 3E20 : FE;
 3E21 : FE;
 3E22 : FE;
 3E23 : FE;
 3E24 : FE;
 3E25 : FE;
 3E26 : FE;
 3E27 : FE;
 3E28 : FE;
 3E29 : FE;
 3E2A : FE;
 3E2B : FE;
 3E2C : FE;
 3E2D : FE;
 3E2E : FE;
 3E2F : FE;
 3E30 : FE;
 3E31 : FE;
 3E32 : FE;
 3E33 : FE;
 3E34 : FE;
 3E35 : FE;
 3E36 : FE;
 3E37 : FE;
 3E38 : FE;
 3E39 : FE;
 3E3A : FE;
 3E3B : FE;
 3E3C : FE;
 3E3D : FE;
 3E3E : FE;
 3E3F : FE;
 3E40 : FE;
 3E41 : FE;
 3E42 : FE;
 3E43 : FE;
 3E44 : FE;
 3E45 : FE;
 3E46 : FE;
 3E47 : FE;
 3E48 : FE;
 3E49 : FE;
 3E4A : FE;
 3E4B : FE;
 3E4C : FE;
 3E4D : FE;
 3E4E : FE;
 3E4F : FE;
 3E50 : FE;
 3E51 : FE;
 3E52 : FE;
 3E53 : FE;
 3E54 : FE;
 3E55 : FE;
 3E56 : FE;
 3E57 : FE;
 3E58 : FE;
 3E59 : FE;
 3E5A : FE;
 3E5B : FE;
 3E5C : FE;
 3E5D : FE;
 3E5E : FE;
 3E5F : FE;
 3E60 : FE;
 3E61 : FE;
 3E62 : FE;
 3E63 : FE;
 3E64 : FE;
 3E65 : FE;
 3E66 : FE;
 3E67 : FE;
 3E68 : FE;
 3E69 : FE;
 3E6A : FE;
 3E6B : FE;
 3E6C : FE;
 3E6D : FE;
 3E6E : FE;
 3E6F : FE;
 3E70 : FE;
 3E71 : FE;
 3E72 : FE;
 3E73 : FE;
 3E74 : FE;
 3E75 : FE;
 3E76 : FE;
 3E77 : FE;
 3E78 : FE;
 3E79 : FE;
 3E7A : FE;
 3E7B : FE;
 3E7C : FE;
 3E7D : FE;
 3E7E : FE;
 3E7F : FE;
 3E80 : FE;
 3E81 : FE;
 3E82 : FE;
 3E83 : FE;
 3E84 : FE;
 3E85 : FE;
 3E86 : FE;
 3E87 : FE;
 3E88 : FE;
 3E89 : FE;
 3E8A : FE;
 3E8B : FE;
 3E8C : FE;
 3E8D : FE;
 3E8E : FE;
 3E8F : FE;
 3E90 : FE;
 3E91 : FE;
 3E92 : FE;
 3E93 : FE;
 3E94 : FE;
 3E95 : FE;
 3E96 : FE;
 3E97 : FE;
 3E98 : FE;
 3E99 : FE;
 3E9A : FE;
 3E9B : FE;
 3E9C : FE;
 3E9D : FE;
 3E9E : FE;
 3E9F : FE;
 3EA0 : FE;
 3EA1 : FE;
 3EA2 : FE;
 3EA3 : FE;
 3EA4 : FE;
 3EA5 : FE;
 3EA6 : FE;
 3EA7 : FE;
 3EA8 : FE;
 3EA9 : FE;
 3EAA : FE;
 3EAB : FE;
 3EAC : FE;
 3EAD : FE;
 3EAE : FE;
 3EAF : FE;
 3EB0 : FE;
 3EB1 : FE;
 3EB2 : FE;
 3EB3 : FE;
 3EB4 : FE;
 3EB5 : FE;
 3EB6 : FE;
 3EB7 : FE;
 3EB8 : FE;
 3EB9 : FE;
 3EBA : FE;
 3EBB : FE;
 3EBC : FE;
 3EBD : FE;
 3EBE : FE;
 3EBF : FE;
 3EC0 : FE;
 3EC1 : FE;
 3EC2 : FE;
 3EC3 : FE;
 3EC4 : FE;
 3EC5 : FE;
 3EC6 : FE;
 3EC7 : FE;
 3EC8 : FE;
 3EC9 : FE;
 3ECA : FE;
 3ECB : FE;
 3ECC : FE;
 3ECD : FE;
 3ECE : FE;
 3ECF : FE;
 3ED0 : FE;
 3ED1 : FE;
 3ED2 : FE;
 3ED3 : FE;
 3ED4 : FE;
 3ED5 : FE;
 3ED6 : FE;
 3ED7 : FE;
 3ED8 : FE;
 3ED9 : FE;
 3EDA : FE;
 3EDB : FE;
 3EDC : FE;
 3EDD : FE;
 3EDE : FE;
 3EDF : FE;
 3EE0 : FE;
 3EE1 : FE;
 3EE2 : FE;
 3EE3 : FE;
 3EE4 : FE;
 3EE5 : FE;
 3EE6 : FE;
 3EE7 : FE;
 3EE8 : FE;
 3EE9 : FE;
 3EEA : FE;
 3EEB : FE;
 3EEC : FE;
 3EED : FE;
 3EEE : FE;
 3EEF : FE;
 3EF0 : FE;
 3EF1 : FE;
 3EF2 : FE;
 3EF3 : FE;
 3EF4 : FE;
 3EF5 : FE;
 3EF6 : FE;
 3EF7 : FE;
 3EF8 : FE;
 3EF9 : FE;
 3EFA : FE;
 3EFB : FE;
 3EFC : FE;
 3EFD : FE;
 3EFE : FE;
 3EFF : FE;
 3F00 : FE;
 3F01 : FE;
 3F02 : FE;
 3F03 : FE;
 3F04 : FE;
 3F05 : FE;
 3F06 : FE;
 3F07 : FE;
 3F08 : FE;
 3F09 : FE;
 3F0A : FE;
 3F0B : FE;
 3F0C : FE;
 3F0D : FE;
 3F0E : FE;
 3F0F : FE;
 3F10 : FE;
 3F11 : FE;
 3F12 : FE;
 3F13 : FE;
 3F14 : FE;
 3F15 : FE;
 3F16 : FE;
 3F17 : FE;
 3F18 : FE;
 3F19 : FE;
 3F1A : FE;
 3F1B : FE;
 3F1C : FE;
 3F1D : FE;
 3F1E : FF;
 3F1F : FE;
 3F20 : FE;
 3F21 : FF;
 3F22 : FE;
 3F23 : FD;
 3F24 : FD;
 3F25 : FC;
 3F26 : FC;
 3F27 : FC;
 3F28 : FC;
 3F29 : FD;
 3F2A : FE;
 3F2B : FE;
 3F2C : FF;
 3F2D : FE;
 3F2E : FE;
 3F2F : FE;
 3F30 : FE;
 3F31 : FE;
 3F32 : FE;
 3F33 : FE;
 3F34 : FE;
 3F35 : FE;
 3F36 : FE;
 3F37 : FE;
 3F38 : FE;
 3F39 : FE;
 3F3A : FE;
 3F3B : FE;
 3F3C : FE;
 3F3D : FE;
 3F3E : FE;
 3F3F : FE;
 3F40 : FE;
 3F41 : FE;
 3F42 : FE;
 3F43 : FE;
 3F44 : FE;
 3F45 : FE;
 3F46 : FE;
 3F47 : FE;
 3F48 : FE;
 3F49 : FE;
 3F4A : FE;
 3F4B : FE;
 3F4C : FE;
 3F4D : FE;
 3F4E : FE;
 3F4F : FE;
 3F50 : FE;
 3F51 : FE;
 3F52 : FE;
 3F53 : FE;
 3F54 : FE;
 3F55 : FE;
 3F56 : FE;
 3F57 : FE;
 3F58 : FE;
 3F59 : FE;
 3F5A : FE;
 3F5B : FE;
 3F5C : FE;
 3F5D : FE;
 3F5E : FE;
 3F5F : FE;
 3F60 : FE;
 3F61 : FE;
 3F62 : FE;
 3F63 : FE;
 3F64 : FE;
 3F65 : FE;
 3F66 : FE;
 3F67 : FE;
 3F68 : FE;
 3F69 : FE;
 3F6A : FE;
 3F6B : FE;
 3F6C : FE;
 3F6D : FE;
 3F6E : FE;
 3F6F : FE;
 3F70 : FE;
 3F71 : FE;
 3F72 : FE;
 3F73 : FE;
 3F74 : FE;
 3F75 : FE;
 3F76 : FE;
 3F77 : FE;
 3F78 : FE;
 3F79 : FE;
 3F7A : FE;
 3F7B : FE;
 3F7C : FE;
 3F7D : FE;
 3F7E : FE;
 3F7F : FE;
 3F80 : FE;
 3F81 : FE;
 3F82 : FE;
 3F83 : FE;
 3F84 : FE;
 3F85 : FE;
 3F86 : FE;
 3F87 : FE;
 3F88 : FE;
 3F89 : FE;
 3F8A : FE;
 3F8B : FE;
 3F8C : FE;
 3F8D : FE;
 3F8E : FE;
 3F8F : FE;
 3F90 : FE;
 3F91 : FE;
 3F92 : FE;
 3F93 : FE;
 3F94 : FE;
 3F95 : FE;
 3F96 : FE;
 3F97 : FE;
 3F98 : FE;
 3F99 : FE;
 3F9A : FE;
 3F9B : FE;
 3F9C : FE;
 3F9D : FE;
 3F9E : FE;
 3F9F : FE;
 3FA0 : FE;
 3FA1 : FE;
 3FA2 : FE;
 3FA3 : FE;
 3FA4 : FE;
 3FA5 : FE;
 3FA6 : FE;
 3FA7 : FE;
 3FA8 : FE;
 3FA9 : FE;
 3FAA : FE;
 3FAB : FE;
 3FAC : FE;
 3FAD : FE;
 3FAE : FE;
 3FAF : FE;
 3FB0 : FE;
 3FB1 : FE;
 3FB2 : FE;
 3FB3 : FE;
 3FB4 : FE;
 3FB5 : FE;
 3FB6 : FE;
 3FB7 : FE;
 3FB8 : FE;
 3FB9 : FE;
 3FBA : FE;
 3FBB : FE;
 3FBC : FE;
 3FBD : FE;
 3FBE : FE;
 3FBF : FE;
 3FC0 : FE;
 3FC1 : FE;
 3FC2 : FE;
 3FC3 : FE;
 3FC4 : FE;
 3FC5 : FE;
 3FC6 : FE;
 3FC7 : FE;
 3FC8 : FE;
 3FC9 : FE;
 3FCA : FE;
 3FCB : FE;
 3FCC : FE;
 3FCD : FE;
 3FCE : FE;
 3FCF : FE;
 3FD0 : FE;
 3FD1 : FE;
 3FD2 : FE;
 3FD3 : FE;
 3FD4 : FE;
 3FD5 : FE;
 3FD6 : FE;
 3FD7 : FE;
 3FD8 : FE;
 3FD9 : FE;
 3FDA : FE;
 3FDB : FE;
 3FDC : FE;
 3FDD : FE;
 3FDE : FE;
 3FDF : FE;
 3FE0 : FE;
 3FE1 : FE;
 3FE2 : FE;
 3FE3 : FE;
 3FE4 : FE;
 3FE5 : FE;
 3FE6 : FE;
 3FE7 : FE;
 3FE8 : FE;
 3FE9 : FE;
 3FEA : FE;
 3FEB : FE;
 3FEC : FE;
 3FED : FE;
 3FEE : FE;
 3FEF : FE;
 3FF0 : FE;
 3FF1 : FE;
 3FF2 : FE;
 3FF3 : FE;
 3FF4 : FE;
 3FF5 : FE;
 3FF6 : FE;
 3FF7 : FE;
 3FF8 : FE;
 3FF9 : FE;
 3FFA : FE;
 3FFB : FE;
 3FFC : FE;
 3FFD : FE;
 3FFE : FE;
 3FFF : FE;
 4000 : FE;
 4001 : FE;
 4002 : FE;
 4003 : FE;
 4004 : FE;
 4005 : FE;
 4006 : FE;
 4007 : FE;
 4008 : FE;
 4009 : FE;
 400A : FE;
 400B : FE;
 400C : FE;
 400D : FE;
 400E : FE;
 400F : FE;
 4010 : FE;
 4011 : FE;
 4012 : FE;
 4013 : FE;
 4014 : FE;
 4015 : FE;
 4016 : FE;
 4017 : FE;
 4018 : FE;
 4019 : FE;
 401A : FE;
 401B : FE;
 401C : FE;
 401D : FE;
 401E : FE;
 401F : FE;
 4020 : FE;
 4021 : FE;
 4022 : FE;
 4023 : FE;
 4024 : FE;
 4025 : FE;
 4026 : FE;
 4027 : FE;
 4028 : FE;
 4029 : FE;
 402A : FE;
 402B : FE;
 402C : FE;
 402D : FE;
 402E : FE;
 402F : FE;
 4030 : FE;
 4031 : FE;
 4032 : FE;
 4033 : FE;
 4034 : FE;
 4035 : FE;
 4036 : FE;
 4037 : FE;
 4038 : FE;
 4039 : FE;
 403A : FE;
 403B : FE;
 403C : FE;
 403D : FE;
 403E : FE;
 403F : FE;
 4040 : FE;
 4041 : FE;
 4042 : FE;
 4043 : FE;
 4044 : FE;
 4045 : FE;
 4046 : FE;
 4047 : FE;
 4048 : FE;
 4049 : FE;
 404A : FE;
 404B : FE;
 404C : FE;
 404D : FE;
 404E : FE;
 404F : FE;
 4050 : FE;
 4051 : FE;
 4052 : FE;
 4053 : FE;
 4054 : FE;
 4055 : FE;
 4056 : FE;
 4057 : FE;
 4058 : FE;
 4059 : FE;
 405A : FE;
 405B : FE;
 405C : FE;
 405D : FE;
 405E : FF;
 405F : FE;
 4060 : FE;
 4061 : FF;
 4062 : FF;
 4063 : FD;
 4064 : FD;
 4065 : FD;
 4066 : FD;
 4067 : FD;
 4068 : FD;
 4069 : FD;
 406A : FD;
 406B : FF;
 406C : FE;
 406D : FE;
 406E : FE;
 406F : FF;
 4070 : FE;
 4071 : FE;
 4072 : FE;
 4073 : FE;
 4074 : FE;
 4075 : FE;
 4076 : FE;
 4077 : FE;
 4078 : FE;
 4079 : FE;
 407A : FE;
 407B : FE;
 407C : FE;
 407D : FE;
 407E : FE;
 407F : FE;
 4080 : FE;
 4081 : FE;
 4082 : FE;
 4083 : FE;
 4084 : FE;
 4085 : FE;
 4086 : FE;
 4087 : FE;
 4088 : FE;
 4089 : FE;
 408A : FE;
 408B : FE;
 408C : FE;
 408D : FE;
 408E : FE;
 408F : FE;
 4090 : FE;
 4091 : FE;
 4092 : FE;
 4093 : FE;
 4094 : FE;
 4095 : FE;
 4096 : FE;
 4097 : FE;
 4098 : FE;
 4099 : FE;
 409A : FE;
 409B : FE;
 409C : FE;
 409D : FE;
 409E : FE;
 409F : FE;
 40A0 : FE;
 40A1 : FE;
 40A2 : FE;
 40A3 : FE;
 40A4 : FE;
 40A5 : FE;
 40A6 : FE;
 40A7 : FE;
 40A8 : FE;
 40A9 : FE;
 40AA : FE;
 40AB : FE;
 40AC : FE;
 40AD : FE;
 40AE : FE;
 40AF : FE;
 40B0 : FE;
 40B1 : FE;
 40B2 : FE;
 40B3 : FE;
 40B4 : FE;
 40B5 : FE;
 40B6 : FE;
 40B7 : FE;
 40B8 : FE;
 40B9 : FE;
 40BA : FE;
 40BB : FE;
 40BC : FE;
 40BD : FE;
 40BE : FE;
 40BF : FE;
 40C0 : FE;
 40C1 : FE;
 40C2 : FE;
 40C3 : FE;
 40C4 : FE;
 40C5 : FE;
 40C6 : FE;
 40C7 : FE;
 40C8 : FE;
 40C9 : FE;
 40CA : FE;
 40CB : FE;
 40CC : FE;
 40CD : FE;
 40CE : FE;
 40CF : FE;
 40D0 : FE;
 40D1 : FE;
 40D2 : FE;
 40D3 : FE;
 40D4 : FE;
 40D5 : FE;
 40D6 : FE;
 40D7 : FE;
 40D8 : FE;
 40D9 : FE;
 40DA : FE;
 40DB : FE;
 40DC : FE;
 40DD : FE;
 40DE : FE;
 40DF : FE;
 40E0 : FE;
 40E1 : FE;
 40E2 : FE;
 40E3 : FE;
 40E4 : FE;
 40E5 : FE;
 40E6 : FE;
 40E7 : FE;
 40E8 : FE;
 40E9 : FE;
 40EA : FE;
 40EB : FE;
 40EC : FE;
 40ED : FE;
 40EE : FE;
 40EF : FE;
 40F0 : FE;
 40F1 : FE;
 40F2 : FE;
 40F3 : FE;
 40F4 : FE;
 40F5 : FE;
 40F6 : FE;
 40F7 : FE;
 40F8 : FE;
 40F9 : FE;
 40FA : FE;
 40FB : FE;
 40FC : FE;
 40FD : FE;
 40FE : FE;
 40FF : FE;
 4100 : FE;
 4101 : FE;
 4102 : FE;
 4103 : FE;
 4104 : FE;
 4105 : FE;
 4106 : FE;
 4107 : FE;
 4108 : FE;
 4109 : FE;
 410A : FE;
 410B : FE;
 410C : FE;
 410D : FE;
 410E : FE;
 410F : FE;
 4110 : FE;
 4111 : FE;
 4112 : FE;
 4113 : FE;
 4114 : FE;
 4115 : FE;
 4116 : FE;
 4117 : FE;
 4118 : FE;
 4119 : FE;
 411A : FE;
 411B : FE;
 411C : FE;
 411D : FE;
 411E : FE;
 411F : FE;
 4120 : FE;
 4121 : FE;
 4122 : FE;
 4123 : FE;
 4124 : FE;
 4125 : FE;
 4126 : FE;
 4127 : FE;
 4128 : FE;
 4129 : FE;
 412A : FE;
 412B : FE;
 412C : FE;
 412D : FE;
 412E : FE;
 412F : FE;
 4130 : FE;
 4131 : FE;
 4132 : FE;
 4133 : FE;
 4134 : FE;
 4135 : FE;
 4136 : FE;
 4137 : FE;
 4138 : FE;
 4139 : FE;
 413A : FE;
 413B : FE;
 413C : FE;
 413D : FE;
 413E : FE;
 413F : FE;
 4140 : FE;
 4141 : FE;
 4142 : FE;
 4143 : FE;
 4144 : FE;
 4145 : FE;
 4146 : FE;
 4147 : FE;
 4148 : FE;
 4149 : FE;
 414A : FE;
 414B : FE;
 414C : FE;
 414D : FE;
 414E : FE;
 414F : FE;
 4150 : FE;
 4151 : FE;
 4152 : FE;
 4153 : FE;
 4154 : FE;
 4155 : FE;
 4156 : FE;
 4157 : FE;
 4158 : FE;
 4159 : FE;
 415A : FE;
 415B : FE;
 415C : FE;
 415D : FE;
 415E : FE;
 415F : FE;
 4160 : FE;
 4161 : FE;
 4162 : FE;
 4163 : FE;
 4164 : FE;
 4165 : FE;
 4166 : FE;
 4167 : FE;
 4168 : FE;
 4169 : FE;
 416A : FE;
 416B : FE;
 416C : FE;
 416D : FE;
 416E : FE;
 416F : FE;
 4170 : FE;
 4171 : FE;
 4172 : FE;
 4173 : FE;
 4174 : FE;
 4175 : FE;
 4176 : FE;
 4177 : FE;
 4178 : FE;
 4179 : FE;
 417A : FE;
 417B : FE;
 417C : FE;
 417D : FE;
 417E : FE;
 417F : FE;
 4180 : FE;
 4181 : FE;
 4182 : FE;
 4183 : FE;
 4184 : FE;
 4185 : FE;
 4186 : FE;
 4187 : FE;
 4188 : FE;
 4189 : FE;
 418A : FE;
 418B : FE;
 418C : FE;
 418D : FE;
 418E : FE;
 418F : FE;
 4190 : FE;
 4191 : FE;
 4192 : FE;
 4193 : FE;
 4194 : FE;
 4195 : FE;
 4196 : FE;
 4197 : FE;
 4198 : FE;
 4199 : FE;
 419A : FE;
 419B : FE;
 419C : FE;
 419D : FE;
 419E : FF;
 419F : FE;
 41A0 : FE;
 41A1 : FE;
 41A2 : FE;
 41A3 : FE;
 41A4 : FD;
 41A5 : FE;
 41A6 : FD;
 41A7 : FD;
 41A8 : FD;
 41A9 : FE;
 41AA : FE;
 41AB : FE;
 41AC : FE;
 41AD : FE;
 41AE : FE;
 41AF : FF;
 41B0 : FE;
 41B1 : FE;
 41B2 : FE;
 41B3 : FE;
 41B4 : FE;
 41B5 : FE;
 41B6 : FE;
 41B7 : FE;
 41B8 : FE;
 41B9 : FE;
 41BA : FE;
 41BB : FE;
 41BC : FE;
 41BD : FE;
 41BE : FE;
 41BF : FE;
 41C0 : FE;
 41C1 : FE;
 41C2 : FE;
 41C3 : FE;
 41C4 : FE;
 41C5 : FE;
 41C6 : FE;
 41C7 : FE;
 41C8 : FE;
 41C9 : FE;
 41CA : FE;
 41CB : FE;
 41CC : FE;
 41CD : FE;
 41CE : FE;
 41CF : FE;
 41D0 : FE;
 41D1 : FE;
 41D2 : FE;
 41D3 : FE;
 41D4 : FE;
 41D5 : FE;
 41D6 : FE;
 41D7 : FE;
 41D8 : FE;
 41D9 : FE;
 41DA : FE;
 41DB : FE;
 41DC : FE;
 41DD : FE;
 41DE : FE;
 41DF : FE;
 41E0 : FE;
 41E1 : FE;
 41E2 : FE;
 41E3 : FE;
 41E4 : FE;
 41E5 : FE;
 41E6 : FE;
 41E7 : FE;
 41E8 : FE;
 41E9 : FE;
 41EA : FE;
 41EB : FE;
 41EC : FE;
 41ED : FE;
 41EE : FE;
 41EF : FE;
 41F0 : FE;
 41F1 : FE;
 41F2 : FE;
 41F3 : FE;
 41F4 : FE;
 41F5 : FE;
 41F6 : FE;
 41F7 : FE;
 41F8 : FE;
 41F9 : FE;
 41FA : FE;
 41FB : FE;
 41FC : FE;
 41FD : FE;
 41FE : FE;
 41FF : FE;
 4200 : FE;
 4201 : FE;
 4202 : FE;
 4203 : FE;
 4204 : FE;
 4205 : FE;
 4206 : FE;
 4207 : FE;
 4208 : FE;
 4209 : FE;
 420A : FE;
 420B : FE;
 420C : FE;
 420D : FE;
 420E : FE;
 420F : FE;
 4210 : FE;
 4211 : FE;
 4212 : FE;
 4213 : FE;
 4214 : FE;
 4215 : FE;
 4216 : FE;
 4217 : FE;
 4218 : FE;
 4219 : FE;
 421A : FE;
 421B : FE;
 421C : FE;
 421D : FE;
 421E : FE;
 421F : FE;
 4220 : FE;
 4221 : FE;
 4222 : FE;
 4223 : FE;
 4224 : FE;
 4225 : FE;
 4226 : FE;
 4227 : FE;
 4228 : FE;
 4229 : FE;
 422A : FE;
 422B : FE;
 422C : FE;
 422D : FE;
 422E : FE;
 422F : FE;
 4230 : FE;
 4231 : FE;
 4232 : FE;
 4233 : FE;
 4234 : FE;
 4235 : FE;
 4236 : FE;
 4237 : FE;
 4238 : FE;
 4239 : FE;
 423A : FE;
 423B : FE;
 423C : FE;
 423D : FE;
 423E : FE;
 423F : FE;
 4240 : FE;
 4241 : FE;
 4242 : FE;
 4243 : FE;
 4244 : FE;
 4245 : FE;
 4246 : FE;
 4247 : FE;
 4248 : FE;
 4249 : FE;
 424A : FE;
 424B : FE;
 424C : FE;
 424D : FE;
 424E : FE;
 424F : FE;
 4250 : FE;
 4251 : FE;
 4252 : FE;
 4253 : FE;
 4254 : FE;
 4255 : FE;
 4256 : FE;
 4257 : FE;
 4258 : FE;
 4259 : FE;
 425A : FE;
 425B : FE;
 425C : FE;
 425D : FE;
 425E : FE;
 425F : FE;
 4260 : FE;
 4261 : FE;
 4262 : FE;
 4263 : FE;
 4264 : FE;
 4265 : FE;
 4266 : FE;
 4267 : FE;
 4268 : FE;
 4269 : FE;
 426A : FE;
 426B : FE;
 426C : FE;
 426D : FE;
 426E : FE;
 426F : FE;
 4270 : FE;
 4271 : FE;
 4272 : FE;
 4273 : FE;
 4274 : FE;
 4275 : FE;
 4276 : FE;
 4277 : FE;
 4278 : FE;
 4279 : FE;
 427A : FE;
 427B : FE;
 427C : FE;
 427D : FE;
 427E : FE;
 427F : FE;
 4280 : FE;
 4281 : FE;
 4282 : FE;
 4283 : FE;
 4284 : FE;
 4285 : FE;
 4286 : FE;
 4287 : FE;
 4288 : FE;
 4289 : FE;
 428A : FE;
 428B : FE;
 428C : FE;
 428D : FE;
 428E : FE;
 428F : FE;
 4290 : FE;
 4291 : FE;
 4292 : FE;
 4293 : FE;
 4294 : FE;
 4295 : FE;
 4296 : FE;
 4297 : FE;
 4298 : FE;
 4299 : FE;
 429A : FE;
 429B : FE;
 429C : FE;
 429D : FE;
 429E : FE;
 429F : FE;
 42A0 : FE;
 42A1 : FE;
 42A2 : FE;
 42A3 : FE;
 42A4 : FE;
 42A5 : FE;
 42A6 : FE;
 42A7 : FE;
 42A8 : FE;
 42A9 : FE;
 42AA : FE;
 42AB : FE;
 42AC : FE;
 42AD : FE;
 42AE : FE;
 42AF : FE;
 42B0 : FE;
 42B1 : FE;
 42B2 : FE;
 42B3 : FE;
 42B4 : FE;
 42B5 : FE;
 42B6 : FE;
 42B7 : FE;
 42B8 : FE;
 42B9 : FE;
 42BA : FE;
 42BB : FE;
 42BC : FE;
 42BD : FE;
 42BE : FE;
 42BF : FE;
 42C0 : FE;
 42C1 : FE;
 42C2 : FE;
 42C3 : FE;
 42C4 : FE;
 42C5 : FE;
 42C6 : FE;
 42C7 : FE;
 42C8 : FE;
 42C9 : FE;
 42CA : FE;
 42CB : FE;
 42CC : FE;
 42CD : FE;
 42CE : FE;
 42CF : FE;
 42D0 : FE;
 42D1 : FE;
 42D2 : FE;
 42D3 : FE;
 42D4 : FE;
 42D5 : FE;
 42D6 : FE;
 42D7 : FE;
 42D8 : FE;
 42D9 : FE;
 42DA : FE;
 42DB : FE;
 42DC : FE;
 42DD : FE;
 42DE : FF;
 42DF : FE;
 42E0 : FE;
 42E1 : FE;
 42E2 : FE;
 42E3 : FE;
 42E4 : FE;
 42E5 : FE;
 42E6 : FE;
 42E7 : FE;
 42E8 : FE;
 42E9 : FE;
 42EA : FE;
 42EB : FE;
 42EC : FE;
 42ED : FE;
 42EE : FE;
 42EF : FF;
 42F0 : FE;
 42F1 : FE;
 42F2 : FE;
 42F3 : FE;
 42F4 : FE;
 42F5 : FE;
 42F6 : FE;
 42F7 : FE;
 42F8 : FE;
 42F9 : FE;
 42FA : FE;
 42FB : FE;
 42FC : FE;
 42FD : FE;
 42FE : FE;
 42FF : FE;
 4300 : FE;
 4301 : FE;
 4302 : FE;
 4303 : FE;
 4304 : FE;
 4305 : FE;
 4306 : FE;
 4307 : FE;
 4308 : FE;
 4309 : FE;
 430A : FE;
 430B : FE;
 430C : FE;
 430D : FE;
 430E : FE;
 430F : FE;
 4310 : FE;
 4311 : FE;
 4312 : FE;
 4313 : FE;
 4314 : FE;
 4315 : FE;
 4316 : FE;
 4317 : FE;
 4318 : FE;
 4319 : FE;
 431A : FE;
 431B : FE;
 431C : FE;
 431D : FE;
 431E : FE;
 431F : FE;
 4320 : FE;
 4321 : FE;
 4322 : FE;
 4323 : FE;
 4324 : FE;
 4325 : FE;
 4326 : FE;
 4327 : FE;
 4328 : FE;
 4329 : FE;
 432A : FE;
 432B : FE;
 432C : FE;
 432D : FE;
 432E : FE;
 432F : FE;
 4330 : FE;
 4331 : FE;
 4332 : FE;
 4333 : FE;
 4334 : FE;
 4335 : FE;
 4336 : FE;
 4337 : FE;
 4338 : FE;
 4339 : FE;
 433A : FE;
 433B : FE;
 433C : FE;
 433D : FE;
 433E : FE;
 433F : FE;
 4340 : FE;
 4341 : FE;
 4342 : FE;
 4343 : FE;
 4344 : FE;
 4345 : FE;
 4346 : FE;
 4347 : FE;
 4348 : FE;
 4349 : FE;
 434A : FE;
 434B : FE;
 434C : FE;
 434D : FE;
 434E : FE;
 434F : FE;
 4350 : FE;
 4351 : FE;
 4352 : FE;
 4353 : FE;
 4354 : FE;
 4355 : FE;
 4356 : FE;
 4357 : FE;
 4358 : FE;
 4359 : FE;
 435A : FE;
 435B : FE;
 435C : FE;
 435D : FE;
 435E : FE;
 435F : FE;
 4360 : FE;
 4361 : FE;
 4362 : FE;
 4363 : FE;
 4364 : FE;
 4365 : FE;
 4366 : FE;
 4367 : FE;
 4368 : FE;
 4369 : FE;
 436A : FE;
 436B : FE;
 436C : FE;
 436D : FE;
 436E : FE;
 436F : FE;
 4370 : FE;
 4371 : FE;
 4372 : FE;
 4373 : FE;
 4374 : FE;
 4375 : FE;
 4376 : FE;
 4377 : FE;
 4378 : FE;
 4379 : FE;
 437A : FE;
 437B : FE;
 437C : FE;
 437D : FE;
 437E : FE;
 437F : FE;
 4380 : FE;
 4381 : FE;
 4382 : FE;
 4383 : FE;
 4384 : FE;
 4385 : FE;
 4386 : FE;
 4387 : FE;
 4388 : FE;
 4389 : FE;
 438A : FE;
 438B : FE;
 438C : FE;
 438D : FE;
 438E : FE;
 438F : FE;
 4390 : FE;
 4391 : FE;
 4392 : FE;
 4393 : FE;
 4394 : FE;
 4395 : FE;
 4396 : FE;
 4397 : FE;
 4398 : FE;
 4399 : FE;
 439A : FE;
 439B : FE;
 439C : FE;
 439D : FE;
 439E : FE;
 439F : FE;
 43A0 : FE;
 43A1 : FE;
 43A2 : FE;
 43A3 : FE;
 43A4 : FE;
 43A5 : FE;
 43A6 : FE;
 43A7 : FE;
 43A8 : FE;
 43A9 : FE;
 43AA : FE;
 43AB : FE;
 43AC : FE;
 43AD : FE;
 43AE : FE;
 43AF : FE;
 43B0 : FE;
 43B1 : FE;
 43B2 : FE;
 43B3 : FE;
 43B4 : FE;
 43B5 : FE;
 43B6 : FE;
 43B7 : FE;
 43B8 : FE;
 43B9 : FE;
 43BA : FE;
 43BB : FE;
 43BC : FE;
 43BD : FE;
 43BE : FE;
 43BF : FE;
 43C0 : FE;
 43C1 : FE;
 43C2 : FE;
 43C3 : FE;
 43C4 : FE;
 43C5 : FE;
 43C6 : FE;
 43C7 : FE;
 43C8 : FE;
 43C9 : FE;
 43CA : FE;
 43CB : FE;
 43CC : FE;
 43CD : FE;
 43CE : FE;
 43CF : FE;
 43D0 : FE;
 43D1 : FE;
 43D2 : FE;
 43D3 : FE;
 43D4 : FE;
 43D5 : FE;
 43D6 : FE;
 43D7 : FE;
 43D8 : FE;
 43D9 : FE;
 43DA : FE;
 43DB : FE;
 43DC : FE;
 43DD : FE;
 43DE : FE;
 43DF : FE;
 43E0 : FE;
 43E1 : FE;
 43E2 : FE;
 43E3 : FE;
 43E4 : FE;
 43E5 : FE;
 43E6 : FE;
 43E7 : FE;
 43E8 : FE;
 43E9 : FE;
 43EA : FE;
 43EB : FE;
 43EC : FE;
 43ED : FE;
 43EE : FE;
 43EF : FE;
 43F0 : FE;
 43F1 : FE;
 43F2 : FE;
 43F3 : FE;
 43F4 : FE;
 43F5 : FE;
 43F6 : FE;
 43F7 : FE;
 43F8 : FE;
 43F9 : FE;
 43FA : FE;
 43FB : FE;
 43FC : FE;
 43FD : FE;
 43FE : FE;
 43FF : FE;
 4400 : FE;
 4401 : FE;
 4402 : FE;
 4403 : FE;
 4404 : FE;
 4405 : FE;
 4406 : FE;
 4407 : FE;
 4408 : FE;
 4409 : FE;
 440A : FE;
 440B : FE;
 440C : FE;
 440D : FE;
 440E : FE;
 440F : FE;
 4410 : FE;
 4411 : FE;
 4412 : FE;
 4413 : FE;
 4414 : FE;
 4415 : FE;
 4416 : FE;
 4417 : FE;
 4418 : FE;
 4419 : FE;
 441A : FE;
 441B : FE;
 441C : FE;
 441D : FE;
 441E : FE;
 441F : FF;
 4420 : FE;
 4421 : FE;
 4422 : FE;
 4423 : FE;
 4424 : FE;
 4425 : FE;
 4426 : FE;
 4427 : FD;
 4428 : FE;
 4429 : FE;
 442A : FE;
 442B : FE;
 442C : FE;
 442D : FE;
 442E : FE;
 442F : FF;
 4430 : FE;
 4431 : FE;
 4432 : FE;
 4433 : FE;
 4434 : FE;
 4435 : FE;
 4436 : FE;
 4437 : FE;
 4438 : FE;
 4439 : FE;
 443A : FE;
 443B : FE;
 443C : FE;
 443D : FE;
 443E : FE;
 443F : FE;
 4440 : FE;
 4441 : FE;
 4442 : FE;
 4443 : FE;
 4444 : FE;
 4445 : FE;
 4446 : FE;
 4447 : FE;
 4448 : FE;
 4449 : FE;
 444A : FE;
 444B : FE;
 444C : FE;
 444D : FE;
 444E : FE;
 444F : FE;
 4450 : FE;
 4451 : FE;
 4452 : FE;
 4453 : FE;
 4454 : FE;
 4455 : FE;
 4456 : FE;
 4457 : FE;
 4458 : FE;
 4459 : FE;
 445A : FE;
 445B : FE;
 445C : FE;
 445D : FE;
 445E : FE;
 445F : FE;
 4460 : FE;
 4461 : FE;
 4462 : FE;
 4463 : FE;
 4464 : FE;
 4465 : FE;
 4466 : FE;
 4467 : FE;
 4468 : FE;
 4469 : FE;
 446A : FE;
 446B : FE;
 446C : FE;
 446D : FE;
 446E : FE;
 446F : FE;
 4470 : FE;
 4471 : FE;
 4472 : FE;
 4473 : FE;
 4474 : FE;
 4475 : FE;
 4476 : FE;
 4477 : FE;
 4478 : FE;
 4479 : FE;
 447A : FE;
 447B : FE;
 447C : FE;
 447D : FE;
 447E : FE;
 447F : FE;
 4480 : FE;
 4481 : FE;
 4482 : FE;
 4483 : FE;
 4484 : FE;
 4485 : FE;
 4486 : FE;
 4487 : FE;
 4488 : FE;
 4489 : FE;
 448A : FE;
 448B : FE;
 448C : FE;
 448D : FE;
 448E : FE;
 448F : FE;
 4490 : FE;
 4491 : FE;
 4492 : FE;
 4493 : FE;
 4494 : FE;
 4495 : FE;
 4496 : FE;
 4497 : FE;
 4498 : FE;
 4499 : FE;
 449A : FE;
 449B : FE;
 449C : FE;
 449D : FE;
 449E : FE;
 449F : FE;
 44A0 : FE;
 44A1 : FE;
 44A2 : FE;
 44A3 : FE;
 44A4 : FE;
 44A5 : FE;
 44A6 : FE;
 44A7 : FE;
 44A8 : FE;
 44A9 : FE;
 44AA : FE;
 44AB : FE;
 44AC : FE;
 44AD : FE;
 44AE : FE;
 44AF : FE;
 44B0 : FE;
 44B1 : FE;
 44B2 : FE;
 44B3 : FE;
 44B4 : FE;
 44B5 : FE;
 44B6 : FE;
 44B7 : FE;
 44B8 : FE;
 44B9 : FE;
 44BA : FE;
 44BB : FE;
 44BC : FE;
 44BD : FE;
 44BE : FE;
 44BF : FE;
 44C0 : FE;
 44C1 : FE;
 44C2 : FE;
 44C3 : FE;
 44C4 : FE;
 44C5 : FE;
 44C6 : FE;
 44C7 : FE;
 44C8 : FE;
 44C9 : FE;
 44CA : FE;
 44CB : FE;
 44CC : FE;
 44CD : FE;
 44CE : FE;
 44CF : FE;
 44D0 : FE;
 44D1 : FE;
 44D2 : FE;
 44D3 : FE;
 44D4 : FE;
 44D5 : FE;
 44D6 : FE;
 44D7 : FE;
 44D8 : FE;
 44D9 : FE;
 44DA : FE;
 44DB : FE;
 44DC : FE;
 44DD : FE;
 44DE : FE;
 44DF : FE;
 44E0 : FE;
 44E1 : FE;
 44E2 : FE;
 44E3 : FE;
 44E4 : FE;
 44E5 : FE;
 44E6 : FE;
 44E7 : FE;
 44E8 : FE;
 44E9 : FE;
 44EA : FE;
 44EB : FE;
 44EC : FE;
 44ED : FE;
 44EE : FE;
 44EF : FE;
 44F0 : FE;
 44F1 : FE;
 44F2 : FE;
 44F3 : FE;
 44F4 : FE;
 44F5 : FE;
 44F6 : FE;
 44F7 : FE;
 44F8 : FE;
 44F9 : FE;
 44FA : FE;
 44FB : FE;
 44FC : FE;
 44FD : FE;
 44FE : FE;
 44FF : FE;
 4500 : FE;
 4501 : FE;
 4502 : FE;
 4503 : FE;
 4504 : FE;
 4505 : FE;
 4506 : FE;
 4507 : FE;
 4508 : FE;
 4509 : FE;
 450A : FE;
 450B : FE;
 450C : FE;
 450D : FE;
 450E : FE;
 450F : FE;
 4510 : FE;
 4511 : FE;
 4512 : FE;
 4513 : FE;
 4514 : FE;
 4515 : FE;
 4516 : FE;
 4517 : FE;
 4518 : FE;
 4519 : FE;
 451A : FE;
 451B : FE;
 451C : FE;
 451D : FE;
 451E : FE;
 451F : FE;
 4520 : FE;
 4521 : FE;
 4522 : FE;
 4523 : FE;
 4524 : FE;
 4525 : FE;
 4526 : FE;
 4527 : FE;
 4528 : FE;
 4529 : FE;
 452A : FE;
 452B : FE;
 452C : FE;
 452D : FE;
 452E : FE;
 452F : FE;
 4530 : FE;
 4531 : FE;
 4532 : FE;
 4533 : FE;
 4534 : FE;
 4535 : FE;
 4536 : FE;
 4537 : FE;
 4538 : FE;
 4539 : FE;
 453A : FE;
 453B : FE;
 453C : FE;
 453D : FE;
 453E : FE;
 453F : FE;
 4540 : FE;
 4541 : FE;
 4542 : FE;
 4543 : FE;
 4544 : FE;
 4545 : FE;
 4546 : FE;
 4547 : FE;
 4548 : FE;
 4549 : FE;
 454A : FE;
 454B : FE;
 454C : FE;
 454D : FE;
 454E : FE;
 454F : FE;
 4550 : FE;
 4551 : FE;
 4552 : FE;
 4553 : FE;
 4554 : FE;
 4555 : FE;
 4556 : FE;
 4557 : FE;
 4558 : FE;
 4559 : FE;
 455A : FE;
 455B : FE;
 455C : FE;
 455D : FE;
 455E : FE;
 455F : FE;
 4560 : FE;
 4561 : FF;
 4562 : FE;
 4563 : FE;
 4564 : FE;
 4565 : FE;
 4566 : FE;
 4567 : FE;
 4568 : FE;
 4569 : FE;
 456A : FE;
 456B : FE;
 456C : FE;
 456D : FF;
 456E : FF;
 456F : FE;
 4570 : FE;
 4571 : FE;
 4572 : FE;
 4573 : FE;
 4574 : FE;
 4575 : FE;
 4576 : FE;
 4577 : FE;
 4578 : FE;
 4579 : FE;
 457A : FE;
 457B : FE;
 457C : FE;
 457D : FE;
 457E : FE;
 457F : FE;
 4580 : FE;
 4581 : FE;
 4582 : FE;
 4583 : FE;
 4584 : FE;
 4585 : FE;
 4586 : FE;
 4587 : FE;
 4588 : FE;
 4589 : FE;
 458A : FE;
 458B : FE;
 458C : FE;
 458D : FE;
 458E : FE;
 458F : FE;
 4590 : FE;
 4591 : FE;
 4592 : FE;
 4593 : FE;
 4594 : FE;
 4595 : FE;
 4596 : FE;
 4597 : FE;
 4598 : FE;
 4599 : FE;
 459A : FE;
 459B : FE;
 459C : FE;
 459D : FE;
 459E : FE;
 459F : FE;
 45A0 : FE;
 45A1 : FE;
 45A2 : FE;
 45A3 : FE;
 45A4 : FE;
 45A5 : FE;
 45A6 : FE;
 45A7 : FE;
 45A8 : FE;
 45A9 : FE;
 45AA : FE;
 45AB : FE;
 45AC : FE;
 45AD : FE;
 45AE : FE;
 45AF : FE;
 45B0 : FE;
 45B1 : FE;
 45B2 : FE;
 45B3 : FE;
 45B4 : FE;
 45B5 : FE;
 45B6 : FE;
 45B7 : FE;
 45B8 : FE;
 45B9 : FE;
 45BA : FE;
 45BB : FE;
 45BC : FE;
 45BD : FE;
 45BE : FE;
 45BF : FE;
 45C0 : FE;
 45C1 : FE;
 45C2 : FE;
 45C3 : FE;
 45C4 : FE;
 45C5 : FE;
 45C6 : FE;
 45C7 : FE;
 45C8 : FE;
 45C9 : FE;
 45CA : FE;
 45CB : FE;
 45CC : FE;
 45CD : FE;
 45CE : FE;
 45CF : FE;
 45D0 : FE;
 45D1 : FE;
 45D2 : FE;
 45D3 : FE;
 45D4 : FE;
 45D5 : FE;
 45D6 : FE;
 45D7 : FE;
 45D8 : FE;
 45D9 : FE;
 45DA : FE;
 45DB : FE;
 45DC : FE;
 45DD : FE;
 45DE : FE;
 45DF : FE;
 45E0 : FE;
 45E1 : FE;
 45E2 : FE;
 45E3 : FE;
 45E4 : FE;
 45E5 : FE;
 45E6 : FE;
 45E7 : FE;
 45E8 : FE;
 45E9 : FE;
 45EA : FE;
 45EB : FE;
 45EC : FE;
 45ED : FE;
 45EE : FE;
 45EF : FE;
 45F0 : FE;
 45F1 : FE;
 45F2 : FE;
 45F3 : FE;
 45F4 : FE;
 45F5 : FE;
 45F6 : FE;
 45F7 : FE;
 45F8 : FE;
 45F9 : FE;
 45FA : FE;
 45FB : FE;
 45FC : FE;
 45FD : FE;
 45FE : FE;
 45FF : FE;
 4600 : FE;
 4601 : FE;
 4602 : FE;
 4603 : FE;
 4604 : FE;
 4605 : FE;
 4606 : FE;
 4607 : FE;
 4608 : FE;
 4609 : FE;
 460A : FE;
 460B : FE;
 460C : FE;
 460D : FE;
 460E : FE;
 460F : FE;
 4610 : FE;
 4611 : FE;
 4612 : FE;
 4613 : FE;
 4614 : FE;
 4615 : FE;
 4616 : FE;
 4617 : FE;
 4618 : FE;
 4619 : FE;
 461A : FE;
 461B : FE;
 461C : FE;
 461D : FE;
 461E : FE;
 461F : FE;
 4620 : FE;
 4621 : FE;
 4622 : FE;
 4623 : FE;
 4624 : FE;
 4625 : FE;
 4626 : FE;
 4627 : FE;
 4628 : FE;
 4629 : FE;
 462A : FE;
 462B : FE;
 462C : FE;
 462D : FE;
 462E : FE;
 462F : FE;
 4630 : FE;
 4631 : FE;
 4632 : FE;
 4633 : FE;
 4634 : FE;
 4635 : FE;
 4636 : FE;
 4637 : FE;
 4638 : FE;
 4639 : FE;
 463A : FE;
 463B : FE;
 463C : FE;
 463D : FE;
 463E : FE;
 463F : FE;
 4640 : FE;
 4641 : FE;
 4642 : FE;
 4643 : FE;
 4644 : FE;
 4645 : FE;
 4646 : FE;
 4647 : FE;
 4648 : FE;
 4649 : FE;
 464A : FE;
 464B : FE;
 464C : FE;
 464D : FE;
 464E : FE;
 464F : FE;
 4650 : FE;
 4651 : FE;
 4652 : FE;
 4653 : FE;
 4654 : FE;
 4655 : FE;
 4656 : FE;
 4657 : FE;
 4658 : FE;
 4659 : FE;
 465A : FE;
 465B : FE;
 465C : FE;
 465D : FE;
 465E : FE;
 465F : FE;
 4660 : FE;
 4661 : FE;
 4662 : FE;
 4663 : FE;
 4664 : FE;
 4665 : FE;
 4666 : FE;
 4667 : FE;
 4668 : FE;
 4669 : FE;
 466A : FE;
 466B : FE;
 466C : FE;
 466D : FE;
 466E : FE;
 466F : FE;
 4670 : FE;
 4671 : FE;
 4672 : FE;
 4673 : FE;
 4674 : FE;
 4675 : FE;
 4676 : FE;
 4677 : FE;
 4678 : FE;
 4679 : FE;
 467A : FE;
 467B : FE;
 467C : FE;
 467D : FE;
 467E : FE;
 467F : FE;
 4680 : FE;
 4681 : FE;
 4682 : FE;
 4683 : FE;
 4684 : FE;
 4685 : FE;
 4686 : FE;
 4687 : FE;
 4688 : FE;
 4689 : FE;
 468A : FE;
 468B : FE;
 468C : FE;
 468D : FE;
 468E : FE;
 468F : FE;
 4690 : FE;
 4691 : FE;
 4692 : FE;
 4693 : FE;
 4694 : FB;
 4695 : FB;
 4696 : FE;
 4697 : FD;
 4698 : FE;
 4699 : FE;
 469A : FA;
 469B : F9;
 469C : FE;
 469D : FE;
 469E : FB;
 469F : F6;
 46A0 : FD;
 46A1 : FF;
 46A2 : F7;
 46A3 : FB;
 46A4 : FF;
 46A5 : FA;
 46A6 : FE;
 46A7 : FB;
 46A8 : FF;
 46A9 : FF;
 46AA : FC;
 46AB : FF;
 46AC : FF;
 46AD : FF;
 46AE : FA;
 46AF : F9;
 46B0 : FD;
 46B1 : FF;
 46B2 : FF;
 46B3 : FE;
 46B4 : FC;
 46B5 : FD;
 46B6 : FF;
 46B7 : FE;
 46B8 : FE;
 46B9 : FE;
 46BA : FE;
 46BB : FE;
 46BC : FE;
 46BD : FE;
 46BE : FE;
 46BF : FE;
 46C0 : FE;
 46C1 : FE;
 46C2 : FE;
 46C3 : FE;
 46C4 : FE;
 46C5 : FE;
 46C6 : FE;
 46C7 : FE;
 46C8 : FE;
 46C9 : FE;
 46CA : FE;
 46CB : FE;
 46CC : FE;
 46CD : FE;
 46CE : FE;
 46CF : FE;
 46D0 : FE;
 46D1 : FE;
 46D2 : FE;
 46D3 : FE;
 46D4 : FE;
 46D5 : FE;
 46D6 : FE;
 46D7 : FE;
 46D8 : FE;
 46D9 : FE;
 46DA : FE;
 46DB : FE;
 46DC : FE;
 46DD : FE;
 46DE : FE;
 46DF : FE;
 46E0 : FE;
 46E1 : FE;
 46E2 : FE;
 46E3 : FE;
 46E4 : FE;
 46E5 : FE;
 46E6 : FE;
 46E7 : FE;
 46E8 : FE;
 46E9 : FE;
 46EA : FE;
 46EB : FE;
 46EC : FE;
 46ED : FE;
 46EE : FE;
 46EF : FE;
 46F0 : FE;
 46F1 : FE;
 46F2 : FE;
 46F3 : FE;
 46F4 : FE;
 46F5 : FE;
 46F6 : FE;
 46F7 : FE;
 46F8 : FE;
 46F9 : FE;
 46FA : FE;
 46FB : FE;
 46FC : FE;
 46FD : FE;
 46FE : FE;
 46FF : FE;
 4700 : FE;
 4701 : FE;
 4702 : FE;
 4703 : FE;
 4704 : FE;
 4705 : FE;
 4706 : FE;
 4707 : FE;
 4708 : FE;
 4709 : FE;
 470A : FE;
 470B : FE;
 470C : FE;
 470D : FE;
 470E : FE;
 470F : FE;
 4710 : FE;
 4711 : FE;
 4712 : FE;
 4713 : FE;
 4714 : FE;
 4715 : FE;
 4716 : FE;
 4717 : FE;
 4718 : FE;
 4719 : FE;
 471A : FE;
 471B : FE;
 471C : FE;
 471D : FE;
 471E : FE;
 471F : FE;
 4720 : FE;
 4721 : FE;
 4722 : FE;
 4723 : FE;
 4724 : FE;
 4725 : FE;
 4726 : FE;
 4727 : FE;
 4728 : FE;
 4729 : FE;
 472A : FE;
 472B : FE;
 472C : FE;
 472D : FE;
 472E : FE;
 472F : FE;
 4730 : FE;
 4731 : FE;
 4732 : FE;
 4733 : FE;
 4734 : FE;
 4735 : FE;
 4736 : FE;
 4737 : FE;
 4738 : FE;
 4739 : FE;
 473A : FE;
 473B : FE;
 473C : FE;
 473D : FE;
 473E : FE;
 473F : FE;
 4740 : FE;
 4741 : FE;
 4742 : FE;
 4743 : FE;
 4744 : FE;
 4745 : FE;
 4746 : FE;
 4747 : FE;
 4748 : FE;
 4749 : FE;
 474A : FE;
 474B : FE;
 474C : FE;
 474D : FE;
 474E : FE;
 474F : FE;
 4750 : FE;
 4751 : FE;
 4752 : FE;
 4753 : FE;
 4754 : FE;
 4755 : FE;
 4756 : FE;
 4757 : FE;
 4758 : FE;
 4759 : FE;
 475A : FE;
 475B : FE;
 475C : FE;
 475D : FE;
 475E : FE;
 475F : FE;
 4760 : FE;
 4761 : FE;
 4762 : FE;
 4763 : FE;
 4764 : FE;
 4765 : FE;
 4766 : FE;
 4767 : FE;
 4768 : FE;
 4769 : FE;
 476A : FE;
 476B : FE;
 476C : FE;
 476D : FE;
 476E : FE;
 476F : FE;
 4770 : FE;
 4771 : FE;
 4772 : FE;
 4773 : FE;
 4774 : FE;
 4775 : FE;
 4776 : FE;
 4777 : FE;
 4778 : FE;
 4779 : FE;
 477A : FE;
 477B : FE;
 477C : FE;
 477D : FE;
 477E : FE;
 477F : FE;
 4780 : FE;
 4781 : FE;
 4782 : FE;
 4783 : FE;
 4784 : FE;
 4785 : FE;
 4786 : FE;
 4787 : FE;
 4788 : FE;
 4789 : FE;
 478A : FE;
 478B : FE;
 478C : FE;
 478D : FE;
 478E : FE;
 478F : FE;
 4790 : FE;
 4791 : FE;
 4792 : FE;
 4793 : FE;
 4794 : FE;
 4795 : FE;
 4796 : FE;
 4797 : FE;
 4798 : FE;
 4799 : FE;
 479A : FE;
 479B : FE;
 479C : FE;
 479D : FE;
 479E : FE;
 479F : FE;
 47A0 : FE;
 47A1 : FE;
 47A2 : FE;
 47A3 : FE;
 47A4 : FE;
 47A5 : FE;
 47A6 : FE;
 47A7 : FE;
 47A8 : FE;
 47A9 : FE;
 47AA : FE;
 47AB : FE;
 47AC : FE;
 47AD : FE;
 47AE : FE;
 47AF : FE;
 47B0 : FE;
 47B1 : FE;
 47B2 : FE;
 47B3 : FE;
 47B4 : FE;
 47B5 : FE;
 47B6 : FE;
 47B7 : FE;
 47B8 : FE;
 47B9 : FE;
 47BA : FE;
 47BB : FE;
 47BC : FE;
 47BD : FE;
 47BE : FE;
 47BF : FE;
 47C0 : FE;
 47C1 : FE;
 47C2 : FE;
 47C3 : FE;
 47C4 : FE;
 47C5 : FE;
 47C6 : FE;
 47C7 : FE;
 47C8 : FE;
 47C9 : FE;
 47CA : FE;
 47CB : FE;
 47CC : FE;
 47CD : FE;
 47CE : FE;
 47CF : FE;
 47D0 : FC;
 47D1 : F9;
 47D2 : FB;
 47D3 : FC;
 47D4 : FB;
 47D5 : F8;
 47D6 : F6;
 47D7 : FC;
 47D8 : FE;
 47D9 : FE;
 47DA : FC;
 47DB : FC;
 47DC : FD;
 47DD : FD;
 47DE : FB;
 47DF : F8;
 47E0 : FB;
 47E1 : FD;
 47E2 : FA;
 47E3 : FF;
 47E4 : FF;
 47E5 : F9;
 47E6 : FA;
 47E7 : FB;
 47E8 : FF;
 47E9 : FF;
 47EA : FC;
 47EB : FC;
 47EC : FF;
 47ED : FF;
 47EE : FF;
 47EF : FE;
 47F0 : FE;
 47F1 : FE;
 47F2 : FE;
 47F3 : FD;
 47F4 : FD;
 47F5 : FD;
 47F6 : FD;
 47F7 : FE;
 47F8 : FE;
 47F9 : FE;
 47FA : FE;
 47FB : FE;
 47FC : FE;
 47FD : FE;
 47FE : FE;
 47FF : FE;
 4800 : FE;
 4801 : FE;
 4802 : FE;
 4803 : FE;
 4804 : FE;
 4805 : FE;
 4806 : FE;
 4807 : FE;
 4808 : FE;
 4809 : FE;
 480A : FE;
 480B : FE;
 480C : FE;
 480D : FE;
 480E : FE;
 480F : FE;
 4810 : FE;
 4811 : FE;
 4812 : FE;
 4813 : FE;
 4814 : FE;
 4815 : FE;
 4816 : FE;
 4817 : FE;
 4818 : FE;
 4819 : FE;
 481A : FE;
 481B : FE;
 481C : FE;
 481D : FE;
 481E : FE;
 481F : FE;
 4820 : FE;
 4821 : FE;
 4822 : FE;
 4823 : FE;
 4824 : FE;
 4825 : FE;
 4826 : FE;
 4827 : FE;
 4828 : FE;
 4829 : FE;
 482A : FE;
 482B : FE;
 482C : FE;
 482D : FE;
 482E : FE;
 482F : FE;
 4830 : FE;
 4831 : FE;
 4832 : FE;
 4833 : FE;
 4834 : FE;
 4835 : FE;
 4836 : FE;
 4837 : FE;
 4838 : FE;
 4839 : FE;
 483A : FE;
 483B : FE;
 483C : FE;
 483D : FE;
 483E : FE;
 483F : FE;
 4840 : FE;
 4841 : FE;
 4842 : FE;
 4843 : FE;
 4844 : FE;
 4845 : FE;
 4846 : FE;
 4847 : FE;
 4848 : FE;
 4849 : FE;
 484A : FE;
 484B : FE;
 484C : FE;
 484D : FE;
 484E : FE;
 484F : FE;
 4850 : FE;
 4851 : FE;
 4852 : FE;
 4853 : FE;
 4854 : FE;
 4855 : FE;
 4856 : FE;
 4857 : FE;
 4858 : FE;
 4859 : FE;
 485A : FE;
 485B : FE;
 485C : FE;
 485D : FE;
 485E : FE;
 485F : FE;
 4860 : FE;
 4861 : FE;
 4862 : FE;
 4863 : FE;
 4864 : FE;
 4865 : FE;
 4866 : FE;
 4867 : FE;
 4868 : FE;
 4869 : FE;
 486A : FE;
 486B : FE;
 486C : FE;
 486D : FE;
 486E : FE;
 486F : FE;
 4870 : FE;
 4871 : FE;
 4872 : FE;
 4873 : FE;
 4874 : FE;
 4875 : FE;
 4876 : FE;
 4877 : FE;
 4878 : FE;
 4879 : FE;
 487A : FE;
 487B : FE;
 487C : FE;
 487D : FE;
 487E : FE;
 487F : FE;
 4880 : FE;
 4881 : FE;
 4882 : FE;
 4883 : FE;
 4884 : FE;
 4885 : FE;
 4886 : FE;
 4887 : FE;
 4888 : FE;
 4889 : FE;
 488A : FE;
 488B : FE;
 488C : FE;
 488D : FE;
 488E : FE;
 488F : FE;
 4890 : FE;
 4891 : FE;
 4892 : FE;
 4893 : FE;
 4894 : FE;
 4895 : FE;
 4896 : FE;
 4897 : FE;
 4898 : FE;
 4899 : FE;
 489A : FE;
 489B : FE;
 489C : FE;
 489D : FE;
 489E : FE;
 489F : FE;
 48A0 : FE;
 48A1 : FE;
 48A2 : FE;
 48A3 : FE;
 48A4 : FE;
 48A5 : FE;
 48A6 : FE;
 48A7 : FE;
 48A8 : FE;
 48A9 : FE;
 48AA : FE;
 48AB : FE;
 48AC : FE;
 48AD : FE;
 48AE : FE;
 48AF : FE;
 48B0 : FE;
 48B1 : FE;
 48B2 : FE;
 48B3 : FE;
 48B4 : FE;
 48B5 : FE;
 48B6 : FE;
 48B7 : FE;
 48B8 : FE;
 48B9 : FE;
 48BA : FE;
 48BB : FE;
 48BC : FE;
 48BD : FE;
 48BE : FE;
 48BF : FE;
 48C0 : FE;
 48C1 : FE;
 48C2 : FE;
 48C3 : FE;
 48C4 : FE;
 48C5 : FE;
 48C6 : FE;
 48C7 : FE;
 48C8 : FE;
 48C9 : FE;
 48CA : FE;
 48CB : FE;
 48CC : FE;
 48CD : FE;
 48CE : FE;
 48CF : FE;
 48D0 : FE;
 48D1 : FE;
 48D2 : FE;
 48D3 : FE;
 48D4 : FE;
 48D5 : FE;
 48D6 : FE;
 48D7 : FE;
 48D8 : FE;
 48D9 : FE;
 48DA : FE;
 48DB : FE;
 48DC : FE;
 48DD : FE;
 48DE : FE;
 48DF : FE;
 48E0 : FE;
 48E1 : FE;
 48E2 : FE;
 48E3 : FE;
 48E4 : FE;
 48E5 : FE;
 48E6 : FE;
 48E7 : FE;
 48E8 : FE;
 48E9 : FE;
 48EA : FE;
 48EB : FE;
 48EC : FE;
 48ED : FE;
 48EE : FE;
 48EF : FE;
 48F0 : FE;
 48F1 : FE;
 48F2 : FE;
 48F3 : FE;
 48F4 : FE;
 48F5 : FE;
 48F6 : FE;
 48F7 : FE;
 48F8 : FE;
 48F9 : FE;
 48FA : FE;
 48FB : FE;
 48FC : FE;
 48FD : FE;
 48FE : FE;
 48FF : FE;
 4900 : FE;
 4901 : FE;
 4902 : FE;
 4903 : FE;
 4904 : FE;
 4905 : FE;
 4906 : FE;
 4907 : FE;
 4908 : FE;
 4909 : FE;
 490A : FE;
 490B : FE;
 490C : FE;
 490D : FE;
 490E : FE;
 490F : FE;
 4910 : FC;
 4911 : FA;
 4912 : FC;
 4913 : FE;
 4914 : FE;
 4915 : F4;
 4916 : E9;
 4917 : FC;
 4918 : FA;
 4919 : FB;
 491A : FE;
 491B : FE;
 491C : FC;
 491D : FC;
 491E : FE;
 491F : FE;
 4920 : FD;
 4921 : F6;
 4922 : FA;
 4923 : FE;
 4924 : FF;
 4925 : FF;
 4926 : F9;
 4927 : FC;
 4928 : FF;
 4929 : FF;
 492A : FB;
 492B : FB;
 492C : FF;
 492D : FE;
 492E : FE;
 492F : FE;
 4930 : FC;
 4931 : FB;
 4932 : FC;
 4933 : FD;
 4934 : FE;
 4935 : FD;
 4936 : FC;
 4937 : FE;
 4938 : FE;
 4939 : FE;
 493A : FE;
 493B : FE;
 493C : FE;
 493D : FE;
 493E : FE;
 493F : FE;
 4940 : FE;
 4941 : FE;
 4942 : FE;
 4943 : FE;
 4944 : FE;
 4945 : FE;
 4946 : FE;
 4947 : FE;
 4948 : FE;
 4949 : FE;
 494A : FE;
 494B : FE;
 494C : FE;
 494D : FE;
 494E : FE;
 494F : FE;
 4950 : FE;
 4951 : FE;
 4952 : FE;
 4953 : FE;
 4954 : FE;
 4955 : FE;
 4956 : FE;
 4957 : FE;
 4958 : FE;
 4959 : FE;
 495A : FE;
 495B : FE;
 495C : FE;
 495D : FE;
 495E : FE;
 495F : FE;
 4960 : FE;
 4961 : FE;
 4962 : FE;
 4963 : FE;
 4964 : FE;
 4965 : FE;
 4966 : FE;
 4967 : FE;
 4968 : FE;
 4969 : FE;
 496A : FE;
 496B : FE;
 496C : FE;
 496D : FE;
 496E : FE;
 496F : FE;
 4970 : FE;
 4971 : FE;
 4972 : FE;
 4973 : FE;
 4974 : FE;
 4975 : FE;
 4976 : FE;
 4977 : FE;
 4978 : FE;
 4979 : FE;
 497A : FE;
 497B : FE;
 497C : FE;
 497D : FE;
 497E : FE;
 497F : FE;
 4980 : FE;
 4981 : FE;
 4982 : FE;
 4983 : FE;
 4984 : FE;
 4985 : FE;
 4986 : FE;
 4987 : FE;
 4988 : FE;
 4989 : FE;
 498A : FE;
 498B : FE;
 498C : FE;
 498D : FE;
 498E : FE;
 498F : FE;
 4990 : FE;
 4991 : FE;
 4992 : FE;
 4993 : FE;
 4994 : FE;
 4995 : FE;
 4996 : FE;
 4997 : FE;
 4998 : FE;
 4999 : FE;
 499A : FE;
 499B : FE;
 499C : FE;
 499D : FE;
 499E : FE;
 499F : FE;
 49A0 : FE;
 49A1 : FE;
 49A2 : FE;
 49A3 : FE;
 49A4 : FE;
 49A5 : FE;
 49A6 : FE;
 49A7 : FE;
 49A8 : FE;
 49A9 : FE;
 49AA : FE;
 49AB : FE;
 49AC : FE;
 49AD : FE;
 49AE : FE;
 49AF : FE;
 49B0 : FE;
 49B1 : FE;
 49B2 : FE;
 49B3 : FE;
 49B4 : FE;
 49B5 : FE;
 49B6 : FE;
 49B7 : FE;
 49B8 : FE;
 49B9 : FE;
 49BA : FE;
 49BB : FE;
 49BC : FE;
 49BD : FE;
 49BE : FE;
 49BF : FE;
 49C0 : FE;
 49C1 : FE;
 49C2 : FE;
 49C3 : FE;
 49C4 : FE;
 49C5 : FE;
 49C6 : FE;
 49C7 : FE;
 49C8 : FE;
 49C9 : FE;
 49CA : FE;
 49CB : FE;
 49CC : FE;
 49CD : FE;
 49CE : FE;
 49CF : FE;
 49D0 : FE;
 49D1 : FE;
 49D2 : FE;
 49D3 : FE;
 49D4 : FE;
 49D5 : FE;
 49D6 : FE;
 49D7 : FE;
 49D8 : FE;
 49D9 : FE;
 49DA : FE;
 49DB : FE;
 49DC : FE;
 49DD : FE;
 49DE : FE;
 49DF : FE;
 49E0 : FE;
 49E1 : FE;
 49E2 : FE;
 49E3 : FE;
 49E4 : FE;
 49E5 : FE;
 49E6 : FE;
 49E7 : FE;
 49E8 : FE;
 49E9 : FE;
 49EA : FE;
 49EB : FE;
 49EC : FE;
 49ED : FE;
 49EE : FE;
 49EF : FE;
 49F0 : FE;
 49F1 : FE;
 49F2 : FE;
 49F3 : FE;
 49F4 : FE;
 49F5 : FE;
 49F6 : FE;
 49F7 : FE;
 49F8 : FE;
 49F9 : FE;
 49FA : FE;
 49FB : FE;
 49FC : FE;
 49FD : FE;
 49FE : FE;
 49FF : FE;
 4A00 : FE;
 4A01 : FE;
 4A02 : FE;
 4A03 : FE;
 4A04 : FE;
 4A05 : FE;
 4A06 : FE;
 4A07 : FE;
 4A08 : FE;
 4A09 : FE;
 4A0A : FE;
 4A0B : FE;
 4A0C : FE;
 4A0D : FE;
 4A0E : FE;
 4A0F : FE;
 4A10 : FE;
 4A11 : FE;
 4A12 : FE;
 4A13 : FE;
 4A14 : FE;
 4A15 : FE;
 4A16 : FE;
 4A17 : FE;
 4A18 : FE;
 4A19 : FE;
 4A1A : FE;
 4A1B : FE;
 4A1C : FE;
 4A1D : FE;
 4A1E : FE;
 4A1F : FE;
 4A20 : FE;
 4A21 : FE;
 4A22 : FE;
 4A23 : FE;
 4A24 : FE;
 4A25 : FE;
 4A26 : FE;
 4A27 : FE;
 4A28 : FE;
 4A29 : FE;
 4A2A : FE;
 4A2B : FE;
 4A2C : FE;
 4A2D : FE;
 4A2E : FE;
 4A2F : FE;
 4A30 : FE;
 4A31 : FE;
 4A32 : FE;
 4A33 : FE;
 4A34 : FE;
 4A35 : FE;
 4A36 : FE;
 4A37 : FE;
 4A38 : FE;
 4A39 : FE;
 4A3A : FE;
 4A3B : FE;
 4A3C : FE;
 4A3D : FE;
 4A3E : FE;
 4A3F : FE;
 4A40 : FE;
 4A41 : FE;
 4A42 : FE;
 4A43 : FE;
 4A44 : FE;
 4A45 : FE;
 4A46 : FE;
 4A47 : FE;
 4A48 : FE;
 4A49 : FE;
 4A4A : FE;
 4A4B : FE;
 4A4C : FE;
 4A4D : FE;
 4A4E : FE;
 4A4F : FB;
 4A50 : FC;
 4A51 : FE;
 4A52 : FE;
 4A53 : FE;
 4A54 : F9;
 4A55 : E8;
 4A56 : D8;
 4A57 : FD;
 4A58 : F9;
 4A59 : F9;
 4A5A : FE;
 4A5B : FE;
 4A5C : FC;
 4A5D : FC;
 4A5E : FE;
 4A5F : FD;
 4A60 : F6;
 4A61 : E7;
 4A62 : ED;
 4A63 : F0;
 4A64 : F3;
 4A65 : FE;
 4A66 : FF;
 4A67 : FC;
 4A68 : FC;
 4A69 : FB;
 4A6A : FD;
 4A6B : FF;
 4A6C : FE;
 4A6D : FA;
 4A6E : F4;
 4A6F : F0;
 4A70 : F4;
 4A71 : FA;
 4A72 : FD;
 4A73 : FE;
 4A74 : FE;
 4A75 : FE;
 4A76 : FE;
 4A77 : FE;
 4A78 : FE;
 4A79 : FE;
 4A7A : FE;
 4A7B : FE;
 4A7C : FE;
 4A7D : FE;
 4A7E : FE;
 4A7F : FE;
 4A80 : FE;
 4A81 : FE;
 4A82 : FE;
 4A83 : FE;
 4A84 : FE;
 4A85 : FE;
 4A86 : FE;
 4A87 : FE;
 4A88 : FE;
 4A89 : FE;
 4A8A : FE;
 4A8B : FE;
 4A8C : FE;
 4A8D : FE;
 4A8E : FE;
 4A8F : FE;
 4A90 : FE;
 4A91 : FE;
 4A92 : FE;
 4A93 : FE;
 4A94 : FE;
 4A95 : FE;
 4A96 : FE;
 4A97 : FE;
 4A98 : FE;
 4A99 : FE;
 4A9A : FE;
 4A9B : FE;
 4A9C : FE;
 4A9D : FE;
 4A9E : FE;
 4A9F : FE;
 4AA0 : FE;
 4AA1 : FE;
 4AA2 : FE;
 4AA3 : FE;
 4AA4 : FE;
 4AA5 : FE;
 4AA6 : FE;
 4AA7 : FE;
 4AA8 : FE;
 4AA9 : FE;
 4AAA : FE;
 4AAB : FE;
 4AAC : FE;
 4AAD : FE;
 4AAE : FE;
 4AAF : FE;
 4AB0 : FE;
 4AB1 : FE;
 4AB2 : FE;
 4AB3 : FE;
 4AB4 : FE;
 4AB5 : FE;
 4AB6 : FE;
 4AB7 : FE;
 4AB8 : FE;
 4AB9 : FE;
 4ABA : FE;
 4ABB : FE;
 4ABC : FE;
 4ABD : FE;
 4ABE : FE;
 4ABF : FE;
 4AC0 : FE;
 4AC1 : FE;
 4AC2 : FE;
 4AC3 : FE;
 4AC4 : FE;
 4AC5 : FE;
 4AC6 : FE;
 4AC7 : FE;
 4AC8 : FE;
 4AC9 : FE;
 4ACA : FE;
 4ACB : FE;
 4ACC : FE;
 4ACD : FE;
 4ACE : FE;
 4ACF : FE;
 4AD0 : FE;
 4AD1 : FE;
 4AD2 : FE;
 4AD3 : FE;
 4AD4 : FE;
 4AD5 : FE;
 4AD6 : FE;
 4AD7 : FE;
 4AD8 : FE;
 4AD9 : FE;
 4ADA : FE;
 4ADB : FE;
 4ADC : FE;
 4ADD : FE;
 4ADE : FE;
 4ADF : FE;
 4AE0 : FE;
 4AE1 : FE;
 4AE2 : FE;
 4AE3 : FE;
 4AE4 : FE;
 4AE5 : FE;
 4AE6 : FE;
 4AE7 : FE;
 4AE8 : FE;
 4AE9 : FE;
 4AEA : FE;
 4AEB : FE;
 4AEC : FE;
 4AED : FE;
 4AEE : FE;
 4AEF : FE;
 4AF0 : FE;
 4AF1 : FE;
 4AF2 : FE;
 4AF3 : FE;
 4AF4 : FE;
 4AF5 : FE;
 4AF6 : FE;
 4AF7 : FE;
 4AF8 : FE;
 4AF9 : FE;
 4AFA : FE;
 4AFB : FE;
 4AFC : FE;
 4AFD : FE;
 4AFE : FE;
 4AFF : FE;
 4B00 : FE;
 4B01 : FE;
 4B02 : FE;
 4B03 : FE;
 4B04 : FE;
 4B05 : FE;
 4B06 : FE;
 4B07 : FE;
 4B08 : FE;
 4B09 : FE;
 4B0A : FE;
 4B0B : FE;
 4B0C : FE;
 4B0D : FE;
 4B0E : FE;
 4B0F : FE;
 4B10 : FE;
 4B11 : FE;
 4B12 : FE;
 4B13 : FE;
 4B14 : FE;
 4B15 : FE;
 4B16 : FE;
 4B17 : FE;
 4B18 : FE;
 4B19 : FE;
 4B1A : FE;
 4B1B : FE;
 4B1C : FE;
 4B1D : FE;
 4B1E : FE;
 4B1F : FE;
 4B20 : FE;
 4B21 : FE;
 4B22 : FE;
 4B23 : FE;
 4B24 : FE;
 4B25 : FE;
 4B26 : FE;
 4B27 : FE;
 4B28 : FE;
 4B29 : FE;
 4B2A : FE;
 4B2B : FE;
 4B2C : FE;
 4B2D : FE;
 4B2E : FE;
 4B2F : FE;
 4B30 : FE;
 4B31 : FE;
 4B32 : FE;
 4B33 : FE;
 4B34 : FE;
 4B35 : FE;
 4B36 : FE;
 4B37 : FE;
 4B38 : FE;
 4B39 : FE;
 4B3A : FE;
 4B3B : FE;
 4B3C : FE;
 4B3D : FE;
 4B3E : FE;
 4B3F : FE;
 4B40 : FE;
 4B41 : FE;
 4B42 : FE;
 4B43 : FE;
 4B44 : FE;
 4B45 : FE;
 4B46 : FE;
 4B47 : FE;
 4B48 : FE;
 4B49 : FE;
 4B4A : FE;
 4B4B : FE;
 4B4C : FE;
 4B4D : FE;
 4B4E : FE;
 4B4F : FE;
 4B50 : FE;
 4B51 : FE;
 4B52 : FE;
 4B53 : FE;
 4B54 : FE;
 4B55 : FE;
 4B56 : FE;
 4B57 : FE;
 4B58 : FE;
 4B59 : FE;
 4B5A : FE;
 4B5B : FE;
 4B5C : FE;
 4B5D : FE;
 4B5E : FE;
 4B5F : FE;
 4B60 : FE;
 4B61 : FE;
 4B62 : FE;
 4B63 : FE;
 4B64 : FE;
 4B65 : FE;
 4B66 : FE;
 4B67 : FE;
 4B68 : FE;
 4B69 : FE;
 4B6A : FE;
 4B6B : FE;
 4B6C : FE;
 4B6D : FE;
 4B6E : FE;
 4B6F : FE;
 4B70 : FE;
 4B71 : FE;
 4B72 : FE;
 4B73 : FE;
 4B74 : FE;
 4B75 : FE;
 4B76 : FE;
 4B77 : FE;
 4B78 : FE;
 4B79 : FE;
 4B7A : FE;
 4B7B : FE;
 4B7C : FE;
 4B7D : FE;
 4B7E : FE;
 4B7F : FE;
 4B80 : FE;
 4B81 : FE;
 4B82 : FE;
 4B83 : FE;
 4B84 : FE;
 4B85 : FE;
 4B86 : FE;
 4B87 : FE;
 4B88 : FE;
 4B89 : FE;
 4B8A : FE;
 4B8B : FE;
 4B8C : FE;
 4B8D : FE;
 4B8E : FE;
 4B8F : F7;
 4B90 : FC;
 4B91 : FC;
 4B92 : F2;
 4B93 : E8;
 4B94 : E1;
 4B95 : DA;
 4B96 : D1;
 4B97 : FC;
 4B98 : FA;
 4B99 : FA;
 4B9A : FD;
 4B9B : FD;
 4B9C : FC;
 4B9D : FC;
 4B9E : FE;
 4B9F : EC;
 4BA0 : E3;
 4BA1 : D7;
 4BA2 : E5;
 4BA3 : DC;
 4BA4 : DC;
 4BA5 : FE;
 4BA6 : FC;
 4BA7 : FE;
 4BA8 : F9;
 4BA9 : F8;
 4BAA : FD;
 4BAB : FE;
 4BAC : FB;
 4BAD : EC;
 4BAE : E0;
 4BAF : DC;
 4BB0 : E8;
 4BB1 : F5;
 4BB2 : FD;
 4BB3 : FD;
 4BB4 : FC;
 4BB5 : FE;
 4BB6 : FF;
 4BB7 : FE;
 4BB8 : FE;
 4BB9 : FE;
 4BBA : FE;
 4BBB : FE;
 4BBC : FE;
 4BBD : FE;
 4BBE : FE;
 4BBF : FE;
 4BC0 : FE;
 4BC1 : FE;
 4BC2 : FE;
 4BC3 : FE;
 4BC4 : FE;
 4BC5 : FE;
 4BC6 : FE;
 4BC7 : FE;
 4BC8 : FE;
 4BC9 : FE;
 4BCA : FE;
 4BCB : FE;
 4BCC : FE;
 4BCD : FE;
 4BCE : FE;
 4BCF : FE;
 4BD0 : FE;
 4BD1 : FE;
 4BD2 : FE;
 4BD3 : FE;
 4BD4 : FE;
 4BD5 : FE;
 4BD6 : FE;
 4BD7 : FE;
 4BD8 : FE;
 4BD9 : FE;
 4BDA : FE;
 4BDB : FE;
 4BDC : FE;
 4BDD : FE;
 4BDE : FE;
 4BDF : FE;
 4BE0 : FE;
 4BE1 : FE;
 4BE2 : FE;
 4BE3 : FE;
 4BE4 : FE;
 4BE5 : FE;
 4BE6 : FE;
 4BE7 : FE;
 4BE8 : FE;
 4BE9 : FE;
 4BEA : FE;
 4BEB : FE;
 4BEC : FE;
 4BED : FE;
 4BEE : FE;
 4BEF : FE;
 4BF0 : FE;
 4BF1 : FE;
 4BF2 : FE;
 4BF3 : FE;
 4BF4 : FE;
 4BF5 : FE;
 4BF6 : FE;
 4BF7 : FE;
 4BF8 : FE;
 4BF9 : FE;
 4BFA : FE;
 4BFB : FE;
 4BFC : FE;
 4BFD : FE;
 4BFE : FE;
 4BFF : FE;
 4C00 : FE;
 4C01 : FE;
 4C02 : FE;
 4C03 : FE;
 4C04 : FE;
 4C05 : FE;
 4C06 : FE;
 4C07 : FE;
 4C08 : FE;
 4C09 : FE;
 4C0A : FE;
 4C0B : FE;
 4C0C : FE;
 4C0D : FE;
 4C0E : FE;
 4C0F : FE;
 4C10 : FE;
 4C11 : FE;
 4C12 : FE;
 4C13 : FE;
 4C14 : FE;
 4C15 : FE;
 4C16 : FE;
 4C17 : FE;
 4C18 : FE;
 4C19 : FE;
 4C1A : FE;
 4C1B : FE;
 4C1C : FE;
 4C1D : FE;
 4C1E : FE;
 4C1F : FE;
 4C20 : FE;
 4C21 : FE;
 4C22 : FE;
 4C23 : FE;
 4C24 : FE;
 4C25 : FE;
 4C26 : FE;
 4C27 : FE;
 4C28 : FE;
 4C29 : FE;
 4C2A : FE;
 4C2B : FE;
 4C2C : FE;
 4C2D : FE;
 4C2E : FE;
 4C2F : FE;
 4C30 : FE;
 4C31 : FE;
 4C32 : FE;
 4C33 : FE;
 4C34 : FE;
 4C35 : FE;
 4C36 : FE;
 4C37 : FE;
 4C38 : FE;
 4C39 : FE;
 4C3A : FE;
 4C3B : FE;
 4C3C : FE;
 4C3D : FE;
 4C3E : FE;
 4C3F : FE;
 4C40 : FE;
 4C41 : FE;
 4C42 : FE;
 4C43 : FE;
 4C44 : FE;
 4C45 : FE;
 4C46 : FE;
 4C47 : FE;
 4C48 : FE;
 4C49 : FE;
 4C4A : FE;
 4C4B : FE;
 4C4C : FE;
 4C4D : FE;
 4C4E : FE;
 4C4F : FE;
 4C50 : FE;
 4C51 : FE;
 4C52 : FE;
 4C53 : FE;
 4C54 : FE;
 4C55 : FE;
 4C56 : FE;
 4C57 : FE;
 4C58 : FE;
 4C59 : FE;
 4C5A : FE;
 4C5B : FE;
 4C5C : FE;
 4C5D : FE;
 4C5E : FE;
 4C5F : FE;
 4C60 : FE;
 4C61 : FE;
 4C62 : FE;
 4C63 : FE;
 4C64 : FE;
 4C65 : FE;
 4C66 : FE;
 4C67 : FE;
 4C68 : FE;
 4C69 : FE;
 4C6A : FE;
 4C6B : FE;
 4C6C : FE;
 4C6D : FE;
 4C6E : FE;
 4C6F : FE;
 4C70 : FE;
 4C71 : FE;
 4C72 : FE;
 4C73 : FE;
 4C74 : FE;
 4C75 : FE;
 4C76 : FE;
 4C77 : FE;
 4C78 : FE;
 4C79 : FE;
 4C7A : FE;
 4C7B : FE;
 4C7C : FE;
 4C7D : FE;
 4C7E : FE;
 4C7F : FE;
 4C80 : FE;
 4C81 : FE;
 4C82 : FE;
 4C83 : FE;
 4C84 : FE;
 4C85 : FE;
 4C86 : FE;
 4C87 : FE;
 4C88 : FE;
 4C89 : FE;
 4C8A : FE;
 4C8B : FE;
 4C8C : FE;
 4C8D : FE;
 4C8E : FE;
 4C8F : FE;
 4C90 : FE;
 4C91 : FE;
 4C92 : FE;
 4C93 : FE;
 4C94 : FE;
 4C95 : FE;
 4C96 : FE;
 4C97 : FE;
 4C98 : FE;
 4C99 : FE;
 4C9A : FE;
 4C9B : FE;
 4C9C : FE;
 4C9D : FE;
 4C9E : FE;
 4C9F : FE;
 4CA0 : FE;
 4CA1 : FE;
 4CA2 : FE;
 4CA3 : FE;
 4CA4 : FE;
 4CA5 : FE;
 4CA6 : FE;
 4CA7 : FE;
 4CA8 : FE;
 4CA9 : FE;
 4CAA : FE;
 4CAB : FE;
 4CAC : FE;
 4CAD : FE;
 4CAE : FE;
 4CAF : FE;
 4CB0 : FE;
 4CB1 : FE;
 4CB2 : FE;
 4CB3 : FE;
 4CB4 : FE;
 4CB5 : FE;
 4CB6 : FE;
 4CB7 : FE;
 4CB8 : FE;
 4CB9 : FE;
 4CBA : FE;
 4CBB : FE;
 4CBC : FE;
 4CBD : FE;
 4CBE : FE;
 4CBF : FE;
 4CC0 : FE;
 4CC1 : FE;
 4CC2 : FE;
 4CC3 : FE;
 4CC4 : FE;
 4CC5 : FE;
 4CC6 : FE;
 4CC7 : FE;
 4CC8 : FE;
 4CC9 : FE;
 4CCA : FE;
 4CCB : FE;
 4CCC : FE;
 4CCD : FE;
 4CCE : FE;
 4CCF : FE;
 4CD0 : FE;
 4CD1 : FA;
 4CD2 : E1;
 4CD3 : CF;
 4CD4 : D1;
 4CD5 : D9;
 4CD6 : DD;
 4CD7 : F4;
 4CD8 : FA;
 4CD9 : FC;
 4CDA : FC;
 4CDB : FC;
 4CDC : FD;
 4CDD : FB;
 4CDE : F6;
 4CDF : D9;
 4CE0 : D9;
 4CE1 : D5;
 4CE2 : ED;
 4CE3 : DC;
 4CE4 : D3;
 4CE5 : FE;
 4CE6 : FA;
 4CE7 : FE;
 4CE8 : F8;
 4CE9 : F8;
 4CEA : FD;
 4CEB : FD;
 4CEC : F1;
 4CED : DD;
 4CEE : CD;
 4CEF : CF;
 4CF0 : DB;
 4CF1 : EB;
 4CF2 : F6;
 4CF3 : FA;
 4CF4 : FC;
 4CF5 : FF;
 4CF6 : FF;
 4CF7 : FE;
 4CF8 : FE;
 4CF9 : FE;
 4CFA : FE;
 4CFB : FE;
 4CFC : FE;
 4CFD : FE;
 4CFE : FE;
 4CFF : FE;
 4D00 : FE;
 4D01 : FE;
 4D02 : FE;
 4D03 : FE;
 4D04 : FE;
 4D05 : FE;
 4D06 : FE;
 4D07 : FE;
 4D08 : FE;
 4D09 : FE;
 4D0A : FE;
 4D0B : FE;
 4D0C : FE;
 4D0D : FE;
 4D0E : FE;
 4D0F : FE;
 4D10 : FE;
 4D11 : FE;
 4D12 : FE;
 4D13 : FE;
 4D14 : FE;
 4D15 : FE;
 4D16 : FE;
 4D17 : FE;
 4D18 : FE;
 4D19 : FE;
 4D1A : FE;
 4D1B : FE;
 4D1C : FE;
 4D1D : FE;
 4D1E : FE;
 4D1F : FE;
 4D20 : FE;
 4D21 : FE;
 4D22 : FE;
 4D23 : FE;
 4D24 : FE;
 4D25 : FE;
 4D26 : FE;
 4D27 : FE;
 4D28 : FE;
 4D29 : FE;
 4D2A : FE;
 4D2B : FE;
 4D2C : FE;
 4D2D : FE;
 4D2E : FE;
 4D2F : FE;
 4D30 : FE;
 4D31 : FE;
 4D32 : FE;
 4D33 : FE;
 4D34 : FE;
 4D35 : FE;
 4D36 : FE;
 4D37 : FE;
 4D38 : FE;
 4D39 : FE;
 4D3A : FE;
 4D3B : FE;
 4D3C : FE;
 4D3D : FE;
 4D3E : FE;
 4D3F : FE;
 4D40 : FE;
 4D41 : FE;
 4D42 : FE;
 4D43 : FE;
 4D44 : FE;
 4D45 : FE;
 4D46 : FE;
 4D47 : FE;
 4D48 : FE;
 4D49 : FE;
 4D4A : FE;
 4D4B : FE;
 4D4C : FE;
 4D4D : FE;
 4D4E : FE;
 4D4F : FE;
 4D50 : FE;
 4D51 : FE;
 4D52 : FE;
 4D53 : FE;
 4D54 : FE;
 4D55 : FE;
 4D56 : FE;
 4D57 : FE;
 4D58 : FE;
 4D59 : FE;
 4D5A : FE;
 4D5B : FE;
 4D5C : FE;
 4D5D : FE;
 4D5E : FE;
 4D5F : FE;
 4D60 : FE;
 4D61 : FE;
 4D62 : FE;
 4D63 : FE;
 4D64 : FE;
 4D65 : FE;
 4D66 : FE;
 4D67 : FE;
 4D68 : FE;
 4D69 : FE;
 4D6A : FE;
 4D6B : FE;
 4D6C : FE;
 4D6D : FE;
 4D6E : FE;
 4D6F : FE;
 4D70 : FE;
 4D71 : FE;
 4D72 : FE;
 4D73 : FE;
 4D74 : FE;
 4D75 : FE;
 4D76 : FE;
 4D77 : FE;
 4D78 : FE;
 4D79 : FE;
 4D7A : FE;
 4D7B : FE;
 4D7C : FE;
 4D7D : FE;
 4D7E : FE;
 4D7F : FE;
 4D80 : FE;
 4D81 : FE;
 4D82 : FE;
 4D83 : FE;
 4D84 : FE;
 4D85 : FE;
 4D86 : FE;
 4D87 : FE;
 4D88 : FE;
 4D89 : FE;
 4D8A : FE;
 4D8B : FE;
 4D8C : FE;
 4D8D : FE;
 4D8E : FE;
 4D8F : FE;
 4D90 : FE;
 4D91 : FE;
 4D92 : FE;
 4D93 : FE;
 4D94 : FE;
 4D95 : FE;
 4D96 : FE;
 4D97 : FE;
 4D98 : FE;
 4D99 : FE;
 4D9A : FE;
 4D9B : FE;
 4D9C : FE;
 4D9D : FE;
 4D9E : FE;
 4D9F : FE;
 4DA0 : FE;
 4DA1 : FE;
 4DA2 : FE;
 4DA3 : FE;
 4DA4 : FE;
 4DA5 : FE;
 4DA6 : FE;
 4DA7 : FE;
 4DA8 : FE;
 4DA9 : FE;
 4DAA : FE;
 4DAB : FE;
 4DAC : FE;
 4DAD : FE;
 4DAE : FE;
 4DAF : FE;
 4DB0 : FE;
 4DB1 : FE;
 4DB2 : FE;
 4DB3 : FE;
 4DB4 : FE;
 4DB5 : FE;
 4DB6 : FE;
 4DB7 : FE;
 4DB8 : FE;
 4DB9 : FE;
 4DBA : FE;
 4DBB : FE;
 4DBC : FE;
 4DBD : FE;
 4DBE : FE;
 4DBF : FE;
 4DC0 : FE;
 4DC1 : FE;
 4DC2 : FE;
 4DC3 : FE;
 4DC4 : FE;
 4DC5 : FE;
 4DC6 : FE;
 4DC7 : FE;
 4DC8 : FE;
 4DC9 : FE;
 4DCA : FE;
 4DCB : FE;
 4DCC : FE;
 4DCD : FE;
 4DCE : FE;
 4DCF : FE;
 4DD0 : FE;
 4DD1 : FE;
 4DD2 : FE;
 4DD3 : FE;
 4DD4 : FE;
 4DD5 : FE;
 4DD6 : FE;
 4DD7 : FE;
 4DD8 : FE;
 4DD9 : FE;
 4DDA : FE;
 4DDB : FE;
 4DDC : FE;
 4DDD : FE;
 4DDE : FE;
 4DDF : FE;
 4DE0 : FE;
 4DE1 : FE;
 4DE2 : FE;
 4DE3 : FE;
 4DE4 : FE;
 4DE5 : FE;
 4DE6 : FE;
 4DE7 : FE;
 4DE8 : FE;
 4DE9 : FE;
 4DEA : FE;
 4DEB : FE;
 4DEC : FE;
 4DED : FE;
 4DEE : FE;
 4DEF : FE;
 4DF0 : FE;
 4DF1 : FE;
 4DF2 : FE;
 4DF3 : FE;
 4DF4 : FE;
 4DF5 : FE;
 4DF6 : FE;
 4DF7 : FE;
 4DF8 : FE;
 4DF9 : FE;
 4DFA : FE;
 4DFB : FE;
 4DFC : FE;
 4DFD : FE;
 4DFE : FE;
 4DFF : FE;
 4E00 : FE;
 4E01 : FE;
 4E02 : FE;
 4E03 : FE;
 4E04 : FE;
 4E05 : FE;
 4E06 : FE;
 4E07 : FE;
 4E08 : FE;
 4E09 : FE;
 4E0A : FE;
 4E0B : FE;
 4E0C : FE;
 4E0D : FE;
 4E0E : FE;
 4E0F : FE;
 4E10 : FE;
 4E11 : F8;
 4E12 : DB;
 4E13 : C9;
 4E14 : CF;
 4E15 : DE;
 4E16 : E5;
 4E17 : E5;
 4E18 : F7;
 4E19 : FE;
 4E1A : FB;
 4E1B : FB;
 4E1C : FE;
 4E1D : F6;
 4E1E : E4;
 4E1F : D7;
 4E20 : D6;
 4E21 : D2;
 4E22 : F1;
 4E23 : DC;
 4E24 : D0;
 4E25 : FE;
 4E26 : FA;
 4E27 : FE;
 4E28 : FC;
 4E29 : FD;
 4E2A : FE;
 4E2B : F6;
 4E2C : E1;
 4E2D : CE;
 4E2E : C5;
 4E2F : CF;
 4E30 : D3;
 4E31 : DB;
 4E32 : E9;
 4E33 : F6;
 4E34 : FE;
 4E35 : FF;
 4E36 : FF;
 4E37 : FE;
 4E38 : FE;
 4E39 : FE;
 4E3A : FE;
 4E3B : FE;
 4E3C : FE;
 4E3D : FE;
 4E3E : FE;
 4E3F : FE;
 4E40 : FE;
 4E41 : FE;
 4E42 : FE;
 4E43 : FE;
 4E44 : FE;
 4E45 : FE;
 4E46 : FE;
 4E47 : FE;
 4E48 : FE;
 4E49 : FE;
 4E4A : FE;
 4E4B : FE;
 4E4C : FE;
 4E4D : FE;
 4E4E : FE;
 4E4F : FE;
 4E50 : FE;
 4E51 : FE;
 4E52 : FE;
 4E53 : FE;
 4E54 : FE;
 4E55 : FE;
 4E56 : FE;
 4E57 : FE;
 4E58 : FE;
 4E59 : FE;
 4E5A : FE;
 4E5B : FE;
 4E5C : FE;
 4E5D : FE;
 4E5E : FE;
 4E5F : FE;
 4E60 : FE;
 4E61 : FE;
 4E62 : FE;
 4E63 : FE;
 4E64 : FE;
 4E65 : FE;
 4E66 : FE;
 4E67 : FE;
 4E68 : FE;
 4E69 : FE;
 4E6A : FE;
 4E6B : FE;
 4E6C : FE;
 4E6D : FE;
 4E6E : FE;
 4E6F : FE;
 4E70 : FE;
 4E71 : FE;
 4E72 : FE;
 4E73 : FE;
 4E74 : FE;
 4E75 : FE;
 4E76 : FE;
 4E77 : FE;
 4E78 : FE;
 4E79 : FE;
 4E7A : FE;
 4E7B : FE;
 4E7C : FE;
 4E7D : FE;
 4E7E : FE;
 4E7F : FE;
 4E80 : FE;
 4E81 : FE;
 4E82 : FE;
 4E83 : FE;
 4E84 : FE;
 4E85 : FE;
 4E86 : FE;
 4E87 : FE;
 4E88 : FE;
 4E89 : FE;
 4E8A : FE;
 4E8B : FE;
 4E8C : FE;
 4E8D : FE;
 4E8E : FE;
 4E8F : FE;
 4E90 : FE;
 4E91 : FE;
 4E92 : FE;
 4E93 : FE;
 4E94 : FE;
 4E95 : FE;
 4E96 : FE;
 4E97 : FE;
 4E98 : FE;
 4E99 : FE;
 4E9A : FE;
 4E9B : FE;
 4E9C : FE;
 4E9D : FE;
 4E9E : FE;
 4E9F : FE;
 4EA0 : FE;
 4EA1 : FE;
 4EA2 : FE;
 4EA3 : FE;
 4EA4 : FE;
 4EA5 : FE;
 4EA6 : FE;
 4EA7 : FE;
 4EA8 : FE;
 4EA9 : FE;
 4EAA : FE;
 4EAB : FE;
 4EAC : FE;
 4EAD : FE;
 4EAE : FE;
 4EAF : FE;
 4EB0 : FE;
 4EB1 : FE;
 4EB2 : FE;
 4EB3 : FE;
 4EB4 : FE;
 4EB5 : FE;
 4EB6 : FE;
 4EB7 : FE;
 4EB8 : FE;
 4EB9 : FE;
 4EBA : FE;
 4EBB : FE;
 4EBC : FE;
 4EBD : FE;
 4EBE : FE;
 4EBF : FE;
 4EC0 : FE;
 4EC1 : FE;
 4EC2 : FE;
 4EC3 : FE;
 4EC4 : FE;
 4EC5 : FE;
 4EC6 : FE;
 4EC7 : FE;
 4EC8 : FE;
 4EC9 : FE;
 4ECA : FE;
 4ECB : FE;
 4ECC : FE;
 4ECD : FE;
 4ECE : FE;
 4ECF : FE;
 4ED0 : FE;
 4ED1 : FE;
 4ED2 : FE;
 4ED3 : FE;
 4ED4 : FE;
 4ED5 : FE;
 4ED6 : FE;
 4ED7 : FE;
 4ED8 : FE;
 4ED9 : FE;
 4EDA : FE;
 4EDB : FE;
 4EDC : FE;
 4EDD : FE;
 4EDE : FE;
 4EDF : FE;
 4EE0 : FE;
 4EE1 : FE;
 4EE2 : FE;
 4EE3 : FE;
 4EE4 : FE;
 4EE5 : FE;
 4EE6 : FE;
 4EE7 : FE;
 4EE8 : FE;
 4EE9 : FE;
 4EEA : FE;
 4EEB : FE;
 4EEC : FE;
 4EED : FE;
 4EEE : FE;
 4EEF : FE;
 4EF0 : FE;
 4EF1 : FE;
 4EF2 : FE;
 4EF3 : FE;
 4EF4 : FE;
 4EF5 : FE;
 4EF6 : FE;
 4EF7 : FE;
 4EF8 : FE;
 4EF9 : FE;
 4EFA : FE;
 4EFB : FE;
 4EFC : FE;
 4EFD : FE;
 4EFE : FE;
 4EFF : FE;
 4F00 : FE;
 4F01 : FE;
 4F02 : FE;
 4F03 : FE;
 4F04 : FE;
 4F05 : FE;
 4F06 : FE;
 4F07 : FE;
 4F08 : FE;
 4F09 : FE;
 4F0A : FE;
 4F0B : FE;
 4F0C : FE;
 4F0D : FE;
 4F0E : FE;
 4F0F : FE;
 4F10 : FE;
 4F11 : FE;
 4F12 : FE;
 4F13 : FE;
 4F14 : FE;
 4F15 : FE;
 4F16 : FE;
 4F17 : FE;
 4F18 : FE;
 4F19 : FE;
 4F1A : FE;
 4F1B : FE;
 4F1C : FE;
 4F1D : FE;
 4F1E : FE;
 4F1F : FE;
 4F20 : FE;
 4F21 : FE;
 4F22 : FE;
 4F23 : FE;
 4F24 : FE;
 4F25 : FE;
 4F26 : FE;
 4F27 : FE;
 4F28 : FE;
 4F29 : FE;
 4F2A : FE;
 4F2B : FE;
 4F2C : FE;
 4F2D : FE;
 4F2E : FE;
 4F2F : FE;
 4F30 : FE;
 4F31 : FE;
 4F32 : FE;
 4F33 : FE;
 4F34 : FE;
 4F35 : FE;
 4F36 : FE;
 4F37 : FE;
 4F38 : FE;
 4F39 : FE;
 4F3A : FE;
 4F3B : FE;
 4F3C : FE;
 4F3D : FE;
 4F3E : FE;
 4F3F : FE;
 4F40 : FE;
 4F41 : FE;
 4F42 : FE;
 4F43 : FE;
 4F44 : FE;
 4F45 : FE;
 4F46 : FF;
 4F47 : FE;
 4F48 : FE;
 4F49 : FE;
 4F4A : FE;
 4F4B : FE;
 4F4C : FD;
 4F4D : FD;
 4F4E : FD;
 4F4F : F5;
 4F50 : FB;
 4F51 : F2;
 4F52 : D8;
 4F53 : CA;
 4F54 : D0;
 4F55 : DB;
 4F56 : DC;
 4F57 : D9;
 4F58 : F4;
 4F59 : FE;
 4F5A : FC;
 4F5B : FA;
 4F5C : FD;
 4F5D : F0;
 4F5E : D5;
 4F5F : D9;
 4F60 : D1;
 4F61 : C4;
 4F62 : E4;
 4F63 : CE;
 4F64 : C6;
 4F65 : FF;
 4F66 : F8;
 4F67 : FE;
 4F68 : FE;
 4F69 : FD;
 4F6A : FC;
 4F6B : EC;
 4F6C : D2;
 4F6D : C4;
 4F6E : C3;
 4F6F : D4;
 4F70 : CF;
 4F71 : CE;
 4F72 : DD;
 4F73 : F3;
 4F74 : FF;
 4F75 : FF;
 4F76 : FB;
 4F77 : FE;
 4F78 : FE;
 4F79 : FE;
 4F7A : FE;
 4F7B : FE;
 4F7C : FF;
 4F7D : FF;
 4F7E : FF;
 4F7F : FE;
 4F80 : FE;
 4F81 : FE;
 4F82 : FE;
 4F83 : FE;
 4F84 : FE;
 4F85 : FE;
 4F86 : FE;
 4F87 : FE;
 4F88 : FE;
 4F89 : FE;
 4F8A : FE;
 4F8B : FE;
 4F8C : FE;
 4F8D : FE;
 4F8E : FE;
 4F8F : FE;
 4F90 : FE;
 4F91 : FE;
 4F92 : FE;
 4F93 : FE;
 4F94 : FE;
 4F95 : FE;
 4F96 : FE;
 4F97 : FE;
 4F98 : FE;
 4F99 : FE;
 4F9A : FE;
 4F9B : FE;
 4F9C : FE;
 4F9D : FE;
 4F9E : FE;
 4F9F : FE;
 4FA0 : FE;
 4FA1 : FE;
 4FA2 : FE;
 4FA3 : FE;
 4FA4 : FE;
 4FA5 : FE;
 4FA6 : FE;
 4FA7 : FE;
 4FA8 : FE;
 4FA9 : FE;
 4FAA : FE;
 4FAB : FE;
 4FAC : FE;
 4FAD : FE;
 4FAE : FE;
 4FAF : FE;
 4FB0 : FE;
 4FB1 : FE;
 4FB2 : FE;
 4FB3 : FE;
 4FB4 : FE;
 4FB5 : FE;
 4FB6 : FE;
 4FB7 : FE;
 4FB8 : FE;
 4FB9 : FE;
 4FBA : FE;
 4FBB : FE;
 4FBC : FE;
 4FBD : FE;
 4FBE : FE;
 4FBF : FE;
 4FC0 : FE;
 4FC1 : FE;
 4FC2 : FE;
 4FC3 : FE;
 4FC4 : FE;
 4FC5 : FE;
 4FC6 : FE;
 4FC7 : FE;
 4FC8 : FE;
 4FC9 : FE;
 4FCA : FE;
 4FCB : FE;
 4FCC : FE;
 4FCD : FE;
 4FCE : FE;
 4FCF : FE;
 4FD0 : FE;
 4FD1 : FE;
 4FD2 : FE;
 4FD3 : FE;
 4FD4 : FE;
 4FD5 : FE;
 4FD6 : FE;
 4FD7 : FE;
 4FD8 : FE;
 4FD9 : FE;
 4FDA : FE;
 4FDB : FE;
 4FDC : FE;
 4FDD : FE;
 4FDE : FE;
 4FDF : FE;
 4FE0 : FE;
 4FE1 : FE;
 4FE2 : FE;
 4FE3 : FE;
 4FE4 : FE;
 4FE5 : FE;
 4FE6 : FE;
 4FE7 : FE;
 4FE8 : FE;
 4FE9 : FE;
 4FEA : FE;
 4FEB : FE;
 4FEC : FE;
 4FED : FE;
 4FEE : FE;
 4FEF : FE;
 4FF0 : FE;
 4FF1 : FE;
 4FF2 : FE;
 4FF3 : FE;
 4FF4 : FE;
 4FF5 : FE;
 4FF6 : FE;
 4FF7 : FE;
 4FF8 : FE;
 4FF9 : FE;
 4FFA : FE;
 4FFB : FE;
 4FFC : FE;
 4FFD : FE;
 4FFE : FE;
 4FFF : FE;
 5000 : FE;
 5001 : FE;
 5002 : FE;
 5003 : FE;
 5004 : FE;
 5005 : FE;
 5006 : FE;
 5007 : FE;
 5008 : FE;
 5009 : FE;
 500A : FE;
 500B : FE;
 500C : FE;
 500D : FE;
 500E : FE;
 500F : FE;
 5010 : FE;
 5011 : FE;
 5012 : FE;
 5013 : FE;
 5014 : FE;
 5015 : FE;
 5016 : FE;
 5017 : FE;
 5018 : FE;
 5019 : FE;
 501A : FE;
 501B : FE;
 501C : FE;
 501D : FE;
 501E : FE;
 501F : FE;
 5020 : FE;
 5021 : FE;
 5022 : FE;
 5023 : FE;
 5024 : FE;
 5025 : FE;
 5026 : FE;
 5027 : FE;
 5028 : FE;
 5029 : FE;
 502A : FE;
 502B : FE;
 502C : FE;
 502D : FE;
 502E : FE;
 502F : FE;
 5030 : FE;
 5031 : FE;
 5032 : FE;
 5033 : FE;
 5034 : FE;
 5035 : FE;
 5036 : FE;
 5037 : FE;
 5038 : FE;
 5039 : FE;
 503A : FE;
 503B : FE;
 503C : FE;
 503D : FE;
 503E : FE;
 503F : FE;
 5040 : FE;
 5041 : FE;
 5042 : FE;
 5043 : FE;
 5044 : FE;
 5045 : FE;
 5046 : FE;
 5047 : FE;
 5048 : FE;
 5049 : FE;
 504A : FE;
 504B : FE;
 504C : FE;
 504D : FE;
 504E : FE;
 504F : FE;
 5050 : FE;
 5051 : FE;
 5052 : FE;
 5053 : FE;
 5054 : FE;
 5055 : FE;
 5056 : FE;
 5057 : FE;
 5058 : FE;
 5059 : FE;
 505A : FE;
 505B : FE;
 505C : FE;
 505D : FE;
 505E : FE;
 505F : FE;
 5060 : FE;
 5061 : FE;
 5062 : FE;
 5063 : FE;
 5064 : FE;
 5065 : FE;
 5066 : FE;
 5067 : FE;
 5068 : FE;
 5069 : FE;
 506A : FE;
 506B : FE;
 506C : FE;
 506D : FE;
 506E : FE;
 506F : FE;
 5070 : FE;
 5071 : FE;
 5072 : FE;
 5073 : FE;
 5074 : FE;
 5075 : FE;
 5076 : FE;
 5077 : FE;
 5078 : FE;
 5079 : FE;
 507A : FE;
 507B : FE;
 507C : FE;
 507D : FE;
 507E : FE;
 507F : FE;
 5080 : FE;
 5081 : FE;
 5082 : FE;
 5083 : FE;
 5084 : FE;
 5085 : FE;
 5086 : FE;
 5087 : FB;
 5088 : FE;
 5089 : F8;
 508A : F8;
 508B : FE;
 508C : FC;
 508D : F2;
 508E : FC;
 508F : F5;
 5090 : F4;
 5091 : E6;
 5092 : C9;
 5093 : C1;
 5094 : DF;
 5095 : E9;
 5096 : CF;
 5097 : E6;
 5098 : FB;
 5099 : FE;
 509A : FD;
 509B : FC;
 509C : F0;
 509D : D7;
 509E : DA;
 509F : C8;
 50A0 : B3;
 50A1 : DC;
 50A2 : C7;
 50A3 : D0;
 50A4 : E6;
 50A5 : FD;
 50A6 : FD;
 50A7 : FD;
 50A8 : F6;
 50A9 : FB;
 50AA : E7;
 50AB : D3;
 50AC : CF;
 50AD : B0;
 50AE : B5;
 50AF : AF;
 50B0 : E6;
 50B1 : BC;
 50B2 : D9;
 50B3 : FB;
 50B4 : FE;
 50B5 : F7;
 50B6 : FA;
 50B7 : FE;
 50B8 : FE;
 50B9 : FE;
 50BA : FE;
 50BB : FE;
 50BC : FE;
 50BD : FE;
 50BE : FE;
 50BF : FF;
 50C0 : FE;
 50C1 : FE;
 50C2 : FE;
 50C3 : FE;
 50C4 : FE;
 50C5 : FE;
 50C6 : FE;
 50C7 : FE;
 50C8 : FE;
 50C9 : FE;
 50CA : FE;
 50CB : FE;
 50CC : FE;
 50CD : FE;
 50CE : FE;
 50CF : FE;
 50D0 : FE;
 50D1 : FE;
 50D2 : FE;
 50D3 : FE;
 50D4 : FE;
 50D5 : FE;
 50D6 : FE;
 50D7 : FE;
 50D8 : FE;
 50D9 : FE;
 50DA : FE;
 50DB : FE;
 50DC : FE;
 50DD : FE;
 50DE : FE;
 50DF : FE;
 50E0 : FE;
 50E1 : FE;
 50E2 : FE;
 50E3 : FE;
 50E4 : FE;
 50E5 : FE;
 50E6 : FE;
 50E7 : FE;
 50E8 : FE;
 50E9 : FE;
 50EA : FE;
 50EB : FE;
 50EC : FE;
 50ED : FE;
 50EE : FE;
 50EF : FE;
 50F0 : FE;
 50F1 : FE;
 50F2 : FE;
 50F3 : FE;
 50F4 : FE;
 50F5 : FE;
 50F6 : FE;
 50F7 : FE;
 50F8 : FE;
 50F9 : FE;
 50FA : FE;
 50FB : FE;
 50FC : FE;
 50FD : FE;
 50FE : FE;
 50FF : FE;
 5100 : FE;
 5101 : FE;
 5102 : FE;
 5103 : FE;
 5104 : FE;
 5105 : FE;
 5106 : FE;
 5107 : FE;
 5108 : FE;
 5109 : FE;
 510A : FE;
 510B : FE;
 510C : FE;
 510D : FE;
 510E : FE;
 510F : FE;
 5110 : FE;
 5111 : FE;
 5112 : FE;
 5113 : FE;
 5114 : FE;
 5115 : FE;
 5116 : FE;
 5117 : FE;
 5118 : FE;
 5119 : FE;
 511A : FE;
 511B : FE;
 511C : FE;
 511D : FE;
 511E : FE;
 511F : FE;
 5120 : FE;
 5121 : FE;
 5122 : FE;
 5123 : FE;
 5124 : FE;
 5125 : FE;
 5126 : FE;
 5127 : FE;
 5128 : FE;
 5129 : FE;
 512A : FE;
 512B : FE;
 512C : FE;
 512D : FE;
 512E : FE;
 512F : FE;
 5130 : FE;
 5131 : FE;
 5132 : FE;
 5133 : FE;
 5134 : FE;
 5135 : FE;
 5136 : FE;
 5137 : FE;
 5138 : FE;
 5139 : FE;
 513A : FE;
 513B : FE;
 513C : FE;
 513D : FE;
 513E : FE;
 513F : FE;
 5140 : FE;
 5141 : FE;
 5142 : FE;
 5143 : FE;
 5144 : FE;
 5145 : FE;
 5146 : FE;
 5147 : FE;
 5148 : FE;
 5149 : FE;
 514A : FE;
 514B : FE;
 514C : FE;
 514D : FE;
 514E : FE;
 514F : FE;
 5150 : FE;
 5151 : FE;
 5152 : FE;
 5153 : FE;
 5154 : FE;
 5155 : FE;
 5156 : FE;
 5157 : FE;
 5158 : FE;
 5159 : FE;
 515A : FE;
 515B : FE;
 515C : FE;
 515D : FE;
 515E : FE;
 515F : FE;
 5160 : FE;
 5161 : FE;
 5162 : FE;
 5163 : FE;
 5164 : FE;
 5165 : FE;
 5166 : FE;
 5167 : FE;
 5168 : FE;
 5169 : FE;
 516A : FE;
 516B : FE;
 516C : FE;
 516D : FE;
 516E : FE;
 516F : FE;
 5170 : FE;
 5171 : FE;
 5172 : FE;
 5173 : FE;
 5174 : FE;
 5175 : FE;
 5176 : FE;
 5177 : FE;
 5178 : FE;
 5179 : FE;
 517A : FE;
 517B : FE;
 517C : FE;
 517D : FE;
 517E : FE;
 517F : FE;
 5180 : FE;
 5181 : FE;
 5182 : FE;
 5183 : FE;
 5184 : FE;
 5185 : FE;
 5186 : FE;
 5187 : FE;
 5188 : FE;
 5189 : FE;
 518A : FE;
 518B : FE;
 518C : FE;
 518D : FE;
 518E : FE;
 518F : FE;
 5190 : FE;
 5191 : FE;
 5192 : FE;
 5193 : FE;
 5194 : FE;
 5195 : FE;
 5196 : FE;
 5197 : FE;
 5198 : FE;
 5199 : FE;
 519A : FE;
 519B : FE;
 519C : FE;
 519D : FE;
 519E : FE;
 519F : FE;
 51A0 : FE;
 51A1 : FE;
 51A2 : FE;
 51A3 : FE;
 51A4 : FE;
 51A5 : FE;
 51A6 : FE;
 51A7 : FE;
 51A8 : FE;
 51A9 : FE;
 51AA : FE;
 51AB : FE;
 51AC : FE;
 51AD : FE;
 51AE : FE;
 51AF : FE;
 51B0 : FE;
 51B1 : FE;
 51B2 : FE;
 51B3 : FE;
 51B4 : FE;
 51B5 : FE;
 51B6 : FE;
 51B7 : FE;
 51B8 : FE;
 51B9 : FE;
 51BA : FE;
 51BB : FE;
 51BC : FE;
 51BD : FE;
 51BE : FE;
 51BF : FE;
 51C0 : FE;
 51C1 : FE;
 51C2 : FE;
 51C3 : FE;
 51C4 : FE;
 51C5 : FE;
 51C6 : FE;
 51C7 : FD;
 51C8 : FD;
 51C9 : FB;
 51CA : FA;
 51CB : FE;
 51CC : FC;
 51CD : F5;
 51CE : F6;
 51CF : F0;
 51D0 : DD;
 51D1 : DA;
 51D2 : D7;
 51D3 : C1;
 51D4 : B6;
 51D5 : C5;
 51D6 : D4;
 51D7 : F7;
 51D8 : FD;
 51D9 : FA;
 51DA : F3;
 51DB : F1;
 51DC : E8;
 51DD : DF;
 51DE : E3;
 51DF : C1;
 51E0 : B8;
 51E1 : CA;
 51E2 : C2;
 51E3 : C4;
 51E4 : F9;
 51E5 : FE;
 51E6 : F5;
 51E7 : FC;
 51E8 : F3;
 51E9 : E9;
 51EA : E4;
 51EB : C9;
 51EC : A6;
 51ED : AB;
 51EE : BE;
 51EF : B4;
 51F0 : E4;
 51F1 : C1;
 51F2 : D9;
 51F3 : FC;
 51F4 : FE;
 51F5 : FE;
 51F6 : FF;
 51F7 : FE;
 51F8 : FE;
 51F9 : FE;
 51FA : FE;
 51FB : FE;
 51FC : FD;
 51FD : FD;
 51FE : FD;
 51FF : FE;
 5200 : FE;
 5201 : FE;
 5202 : FE;
 5203 : FE;
 5204 : FE;
 5205 : FE;
 5206 : FE;
 5207 : FE;
 5208 : FE;
 5209 : FE;
 520A : FE;
 520B : FE;
 520C : FE;
 520D : FE;
 520E : FE;
 520F : FE;
 5210 : FE;
 5211 : FE;
 5212 : FE;
 5213 : FE;
 5214 : FE;
 5215 : FE;
 5216 : FE;
 5217 : FE;
 5218 : FE;
 5219 : FE;
 521A : FE;
 521B : FE;
 521C : FE;
 521D : FE;
 521E : FE;
 521F : FE;
 5220 : FE;
 5221 : FE;
 5222 : FE;
 5223 : FE;
 5224 : FE;
 5225 : FE;
 5226 : FE;
 5227 : FE;
 5228 : FE;
 5229 : FE;
 522A : FE;
 522B : FE;
 522C : FE;
 522D : FE;
 522E : FE;
 522F : FE;
 5230 : FE;
 5231 : FE;
 5232 : FE;
 5233 : FE;
 5234 : FE;
 5235 : FE;
 5236 : FE;
 5237 : FE;
 5238 : FE;
 5239 : FE;
 523A : FE;
 523B : FE;
 523C : FE;
 523D : FE;
 523E : FE;
 523F : FE;
 5240 : FE;
 5241 : FE;
 5242 : FE;
 5243 : FE;
 5244 : FE;
 5245 : FE;
 5246 : FE;
 5247 : FE;
 5248 : FE;
 5249 : FE;
 524A : FE;
 524B : FE;
 524C : FE;
 524D : FE;
 524E : FE;
 524F : FE;
 5250 : FE;
 5251 : FE;
 5252 : FE;
 5253 : FE;
 5254 : FE;
 5255 : FE;
 5256 : FE;
 5257 : FE;
 5258 : FE;
 5259 : FE;
 525A : FE;
 525B : FE;
 525C : FE;
 525D : FE;
 525E : FE;
 525F : FE;
 5260 : FE;
 5261 : FE;
 5262 : FE;
 5263 : FE;
 5264 : FE;
 5265 : FE;
 5266 : FE;
 5267 : FE;
 5268 : FE;
 5269 : FE;
 526A : FE;
 526B : FE;
 526C : FE;
 526D : FE;
 526E : FE;
 526F : FE;
 5270 : FE;
 5271 : FE;
 5272 : FE;
 5273 : FE;
 5274 : FE;
 5275 : FE;
 5276 : FE;
 5277 : FE;
 5278 : FE;
 5279 : FE;
 527A : FE;
 527B : FE;
 527C : FE;
 527D : FE;
 527E : FE;
 527F : FE;
 5280 : FE;
 5281 : FE;
 5282 : FE;
 5283 : FE;
 5284 : FE;
 5285 : FE;
 5286 : FE;
 5287 : FE;
 5288 : FE;
 5289 : FE;
 528A : FE;
 528B : FE;
 528C : FE;
 528D : FE;
 528E : FE;
 528F : FE;
 5290 : FE;
 5291 : FE;
 5292 : FE;
 5293 : FE;
 5294 : FE;
 5295 : FE;
 5296 : FE;
 5297 : FE;
 5298 : FE;
 5299 : FE;
 529A : FE;
 529B : FE;
 529C : FE;
 529D : FE;
 529E : FE;
 529F : FE;
 52A0 : FE;
 52A1 : FE;
 52A2 : FE;
 52A3 : FE;
 52A4 : FE;
 52A5 : FE;
 52A6 : FE;
 52A7 : FE;
 52A8 : FE;
 52A9 : FE;
 52AA : FE;
 52AB : FE;
 52AC : FE;
 52AD : FE;
 52AE : FE;
 52AF : FE;
 52B0 : FE;
 52B1 : FE;
 52B2 : FE;
 52B3 : FE;
 52B4 : FE;
 52B5 : FE;
 52B6 : FE;
 52B7 : FE;
 52B8 : FE;
 52B9 : FE;
 52BA : FE;
 52BB : FE;
 52BC : FE;
 52BD : FE;
 52BE : FE;
 52BF : FE;
 52C0 : FE;
 52C1 : FE;
 52C2 : FE;
 52C3 : FE;
 52C4 : FE;
 52C5 : FE;
 52C6 : FE;
 52C7 : FE;
 52C8 : FE;
 52C9 : FE;
 52CA : FE;
 52CB : FE;
 52CC : FE;
 52CD : FE;
 52CE : FE;
 52CF : FE;
 52D0 : FE;
 52D1 : FE;
 52D2 : FE;
 52D3 : FE;
 52D4 : FE;
 52D5 : FE;
 52D6 : FE;
 52D7 : FE;
 52D8 : FE;
 52D9 : FE;
 52DA : FE;
 52DB : FE;
 52DC : FE;
 52DD : FE;
 52DE : FE;
 52DF : FE;
 52E0 : FE;
 52E1 : FE;
 52E2 : FE;
 52E3 : FE;
 52E4 : FE;
 52E5 : FE;
 52E6 : FE;
 52E7 : FE;
 52E8 : FE;
 52E9 : FE;
 52EA : FE;
 52EB : FE;
 52EC : FE;
 52ED : FE;
 52EE : FE;
 52EF : FE;
 52F0 : FE;
 52F1 : FE;
 52F2 : FE;
 52F3 : FE;
 52F4 : FE;
 52F5 : FE;
 52F6 : FE;
 52F7 : FE;
 52F8 : FE;
 52F9 : FE;
 52FA : FE;
 52FB : FE;
 52FC : FE;
 52FD : FE;
 52FE : FE;
 52FF : FE;
 5300 : FE;
 5301 : FE;
 5302 : FE;
 5303 : FE;
 5304 : FE;
 5305 : FE;
 5306 : FE;
 5307 : FD;
 5308 : FD;
 5309 : FE;
 530A : FD;
 530B : F9;
 530C : FC;
 530D : F9;
 530E : E8;
 530F : D5;
 5310 : C9;
 5311 : D1;
 5312 : D4;
 5313 : B5;
 5314 : A1;
 5315 : BB;
 5316 : DC;
 5317 : FE;
 5318 : FC;
 5319 : F8;
 531A : EC;
 531B : DC;
 531C : DC;
 531D : DC;
 531E : D3;
 531F : A2;
 5320 : BD;
 5321 : D0;
 5322 : C8;
 5323 : A7;
 5324 : E9;
 5325 : FA;
 5326 : FC;
 5327 : FA;
 5328 : F5;
 5329 : CB;
 532A : D1;
 532B : BE;
 532C : 9C;
 532D : B3;
 532E : B2;
 532F : C4;
 5330 : E2;
 5331 : C6;
 5332 : D3;
 5333 : FC;
 5334 : FB;
 5335 : FF;
 5336 : FF;
 5337 : FE;
 5338 : FE;
 5339 : FE;
 533A : FE;
 533B : FE;
 533C : FE;
 533D : FD;
 533E : FD;
 533F : FE;
 5340 : FE;
 5341 : FE;
 5342 : FE;
 5343 : FE;
 5344 : FE;
 5345 : FE;
 5346 : FE;
 5347 : FE;
 5348 : FE;
 5349 : FE;
 534A : FE;
 534B : FE;
 534C : FE;
 534D : FE;
 534E : FE;
 534F : FE;
 5350 : FE;
 5351 : FE;
 5352 : FE;
 5353 : FE;
 5354 : FE;
 5355 : FE;
 5356 : FE;
 5357 : FE;
 5358 : FE;
 5359 : FE;
 535A : FE;
 535B : FE;
 535C : FE;
 535D : FE;
 535E : FE;
 535F : FE;
 5360 : FE;
 5361 : FE;
 5362 : FE;
 5363 : FE;
 5364 : FE;
 5365 : FE;
 5366 : FE;
 5367 : FE;
 5368 : FE;
 5369 : FE;
 536A : FE;
 536B : FE;
 536C : FE;
 536D : FE;
 536E : FE;
 536F : FE;
 5370 : FE;
 5371 : FE;
 5372 : FE;
 5373 : FE;
 5374 : FE;
 5375 : FE;
 5376 : FE;
 5377 : FE;
 5378 : FE;
 5379 : FE;
 537A : FE;
 537B : FE;
 537C : FE;
 537D : FE;
 537E : FE;
 537F : FE;
 5380 : FE;
 5381 : FE;
 5382 : FE;
 5383 : FE;
 5384 : FE;
 5385 : FE;
 5386 : FE;
 5387 : FE;
 5388 : FE;
 5389 : FE;
 538A : FE;
 538B : FE;
 538C : FE;
 538D : FE;
 538E : FE;
 538F : FE;
 5390 : FE;
 5391 : FE;
 5392 : FE;
 5393 : FE;
 5394 : FE;
 5395 : FE;
 5396 : FE;
 5397 : FE;
 5398 : FE;
 5399 : FE;
 539A : FE;
 539B : FE;
 539C : FE;
 539D : FE;
 539E : FE;
 539F : FE;
 53A0 : FE;
 53A1 : FE;
 53A2 : FE;
 53A3 : FE;
 53A4 : FE;
 53A5 : FE;
 53A6 : FE;
 53A7 : FE;
 53A8 : FE;
 53A9 : FE;
 53AA : FE;
 53AB : FE;
 53AC : FE;
 53AD : FE;
 53AE : FE;
 53AF : FE;
 53B0 : FE;
 53B1 : FE;
 53B2 : FE;
 53B3 : FE;
 53B4 : FE;
 53B5 : FE;
 53B6 : FE;
 53B7 : FE;
 53B8 : FE;
 53B9 : FE;
 53BA : FE;
 53BB : FE;
 53BC : FE;
 53BD : FE;
 53BE : FE;
 53BF : FE;
 53C0 : FE;
 53C1 : FE;
 53C2 : FE;
 53C3 : FE;
 53C4 : FE;
 53C5 : FE;
 53C6 : FE;
 53C7 : FE;
 53C8 : FE;
 53C9 : FE;
 53CA : FE;
 53CB : FE;
 53CC : FE;
 53CD : FE;
 53CE : FE;
 53CF : FE;
 53D0 : FE;
 53D1 : FE;
 53D2 : FE;
 53D3 : FE;
 53D4 : FE;
 53D5 : FE;
 53D6 : FE;
 53D7 : FE;
 53D8 : FE;
 53D9 : FE;
 53DA : FE;
 53DB : FE;
 53DC : FE;
 53DD : FE;
 53DE : FE;
 53DF : FE;
 53E0 : FE;
 53E1 : FE;
 53E2 : FE;
 53E3 : FE;
 53E4 : FE;
 53E5 : FE;
 53E6 : FE;
 53E7 : FE;
 53E8 : FE;
 53E9 : FE;
 53EA : FE;
 53EB : FE;
 53EC : FE;
 53ED : FE;
 53EE : FE;
 53EF : FE;
 53F0 : FE;
 53F1 : FE;
 53F2 : FE;
 53F3 : FE;
 53F4 : FE;
 53F5 : FE;
 53F6 : FE;
 53F7 : FE;
 53F8 : FE;
 53F9 : FE;
 53FA : FE;
 53FB : FE;
 53FC : FE;
 53FD : FE;
 53FE : FE;
 53FF : FE;
 5400 : FE;
 5401 : FE;
 5402 : FE;
 5403 : FE;
 5404 : FE;
 5405 : FE;
 5406 : FE;
 5407 : FE;
 5408 : FE;
 5409 : FE;
 540A : FE;
 540B : FE;
 540C : FE;
 540D : FE;
 540E : FE;
 540F : FE;
 5410 : FE;
 5411 : FE;
 5412 : FE;
 5413 : FE;
 5414 : FE;
 5415 : FE;
 5416 : FE;
 5417 : FE;
 5418 : FE;
 5419 : FE;
 541A : FE;
 541B : FE;
 541C : FE;
 541D : FE;
 541E : FE;
 541F : FE;
 5420 : FE;
 5421 : FE;
 5422 : FE;
 5423 : FE;
 5424 : FE;
 5425 : FE;
 5426 : FE;
 5427 : FE;
 5428 : FE;
 5429 : FE;
 542A : FE;
 542B : FE;
 542C : FE;
 542D : FE;
 542E : FE;
 542F : FE;
 5430 : FE;
 5431 : FE;
 5432 : FE;
 5433 : FE;
 5434 : FE;
 5435 : FE;
 5436 : FE;
 5437 : FE;
 5438 : FE;
 5439 : FE;
 543A : FE;
 543B : FE;
 543C : FE;
 543D : FE;
 543E : FE;
 543F : FE;
 5440 : FE;
 5441 : FE;
 5442 : FE;
 5443 : FE;
 5444 : FE;
 5445 : FE;
 5446 : FE;
 5447 : FE;
 5448 : FB;
 5449 : FE;
 544A : FF;
 544B : F3;
 544C : FB;
 544D : F6;
 544E : D6;
 544F : C3;
 5450 : CD;
 5451 : D1;
 5452 : B8;
 5453 : A0;
 5454 : AD;
 5455 : C9;
 5456 : D1;
 5457 : FB;
 5458 : F8;
 5459 : FC;
 545A : EC;
 545B : CF;
 545C : CC;
 545D : CA;
 545E : B0;
 545F : 9D;
 5460 : C1;
 5461 : DB;
 5462 : CC;
 5463 : A2;
 5464 : CE;
 5465 : F6;
 5466 : FE;
 5467 : F6;
 5468 : EA;
 5469 : BB;
 546A : AD;
 546B : B2;
 546C : B5;
 546D : B6;
 546E : 94;
 546F : D1;
 5470 : DA;
 5471 : BF;
 5472 : C9;
 5473 : FD;
 5474 : F3;
 5475 : FF;
 5476 : F9;
 5477 : FE;
 5478 : FE;
 5479 : FE;
 547A : FE;
 547B : FE;
 547C : FE;
 547D : FD;
 547E : FE;
 547F : FE;
 5480 : FE;
 5481 : FE;
 5482 : FE;
 5483 : FE;
 5484 : FE;
 5485 : FE;
 5486 : FE;
 5487 : FE;
 5488 : FE;
 5489 : FE;
 548A : FE;
 548B : FE;
 548C : FE;
 548D : FE;
 548E : FE;
 548F : FE;
 5490 : FE;
 5491 : FE;
 5492 : FE;
 5493 : FE;
 5494 : FE;
 5495 : FE;
 5496 : FE;
 5497 : FE;
 5498 : FE;
 5499 : FE;
 549A : FE;
 549B : FE;
 549C : FE;
 549D : FE;
 549E : FE;
 549F : FE;
 54A0 : FE;
 54A1 : FE;
 54A2 : FE;
 54A3 : FE;
 54A4 : FE;
 54A5 : FE;
 54A6 : FE;
 54A7 : FE;
 54A8 : FE;
 54A9 : FE;
 54AA : FE;
 54AB : FE;
 54AC : FE;
 54AD : FE;
 54AE : FE;
 54AF : FE;
 54B0 : FE;
 54B1 : FE;
 54B2 : FE;
 54B3 : FE;
 54B4 : FE;
 54B5 : FE;
 54B6 : FE;
 54B7 : FE;
 54B8 : FE;
 54B9 : FE;
 54BA : FE;
 54BB : FE;
 54BC : FE;
 54BD : FE;
 54BE : FE;
 54BF : FE;
 54C0 : FE;
 54C1 : FE;
 54C2 : FE;
 54C3 : FE;
 54C4 : FE;
 54C5 : FE;
 54C6 : FE;
 54C7 : FE;
 54C8 : FE;
 54C9 : FE;
 54CA : FE;
 54CB : FE;
 54CC : FE;
 54CD : FE;
 54CE : FE;
 54CF : FE;
 54D0 : FE;
 54D1 : FE;
 54D2 : FE;
 54D3 : FE;
 54D4 : FE;
 54D5 : FE;
 54D6 : FE;
 54D7 : FE;
 54D8 : FE;
 54D9 : FE;
 54DA : FE;
 54DB : FE;
 54DC : FE;
 54DD : FE;
 54DE : FE;
 54DF : FE;
 54E0 : FE;
 54E1 : FE;
 54E2 : FE;
 54E3 : FE;
 54E4 : FE;
 54E5 : FE;
 54E6 : FE;
 54E7 : FE;
 54E8 : FE;
 54E9 : FE;
 54EA : FE;
 54EB : FE;
 54EC : FE;
 54ED : FE;
 54EE : FE;
 54EF : FE;
 54F0 : FE;
 54F1 : FE;
 54F2 : FE;
 54F3 : FE;
 54F4 : FE;
 54F5 : FE;
 54F6 : FE;
 54F7 : FE;
 54F8 : FE;
 54F9 : FE;
 54FA : FE;
 54FB : FE;
 54FC : FE;
 54FD : FE;
 54FE : FE;
 54FF : FE;
 5500 : FE;
 5501 : FE;
 5502 : FE;
 5503 : FE;
 5504 : FE;
 5505 : FE;
 5506 : FE;
 5507 : FE;
 5508 : FE;
 5509 : FE;
 550A : FE;
 550B : FE;
 550C : FE;
 550D : FE;
 550E : FE;
 550F : FE;
 5510 : FE;
 5511 : FE;
 5512 : FE;
 5513 : FE;
 5514 : FE;
 5515 : FE;
 5516 : FE;
 5517 : FE;
 5518 : FE;
 5519 : FE;
 551A : FE;
 551B : FE;
 551C : FE;
 551D : FE;
 551E : FE;
 551F : FE;
 5520 : FE;
 5521 : FE;
 5522 : FE;
 5523 : FE;
 5524 : FE;
 5525 : FE;
 5526 : FE;
 5527 : FE;
 5528 : FE;
 5529 : FE;
 552A : FE;
 552B : FE;
 552C : FE;
 552D : FE;
 552E : FE;
 552F : FE;
 5530 : FE;
 5531 : FE;
 5532 : FE;
 5533 : FE;
 5534 : FE;
 5535 : FE;
 5536 : FE;
 5537 : FE;
 5538 : FE;
 5539 : FE;
 553A : FE;
 553B : FE;
 553C : FE;
 553D : FE;
 553E : FE;
 553F : FE;
 5540 : FE;
 5541 : FE;
 5542 : FE;
 5543 : FE;
 5544 : FE;
 5545 : FE;
 5546 : FE;
 5547 : FE;
 5548 : FE;
 5549 : FE;
 554A : FE;
 554B : FE;
 554C : FE;
 554D : FE;
 554E : FE;
 554F : FE;
 5550 : FE;
 5551 : FE;
 5552 : FE;
 5553 : FE;
 5554 : FE;
 5555 : FE;
 5556 : FE;
 5557 : FE;
 5558 : FE;
 5559 : FE;
 555A : FE;
 555B : FE;
 555C : FE;
 555D : FE;
 555E : FE;
 555F : FE;
 5560 : FE;
 5561 : FE;
 5562 : FE;
 5563 : FE;
 5564 : FE;
 5565 : FE;
 5566 : FE;
 5567 : FE;
 5568 : FE;
 5569 : FE;
 556A : FE;
 556B : FE;
 556C : FE;
 556D : FE;
 556E : FE;
 556F : FE;
 5570 : FE;
 5571 : FE;
 5572 : FE;
 5573 : FE;
 5574 : FE;
 5575 : FE;
 5576 : FE;
 5577 : FE;
 5578 : FE;
 5579 : FE;
 557A : FE;
 557B : FE;
 557C : FE;
 557D : FE;
 557E : FE;
 557F : FD;
 5580 : FE;
 5581 : FE;
 5582 : FE;
 5583 : FE;
 5584 : FE;
 5585 : FE;
 5586 : FE;
 5587 : FE;
 5588 : FB;
 5589 : FF;
 558A : FE;
 558B : F3;
 558C : F6;
 558D : EA;
 558E : C1;
 558F : CE;
 5590 : D3;
 5591 : C3;
 5592 : 9D;
 5593 : 92;
 5594 : B6;
 5595 : CB;
 5596 : B9;
 5597 : F2;
 5598 : F7;
 5599 : FC;
 559A : E8;
 559B : C3;
 559C : BF;
 559D : BD;
 559E : A0;
 559F : BB;
 55A0 : BF;
 55A1 : D3;
 55A2 : C4;
 55A3 : B8;
 55A4 : C4;
 55A5 : F7;
 55A6 : FB;
 55A7 : F0;
 55A8 : CD;
 55A9 : B6;
 55AA : A1;
 55AB : AD;
 55AC : C0;
 55AD : A2;
 55AE : 8F;
 55AF : CF;
 55B0 : C9;
 55B1 : AE;
 55B2 : C1;
 55B3 : FD;
 55B4 : EF;
 55B5 : FF;
 55B6 : F6;
 55B7 : FE;
 55B8 : FE;
 55B9 : FE;
 55BA : FE;
 55BB : FE;
 55BC : FE;
 55BD : FE;
 55BE : FE;
 55BF : FE;
 55C0 : FE;
 55C1 : FE;
 55C2 : FE;
 55C3 : FE;
 55C4 : FE;
 55C5 : FE;
 55C6 : FE;
 55C7 : FE;
 55C8 : FE;
 55C9 : FE;
 55CA : FE;
 55CB : FE;
 55CC : FE;
 55CD : FE;
 55CE : FE;
 55CF : FE;
 55D0 : FE;
 55D1 : FE;
 55D2 : FE;
 55D3 : FE;
 55D4 : FE;
 55D5 : FE;
 55D6 : FE;
 55D7 : FE;
 55D8 : FE;
 55D9 : FE;
 55DA : FE;
 55DB : FE;
 55DC : FE;
 55DD : FE;
 55DE : FE;
 55DF : FE;
 55E0 : FE;
 55E1 : FE;
 55E2 : FE;
 55E3 : FE;
 55E4 : FE;
 55E5 : FE;
 55E6 : FE;
 55E7 : FE;
 55E8 : FE;
 55E9 : FE;
 55EA : FE;
 55EB : FE;
 55EC : FE;
 55ED : FE;
 55EE : FE;
 55EF : FE;
 55F0 : FE;
 55F1 : FE;
 55F2 : FE;
 55F3 : FE;
 55F4 : FE;
 55F5 : FE;
 55F6 : FE;
 55F7 : FE;
 55F8 : FE;
 55F9 : FE;
 55FA : FE;
 55FB : FE;
 55FC : FE;
 55FD : FE;
 55FE : FE;
 55FF : FE;
 5600 : FE;
 5601 : FE;
 5602 : FE;
 5603 : FE;
 5604 : FE;
 5605 : FE;
 5606 : FE;
 5607 : FE;
 5608 : FE;
 5609 : FE;
 560A : FE;
 560B : FE;
 560C : FE;
 560D : FE;
 560E : FE;
 560F : FE;
 5610 : FE;
 5611 : FE;
 5612 : FE;
 5613 : FE;
 5614 : FE;
 5615 : FE;
 5616 : FE;
 5617 : FE;
 5618 : FE;
 5619 : FE;
 561A : FE;
 561B : FE;
 561C : FE;
 561D : FE;
 561E : FE;
 561F : FE;
 5620 : FE;
 5621 : FE;
 5622 : FE;
 5623 : FE;
 5624 : FE;
 5625 : FE;
 5626 : FE;
 5627 : FE;
 5628 : FE;
 5629 : FE;
 562A : FE;
 562B : FE;
 562C : FE;
 562D : FE;
 562E : FE;
 562F : FE;
 5630 : FE;
 5631 : FE;
 5632 : FE;
 5633 : FE;
 5634 : FE;
 5635 : FE;
 5636 : FE;
 5637 : FE;
 5638 : FE;
 5639 : FE;
 563A : FE;
 563B : FE;
 563C : FE;
 563D : FE;
 563E : FE;
 563F : FE;
 5640 : FE;
 5641 : FE;
 5642 : FE;
 5643 : FE;
 5644 : FE;
 5645 : FE;
 5646 : FE;
 5647 : FE;
 5648 : FE;
 5649 : FE;
 564A : FE;
 564B : FE;
 564C : FE;
 564D : FE;
 564E : FE;
 564F : FE;
 5650 : FE;
 5651 : FE;
 5652 : FE;
 5653 : FE;
 5654 : FE;
 5655 : FE;
 5656 : FE;
 5657 : FE;
 5658 : FE;
 5659 : FE;
 565A : FE;
 565B : FE;
 565C : FE;
 565D : FE;
 565E : FE;
 565F : FE;
 5660 : FE;
 5661 : FE;
 5662 : FE;
 5663 : FE;
 5664 : FE;
 5665 : FE;
 5666 : FE;
 5667 : FE;
 5668 : FE;
 5669 : FE;
 566A : FE;
 566B : FE;
 566C : FE;
 566D : FE;
 566E : FE;
 566F : FE;
 5670 : FE;
 5671 : FE;
 5672 : FE;
 5673 : FE;
 5674 : FE;
 5675 : FE;
 5676 : FE;
 5677 : FE;
 5678 : FE;
 5679 : FE;
 567A : FE;
 567B : FE;
 567C : FE;
 567D : FE;
 567E : FE;
 567F : FE;
 5680 : FE;
 5681 : FE;
 5682 : FE;
 5683 : FE;
 5684 : FE;
 5685 : FE;
 5686 : FE;
 5687 : FE;
 5688 : FE;
 5689 : FE;
 568A : FE;
 568B : FE;
 568C : FE;
 568D : FE;
 568E : FE;
 568F : FE;
 5690 : FE;
 5691 : FE;
 5692 : FE;
 5693 : FE;
 5694 : FE;
 5695 : FE;
 5696 : FE;
 5697 : FE;
 5698 : FE;
 5699 : FE;
 569A : FE;
 569B : FE;
 569C : FE;
 569D : FE;
 569E : FE;
 569F : FE;
 56A0 : FE;
 56A1 : FE;
 56A2 : FE;
 56A3 : FE;
 56A4 : FE;
 56A5 : FE;
 56A6 : FE;
 56A7 : FE;
 56A8 : FE;
 56A9 : FE;
 56AA : FE;
 56AB : FE;
 56AC : FE;
 56AD : FE;
 56AE : FE;
 56AF : FE;
 56B0 : FE;
 56B1 : FE;
 56B2 : FE;
 56B3 : FE;
 56B4 : FE;
 56B5 : FE;
 56B6 : FE;
 56B7 : FE;
 56B8 : FE;
 56B9 : FE;
 56BA : FE;
 56BB : FE;
 56BC : FE;
 56BD : FE;
 56BE : FE;
 56BF : FD;
 56C0 : FD;
 56C1 : FE;
 56C2 : FE;
 56C3 : FE;
 56C4 : FE;
 56C5 : FE;
 56C6 : FE;
 56C7 : FF;
 56C8 : FE;
 56C9 : FF;
 56CA : FD;
 56CB : F7;
 56CC : EE;
 56CD : D4;
 56CE : AE;
 56CF : CE;
 56D0 : B6;
 56D1 : A0;
 56D2 : 91;
 56D3 : 99;
 56D4 : B8;
 56D5 : C5;
 56D6 : B3;
 56D7 : EC;
 56D8 : F9;
 56D9 : F8;
 56DA : D4;
 56DB : B3;
 56DC : B5;
 56DD : B9;
 56DE : AA;
 56DF : B5;
 56E0 : BB;
 56E1 : CE;
 56E2 : BA;
 56E3 : AE;
 56E4 : AA;
 56E5 : F0;
 56E6 : F9;
 56E7 : F1;
 56E8 : B8;
 56E9 : B7;
 56EA : B7;
 56EB : B7;
 56EC : AF;
 56ED : 92;
 56EE : B0;
 56EF : BD;
 56F0 : BA;
 56F1 : A4;
 56F2 : CB;
 56F3 : FB;
 56F4 : F3;
 56F5 : FF;
 56F6 : FA;
 56F7 : FE;
 56F8 : FE;
 56F9 : FE;
 56FA : FE;
 56FB : FE;
 56FC : FE;
 56FD : FE;
 56FE : FE;
 56FF : FE;
 5700 : FE;
 5701 : FE;
 5702 : FE;
 5703 : FE;
 5704 : FE;
 5705 : FE;
 5706 : FE;
 5707 : FE;
 5708 : FE;
 5709 : FE;
 570A : FE;
 570B : FE;
 570C : FE;
 570D : FE;
 570E : FE;
 570F : FE;
 5710 : FE;
 5711 : FE;
 5712 : FE;
 5713 : FE;
 5714 : FE;
 5715 : FE;
 5716 : FE;
 5717 : FE;
 5718 : FE;
 5719 : FE;
 571A : FE;
 571B : FE;
 571C : FE;
 571D : FE;
 571E : FE;
 571F : FE;
 5720 : FE;
 5721 : FE;
 5722 : FE;
 5723 : FE;
 5724 : FE;
 5725 : FE;
 5726 : FE;
 5727 : FE;
 5728 : FE;
 5729 : FE;
 572A : FE;
 572B : FE;
 572C : FE;
 572D : FE;
 572E : FE;
 572F : FE;
 5730 : FE;
 5731 : FE;
 5732 : FE;
 5733 : FE;
 5734 : FE;
 5735 : FE;
 5736 : FE;
 5737 : FE;
 5738 : FE;
 5739 : FE;
 573A : FE;
 573B : FE;
 573C : FE;
 573D : FE;
 573E : FE;
 573F : FE;
 5740 : FE;
 5741 : FE;
 5742 : FE;
 5743 : FE;
 5744 : FE;
 5745 : FE;
 5746 : FE;
 5747 : FE;
 5748 : FE;
 5749 : FE;
 574A : FE;
 574B : FE;
 574C : FE;
 574D : FE;
 574E : FE;
 574F : FE;
 5750 : FE;
 5751 : FE;
 5752 : FE;
 5753 : FE;
 5754 : FE;
 5755 : FE;
 5756 : FE;
 5757 : FE;
 5758 : FE;
 5759 : FE;
 575A : FE;
 575B : FE;
 575C : FE;
 575D : FE;
 575E : FE;
 575F : FE;
 5760 : FE;
 5761 : FE;
 5762 : FE;
 5763 : FE;
 5764 : FE;
 5765 : FE;
 5766 : FE;
 5767 : FE;
 5768 : FE;
 5769 : FE;
 576A : FE;
 576B : FE;
 576C : FE;
 576D : FE;
 576E : FE;
 576F : FE;
 5770 : FE;
 5771 : FE;
 5772 : FE;
 5773 : FE;
 5774 : FE;
 5775 : FE;
 5776 : FE;
 5777 : FE;
 5778 : FE;
 5779 : FE;
 577A : FE;
 577B : FE;
 577C : FE;
 577D : FE;
 577E : FE;
 577F : FE;
 5780 : FE;
 5781 : FE;
 5782 : FE;
 5783 : FE;
 5784 : FE;
 5785 : FE;
 5786 : FE;
 5787 : FE;
 5788 : FE;
 5789 : FE;
 578A : FE;
 578B : FE;
 578C : FE;
 578D : FE;
 578E : FE;
 578F : FE;
 5790 : FE;
 5791 : FE;
 5792 : FE;
 5793 : FE;
 5794 : FE;
 5795 : FE;
 5796 : FE;
 5797 : FE;
 5798 : FE;
 5799 : FE;
 579A : FE;
 579B : FE;
 579C : FE;
 579D : FE;
 579E : FE;
 579F : FE;
 57A0 : FE;
 57A1 : FE;
 57A2 : FE;
 57A3 : FE;
 57A4 : FE;
 57A5 : FE;
 57A6 : FE;
 57A7 : FE;
 57A8 : FE;
 57A9 : FE;
 57AA : FE;
 57AB : FE;
 57AC : FE;
 57AD : FE;
 57AE : FE;
 57AF : FE;
 57B0 : FE;
 57B1 : FE;
 57B2 : FE;
 57B3 : FE;
 57B4 : FE;
 57B5 : FE;
 57B6 : FE;
 57B7 : FE;
 57B8 : FE;
 57B9 : FE;
 57BA : FE;
 57BB : FE;
 57BC : FE;
 57BD : FE;
 57BE : FE;
 57BF : FE;
 57C0 : FE;
 57C1 : FE;
 57C2 : FE;
 57C3 : FE;
 57C4 : FE;
 57C5 : FE;
 57C6 : FE;
 57C7 : FE;
 57C8 : FE;
 57C9 : FE;
 57CA : FE;
 57CB : FE;
 57CC : FE;
 57CD : FE;
 57CE : FE;
 57CF : FE;
 57D0 : FE;
 57D1 : FE;
 57D2 : FE;
 57D3 : FE;
 57D4 : FE;
 57D5 : FE;
 57D6 : FE;
 57D7 : FE;
 57D8 : FE;
 57D9 : FE;
 57DA : FE;
 57DB : FE;
 57DC : FE;
 57DD : FE;
 57DE : FE;
 57DF : FE;
 57E0 : FE;
 57E1 : FE;
 57E2 : FE;
 57E3 : FE;
 57E4 : FE;
 57E5 : FE;
 57E6 : FE;
 57E7 : FE;
 57E8 : FE;
 57E9 : FE;
 57EA : FE;
 57EB : FE;
 57EC : FE;
 57ED : FE;
 57EE : FE;
 57EF : FE;
 57F0 : FE;
 57F1 : FE;
 57F2 : FE;
 57F3 : FE;
 57F4 : FE;
 57F5 : FE;
 57F6 : FE;
 57F7 : FE;
 57F8 : FE;
 57F9 : FE;
 57FA : FE;
 57FB : FE;
 57FC : FE;
 57FD : FE;
 57FE : FE;
 57FF : FE;
 5800 : FE;
 5801 : FE;
 5802 : FE;
 5803 : FE;
 5804 : FE;
 5805 : FE;
 5806 : FE;
 5807 : FE;
 5808 : FF;
 5809 : FB;
 580A : FB;
 580B : FA;
 580C : E6;
 580D : BA;
 580E : 9F;
 580F : B4;
 5810 : 97;
 5811 : 87;
 5812 : 8B;
 5813 : A1;
 5814 : BC;
 5815 : C2;
 5816 : AF;
 5817 : E5;
 5818 : FD;
 5819 : F2;
 581A : C0;
 581B : A5;
 581C : A8;
 581D : B1;
 581E : B4;
 581F : 9E;
 5820 : BC;
 5821 : C6;
 5822 : B4;
 5823 : 92;
 5824 : A0;
 5825 : ED;
 5826 : FA;
 5827 : EF;
 5828 : BA;
 5829 : A7;
 582A : BA;
 582B : BA;
 582C : A0;
 582D : 9C;
 582E : BD;
 582F : AC;
 5830 : B6;
 5831 : AA;
 5832 : E6;
 5833 : FC;
 5834 : F5;
 5835 : FF;
 5836 : FD;
 5837 : FE;
 5838 : FE;
 5839 : FE;
 583A : FE;
 583B : FE;
 583C : FE;
 583D : FE;
 583E : FE;
 583F : FE;
 5840 : FE;
 5841 : FE;
 5842 : FE;
 5843 : FE;
 5844 : FE;
 5845 : FE;
 5846 : FE;
 5847 : FE;
 5848 : FE;
 5849 : FE;
 584A : FE;
 584B : FE;
 584C : FE;
 584D : FE;
 584E : FE;
 584F : FE;
 5850 : FE;
 5851 : FE;
 5852 : FE;
 5853 : FE;
 5854 : FE;
 5855 : FE;
 5856 : FE;
 5857 : FE;
 5858 : FE;
 5859 : FE;
 585A : FE;
 585B : FE;
 585C : FE;
 585D : FE;
 585E : FE;
 585F : FE;
 5860 : FE;
 5861 : FE;
 5862 : FE;
 5863 : FE;
 5864 : FE;
 5865 : FE;
 5866 : FE;
 5867 : FE;
 5868 : FE;
 5869 : FE;
 586A : FE;
 586B : FE;
 586C : FE;
 586D : FE;
 586E : FE;
 586F : FE;
 5870 : FE;
 5871 : FE;
 5872 : FE;
 5873 : FE;
 5874 : FE;
 5875 : FE;
 5876 : FE;
 5877 : FE;
 5878 : FE;
 5879 : FE;
 587A : FE;
 587B : FE;
 587C : FE;
 587D : FE;
 587E : FE;
 587F : FE;
 5880 : FE;
 5881 : FE;
 5882 : FE;
 5883 : FE;
 5884 : FE;
 5885 : FE;
 5886 : FE;
 5887 : FE;
 5888 : FE;
 5889 : FE;
 588A : FE;
 588B : FE;
 588C : FE;
 588D : FE;
 588E : FE;
 588F : FE;
 5890 : FE;
 5891 : FE;
 5892 : FE;
 5893 : FE;
 5894 : FE;
 5895 : FE;
 5896 : FE;
 5897 : FE;
 5898 : FE;
 5899 : FE;
 589A : FE;
 589B : FE;
 589C : FE;
 589D : FE;
 589E : FE;
 589F : FE;
 58A0 : FE;
 58A1 : FE;
 58A2 : FE;
 58A3 : FE;
 58A4 : FE;
 58A5 : FE;
 58A6 : FE;
 58A7 : FE;
 58A8 : FE;
 58A9 : FE;
 58AA : FE;
 58AB : FE;
 58AC : FE;
 58AD : FE;
 58AE : FE;
 58AF : FE;
 58B0 : FE;
 58B1 : FE;
 58B2 : FE;
 58B3 : FE;
 58B4 : FE;
 58B5 : FE;
 58B6 : FE;
 58B7 : FE;
 58B8 : FE;
 58B9 : FE;
 58BA : FE;
 58BB : FE;
 58BC : FE;
 58BD : FE;
 58BE : FE;
 58BF : FE;
 58C0 : FE;
 58C1 : FE;
 58C2 : FE;
 58C3 : FE;
 58C4 : FE;
 58C5 : FE;
 58C6 : FE;
 58C7 : FE;
 58C8 : FE;
 58C9 : FE;
 58CA : FE;
 58CB : FE;
 58CC : FE;
 58CD : FE;
 58CE : FE;
 58CF : FE;
 58D0 : FE;
 58D1 : FE;
 58D2 : FE;
 58D3 : FE;
 58D4 : FE;
 58D5 : FE;
 58D6 : FE;
 58D7 : FE;
 58D8 : FE;
 58D9 : FE;
 58DA : FE;
 58DB : FE;
 58DC : FE;
 58DD : FE;
 58DE : FE;
 58DF : FE;
 58E0 : FE;
 58E1 : FE;
 58E2 : FE;
 58E3 : FE;
 58E4 : FE;
 58E5 : FE;
 58E6 : FE;
 58E7 : FE;
 58E8 : FE;
 58E9 : FE;
 58EA : FE;
 58EB : FE;
 58EC : FE;
 58ED : FE;
 58EE : FE;
 58EF : FE;
 58F0 : FE;
 58F1 : FE;
 58F2 : FE;
 58F3 : FE;
 58F4 : FE;
 58F5 : FE;
 58F6 : FE;
 58F7 : FE;
 58F8 : FE;
 58F9 : FE;
 58FA : FE;
 58FB : FE;
 58FC : FE;
 58FD : FE;
 58FE : FE;
 58FF : FE;
 5900 : FE;
 5901 : FE;
 5902 : FE;
 5903 : FE;
 5904 : FE;
 5905 : FE;
 5906 : FE;
 5907 : FE;
 5908 : FE;
 5909 : FE;
 590A : FE;
 590B : FE;
 590C : FE;
 590D : FE;
 590E : FE;
 590F : FE;
 5910 : FE;
 5911 : FE;
 5912 : FE;
 5913 : FE;
 5914 : FE;
 5915 : FE;
 5916 : FE;
 5917 : FE;
 5918 : FE;
 5919 : FE;
 591A : FE;
 591B : FE;
 591C : FE;
 591D : FE;
 591E : FE;
 591F : FE;
 5920 : FE;
 5921 : FE;
 5922 : FE;
 5923 : FE;
 5924 : FE;
 5925 : FE;
 5926 : FE;
 5927 : FE;
 5928 : FE;
 5929 : FE;
 592A : FE;
 592B : FE;
 592C : FE;
 592D : FE;
 592E : FE;
 592F : FE;
 5930 : FE;
 5931 : FE;
 5932 : FE;
 5933 : FE;
 5934 : FE;
 5935 : FE;
 5936 : FE;
 5937 : FE;
 5938 : FE;
 5939 : FE;
 593A : FE;
 593B : FE;
 593C : FE;
 593D : FE;
 593E : FE;
 593F : FE;
 5940 : FE;
 5941 : FE;
 5942 : FE;
 5943 : FE;
 5944 : FE;
 5945 : FE;
 5946 : FE;
 5947 : FE;
 5948 : FF;
 5949 : F8;
 594A : FA;
 594B : FA;
 594C : E0;
 594D : AB;
 594E : 96;
 594F : A1;
 5950 : 95;
 5951 : 8B;
 5952 : 8B;
 5953 : 9E;
 5954 : BD;
 5955 : BC;
 5956 : 9B;
 5957 : DD;
 5958 : FC;
 5959 : F0;
 595A : B5;
 595B : 9C;
 595C : 9F;
 595D : A4;
 595E : AF;
 595F : A2;
 5960 : C2;
 5961 : B0;
 5962 : AC;
 5963 : 8B;
 5964 : C0;
 5965 : F6;
 5966 : F4;
 5967 : E7;
 5968 : C1;
 5969 : 8C;
 596A : A3;
 596B : B0;
 596C : 9C;
 596D : AC;
 596E : A9;
 596F : A5;
 5970 : BC;
 5971 : B7;
 5972 : FB;
 5973 : FD;
 5974 : F5;
 5975 : FB;
 5976 : FC;
 5977 : FE;
 5978 : FE;
 5979 : FD;
 597A : FE;
 597B : FE;
 597C : FE;
 597D : FE;
 597E : FE;
 597F : FE;
 5980 : FE;
 5981 : FE;
 5982 : FE;
 5983 : FE;
 5984 : FE;
 5985 : FE;
 5986 : FE;
 5987 : FE;
 5988 : FE;
 5989 : FE;
 598A : FE;
 598B : FE;
 598C : FE;
 598D : FE;
 598E : FE;
 598F : FE;
 5990 : FE;
 5991 : FE;
 5992 : FE;
 5993 : FE;
 5994 : FE;
 5995 : FE;
 5996 : FE;
 5997 : FE;
 5998 : FE;
 5999 : FE;
 599A : FE;
 599B : FE;
 599C : FE;
 599D : FE;
 599E : FE;
 599F : FE;
 59A0 : FE;
 59A1 : FE;
 59A2 : FE;
 59A3 : FE;
 59A4 : FE;
 59A5 : FE;
 59A6 : FE;
 59A7 : FE;
 59A8 : FE;
 59A9 : FE;
 59AA : FE;
 59AB : FE;
 59AC : FE;
 59AD : FE;
 59AE : FE;
 59AF : FE;
 59B0 : FE;
 59B1 : FE;
 59B2 : FE;
 59B3 : FE;
 59B4 : FE;
 59B5 : FE;
 59B6 : FE;
 59B7 : FE;
 59B8 : FE;
 59B9 : FE;
 59BA : FE;
 59BB : FE;
 59BC : FE;
 59BD : FE;
 59BE : FE;
 59BF : FE;
 59C0 : FE;
 59C1 : FE;
 59C2 : FE;
 59C3 : FE;
 59C4 : FE;
 59C5 : FE;
 59C6 : FE;
 59C7 : FE;
 59C8 : FE;
 59C9 : FE;
 59CA : FE;
 59CB : FE;
 59CC : FE;
 59CD : FE;
 59CE : FE;
 59CF : FE;
 59D0 : FE;
 59D1 : FE;
 59D2 : FE;
 59D3 : FE;
 59D4 : FE;
 59D5 : FE;
 59D6 : FE;
 59D7 : FE;
 59D8 : FE;
 59D9 : FE;
 59DA : FE;
 59DB : FE;
 59DC : FE;
 59DD : FE;
 59DE : FE;
 59DF : FE;
 59E0 : FE;
 59E1 : FE;
 59E2 : FE;
 59E3 : FE;
 59E4 : FE;
 59E5 : FE;
 59E6 : FE;
 59E7 : FE;
 59E8 : FE;
 59E9 : FE;
 59EA : FE;
 59EB : FE;
 59EC : FE;
 59ED : FE;
 59EE : FE;
 59EF : FE;
 59F0 : FE;
 59F1 : FE;
 59F2 : FE;
 59F3 : FE;
 59F4 : FE;
 59F5 : FE;
 59F6 : FE;
 59F7 : FE;
 59F8 : FE;
 59F9 : FE;
 59FA : FE;
 59FB : FE;
 59FC : FE;
 59FD : FE;
 59FE : FE;
 59FF : FE;
 5A00 : FE;
 5A01 : FE;
 5A02 : FE;
 5A03 : FE;
 5A04 : FE;
 5A05 : FE;
 5A06 : FE;
 5A07 : FE;
 5A08 : FE;
 5A09 : FE;
 5A0A : FE;
 5A0B : FE;
 5A0C : FE;
 5A0D : FE;
 5A0E : FE;
 5A0F : FE;
 5A10 : FE;
 5A11 : FE;
 5A12 : FE;
 5A13 : FE;
 5A14 : FE;
 5A15 : FE;
 5A16 : FE;
 5A17 : FE;
 5A18 : FE;
 5A19 : FE;
 5A1A : FE;
 5A1B : FE;
 5A1C : FE;
 5A1D : FE;
 5A1E : FE;
 5A1F : FE;
 5A20 : FE;
 5A21 : FE;
 5A22 : FE;
 5A23 : FE;
 5A24 : FE;
 5A25 : FE;
 5A26 : FE;
 5A27 : FE;
 5A28 : FE;
 5A29 : FE;
 5A2A : FE;
 5A2B : FE;
 5A2C : FE;
 5A2D : FE;
 5A2E : FE;
 5A2F : FE;
 5A30 : FE;
 5A31 : FE;
 5A32 : FE;
 5A33 : FE;
 5A34 : FE;
 5A35 : FE;
 5A36 : FE;
 5A37 : FE;
 5A38 : FE;
 5A39 : FE;
 5A3A : FE;
 5A3B : FE;
 5A3C : FE;
 5A3D : FE;
 5A3E : FE;
 5A3F : FE;
 5A40 : FE;
 5A41 : FE;
 5A42 : FE;
 5A43 : FE;
 5A44 : FE;
 5A45 : FE;
 5A46 : FE;
 5A47 : FE;
 5A48 : FE;
 5A49 : FE;
 5A4A : FE;
 5A4B : FE;
 5A4C : FE;
 5A4D : FE;
 5A4E : FE;
 5A4F : FE;
 5A50 : FE;
 5A51 : FE;
 5A52 : FE;
 5A53 : FE;
 5A54 : FE;
 5A55 : FE;
 5A56 : FE;
 5A57 : FE;
 5A58 : FE;
 5A59 : FE;
 5A5A : FE;
 5A5B : FE;
 5A5C : FE;
 5A5D : FE;
 5A5E : FE;
 5A5F : FE;
 5A60 : FE;
 5A61 : FE;
 5A62 : FE;
 5A63 : FE;
 5A64 : FE;
 5A65 : FE;
 5A66 : FE;
 5A67 : FE;
 5A68 : FE;
 5A69 : FE;
 5A6A : FE;
 5A6B : FE;
 5A6C : FE;
 5A6D : FE;
 5A6E : FE;
 5A6F : FE;
 5A70 : FE;
 5A71 : FE;
 5A72 : FE;
 5A73 : FE;
 5A74 : FE;
 5A75 : FE;
 5A76 : FE;
 5A77 : FE;
 5A78 : FE;
 5A79 : FE;
 5A7A : FE;
 5A7B : FE;
 5A7C : FE;
 5A7D : FE;
 5A7E : FE;
 5A7F : FE;
 5A80 : FE;
 5A81 : FE;
 5A82 : FE;
 5A83 : FE;
 5A84 : FE;
 5A85 : FE;
 5A86 : FE;
 5A87 : FF;
 5A88 : F7;
 5A89 : FE;
 5A8A : FA;
 5A8B : F2;
 5A8C : E0;
 5A8D : 99;
 5A8E : 75;
 5A8F : 87;
 5A90 : 7A;
 5A91 : 7A;
 5A92 : 9B;
 5A93 : 8A;
 5A94 : A1;
 5A95 : AA;
 5A96 : B7;
 5A97 : ED;
 5A98 : FC;
 5A99 : FB;
 5A9A : BC;
 5A9B : 89;
 5A9C : 91;
 5A9D : A0;
 5A9E : A5;
 5A9F : 9A;
 5AA0 : A4;
 5AA1 : AF;
 5AA2 : 92;
 5AA3 : 74;
 5AA4 : CC;
 5AA5 : EB;
 5AA6 : FB;
 5AA7 : F0;
 5AA8 : CB;
 5AA9 : 8A;
 5AAA : A2;
 5AAB : A6;
 5AAC : A0;
 5AAD : 92;
 5AAE : AD;
 5AAF : AB;
 5AB0 : AC;
 5AB1 : EB;
 5AB2 : F2;
 5AB3 : FD;
 5AB4 : FF;
 5AB5 : F7;
 5AB6 : F6;
 5AB7 : FE;
 5AB8 : FE;
 5AB9 : FD;
 5ABA : FE;
 5ABB : FE;
 5ABC : FE;
 5ABD : FE;
 5ABE : FE;
 5ABF : FE;
 5AC0 : FE;
 5AC1 : FE;
 5AC2 : FE;
 5AC3 : FE;
 5AC4 : FE;
 5AC5 : FE;
 5AC6 : FE;
 5AC7 : FE;
 5AC8 : FE;
 5AC9 : FE;
 5ACA : FE;
 5ACB : FE;
 5ACC : FE;
 5ACD : FE;
 5ACE : FE;
 5ACF : FE;
 5AD0 : FE;
 5AD1 : FE;
 5AD2 : FE;
 5AD3 : FE;
 5AD4 : FE;
 5AD5 : FE;
 5AD6 : FE;
 5AD7 : FE;
 5AD8 : FE;
 5AD9 : FE;
 5ADA : FE;
 5ADB : FE;
 5ADC : FE;
 5ADD : FE;
 5ADE : FE;
 5ADF : FE;
 5AE0 : FE;
 5AE1 : FE;
 5AE2 : FE;
 5AE3 : FE;
 5AE4 : FE;
 5AE5 : FE;
 5AE6 : FE;
 5AE7 : FE;
 5AE8 : FE;
 5AE9 : FE;
 5AEA : FE;
 5AEB : FE;
 5AEC : FE;
 5AED : FE;
 5AEE : FE;
 5AEF : FE;
 5AF0 : FE;
 5AF1 : FE;
 5AF2 : FE;
 5AF3 : FE;
 5AF4 : FE;
 5AF5 : FE;
 5AF6 : FE;
 5AF7 : FE;
 5AF8 : FE;
 5AF9 : FE;
 5AFA : FE;
 5AFB : FE;
 5AFC : FE;
 5AFD : FE;
 5AFE : FE;
 5AFF : FE;
 5B00 : FE;
 5B01 : FE;
 5B02 : FE;
 5B03 : FE;
 5B04 : FE;
 5B05 : FE;
 5B06 : FE;
 5B07 : FE;
 5B08 : FE;
 5B09 : FE;
 5B0A : FE;
 5B0B : FE;
 5B0C : FE;
 5B0D : FE;
 5B0E : FE;
 5B0F : FE;
 5B10 : FE;
 5B11 : FE;
 5B12 : FE;
 5B13 : FE;
 5B14 : FE;
 5B15 : FE;
 5B16 : FE;
 5B17 : FE;
 5B18 : FE;
 5B19 : FE;
 5B1A : FE;
 5B1B : FE;
 5B1C : FE;
 5B1D : FE;
 5B1E : FE;
 5B1F : FE;
 5B20 : FE;
 5B21 : FE;
 5B22 : FE;
 5B23 : FE;
 5B24 : FE;
 5B25 : FE;
 5B26 : FE;
 5B27 : FE;
 5B28 : FE;
 5B29 : FE;
 5B2A : FE;
 5B2B : FE;
 5B2C : FE;
 5B2D : FE;
 5B2E : FE;
 5B2F : FE;
 5B30 : FE;
 5B31 : FE;
 5B32 : FE;
 5B33 : FE;
 5B34 : FE;
 5B35 : FE;
 5B36 : FE;
 5B37 : FE;
 5B38 : FE;
 5B39 : FE;
 5B3A : FE;
 5B3B : FE;
 5B3C : FE;
 5B3D : FE;
 5B3E : FE;
 5B3F : FE;
 5B40 : FE;
 5B41 : FE;
 5B42 : FE;
 5B43 : FE;
 5B44 : FE;
 5B45 : FE;
 5B46 : FE;
 5B47 : FE;
 5B48 : FE;
 5B49 : FE;
 5B4A : FE;
 5B4B : FE;
 5B4C : FE;
 5B4D : FE;
 5B4E : FE;
 5B4F : FE;
 5B50 : FE;
 5B51 : FE;
 5B52 : FE;
 5B53 : FE;
 5B54 : FE;
 5B55 : FE;
 5B56 : FE;
 5B57 : FE;
 5B58 : FE;
 5B59 : FE;
 5B5A : FE;
 5B5B : FE;
 5B5C : FE;
 5B5D : FE;
 5B5E : FE;
 5B5F : FE;
 5B60 : FE;
 5B61 : FE;
 5B62 : FE;
 5B63 : FE;
 5B64 : FE;
 5B65 : FE;
 5B66 : FE;
 5B67 : FE;
 5B68 : FE;
 5B69 : FE;
 5B6A : FE;
 5B6B : FE;
 5B6C : FE;
 5B6D : FE;
 5B6E : FE;
 5B6F : FE;
 5B70 : FE;
 5B71 : FE;
 5B72 : FE;
 5B73 : FE;
 5B74 : FE;
 5B75 : FE;
 5B76 : FE;
 5B77 : FE;
 5B78 : FE;
 5B79 : FE;
 5B7A : FE;
 5B7B : FE;
 5B7C : FE;
 5B7D : FE;
 5B7E : FE;
 5B7F : FE;
 5B80 : FE;
 5B81 : FE;
 5B82 : FE;
 5B83 : FE;
 5B84 : FE;
 5B85 : FE;
 5B86 : FE;
 5B87 : FE;
 5B88 : FE;
 5B89 : FE;
 5B8A : FE;
 5B8B : FE;
 5B8C : FE;
 5B8D : FE;
 5B8E : FE;
 5B8F : FE;
 5B90 : FE;
 5B91 : FE;
 5B92 : FE;
 5B93 : FE;
 5B94 : FE;
 5B95 : FE;
 5B96 : FE;
 5B97 : FE;
 5B98 : FE;
 5B99 : FE;
 5B9A : FE;
 5B9B : FE;
 5B9C : FE;
 5B9D : FE;
 5B9E : FE;
 5B9F : FE;
 5BA0 : FE;
 5BA1 : FE;
 5BA2 : FE;
 5BA3 : FE;
 5BA4 : FE;
 5BA5 : FE;
 5BA6 : FE;
 5BA7 : FE;
 5BA8 : FE;
 5BA9 : FE;
 5BAA : FE;
 5BAB : FE;
 5BAC : FE;
 5BAD : FE;
 5BAE : FE;
 5BAF : FE;
 5BB0 : FE;
 5BB1 : FE;
 5BB2 : FE;
 5BB3 : FE;
 5BB4 : FE;
 5BB5 : FE;
 5BB6 : FE;
 5BB7 : FE;
 5BB8 : FE;
 5BB9 : FE;
 5BBA : FE;
 5BBB : FE;
 5BBC : FE;
 5BBD : FE;
 5BBE : FE;
 5BBF : FE;
 5BC0 : FE;
 5BC1 : FE;
 5BC2 : FE;
 5BC3 : FE;
 5BC4 : FE;
 5BC5 : FE;
 5BC6 : FE;
 5BC7 : FA;
 5BC8 : FB;
 5BC9 : FE;
 5BCA : F4;
 5BCB : F8;
 5BCC : F8;
 5BCD : B4;
 5BCE : 74;
 5BCF : 74;
 5BD0 : 7D;
 5BD1 : 7B;
 5BD2 : 91;
 5BD3 : 7A;
 5BD4 : 74;
 5BD5 : 9B;
 5BD6 : F7;
 5BD7 : FA;
 5BD8 : F0;
 5BD9 : FB;
 5BDA : E2;
 5BDB : 99;
 5BDC : 7E;
 5BDD : 88;
 5BDE : 8C;
 5BDF : AB;
 5BE0 : 91;
 5BE1 : 83;
 5BE2 : 7F;
 5BE3 : 8B;
 5BE4 : E3;
 5BE5 : F3;
 5BE6 : F6;
 5BE7 : FC;
 5BE8 : D2;
 5BE9 : 98;
 5BEA : 95;
 5BEB : 89;
 5BEC : A8;
 5BED : A8;
 5BEE : 94;
 5BEF : AD;
 5BF0 : AD;
 5BF1 : F4;
 5BF2 : F5;
 5BF3 : E8;
 5BF4 : ED;
 5BF5 : FF;
 5BF6 : FE;
 5BF7 : FE;
 5BF8 : FE;
 5BF9 : FD;
 5BFA : FD;
 5BFB : FD;
 5BFC : FE;
 5BFD : FE;
 5BFE : FE;
 5BFF : FE;
 5C00 : FE;
 5C01 : FE;
 5C02 : FE;
 5C03 : FE;
 5C04 : FE;
 5C05 : FE;
 5C06 : FE;
 5C07 : FE;
 5C08 : FE;
 5C09 : FE;
 5C0A : FE;
 5C0B : FE;
 5C0C : FE;
 5C0D : FE;
 5C0E : FE;
 5C0F : FE;
 5C10 : FE;
 5C11 : FE;
 5C12 : FE;
 5C13 : FE;
 5C14 : FE;
 5C15 : FE;
 5C16 : FE;
 5C17 : FE;
 5C18 : FE;
 5C19 : FE;
 5C1A : FE;
 5C1B : FE;
 5C1C : FE;
 5C1D : FE;
 5C1E : FE;
 5C1F : FE;
 5C20 : FE;
 5C21 : FE;
 5C22 : FE;
 5C23 : FE;
 5C24 : FE;
 5C25 : FE;
 5C26 : FE;
 5C27 : FE;
 5C28 : FE;
 5C29 : FE;
 5C2A : FE;
 5C2B : FE;
 5C2C : FE;
 5C2D : FE;
 5C2E : FE;
 5C2F : FE;
 5C30 : FE;
 5C31 : FE;
 5C32 : FE;
 5C33 : FE;
 5C34 : FE;
 5C35 : FE;
 5C36 : FE;
 5C37 : FE;
 5C38 : FE;
 5C39 : FE;
 5C3A : FE;
 5C3B : FE;
 5C3C : FE;
 5C3D : FE;
 5C3E : FE;
 5C3F : FE;
 5C40 : FE;
 5C41 : FE;
 5C42 : FE;
 5C43 : FE;
 5C44 : FE;
 5C45 : FE;
 5C46 : FE;
 5C47 : FE;
 5C48 : FE;
 5C49 : FE;
 5C4A : FE;
 5C4B : FE;
 5C4C : FE;
 5C4D : FE;
 5C4E : FE;
 5C4F : FE;
 5C50 : FE;
 5C51 : FE;
 5C52 : FE;
 5C53 : FE;
 5C54 : FE;
 5C55 : FE;
 5C56 : FE;
 5C57 : FE;
 5C58 : FE;
 5C59 : FE;
 5C5A : FE;
 5C5B : FE;
 5C5C : FE;
 5C5D : FE;
 5C5E : FE;
 5C5F : FE;
 5C60 : FE;
 5C61 : FE;
 5C62 : FE;
 5C63 : FE;
 5C64 : FE;
 5C65 : FE;
 5C66 : FE;
 5C67 : FE;
 5C68 : FE;
 5C69 : FE;
 5C6A : FE;
 5C6B : FE;
 5C6C : FE;
 5C6D : FE;
 5C6E : FE;
 5C6F : FE;
 5C70 : FE;
 5C71 : FE;
 5C72 : FE;
 5C73 : FE;
 5C74 : FE;
 5C75 : FE;
 5C76 : FE;
 5C77 : FE;
 5C78 : FE;
 5C79 : FE;
 5C7A : FE;
 5C7B : FE;
 5C7C : FE;
 5C7D : FE;
 5C7E : FE;
 5C7F : FE;
 5C80 : FE;
 5C81 : FE;
 5C82 : FE;
 5C83 : FE;
 5C84 : FE;
 5C85 : FE;
 5C86 : FE;
 5C87 : FE;
 5C88 : FE;
 5C89 : FE;
 5C8A : FE;
 5C8B : FE;
 5C8C : FE;
 5C8D : FE;
 5C8E : FE;
 5C8F : FE;
 5C90 : FE;
 5C91 : FE;
 5C92 : FE;
 5C93 : FE;
 5C94 : FE;
 5C95 : FE;
 5C96 : FE;
 5C97 : FE;
 5C98 : FE;
 5C99 : FE;
 5C9A : FE;
 5C9B : FE;
 5C9C : FE;
 5C9D : FE;
 5C9E : FE;
 5C9F : FE;
 5CA0 : FE;
 5CA1 : FE;
 5CA2 : FE;
 5CA3 : FE;
 5CA4 : FE;
 5CA5 : FE;
 5CA6 : FE;
 5CA7 : FE;
 5CA8 : FE;
 5CA9 : FE;
 5CAA : FE;
 5CAB : FE;
 5CAC : FE;
 5CAD : FE;
 5CAE : FE;
 5CAF : FE;
 5CB0 : FE;
 5CB1 : FE;
 5CB2 : FE;
 5CB3 : FE;
 5CB4 : FE;
 5CB5 : FE;
 5CB6 : FE;
 5CB7 : FE;
 5CB8 : FE;
 5CB9 : FE;
 5CBA : FE;
 5CBB : FE;
 5CBC : FE;
 5CBD : FE;
 5CBE : FE;
 5CBF : FE;
 5CC0 : FE;
 5CC1 : FE;
 5CC2 : FE;
 5CC3 : FE;
 5CC4 : FE;
 5CC5 : FE;
 5CC6 : FE;
 5CC7 : FE;
 5CC8 : FE;
 5CC9 : FE;
 5CCA : FE;
 5CCB : FE;
 5CCC : FE;
 5CCD : FE;
 5CCE : FE;
 5CCF : FE;
 5CD0 : FE;
 5CD1 : FE;
 5CD2 : FE;
 5CD3 : FE;
 5CD4 : FE;
 5CD5 : FE;
 5CD6 : FE;
 5CD7 : FE;
 5CD8 : FE;
 5CD9 : FE;
 5CDA : FE;
 5CDB : FE;
 5CDC : FE;
 5CDD : FE;
 5CDE : FE;
 5CDF : FE;
 5CE0 : FE;
 5CE1 : FE;
 5CE2 : FE;
 5CE3 : FE;
 5CE4 : FE;
 5CE5 : FE;
 5CE6 : FE;
 5CE7 : FE;
 5CE8 : FE;
 5CE9 : FE;
 5CEA : FE;
 5CEB : FE;
 5CEC : FE;
 5CED : FE;
 5CEE : FE;
 5CEF : FE;
 5CF0 : FE;
 5CF1 : FE;
 5CF2 : FE;
 5CF3 : FE;
 5CF4 : FE;
 5CF5 : FE;
 5CF6 : FE;
 5CF7 : FE;
 5CF8 : FE;
 5CF9 : FE;
 5CFA : FE;
 5CFB : FE;
 5CFC : FE;
 5CFD : FE;
 5CFE : FE;
 5CFF : FD;
 5D00 : FD;
 5D01 : FE;
 5D02 : FE;
 5D03 : FE;
 5D04 : FE;
 5D05 : FE;
 5D06 : FE;
 5D07 : FF;
 5D08 : FB;
 5D09 : FD;
 5D0A : F4;
 5D0B : FA;
 5D0C : F0;
 5D0D : 9F;
 5D0E : 57;
 5D0F : 51;
 5D10 : 61;
 5D11 : 56;
 5D12 : 61;
 5D13 : 50;
 5D14 : 2D;
 5D15 : 57;
 5D16 : E1;
 5D17 : F3;
 5D18 : E7;
 5D19 : F4;
 5D1A : D6;
 5D1B : 83;
 5D1C : 5F;
 5D1D : 69;
 5D1E : 5B;
 5D1F : 58;
 5D20 : 57;
 5D21 : 45;
 5D22 : 31;
 5D23 : 5F;
 5D24 : E3;
 5D25 : FB;
 5D26 : F1;
 5D27 : F7;
 5D28 : AD;
 5D29 : 79;
 5D2A : 63;
 5D2B : 41;
 5D2C : 61;
 5D2D : 63;
 5D2E : 38;
 5D2F : 2D;
 5D30 : 35;
 5D31 : B1;
 5D32 : F6;
 5D33 : FE;
 5D34 : FF;
 5D35 : FF;
 5D36 : F3;
 5D37 : FE;
 5D38 : FE;
 5D39 : FD;
 5D3A : FD;
 5D3B : FD;
 5D3C : FE;
 5D3D : FE;
 5D3E : FE;
 5D3F : FE;
 5D40 : FE;
 5D41 : FE;
 5D42 : FE;
 5D43 : FE;
 5D44 : FE;
 5D45 : FE;
 5D46 : FE;
 5D47 : FE;
 5D48 : FE;
 5D49 : FE;
 5D4A : FE;
 5D4B : FE;
 5D4C : FE;
 5D4D : FE;
 5D4E : FE;
 5D4F : FE;
 5D50 : FE;
 5D51 : FE;
 5D52 : FE;
 5D53 : FE;
 5D54 : FE;
 5D55 : FE;
 5D56 : FE;
 5D57 : FE;
 5D58 : FE;
 5D59 : FE;
 5D5A : FE;
 5D5B : FE;
 5D5C : FE;
 5D5D : FE;
 5D5E : FE;
 5D5F : FE;
 5D60 : FE;
 5D61 : FE;
 5D62 : FE;
 5D63 : FE;
 5D64 : FE;
 5D65 : FE;
 5D66 : FE;
 5D67 : FE;
 5D68 : FE;
 5D69 : FE;
 5D6A : FE;
 5D6B : FE;
 5D6C : FE;
 5D6D : FE;
 5D6E : FE;
 5D6F : FE;
 5D70 : FE;
 5D71 : FE;
 5D72 : FE;
 5D73 : FE;
 5D74 : FE;
 5D75 : FE;
 5D76 : FE;
 5D77 : FE;
 5D78 : FE;
 5D79 : FE;
 5D7A : FE;
 5D7B : FE;
 5D7C : FE;
 5D7D : FE;
 5D7E : FE;
 5D7F : FE;
 5D80 : FE;
 5D81 : FE;
 5D82 : FE;
 5D83 : FE;
 5D84 : FE;
 5D85 : FE;
 5D86 : FE;
 5D87 : FE;
 5D88 : FE;
 5D89 : FE;
 5D8A : FE;
 5D8B : FE;
 5D8C : FE;
 5D8D : FE;
 5D8E : FE;
 5D8F : FE;
 5D90 : FE;
 5D91 : FE;
 5D92 : FE;
 5D93 : FE;
 5D94 : FE;
 5D95 : FE;
 5D96 : FE;
 5D97 : FE;
 5D98 : FE;
 5D99 : FE;
 5D9A : FE;
 5D9B : FE;
 5D9C : FE;
 5D9D : FE;
 5D9E : FE;
 5D9F : FE;
 5DA0 : FE;
 5DA1 : FE;
 5DA2 : FE;
 5DA3 : FE;
 5DA4 : FE;
 5DA5 : FE;
 5DA6 : FE;
 5DA7 : FE;
 5DA8 : FE;
 5DA9 : FE;
 5DAA : FE;
 5DAB : FE;
 5DAC : FE;
 5DAD : FE;
 5DAE : FE;
 5DAF : FE;
 5DB0 : FE;
 5DB1 : FE;
 5DB2 : FE;
 5DB3 : FE;
 5DB4 : FE;
 5DB5 : FE;
 5DB6 : FE;
 5DB7 : FE;
 5DB8 : FE;
 5DB9 : FE;
 5DBA : FE;
 5DBB : FE;
 5DBC : FE;
 5DBD : FE;
 5DBE : FE;
 5DBF : FE;
 5DC0 : FE;
 5DC1 : FE;
 5DC2 : FE;
 5DC3 : FE;
 5DC4 : FE;
 5DC5 : FE;
 5DC6 : FE;
 5DC7 : FE;
 5DC8 : FE;
 5DC9 : FE;
 5DCA : FE;
 5DCB : FE;
 5DCC : FE;
 5DCD : FE;
 5DCE : FE;
 5DCF : FE;
 5DD0 : FE;
 5DD1 : FE;
 5DD2 : FE;
 5DD3 : FE;
 5DD4 : FE;
 5DD5 : FE;
 5DD6 : FE;
 5DD7 : FE;
 5DD8 : FE;
 5DD9 : FE;
 5DDA : FE;
 5DDB : FE;
 5DDC : FE;
 5DDD : FE;
 5DDE : FE;
 5DDF : FE;
 5DE0 : FE;
 5DE1 : FE;
 5DE2 : FE;
 5DE3 : FE;
 5DE4 : FE;
 5DE5 : FE;
 5DE6 : FE;
 5DE7 : FE;
 5DE8 : FE;
 5DE9 : FE;
 5DEA : FE;
 5DEB : FE;
 5DEC : FE;
 5DED : FE;
 5DEE : FE;
 5DEF : FE;
 5DF0 : FE;
 5DF1 : FE;
 5DF2 : FE;
 5DF3 : FE;
 5DF4 : FE;
 5DF5 : FE;
 5DF6 : FE;
 5DF7 : FE;
 5DF8 : FE;
 5DF9 : FE;
 5DFA : FE;
 5DFB : FE;
 5DFC : FE;
 5DFD : FE;
 5DFE : FE;
 5DFF : FE;
 5E00 : FE;
 5E01 : FE;
 5E02 : FE;
 5E03 : FE;
 5E04 : FE;
 5E05 : FE;
 5E06 : FE;
 5E07 : FE;
 5E08 : FE;
 5E09 : FE;
 5E0A : FE;
 5E0B : FE;
 5E0C : FE;
 5E0D : FE;
 5E0E : FE;
 5E0F : FE;
 5E10 : FE;
 5E11 : FE;
 5E12 : FE;
 5E13 : FE;
 5E14 : FE;
 5E15 : FE;
 5E16 : FE;
 5E17 : FE;
 5E18 : FE;
 5E19 : FE;
 5E1A : FE;
 5E1B : FE;
 5E1C : FE;
 5E1D : FE;
 5E1E : FE;
 5E1F : FE;
 5E20 : FE;
 5E21 : FE;
 5E22 : FE;
 5E23 : FE;
 5E24 : FE;
 5E25 : FE;
 5E26 : FE;
 5E27 : FE;
 5E28 : FE;
 5E29 : FE;
 5E2A : FE;
 5E2B : FE;
 5E2C : FE;
 5E2D : FE;
 5E2E : FE;
 5E2F : FE;
 5E30 : FE;
 5E31 : FE;
 5E32 : FE;
 5E33 : FE;
 5E34 : FE;
 5E35 : FE;
 5E36 : FE;
 5E37 : FE;
 5E38 : FE;
 5E39 : FE;
 5E3A : FE;
 5E3B : FE;
 5E3C : FE;
 5E3D : FE;
 5E3E : FE;
 5E3F : FD;
 5E40 : FE;
 5E41 : FE;
 5E42 : FE;
 5E43 : FE;
 5E44 : FE;
 5E45 : FE;
 5E46 : FE;
 5E47 : FE;
 5E48 : F4;
 5E49 : F7;
 5E4A : FE;
 5E4B : F2;
 5E4C : B9;
 5E4D : 70;
 5E4E : 4B;
 5E4F : 4A;
 5E50 : 49;
 5E51 : 39;
 5E52 : 3E;
 5E53 : 3B;
 5E54 : 1A;
 5E55 : 1D;
 5E56 : 5F;
 5E57 : DC;
 5E58 : FD;
 5E59 : F4;
 5E5A : 9D;
 5E5B : 56;
 5E5C : 48;
 5E5D : 45;
 5E5E : 26;
 5E5F : 24;
 5E60 : 3B;
 5E61 : 35;
 5E62 : 18;
 5E63 : 2E;
 5E64 : 95;
 5E65 : E4;
 5E66 : FE;
 5E67 : B2;
 5E68 : 6B;
 5E69 : 50;
 5E6A : 4D;
 5E6B : 3B;
 5E6C : 45;
 5E6D : 44;
 5E6E : 38;
 5E6F : 32;
 5E70 : 10;
 5E71 : 4C;
 5E72 : A9;
 5E73 : F7;
 5E74 : FB;
 5E75 : FC;
 5E76 : F3;
 5E77 : FE;
 5E78 : FD;
 5E79 : FD;
 5E7A : FD;
 5E7B : FD;
 5E7C : FE;
 5E7D : FE;
 5E7E : FE;
 5E7F : FE;
 5E80 : FE;
 5E81 : FE;
 5E82 : FE;
 5E83 : FE;
 5E84 : FE;
 5E85 : FE;
 5E86 : FE;
 5E87 : FE;
 5E88 : FE;
 5E89 : FE;
 5E8A : FE;
 5E8B : FE;
 5E8C : FE;
 5E8D : FE;
 5E8E : FE;
 5E8F : FE;
 5E90 : FE;
 5E91 : FE;
 5E92 : FE;
 5E93 : FE;
 5E94 : FE;
 5E95 : FE;
 5E96 : FE;
 5E97 : FE;
 5E98 : FE;
 5E99 : FE;
 5E9A : FE;
 5E9B : FE;
 5E9C : FE;
 5E9D : FE;
 5E9E : FE;
 5E9F : FE;
 5EA0 : FE;
 5EA1 : FE;
 5EA2 : FE;
 5EA3 : FE;
 5EA4 : FE;
 5EA5 : FE;
 5EA6 : FE;
 5EA7 : FE;
 5EA8 : FE;
 5EA9 : FE;
 5EAA : FE;
 5EAB : FE;
 5EAC : FE;
 5EAD : FE;
 5EAE : FE;
 5EAF : FE;
 5EB0 : FE;
 5EB1 : FE;
 5EB2 : FE;
 5EB3 : FE;
 5EB4 : FE;
 5EB5 : FE;
 5EB6 : FE;
 5EB7 : FE;
 5EB8 : FE;
 5EB9 : FE;
 5EBA : FE;
 5EBB : FE;
 5EBC : FE;
 5EBD : FE;
 5EBE : FE;
 5EBF : FE;
 5EC0 : FE;
 5EC1 : FE;
 5EC2 : FE;
 5EC3 : FE;
 5EC4 : FE;
 5EC5 : FE;
 5EC6 : FE;
 5EC7 : FE;
 5EC8 : FE;
 5EC9 : FE;
 5ECA : FE;
 5ECB : FE;
 5ECC : FE;
 5ECD : FE;
 5ECE : FE;
 5ECF : FE;
 5ED0 : FE;
 5ED1 : FE;
 5ED2 : FE;
 5ED3 : FE;
 5ED4 : FE;
 5ED5 : FE;
 5ED6 : FE;
 5ED7 : FE;
 5ED8 : FE;
 5ED9 : FE;
 5EDA : FE;
 5EDB : FE;
 5EDC : FE;
 5EDD : FE;
 5EDE : FE;
 5EDF : FE;
 5EE0 : FE;
 5EE1 : FE;
 5EE2 : FE;
 5EE3 : FE;
 5EE4 : FE;
 5EE5 : FE;
 5EE6 : FE;
 5EE7 : FE;
 5EE8 : FE;
 5EE9 : FE;
 5EEA : FE;
 5EEB : FE;
 5EEC : FE;
 5EED : FE;
 5EEE : FE;
 5EEF : FE;
 5EF0 : FE;
 5EF1 : FE;
 5EF2 : FE;
 5EF3 : FE;
 5EF4 : FE;
 5EF5 : FE;
 5EF6 : FE;
 5EF7 : FE;
 5EF8 : FE;
 5EF9 : FE;
 5EFA : FE;
 5EFB : FE;
 5EFC : FE;
 5EFD : FE;
 5EFE : FE;
 5EFF : FE;
 5F00 : FE;
 5F01 : FE;
 5F02 : FE;
 5F03 : FE;
 5F04 : FE;
 5F05 : FE;
 5F06 : FE;
 5F07 : FE;
 5F08 : FE;
 5F09 : FE;
 5F0A : FE;
 5F0B : FE;
 5F0C : FE;
 5F0D : FE;
 5F0E : FE;
 5F0F : FE;
 5F10 : FE;
 5F11 : FE;
 5F12 : FE;
 5F13 : FE;
 5F14 : FE;
 5F15 : FE;
 5F16 : FE;
 5F17 : FE;
 5F18 : FE;
 5F19 : FE;
 5F1A : FE;
 5F1B : FE;
 5F1C : FE;
 5F1D : FE;
 5F1E : FE;
 5F1F : FE;
 5F20 : FE;
 5F21 : FE;
 5F22 : FE;
 5F23 : FE;
 5F24 : FE;
 5F25 : FE;
 5F26 : FE;
 5F27 : FE;
 5F28 : FE;
 5F29 : FE;
 5F2A : FE;
 5F2B : FE;
 5F2C : FE;
 5F2D : FE;
 5F2E : FE;
 5F2F : FE;
 5F30 : FE;
 5F31 : FE;
 5F32 : FE;
 5F33 : FE;
 5F34 : FE;
 5F35 : FE;
 5F36 : FE;
 5F37 : FE;
 5F38 : FE;
 5F39 : FE;
 5F3A : FE;
 5F3B : FE;
 5F3C : FE;
 5F3D : FE;
 5F3E : FE;
 5F3F : FE;
 5F40 : FE;
 5F41 : FE;
 5F42 : FE;
 5F43 : FE;
 5F44 : FE;
 5F45 : FE;
 5F46 : FE;
 5F47 : FE;
 5F48 : FE;
 5F49 : FE;
 5F4A : FE;
 5F4B : FE;
 5F4C : FE;
 5F4D : FE;
 5F4E : FE;
 5F4F : FE;
 5F50 : FE;
 5F51 : FE;
 5F52 : FE;
 5F53 : FE;
 5F54 : FE;
 5F55 : FE;
 5F56 : FE;
 5F57 : FE;
 5F58 : FE;
 5F59 : FE;
 5F5A : FE;
 5F5B : FE;
 5F5C : FE;
 5F5D : FE;
 5F5E : FE;
 5F5F : FE;
 5F60 : FE;
 5F61 : FE;
 5F62 : FE;
 5F63 : FE;
 5F64 : FE;
 5F65 : FE;
 5F66 : FE;
 5F67 : FE;
 5F68 : FE;
 5F69 : FE;
 5F6A : FE;
 5F6B : FE;
 5F6C : FE;
 5F6D : FE;
 5F6E : FE;
 5F6F : FE;
 5F70 : FE;
 5F71 : FE;
 5F72 : FE;
 5F73 : FE;
 5F74 : FE;
 5F75 : FE;
 5F76 : FE;
 5F77 : FE;
 5F78 : FE;
 5F79 : FE;
 5F7A : FE;
 5F7B : FE;
 5F7C : FE;
 5F7D : FE;
 5F7E : FE;
 5F7F : FE;
 5F80 : FE;
 5F81 : FE;
 5F82 : FE;
 5F83 : FE;
 5F84 : FE;
 5F85 : FE;
 5F86 : FE;
 5F87 : FE;
 5F88 : F8;
 5F89 : FB;
 5F8A : FF;
 5F8B : D6;
 5F8C : 8C;
 5F8D : 67;
 5F8E : 68;
 5F8F : 7F;
 5F90 : 70;
 5F91 : 6B;
 5F92 : 69;
 5F93 : 6D;
 5F94 : 67;
 5F95 : 4E;
 5F96 : 28;
 5F97 : 59;
 5F98 : E4;
 5F99 : C7;
 5F9A : 6B;
 5F9B : 6D;
 5F9C : 81;
 5F9D : 7E;
 5F9E : 72;
 5F9F : 69;
 5FA0 : 60;
 5FA1 : 61;
 5FA2 : 61;
 5FA3 : 42;
 5FA4 : 2F;
 5FA5 : 8E;
 5FA6 : FE;
 5FA7 : 93;
 5FA8 : 72;
 5FA9 : 72;
 5FAA : 6C;
 5FAB : 79;
 5FAC : 72;
 5FAD : 62;
 5FAE : 78;
 5FAF : 7F;
 5FB0 : 51;
 5FB1 : 25;
 5FB2 : 4F;
 5FB3 : D6;
 5FB4 : F9;
 5FB5 : F8;
 5FB6 : FD;
 5FB7 : FE;
 5FB8 : FD;
 5FB9 : FD;
 5FBA : FD;
 5FBB : FD;
 5FBC : FE;
 5FBD : FE;
 5FBE : FE;
 5FBF : FE;
 5FC0 : FE;
 5FC1 : FE;
 5FC2 : FE;
 5FC3 : FE;
 5FC4 : FE;
 5FC5 : FE;
 5FC6 : FE;
 5FC7 : FE;
 5FC8 : FE;
 5FC9 : FE;
 5FCA : FE;
 5FCB : FE;
 5FCC : FE;
 5FCD : FE;
 5FCE : FE;
 5FCF : FE;
 5FD0 : FE;
 5FD1 : FE;
 5FD2 : FE;
 5FD3 : FE;
 5FD4 : FE;
 5FD5 : FE;
 5FD6 : FE;
 5FD7 : FE;
 5FD8 : FE;
 5FD9 : FE;
 5FDA : FE;
 5FDB : FE;
 5FDC : FE;
 5FDD : FE;
 5FDE : FE;
 5FDF : FE;
 5FE0 : FE;
 5FE1 : FE;
 5FE2 : FE;
 5FE3 : FE;
 5FE4 : FE;
 5FE5 : FE;
 5FE6 : FE;
 5FE7 : FE;
 5FE8 : FE;
 5FE9 : FE;
 5FEA : FE;
 5FEB : FE;
 5FEC : FE;
 5FED : FE;
 5FEE : FE;
 5FEF : FE;
 5FF0 : FE;
 5FF1 : FE;
 5FF2 : FE;
 5FF3 : FE;
 5FF4 : FE;
 5FF5 : FE;
 5FF6 : FE;
 5FF7 : FE;
 5FF8 : FE;
 5FF9 : FE;
 5FFA : FE;
 5FFB : FE;
 5FFC : FE;
 5FFD : FE;
 5FFE : FE;
 5FFF : FE;
 6000 : FE;
 6001 : FE;
 6002 : FE;
 6003 : FE;
 6004 : FE;
 6005 : FE;
 6006 : FE;
 6007 : FE;
 6008 : FE;
 6009 : FE;
 600A : FE;
 600B : FE;
 600C : FE;
 600D : FE;
 600E : FE;
 600F : FE;
 6010 : FE;
 6011 : FE;
 6012 : FE;
 6013 : FE;
 6014 : FE;
 6015 : FE;
 6016 : FE;
 6017 : FE;
 6018 : FE;
 6019 : FE;
 601A : FE;
 601B : FE;
 601C : FE;
 601D : FE;
 601E : FE;
 601F : FE;
 6020 : FE;
 6021 : FE;
 6022 : FE;
 6023 : FE;
 6024 : FE;
 6025 : FE;
 6026 : FE;
 6027 : FE;
 6028 : FE;
 6029 : FE;
 602A : FE;
 602B : FE;
 602C : FE;
 602D : FE;
 602E : FE;
 602F : FE;
 6030 : FE;
 6031 : FE;
 6032 : FE;
 6033 : FE;
 6034 : FE;
 6035 : FE;
 6036 : FE;
 6037 : FE;
 6038 : FE;
 6039 : FE;
 603A : FE;
 603B : FE;
 603C : FE;
 603D : FE;
 603E : FE;
 603F : FE;
 6040 : FE;
 6041 : FE;
 6042 : FE;
 6043 : FE;
 6044 : FE;
 6045 : FE;
 6046 : FE;
 6047 : FE;
 6048 : FE;
 6049 : FE;
 604A : FE;
 604B : FE;
 604C : FE;
 604D : FE;
 604E : FE;
 604F : FE;
 6050 : FE;
 6051 : FE;
 6052 : FE;
 6053 : FE;
 6054 : FE;
 6055 : FE;
 6056 : FE;
 6057 : FE;
 6058 : FE;
 6059 : FE;
 605A : FE;
 605B : FE;
 605C : FE;
 605D : FE;
 605E : FE;
 605F : FE;
 6060 : FE;
 6061 : FE;
 6062 : FE;
 6063 : FE;
 6064 : FE;
 6065 : FE;
 6066 : FE;
 6067 : FE;
 6068 : FE;
 6069 : FE;
 606A : FE;
 606B : FE;
 606C : FE;
 606D : FE;
 606E : FE;
 606F : FE;
 6070 : FE;
 6071 : FE;
 6072 : FE;
 6073 : FE;
 6074 : FE;
 6075 : FE;
 6076 : FE;
 6077 : FE;
 6078 : FE;
 6079 : FE;
 607A : FE;
 607B : FE;
 607C : FE;
 607D : FE;
 607E : FE;
 607F : FE;
 6080 : FE;
 6081 : FE;
 6082 : FE;
 6083 : FE;
 6084 : FE;
 6085 : FE;
 6086 : FE;
 6087 : FE;
 6088 : FE;
 6089 : FE;
 608A : FE;
 608B : FE;
 608C : FE;
 608D : FE;
 608E : FE;
 608F : FE;
 6090 : FE;
 6091 : FE;
 6092 : FE;
 6093 : FE;
 6094 : FE;
 6095 : FE;
 6096 : FE;
 6097 : FE;
 6098 : FE;
 6099 : FE;
 609A : FE;
 609B : FE;
 609C : FE;
 609D : FE;
 609E : FE;
 609F : FE;
 60A0 : FE;
 60A1 : FE;
 60A2 : FE;
 60A3 : FE;
 60A4 : FE;
 60A5 : FE;
 60A6 : FE;
 60A7 : FE;
 60A8 : FE;
 60A9 : FE;
 60AA : FE;
 60AB : FE;
 60AC : FE;
 60AD : FE;
 60AE : FE;
 60AF : FE;
 60B0 : FE;
 60B1 : FE;
 60B2 : FE;
 60B3 : FE;
 60B4 : FE;
 60B5 : FE;
 60B6 : FE;
 60B7 : FE;
 60B8 : FE;
 60B9 : FE;
 60BA : FE;
 60BB : FE;
 60BC : FE;
 60BD : FE;
 60BE : FE;
 60BF : FE;
 60C0 : FE;
 60C1 : FE;
 60C2 : FE;
 60C3 : FE;
 60C4 : FE;
 60C5 : FE;
 60C6 : FE;
 60C7 : F5;
 60C8 : FE;
 60C9 : FE;
 60CA : F2;
 60CB : B1;
 60CC : 6D;
 60CD : 66;
 60CE : 6E;
 60CF : 69;
 60D0 : 61;
 60D1 : 69;
 60D2 : 5E;
 60D3 : 68;
 60D4 : 71;
 60D5 : 5C;
 60D6 : 16;
 60D7 : 35;
 60D8 : E7;
 60D9 : C3;
 60DA : 6B;
 60DB : 83;
 60DC : 7E;
 60DD : 69;
 60DE : 6F;
 60DF : 7F;
 60E0 : 78;
 60E1 : 79;
 60E2 : 77;
 60E3 : 4D;
 60E4 : 10;
 60E5 : 6D;
 60E6 : F2;
 60E7 : 7D;
 60E8 : 74;
 60E9 : 7F;
 60EA : 64;
 60EB : 7C;
 60EC : 7C;
 60ED : 62;
 60EE : 75;
 60EF : 63;
 60F0 : 68;
 60F1 : 23;
 60F2 : 26;
 60F3 : C3;
 60F4 : FF;
 60F5 : FE;
 60F6 : F9;
 60F7 : FE;
 60F8 : FD;
 60F9 : FD;
 60FA : FC;
 60FB : FD;
 60FC : FE;
 60FD : FE;
 60FE : FE;
 60FF : FE;
 6100 : FE;
 6101 : FE;
 6102 : FE;
 6103 : FE;
 6104 : FE;
 6105 : FE;
 6106 : FE;
 6107 : FE;
 6108 : FE;
 6109 : FE;
 610A : FE;
 610B : FE;
 610C : FE;
 610D : FE;
 610E : FE;
 610F : FE;
 6110 : FE;
 6111 : FE;
 6112 : FE;
 6113 : FE;
 6114 : FE;
 6115 : FE;
 6116 : FE;
 6117 : FE;
 6118 : FE;
 6119 : FE;
 611A : FE;
 611B : FE;
 611C : FE;
 611D : FE;
 611E : FE;
 611F : FE;
 6120 : FE;
 6121 : FE;
 6122 : FE;
 6123 : FE;
 6124 : FE;
 6125 : FE;
 6126 : FE;
 6127 : FE;
 6128 : FE;
 6129 : FE;
 612A : FE;
 612B : FE;
 612C : FE;
 612D : FE;
 612E : FE;
 612F : FE;
 6130 : FE;
 6131 : FE;
 6132 : FE;
 6133 : FE;
 6134 : FE;
 6135 : FE;
 6136 : FE;
 6137 : FE;
 6138 : FE;
 6139 : FE;
 613A : FE;
 613B : FE;
 613C : FE;
 613D : FE;
 613E : FE;
 613F : FE;
 6140 : FE;
 6141 : FE;
 6142 : FE;
 6143 : FE;
 6144 : FE;
 6145 : FE;
 6146 : FE;
 6147 : FE;
 6148 : FE;
 6149 : FE;
 614A : FE;
 614B : FE;
 614C : FE;
 614D : FE;
 614E : FE;
 614F : FE;
 6150 : FE;
 6151 : FE;
 6152 : FE;
 6153 : FE;
 6154 : FE;
 6155 : FE;
 6156 : FE;
 6157 : FE;
 6158 : FE;
 6159 : FE;
 615A : FE;
 615B : FE;
 615C : FE;
 615D : FE;
 615E : FE;
 615F : FE;
 6160 : FE;
 6161 : FE;
 6162 : FE;
 6163 : FE;
 6164 : FE;
 6165 : FE;
 6166 : FE;
 6167 : FE;
 6168 : FE;
 6169 : FE;
 616A : FE;
 616B : FE;
 616C : FE;
 616D : FE;
 616E : FE;
 616F : FE;
 6170 : FE;
 6171 : FE;
 6172 : FE;
 6173 : FE;
 6174 : FE;
 6175 : FE;
 6176 : FE;
 6177 : FE;
 6178 : FE;
 6179 : FE;
 617A : FE;
 617B : FE;
 617C : FE;
 617D : FE;
 617E : FE;
 617F : FE;
 6180 : FE;
 6181 : FE;
 6182 : FE;
 6183 : FE;
 6184 : FE;
 6185 : FE;
 6186 : FE;
 6187 : FE;
 6188 : FE;
 6189 : FE;
 618A : FE;
 618B : FE;
 618C : FE;
 618D : FE;
 618E : FE;
 618F : FE;
 6190 : FE;
 6191 : FE;
 6192 : FE;
 6193 : FE;
 6194 : FE;
 6195 : FE;
 6196 : FE;
 6197 : FE;
 6198 : FE;
 6199 : FE;
 619A : FE;
 619B : FE;
 619C : FE;
 619D : FE;
 619E : FE;
 619F : FE;
 61A0 : FE;
 61A1 : FE;
 61A2 : FE;
 61A3 : FE;
 61A4 : FE;
 61A5 : FE;
 61A6 : FE;
 61A7 : FE;
 61A8 : FE;
 61A9 : FE;
 61AA : FE;
 61AB : FE;
 61AC : FE;
 61AD : FE;
 61AE : FE;
 61AF : FE;
 61B0 : FE;
 61B1 : FE;
 61B2 : FE;
 61B3 : FE;
 61B4 : FE;
 61B5 : FE;
 61B6 : FE;
 61B7 : FE;
 61B8 : FE;
 61B9 : FE;
 61BA : FE;
 61BB : FE;
 61BC : FE;
 61BD : FE;
 61BE : FE;
 61BF : FE;
 61C0 : FE;
 61C1 : FE;
 61C2 : FE;
 61C3 : FE;
 61C4 : FE;
 61C5 : FE;
 61C6 : FE;
 61C7 : FE;
 61C8 : FE;
 61C9 : FE;
 61CA : FE;
 61CB : FE;
 61CC : FE;
 61CD : FE;
 61CE : FE;
 61CF : FE;
 61D0 : FE;
 61D1 : FE;
 61D2 : FE;
 61D3 : FE;
 61D4 : FE;
 61D5 : FE;
 61D6 : FE;
 61D7 : FE;
 61D8 : FE;
 61D9 : FE;
 61DA : FE;
 61DB : FE;
 61DC : FE;
 61DD : FE;
 61DE : FE;
 61DF : FE;
 61E0 : FE;
 61E1 : FE;
 61E2 : FE;
 61E3 : FE;
 61E4 : FE;
 61E5 : FE;
 61E6 : FE;
 61E7 : FE;
 61E8 : FE;
 61E9 : FE;
 61EA : FE;
 61EB : FE;
 61EC : FE;
 61ED : FE;
 61EE : FE;
 61EF : FE;
 61F0 : FE;
 61F1 : FE;
 61F2 : FE;
 61F3 : FE;
 61F4 : FE;
 61F5 : FE;
 61F6 : FE;
 61F7 : FE;
 61F8 : FE;
 61F9 : FE;
 61FA : FE;
 61FB : FE;
 61FC : FE;
 61FD : FE;
 61FE : FE;
 61FF : FE;
 6200 : FE;
 6201 : FE;
 6202 : FE;
 6203 : FE;
 6204 : FE;
 6205 : FE;
 6206 : FE;
 6207 : FB;
 6208 : FD;
 6209 : FE;
 620A : F3;
 620B : A9;
 620C : 51;
 620D : 46;
 620E : 4C;
 620F : 4D;
 6210 : 50;
 6211 : 58;
 6212 : 4C;
 6213 : 63;
 6214 : 58;
 6215 : 4D;
 6216 : 33;
 6217 : 34;
 6218 : E5;
 6219 : BB;
 621A : 5C;
 621B : 62;
 621C : 5C;
 621D : 54;
 621E : 55;
 621F : 49;
 6220 : 5B;
 6221 : 54;
 6222 : 42;
 6223 : 35;
 6224 : 1C;
 6225 : 87;
 6226 : F1;
 6227 : 6C;
 6228 : 3A;
 6229 : 4B;
 622A : 36;
 622B : 4C;
 622C : 55;
 622D : 49;
 622E : 56;
 622F : 4F;
 6230 : 5A;
 6231 : 22;
 6232 : 2D;
 6233 : B7;
 6234 : EF;
 6235 : FE;
 6236 : F4;
 6237 : FE;
 6238 : FD;
 6239 : FD;
 623A : FC;
 623B : FD;
 623C : FD;
 623D : FE;
 623E : FE;
 623F : FE;
 6240 : FE;
 6241 : FE;
 6242 : FE;
 6243 : FE;
 6244 : FE;
 6245 : FE;
 6246 : FE;
 6247 : FE;
 6248 : FE;
 6249 : FE;
 624A : FE;
 624B : FE;
 624C : FE;
 624D : FE;
 624E : FE;
 624F : FE;
 6250 : FE;
 6251 : FE;
 6252 : FE;
 6253 : FE;
 6254 : FE;
 6255 : FE;
 6256 : FE;
 6257 : FE;
 6258 : FE;
 6259 : FE;
 625A : FE;
 625B : FE;
 625C : FE;
 625D : FE;
 625E : FE;
 625F : FE;
 6260 : FE;
 6261 : FE;
 6262 : FE;
 6263 : FE;
 6264 : FE;
 6265 : FE;
 6266 : FE;
 6267 : FE;
 6268 : FE;
 6269 : FE;
 626A : FE;
 626B : FE;
 626C : FE;
 626D : FE;
 626E : FE;
 626F : FE;
 6270 : FE;
 6271 : FE;
 6272 : FE;
 6273 : FE;
 6274 : FE;
 6275 : FE;
 6276 : FE;
 6277 : FE;
 6278 : FE;
 6279 : FE;
 627A : FE;
 627B : FE;
 627C : FE;
 627D : FE;
 627E : FE;
 627F : FE;
 6280 : FE;
 6281 : FE;
 6282 : FE;
 6283 : FE;
 6284 : FE;
 6285 : FE;
 6286 : FE;
 6287 : FE;
 6288 : FE;
 6289 : FE;
 628A : FE;
 628B : FE;
 628C : FE;
 628D : FE;
 628E : FE;
 628F : FE;
 6290 : FE;
 6291 : FE;
 6292 : FE;
 6293 : FE;
 6294 : FE;
 6295 : FE;
 6296 : FE;
 6297 : FE;
 6298 : FE;
 6299 : FE;
 629A : FE;
 629B : FE;
 629C : FE;
 629D : FE;
 629E : FE;
 629F : FE;
 62A0 : FE;
 62A1 : FE;
 62A2 : FE;
 62A3 : FE;
 62A4 : FE;
 62A5 : FE;
 62A6 : FE;
 62A7 : FE;
 62A8 : FE;
 62A9 : FE;
 62AA : FE;
 62AB : FE;
 62AC : FE;
 62AD : FE;
 62AE : FE;
 62AF : FE;
 62B0 : FE;
 62B1 : FE;
 62B2 : FE;
 62B3 : FE;
 62B4 : FE;
 62B5 : FE;
 62B6 : FE;
 62B7 : FE;
 62B8 : FE;
 62B9 : FE;
 62BA : FE;
 62BB : FE;
 62BC : FE;
 62BD : FE;
 62BE : FE;
 62BF : FE;
 62C0 : FE;
 62C1 : FE;
 62C2 : FE;
 62C3 : FE;
 62C4 : FE;
 62C5 : FE;
 62C6 : FE;
 62C7 : FE;
 62C8 : FE;
 62C9 : FE;
 62CA : FE;
 62CB : FE;
 62CC : FE;
 62CD : FE;
 62CE : FE;
 62CF : FE;
 62D0 : FE;
 62D1 : FE;
 62D2 : FE;
 62D3 : FE;
 62D4 : FE;
 62D5 : FE;
 62D6 : FE;
 62D7 : FE;
 62D8 : FE;
 62D9 : FE;
 62DA : FE;
 62DB : FE;
 62DC : FE;
 62DD : FE;
 62DE : FE;
 62DF : FE;
 62E0 : FE;
 62E1 : FE;
 62E2 : FE;
 62E3 : FE;
 62E4 : FE;
 62E5 : FE;
 62E6 : FE;
 62E7 : FE;
 62E8 : FE;
 62E9 : FE;
 62EA : FE;
 62EB : FE;
 62EC : FE;
 62ED : FE;
 62EE : FE;
 62EF : FE;
 62F0 : FE;
 62F1 : FE;
 62F2 : FE;
 62F3 : FE;
 62F4 : FE;
 62F5 : FE;
 62F6 : FE;
 62F7 : FE;
 62F8 : FE;
 62F9 : FE;
 62FA : FE;
 62FB : FE;
 62FC : FE;
 62FD : FE;
 62FE : FE;
 62FF : FE;
 6300 : FE;
 6301 : FE;
 6302 : FE;
 6303 : FE;
 6304 : FE;
 6305 : FE;
 6306 : FE;
 6307 : FE;
 6308 : FE;
 6309 : FE;
 630A : FE;
 630B : FE;
 630C : FE;
 630D : FE;
 630E : FE;
 630F : FE;
 6310 : FE;
 6311 : FE;
 6312 : FE;
 6313 : FE;
 6314 : FE;
 6315 : FE;
 6316 : FE;
 6317 : FE;
 6318 : FE;
 6319 : FE;
 631A : FE;
 631B : FE;
 631C : FE;
 631D : FE;
 631E : FE;
 631F : FE;
 6320 : FE;
 6321 : FE;
 6322 : FE;
 6323 : FE;
 6324 : FE;
 6325 : FE;
 6326 : FE;
 6327 : FE;
 6328 : FE;
 6329 : FE;
 632A : FE;
 632B : FE;
 632C : FE;
 632D : FE;
 632E : FE;
 632F : FE;
 6330 : FE;
 6331 : FE;
 6332 : FE;
 6333 : FE;
 6334 : FE;
 6335 : FE;
 6336 : FE;
 6337 : FE;
 6338 : FE;
 6339 : FE;
 633A : FE;
 633B : FE;
 633C : FE;
 633D : FE;
 633E : FE;
 633F : FE;
 6340 : FE;
 6341 : FE;
 6342 : FE;
 6343 : FE;
 6344 : FE;
 6345 : FE;
 6346 : FE;
 6347 : FE;
 6348 : FA;
 6349 : F4;
 634A : FE;
 634B : C0;
 634C : 44;
 634D : 26;
 634E : 30;
 634F : 1F;
 6350 : 25;
 6351 : 22;
 6352 : 19;
 6353 : 42;
 6354 : 1A;
 6355 : 0D;
 6356 : 23;
 6357 : 5B;
 6358 : FF;
 6359 : C5;
 635A : 41;
 635B : 26;
 635C : 2F;
 635D : 3D;
 635E : 27;
 635F : 35;
 6360 : 38;
 6361 : 29;
 6362 : 24;
 6363 : 2D;
 6364 : 19;
 6365 : 96;
 6366 : FE;
 6367 : A9;
 6368 : 30;
 6369 : 3A;
 636A : 34;
 636B : 36;
 636C : 2C;
 636D : 2A;
 636E : 35;
 636F : 36;
 6370 : 31;
 6371 : 27;
 6372 : 6C;
 6373 : EB;
 6374 : FE;
 6375 : FE;
 6376 : F5;
 6377 : FE;
 6378 : FE;
 6379 : FD;
 637A : FD;
 637B : FD;
 637C : FD;
 637D : FD;
 637E : FD;
 637F : FE;
 6380 : FE;
 6381 : FE;
 6382 : FE;
 6383 : FE;
 6384 : FE;
 6385 : FE;
 6386 : FE;
 6387 : FE;
 6388 : FE;
 6389 : FE;
 638A : FE;
 638B : FE;
 638C : FE;
 638D : FE;
 638E : FE;
 638F : FE;
 6390 : FE;
 6391 : FE;
 6392 : FE;
 6393 : FE;
 6394 : FE;
 6395 : FE;
 6396 : FE;
 6397 : FE;
 6398 : FE;
 6399 : FE;
 639A : FE;
 639B : FE;
 639C : FE;
 639D : FE;
 639E : FE;
 639F : FE;
 63A0 : FE;
 63A1 : FE;
 63A2 : FE;
 63A3 : FE;
 63A4 : FE;
 63A5 : FE;
 63A6 : FE;
 63A7 : FE;
 63A8 : FE;
 63A9 : FE;
 63AA : FE;
 63AB : FE;
 63AC : FE;
 63AD : FE;
 63AE : FE;
 63AF : FE;
 63B0 : FE;
 63B1 : FE;
 63B2 : FE;
 63B3 : FE;
 63B4 : FE;
 63B5 : FE;
 63B6 : FE;
 63B7 : FE;
 63B8 : FE;
 63B9 : FE;
 63BA : FE;
 63BB : FE;
 63BC : FE;
 63BD : FE;
 63BE : FE;
 63BF : FE;
 63C0 : FE;
 63C1 : FE;
 63C2 : FE;
 63C3 : FE;
 63C4 : FE;
 63C5 : FE;
 63C6 : FE;
 63C7 : FE;
 63C8 : FE;
 63C9 : FE;
 63CA : FE;
 63CB : FE;
 63CC : FE;
 63CD : FE;
 63CE : FE;
 63CF : FE;
 63D0 : FE;
 63D1 : FE;
 63D2 : FE;
 63D3 : FE;
 63D4 : FE;
 63D5 : FE;
 63D6 : FE;
 63D7 : FE;
 63D8 : FE;
 63D9 : FE;
 63DA : FE;
 63DB : FE;
 63DC : FE;
 63DD : FE;
 63DE : FE;
 63DF : FE;
 63E0 : FE;
 63E1 : FE;
 63E2 : FE;
 63E3 : FE;
 63E4 : FE;
 63E5 : FE;
 63E6 : FE;
 63E7 : FE;
 63E8 : FE;
 63E9 : FE;
 63EA : FE;
 63EB : FE;
 63EC : FE;
 63ED : FE;
 63EE : FE;
 63EF : FE;
 63F0 : FE;
 63F1 : FE;
 63F2 : FE;
 63F3 : FE;
 63F4 : FE;
 63F5 : FE;
 63F6 : FE;
 63F7 : FE;
 63F8 : FE;
 63F9 : FE;
 63FA : FE;
 63FB : FE;
 63FC : FE;
 63FD : FE;
 63FE : FE;
 63FF : FE;
 6400 : FE;
 6401 : FE;
 6402 : FE;
 6403 : FE;
 6404 : FE;
 6405 : FE;
 6406 : FE;
 6407 : FE;
 6408 : FE;
 6409 : FE;
 640A : FE;
 640B : FE;
 640C : FE;
 640D : FE;
 640E : FE;
 640F : FE;
 6410 : FE;
 6411 : FE;
 6412 : FE;
 6413 : FE;
 6414 : FE;
 6415 : FE;
 6416 : FE;
 6417 : FE;
 6418 : FE;
 6419 : FE;
 641A : FE;
 641B : FE;
 641C : FE;
 641D : FE;
 641E : FE;
 641F : FE;
 6420 : FE;
 6421 : FE;
 6422 : FE;
 6423 : FE;
 6424 : FE;
 6425 : FE;
 6426 : FE;
 6427 : FE;
 6428 : FE;
 6429 : FE;
 642A : FE;
 642B : FE;
 642C : FE;
 642D : FE;
 642E : FE;
 642F : FE;
 6430 : FE;
 6431 : FE;
 6432 : FE;
 6433 : FE;
 6434 : FE;
 6435 : FE;
 6436 : FE;
 6437 : FE;
 6438 : FE;
 6439 : FE;
 643A : FE;
 643B : FE;
 643C : FE;
 643D : FE;
 643E : FE;
 643F : FE;
 6440 : FE;
 6441 : FE;
 6442 : FE;
 6443 : FE;
 6444 : FE;
 6445 : FE;
 6446 : FE;
 6447 : FE;
 6448 : FE;
 6449 : FE;
 644A : FE;
 644B : FE;
 644C : FE;
 644D : FE;
 644E : FE;
 644F : FE;
 6450 : FE;
 6451 : FE;
 6452 : FE;
 6453 : FE;
 6454 : FE;
 6455 : FE;
 6456 : FE;
 6457 : FE;
 6458 : FE;
 6459 : FE;
 645A : FE;
 645B : FE;
 645C : FE;
 645D : FE;
 645E : FE;
 645F : FE;
 6460 : FE;
 6461 : FE;
 6462 : FE;
 6463 : FE;
 6464 : FE;
 6465 : FE;
 6466 : FE;
 6467 : FE;
 6468 : FE;
 6469 : FE;
 646A : FE;
 646B : FE;
 646C : FE;
 646D : FE;
 646E : FE;
 646F : FE;
 6470 : FE;
 6471 : FE;
 6472 : FE;
 6473 : FE;
 6474 : FE;
 6475 : FE;
 6476 : FE;
 6477 : FE;
 6478 : FE;
 6479 : FE;
 647A : FE;
 647B : FE;
 647C : FE;
 647D : FE;
 647E : FE;
 647F : FD;
 6480 : FD;
 6481 : FD;
 6482 : FE;
 6483 : FE;
 6484 : FE;
 6485 : FE;
 6486 : FE;
 6487 : F1;
 6488 : FD;
 6489 : FE;
 648A : F7;
 648B : F1;
 648C : 90;
 648D : 26;
 648E : 3F;
 648F : 22;
 6490 : 2B;
 6491 : 2E;
 6492 : 27;
 6493 : 30;
 6494 : 2E;
 6495 : 01;
 6496 : 3B;
 6497 : E7;
 6498 : F3;
 6499 : FB;
 649A : 73;
 649B : 3D;
 649C : 2C;
 649D : 35;
 649E : 30;
 649F : 34;
 64A0 : 2D;
 64A1 : 2A;
 64A2 : 0F;
 64A3 : 05;
 64A4 : 6E;
 64A5 : F3;
 64A6 : FB;
 64A7 : EF;
 64A8 : 53;
 64A9 : 3C;
 64AA : 45;
 64AB : 32;
 64AC : 3D;
 64AD : 38;
 64AE : 39;
 64AF : 3C;
 64B0 : 08;
 64B1 : 0F;
 64B2 : CA;
 64B3 : FE;
 64B4 : FE;
 64B5 : F7;
 64B6 : FA;
 64B7 : FD;
 64B8 : FD;
 64B9 : FC;
 64BA : FD;
 64BB : FD;
 64BC : FD;
 64BD : FD;
 64BE : FD;
 64BF : FE;
 64C0 : FE;
 64C1 : FE;
 64C2 : FE;
 64C3 : FE;
 64C4 : FE;
 64C5 : FE;
 64C6 : FE;
 64C7 : FE;
 64C8 : FE;
 64C9 : FE;
 64CA : FE;
 64CB : FE;
 64CC : FE;
 64CD : FE;
 64CE : FE;
 64CF : FE;
 64D0 : FE;
 64D1 : FE;
 64D2 : FE;
 64D3 : FE;
 64D4 : FE;
 64D5 : FE;
 64D6 : FE;
 64D7 : FE;
 64D8 : FE;
 64D9 : FE;
 64DA : FE;
 64DB : FE;
 64DC : FE;
 64DD : FE;
 64DE : FE;
 64DF : FE;
 64E0 : FE;
 64E1 : FE;
 64E2 : FE;
 64E3 : FE;
 64E4 : FE;
 64E5 : FE;
 64E6 : FE;
 64E7 : FE;
 64E8 : FE;
 64E9 : FE;
 64EA : FE;
 64EB : FE;
 64EC : FE;
 64ED : FE;
 64EE : FE;
 64EF : FE;
 64F0 : FE;
 64F1 : FE;
 64F2 : FE;
 64F3 : FE;
 64F4 : FE;
 64F5 : FE;
 64F6 : FE;
 64F7 : FE;
 64F8 : FE;
 64F9 : FE;
 64FA : FE;
 64FB : FE;
 64FC : FE;
 64FD : FE;
 64FE : FE;
 64FF : FE;
 6500 : FE;
 6501 : FE;
 6502 : FE;
 6503 : FE;
 6504 : FE;
 6505 : FE;
 6506 : FE;
 6507 : FE;
 6508 : FE;
 6509 : FE;
 650A : FE;
 650B : FE;
 650C : FE;
 650D : FE;
 650E : FE;
 650F : FE;
 6510 : FE;
 6511 : FE;
 6512 : FE;
 6513 : FE;
 6514 : FE;
 6515 : FE;
 6516 : FE;
 6517 : FE;
 6518 : FE;
 6519 : FE;
 651A : FE;
 651B : FE;
 651C : FE;
 651D : FE;
 651E : FE;
 651F : FE;
 6520 : FE;
 6521 : FE;
 6522 : FE;
 6523 : FE;
 6524 : FE;
 6525 : FE;
 6526 : FE;
 6527 : FE;
 6528 : FE;
 6529 : FE;
 652A : FE;
 652B : FE;
 652C : FE;
 652D : FE;
 652E : FE;
 652F : FE;
 6530 : FE;
 6531 : FE;
 6532 : FE;
 6533 : FE;
 6534 : FE;
 6535 : FE;
 6536 : FE;
 6537 : FE;
 6538 : FE;
 6539 : FE;
 653A : FE;
 653B : FE;
 653C : FE;
 653D : FE;
 653E : FE;
 653F : FE;
 6540 : FE;
 6541 : FE;
 6542 : FE;
 6543 : FE;
 6544 : FE;
 6545 : FE;
 6546 : FE;
 6547 : FE;
 6548 : FE;
 6549 : FE;
 654A : FE;
 654B : FE;
 654C : FE;
 654D : FE;
 654E : FE;
 654F : FE;
 6550 : FE;
 6551 : FE;
 6552 : FE;
 6553 : FE;
 6554 : FE;
 6555 : FE;
 6556 : FE;
 6557 : FE;
 6558 : FE;
 6559 : FE;
 655A : FE;
 655B : FE;
 655C : FE;
 655D : FE;
 655E : FE;
 655F : FE;
 6560 : FE;
 6561 : FE;
 6562 : FE;
 6563 : FE;
 6564 : FE;
 6565 : FE;
 6566 : FE;
 6567 : FE;
 6568 : FE;
 6569 : FE;
 656A : FE;
 656B : FE;
 656C : FE;
 656D : FE;
 656E : FE;
 656F : FE;
 6570 : FE;
 6571 : FE;
 6572 : FE;
 6573 : FE;
 6574 : FE;
 6575 : FE;
 6576 : FE;
 6577 : FE;
 6578 : FE;
 6579 : FE;
 657A : FE;
 657B : FE;
 657C : FE;
 657D : FE;
 657E : FE;
 657F : FE;
 6580 : FE;
 6581 : FE;
 6582 : FE;
 6583 : FE;
 6584 : FE;
 6585 : FE;
 6586 : FE;
 6587 : FE;
 6588 : FE;
 6589 : FE;
 658A : FE;
 658B : FE;
 658C : FE;
 658D : FE;
 658E : FE;
 658F : FE;
 6590 : FE;
 6591 : FE;
 6592 : FE;
 6593 : FE;
 6594 : FE;
 6595 : FE;
 6596 : FE;
 6597 : FE;
 6598 : FE;
 6599 : FE;
 659A : FE;
 659B : FE;
 659C : FE;
 659D : FE;
 659E : FE;
 659F : FE;
 65A0 : FE;
 65A1 : FE;
 65A2 : FE;
 65A3 : FE;
 65A4 : FE;
 65A5 : FE;
 65A6 : FE;
 65A7 : FE;
 65A8 : FE;
 65A9 : FE;
 65AA : FE;
 65AB : FE;
 65AC : FE;
 65AD : FE;
 65AE : FE;
 65AF : FE;
 65B0 : FE;
 65B1 : FE;
 65B2 : FE;
 65B3 : FE;
 65B4 : FE;
 65B5 : FE;
 65B6 : FE;
 65B7 : FE;
 65B8 : FE;
 65B9 : FE;
 65BA : FE;
 65BB : FE;
 65BC : FE;
 65BD : FE;
 65BE : FE;
 65BF : FD;
 65C0 : FD;
 65C1 : FD;
 65C2 : FE;
 65C3 : FE;
 65C4 : FE;
 65C5 : FE;
 65C6 : FE;
 65C7 : FA;
 65C8 : FC;
 65C9 : F1;
 65CA : F2;
 65CB : FE;
 65CC : D5;
 65CD : 59;
 65CE : 37;
 65CF : 45;
 65D0 : 47;
 65D1 : 4B;
 65D2 : 3C;
 65D3 : 48;
 65D4 : 36;
 65D5 : 20;
 65D6 : 88;
 65D7 : EF;
 65D8 : F7;
 65D9 : F6;
 65DA : CF;
 65DB : 69;
 65DC : 57;
 65DD : 41;
 65DE : 57;
 65DF : 3F;
 65E0 : 52;
 65E1 : 4C;
 65E2 : 1B;
 65E3 : 2D;
 65E4 : AC;
 65E5 : FA;
 65E6 : EF;
 65E7 : F8;
 65E8 : 83;
 65E9 : 43;
 65EA : 43;
 65EB : 55;
 65EC : 58;
 65ED : 49;
 65EE : 54;
 65EF : 31;
 65F0 : 1A;
 65F1 : 5A;
 65F2 : DB;
 65F3 : F1;
 65F4 : F9;
 65F5 : FE;
 65F6 : FE;
 65F7 : FD;
 65F8 : FD;
 65F9 : FC;
 65FA : FC;
 65FB : FD;
 65FC : FE;
 65FD : FD;
 65FE : FE;
 65FF : FE;
 6600 : FE;
 6601 : FE;
 6602 : FE;
 6603 : FE;
 6604 : FE;
 6605 : FE;
 6606 : FE;
 6607 : FE;
 6608 : FE;
 6609 : FE;
 660A : FE;
 660B : FE;
 660C : FE;
 660D : FE;
 660E : FE;
 660F : FE;
 6610 : FE;
 6611 : FE;
 6612 : FE;
 6613 : FE;
 6614 : FE;
 6615 : FE;
 6616 : FE;
 6617 : FE;
 6618 : FE;
 6619 : FE;
 661A : FE;
 661B : FE;
 661C : FE;
 661D : FE;
 661E : FE;
 661F : FE;
 6620 : FE;
 6621 : FE;
 6622 : FE;
 6623 : FE;
 6624 : FE;
 6625 : FE;
 6626 : FE;
 6627 : FE;
 6628 : FE;
 6629 : FE;
 662A : FE;
 662B : FE;
 662C : FE;
 662D : FE;
 662E : FE;
 662F : FE;
 6630 : FE;
 6631 : FE;
 6632 : FE;
 6633 : FE;
 6634 : FE;
 6635 : FE;
 6636 : FE;
 6637 : FE;
 6638 : FE;
 6639 : FE;
 663A : FE;
 663B : FE;
 663C : FE;
 663D : FE;
 663E : FE;
 663F : FE;
 6640 : FE;
 6641 : FE;
 6642 : FE;
 6643 : FE;
 6644 : FE;
 6645 : FE;
 6646 : FE;
 6647 : FE;
 6648 : FE;
 6649 : FE;
 664A : FE;
 664B : FE;
 664C : FE;
 664D : FE;
 664E : FE;
 664F : FE;
 6650 : FE;
 6651 : FE;
 6652 : FE;
 6653 : FE;
 6654 : FE;
 6655 : FE;
 6656 : FE;
 6657 : FE;
 6658 : FE;
 6659 : FE;
 665A : FE;
 665B : FE;
 665C : FE;
 665D : FE;
 665E : FE;
 665F : FE;
 6660 : FE;
 6661 : FE;
 6662 : FE;
 6663 : FE;
 6664 : FE;
 6665 : FE;
 6666 : FE;
 6667 : FE;
 6668 : FE;
 6669 : FE;
 666A : FE;
 666B : FE;
 666C : FE;
 666D : FE;
 666E : FE;
 666F : FE;
 6670 : FE;
 6671 : FE;
 6672 : FE;
 6673 : FE;
 6674 : FE;
 6675 : FE;
 6676 : FE;
 6677 : FE;
 6678 : FE;
 6679 : FE;
 667A : FE;
 667B : FE;
 667C : FE;
 667D : FE;
 667E : FE;
 667F : FE;
 6680 : FE;
 6681 : FE;
 6682 : FE;
 6683 : FE;
 6684 : FE;
 6685 : FE;
 6686 : FE;
 6687 : FE;
 6688 : FE;
 6689 : FE;
 668A : FE;
 668B : FE;
 668C : FE;
 668D : FE;
 668E : FE;
 668F : FE;
 6690 : FE;
 6691 : FE;
 6692 : FE;
 6693 : FE;
 6694 : FE;
 6695 : FE;
 6696 : FE;
 6697 : FE;
 6698 : FE;
 6699 : FE;
 669A : FE;
 669B : FE;
 669C : FE;
 669D : FE;
 669E : FE;
 669F : FE;
 66A0 : FE;
 66A1 : FE;
 66A2 : FE;
 66A3 : FE;
 66A4 : FE;
 66A5 : FE;
 66A6 : FE;
 66A7 : FE;
 66A8 : FE;
 66A9 : FE;
 66AA : FE;
 66AB : FE;
 66AC : FE;
 66AD : FE;
 66AE : FE;
 66AF : FE;
 66B0 : FE;
 66B1 : FE;
 66B2 : FE;
 66B3 : FE;
 66B4 : FE;
 66B5 : FE;
 66B6 : FE;
 66B7 : FE;
 66B8 : FE;
 66B9 : FE;
 66BA : FE;
 66BB : FE;
 66BC : FE;
 66BD : FE;
 66BE : FE;
 66BF : FE;
 66C0 : FE;
 66C1 : FE;
 66C2 : FE;
 66C3 : FE;
 66C4 : FE;
 66C5 : FE;
 66C6 : FE;
 66C7 : FE;
 66C8 : FE;
 66C9 : FE;
 66CA : FE;
 66CB : FE;
 66CC : FE;
 66CD : FE;
 66CE : FE;
 66CF : FE;
 66D0 : FE;
 66D1 : FE;
 66D2 : FE;
 66D3 : FE;
 66D4 : FE;
 66D5 : FE;
 66D6 : FE;
 66D7 : FE;
 66D8 : FE;
 66D9 : FE;
 66DA : FE;
 66DB : FE;
 66DC : FE;
 66DD : FE;
 66DE : FE;
 66DF : FE;
 66E0 : FE;
 66E1 : FE;
 66E2 : FE;
 66E3 : FE;
 66E4 : FE;
 66E5 : FE;
 66E6 : FE;
 66E7 : FE;
 66E8 : FE;
 66E9 : FE;
 66EA : FE;
 66EB : FE;
 66EC : FE;
 66ED : FE;
 66EE : FE;
 66EF : FE;
 66F0 : FE;
 66F1 : FE;
 66F2 : FE;
 66F3 : FE;
 66F4 : FE;
 66F5 : FE;
 66F6 : FE;
 66F7 : FE;
 66F8 : FE;
 66F9 : FE;
 66FA : FE;
 66FB : FE;
 66FC : FE;
 66FD : FE;
 66FE : FE;
 66FF : FD;
 6700 : FD;
 6701 : FD;
 6702 : FE;
 6703 : FE;
 6704 : FE;
 6705 : FE;
 6706 : FE;
 6707 : FD;
 6708 : FD;
 6709 : FD;
 670A : F6;
 670B : FE;
 670C : F5;
 670D : 94;
 670E : 56;
 670F : 3D;
 6710 : 42;
 6711 : 42;
 6712 : 3B;
 6713 : 4B;
 6714 : 32;
 6715 : 47;
 6716 : EA;
 6717 : FD;
 6718 : FE;
 6719 : F2;
 671A : FC;
 671B : 86;
 671C : 53;
 671D : 3C;
 671E : 4A;
 671F : 2A;
 6720 : 43;
 6721 : 3E;
 6722 : 17;
 6723 : 69;
 6724 : F2;
 6725 : FC;
 6726 : FA;
 6727 : FD;
 6728 : D1;
 6729 : 66;
 672A : 43;
 672B : 53;
 672C : 38;
 672D : 33;
 672E : 57;
 672F : 16;
 6730 : 24;
 6731 : BF;
 6732 : FE;
 6733 : FE;
 6734 : F9;
 6735 : FA;
 6736 : F1;
 6737 : FE;
 6738 : FD;
 6739 : FD;
 673A : FD;
 673B : FD;
 673C : FE;
 673D : FD;
 673E : FD;
 673F : FE;
 6740 : FE;
 6741 : FE;
 6742 : FE;
 6743 : FE;
 6744 : FE;
 6745 : FE;
 6746 : FE;
 6747 : FE;
 6748 : FE;
 6749 : FE;
 674A : FE;
 674B : FE;
 674C : FE;
 674D : FE;
 674E : FE;
 674F : FE;
 6750 : FE;
 6751 : FE;
 6752 : FE;
 6753 : FE;
 6754 : FE;
 6755 : FE;
 6756 : FE;
 6757 : FE;
 6758 : FE;
 6759 : FE;
 675A : FE;
 675B : FE;
 675C : FE;
 675D : FE;
 675E : FE;
 675F : FE;
 6760 : FE;
 6761 : FE;
 6762 : FE;
 6763 : FE;
 6764 : FE;
 6765 : FE;
 6766 : FE;
 6767 : FE;
 6768 : FE;
 6769 : FE;
 676A : FE;
 676B : FE;
 676C : FE;
 676D : FE;
 676E : FE;
 676F : FE;
 6770 : FE;
 6771 : FE;
 6772 : FE;
 6773 : FE;
 6774 : FE;
 6775 : FE;
 6776 : FE;
 6777 : FE;
 6778 : FE;
 6779 : FE;
 677A : FE;
 677B : FE;
 677C : FE;
 677D : FE;
 677E : FE;
 677F : FE;
 6780 : FE;
 6781 : FE;
 6782 : FE;
 6783 : FE;
 6784 : FE;
 6785 : FE;
 6786 : FE;
 6787 : FE;
 6788 : FE;
 6789 : FE;
 678A : FE;
 678B : FE;
 678C : FE;
 678D : FE;
 678E : FE;
 678F : FE;
 6790 : FE;
 6791 : FE;
 6792 : FE;
 6793 : FE;
 6794 : FE;
 6795 : FE;
 6796 : FE;
 6797 : FE;
 6798 : FE;
 6799 : FE;
 679A : FE;
 679B : FE;
 679C : FE;
 679D : FE;
 679E : FE;
 679F : FE;
 67A0 : FE;
 67A1 : FE;
 67A2 : FE;
 67A3 : FE;
 67A4 : FE;
 67A5 : FE;
 67A6 : FE;
 67A7 : FE;
 67A8 : FE;
 67A9 : FE;
 67AA : FE;
 67AB : FE;
 67AC : FE;
 67AD : FE;
 67AE : FE;
 67AF : FE;
 67B0 : FE;
 67B1 : FE;
 67B2 : FE;
 67B3 : FE;
 67B4 : FE;
 67B5 : FE;
 67B6 : FE;
 67B7 : FE;
 67B8 : FE;
 67B9 : FE;
 67BA : FE;
 67BB : FE;
 67BC : FE;
 67BD : FE;
 67BE : FE;
 67BF : FE;
 67C0 : FE;
 67C1 : FE;
 67C2 : FE;
 67C3 : FE;
 67C4 : FE;
 67C5 : FE;
 67C6 : FE;
 67C7 : FE;
 67C8 : FE;
 67C9 : FE;
 67CA : FE;
 67CB : FE;
 67CC : FE;
 67CD : FE;
 67CE : FE;
 67CF : FE;
 67D0 : FE;
 67D1 : FE;
 67D2 : FE;
 67D3 : FE;
 67D4 : FE;
 67D5 : FE;
 67D6 : FE;
 67D7 : FE;
 67D8 : FE;
 67D9 : FE;
 67DA : FE;
 67DB : FE;
 67DC : FE;
 67DD : FE;
 67DE : FE;
 67DF : FE;
 67E0 : FE;
 67E1 : FE;
 67E2 : FE;
 67E3 : FE;
 67E4 : FE;
 67E5 : FE;
 67E6 : FE;
 67E7 : FE;
 67E8 : FE;
 67E9 : FE;
 67EA : FE;
 67EB : FE;
 67EC : FE;
 67ED : FE;
 67EE : FE;
 67EF : FE;
 67F0 : FE;
 67F1 : FE;
 67F2 : FE;
 67F3 : FE;
 67F4 : FE;
 67F5 : FE;
 67F6 : FE;
 67F7 : FE;
 67F8 : FE;
 67F9 : FE;
 67FA : FE;
 67FB : FE;
 67FC : FE;
 67FD : FE;
 67FE : FE;
 67FF : FE;
 6800 : FE;
 6801 : FE;
 6802 : FE;
 6803 : FE;
 6804 : FE;
 6805 : FE;
 6806 : FE;
 6807 : FE;
 6808 : FE;
 6809 : FE;
 680A : FE;
 680B : FE;
 680C : FE;
 680D : FE;
 680E : FE;
 680F : FE;
 6810 : FE;
 6811 : FE;
 6812 : FE;
 6813 : FE;
 6814 : FE;
 6815 : FE;
 6816 : FE;
 6817 : FE;
 6818 : FE;
 6819 : FE;
 681A : FE;
 681B : FE;
 681C : FE;
 681D : FE;
 681E : FE;
 681F : FE;
 6820 : FE;
 6821 : FE;
 6822 : FE;
 6823 : FE;
 6824 : FE;
 6825 : FE;
 6826 : FE;
 6827 : FE;
 6828 : FE;
 6829 : FE;
 682A : FE;
 682B : FE;
 682C : FE;
 682D : FE;
 682E : FE;
 682F : FE;
 6830 : FE;
 6831 : FE;
 6832 : FE;
 6833 : FE;
 6834 : FE;
 6835 : FE;
 6836 : FE;
 6837 : FE;
 6838 : FE;
 6839 : FE;
 683A : FE;
 683B : FE;
 683C : FE;
 683D : FE;
 683E : FE;
 683F : FD;
 6840 : FD;
 6841 : FD;
 6842 : FE;
 6843 : FD;
 6844 : FE;
 6845 : FE;
 6846 : FE;
 6847 : FA;
 6848 : F9;
 6849 : FE;
 684A : F2;
 684B : EE;
 684C : F0;
 684D : A4;
 684E : 4F;
 684F : 3C;
 6850 : 45;
 6851 : 2D;
 6852 : 36;
 6853 : 26;
 6854 : 0D;
 6855 : 2C;
 6856 : F1;
 6857 : F1;
 6858 : EF;
 6859 : F8;
 685A : F7;
 685B : 96;
 685C : 35;
 685D : 4B;
 685E : 31;
 685F : 33;
 6860 : 32;
 6861 : 22;
 6862 : 0D;
 6863 : 88;
 6864 : FC;
 6865 : EB;
 6866 : F7;
 6867 : F5;
 6868 : DA;
 6869 : 5A;
 686A : 2C;
 686B : 37;
 686C : 1C;
 686D : 2F;
 686E : 4C;
 686F : 25;
 6870 : 23;
 6871 : DD;
 6872 : FB;
 6873 : FC;
 6874 : F9;
 6875 : FE;
 6876 : FA;
 6877 : FE;
 6878 : FD;
 6879 : FD;
 687A : FD;
 687B : FD;
 687C : FE;
 687D : FD;
 687E : FD;
 687F : FE;
 6880 : FE;
 6881 : FE;
 6882 : FE;
 6883 : FE;
 6884 : FE;
 6885 : FE;
 6886 : FE;
 6887 : FE;
 6888 : FE;
 6889 : FE;
 688A : FE;
 688B : FE;
 688C : FE;
 688D : FE;
 688E : FE;
 688F : FE;
 6890 : FE;
 6891 : FE;
 6892 : FE;
 6893 : FE;
 6894 : FE;
 6895 : FE;
 6896 : FE;
 6897 : FE;
 6898 : FE;
 6899 : FE;
 689A : FE;
 689B : FE;
 689C : FE;
 689D : FE;
 689E : FE;
 689F : FE;
 68A0 : FE;
 68A1 : FE;
 68A2 : FE;
 68A3 : FE;
 68A4 : FE;
 68A5 : FE;
 68A6 : FE;
 68A7 : FE;
 68A8 : FE;
 68A9 : FE;
 68AA : FE;
 68AB : FE;
 68AC : FE;
 68AD : FE;
 68AE : FE;
 68AF : FE;
 68B0 : FE;
 68B1 : FE;
 68B2 : FE;
 68B3 : FE;
 68B4 : FE;
 68B5 : FE;
 68B6 : FE;
 68B7 : FE;
 68B8 : FE;
 68B9 : FE;
 68BA : FE;
 68BB : FE;
 68BC : FE;
 68BD : FE;
 68BE : FE;
 68BF : FE;
 68C0 : FE;
 68C1 : FE;
 68C2 : FE;
 68C3 : FE;
 68C4 : FE;
 68C5 : FE;
 68C6 : FE;
 68C7 : FE;
 68C8 : FE;
 68C9 : FE;
 68CA : FE;
 68CB : FE;
 68CC : FE;
 68CD : FE;
 68CE : FE;
 68CF : FE;
 68D0 : FE;
 68D1 : FE;
 68D2 : FE;
 68D3 : FE;
 68D4 : FE;
 68D5 : FE;
 68D6 : FE;
 68D7 : FE;
 68D8 : FE;
 68D9 : FE;
 68DA : FE;
 68DB : FE;
 68DC : FE;
 68DD : FE;
 68DE : FE;
 68DF : FE;
 68E0 : FE;
 68E1 : FE;
 68E2 : FE;
 68E3 : FE;
 68E4 : FE;
 68E5 : FE;
 68E6 : FE;
 68E7 : FE;
 68E8 : FE;
 68E9 : FE;
 68EA : FE;
 68EB : FE;
 68EC : FE;
 68ED : FE;
 68EE : FE;
 68EF : FE;
 68F0 : FE;
 68F1 : FE;
 68F2 : FE;
 68F3 : FE;
 68F4 : FE;
 68F5 : FE;
 68F6 : FE;
 68F7 : FE;
 68F8 : FE;
 68F9 : FE;
 68FA : FE;
 68FB : FE;
 68FC : FE;
 68FD : FE;
 68FE : FE;
 68FF : FE;
 6900 : FE;
 6901 : FE;
 6902 : FE;
 6903 : FE;
 6904 : FE;
 6905 : FE;
 6906 : FE;
 6907 : FE;
 6908 : FE;
 6909 : FE;
 690A : FE;
 690B : FE;
 690C : FE;
 690D : FE;
 690E : FE;
 690F : FE;
 6910 : FE;
 6911 : FE;
 6912 : FE;
 6913 : FE;
 6914 : FE;
 6915 : FE;
 6916 : FE;
 6917 : FE;
 6918 : FE;
 6919 : FE;
 691A : FE;
 691B : FE;
 691C : FE;
 691D : FE;
 691E : FE;
 691F : FE;
 6920 : FE;
 6921 : FE;
 6922 : FE;
 6923 : FE;
 6924 : FE;
 6925 : FE;
 6926 : FE;
 6927 : FE;
 6928 : FE;
 6929 : FE;
 692A : FE;
 692B : FE;
 692C : FE;
 692D : FE;
 692E : FE;
 692F : FE;
 6930 : FE;
 6931 : FE;
 6932 : FE;
 6933 : FE;
 6934 : FE;
 6935 : FE;
 6936 : FE;
 6937 : FE;
 6938 : FE;
 6939 : FE;
 693A : FE;
 693B : FE;
 693C : FE;
 693D : FE;
 693E : FE;
 693F : FE;
 6940 : FE;
 6941 : FE;
 6942 : FE;
 6943 : FE;
 6944 : FE;
 6945 : FE;
 6946 : FE;
 6947 : FE;
 6948 : FE;
 6949 : FE;
 694A : FE;
 694B : FE;
 694C : FE;
 694D : FE;
 694E : FE;
 694F : FE;
 6950 : FE;
 6951 : FE;
 6952 : FE;
 6953 : FE;
 6954 : FE;
 6955 : FE;
 6956 : FE;
 6957 : FE;
 6958 : FE;
 6959 : FE;
 695A : FE;
 695B : FE;
 695C : FE;
 695D : FE;
 695E : FE;
 695F : FE;
 6960 : FE;
 6961 : FE;
 6962 : FE;
 6963 : FE;
 6964 : FE;
 6965 : FE;
 6966 : FE;
 6967 : FE;
 6968 : FE;
 6969 : FE;
 696A : FE;
 696B : FE;
 696C : FE;
 696D : FE;
 696E : FE;
 696F : FE;
 6970 : FE;
 6971 : FE;
 6972 : FE;
 6973 : FE;
 6974 : FE;
 6975 : FE;
 6976 : FE;
 6977 : FE;
 6978 : FE;
 6979 : FE;
 697A : FE;
 697B : FE;
 697C : FE;
 697D : FE;
 697E : FE;
 697F : FE;
 6980 : FE;
 6981 : FE;
 6982 : FE;
 6983 : FD;
 6984 : FE;
 6985 : FE;
 6986 : FE;
 6987 : FC;
 6988 : F2;
 6989 : FE;
 698A : FE;
 698B : FE;
 698C : FD;
 698D : B9;
 698E : 3E;
 698F : 4A;
 6990 : 5E;
 6991 : 38;
 6992 : 5A;
 6993 : 32;
 6994 : 27;
 6995 : 40;
 6996 : FE;
 6997 : FF;
 6998 : FC;
 6999 : FE;
 699A : F9;
 699B : A5;
 699C : 21;
 699D : 44;
 699E : 1D;
 699F : 39;
 69A0 : 34;
 69A1 : 1B;
 69A2 : 0D;
 69A3 : 93;
 69A4 : FD;
 69A5 : F0;
 69A6 : FE;
 69A7 : FE;
 69A8 : D5;
 69A9 : 49;
 69AA : 27;
 69AB : 31;
 69AC : 24;
 69AD : 3A;
 69AE : 25;
 69AF : 23;
 69B0 : 19;
 69B1 : D8;
 69B2 : F5;
 69B3 : FC;
 69B4 : FE;
 69B5 : FE;
 69B6 : FE;
 69B7 : FE;
 69B8 : FE;
 69B9 : FE;
 69BA : FE;
 69BB : FE;
 69BC : FE;
 69BD : FD;
 69BE : FD;
 69BF : FD;
 69C0 : FE;
 69C1 : FE;
 69C2 : FE;
 69C3 : FE;
 69C4 : FE;
 69C5 : FE;
 69C6 : FE;
 69C7 : FE;
 69C8 : FE;
 69C9 : FE;
 69CA : FE;
 69CB : FE;
 69CC : FE;
 69CD : FE;
 69CE : FE;
 69CF : FE;
 69D0 : FE;
 69D1 : FE;
 69D2 : FE;
 69D3 : FE;
 69D4 : FE;
 69D5 : FE;
 69D6 : FE;
 69D7 : FE;
 69D8 : FE;
 69D9 : FE;
 69DA : FE;
 69DB : FE;
 69DC : FE;
 69DD : FE;
 69DE : FE;
 69DF : FE;
 69E0 : FE;
 69E1 : FE;
 69E2 : FE;
 69E3 : FE;
 69E4 : FE;
 69E5 : FE;
 69E6 : FE;
 69E7 : FE;
 69E8 : FE;
 69E9 : FE;
 69EA : FE;
 69EB : FE;
 69EC : FE;
 69ED : FE;
 69EE : FE;
 69EF : FE;
 69F0 : FE;
 69F1 : FE;
 69F2 : FE;
 69F3 : FE;
 69F4 : FE;
 69F5 : FE;
 69F6 : FE;
 69F7 : FE;
 69F8 : FE;
 69F9 : FE;
 69FA : FE;
 69FB : FE;
 69FC : FE;
 69FD : FE;
 69FE : FE;
 69FF : FE;
 6A00 : FE;
 6A01 : FE;
 6A02 : FE;
 6A03 : FE;
 6A04 : FE;
 6A05 : FE;
 6A06 : FE;
 6A07 : FE;
 6A08 : FE;
 6A09 : FE;
 6A0A : FE;
 6A0B : FE;
 6A0C : FE;
 6A0D : FE;
 6A0E : FE;
 6A0F : FE;
 6A10 : FE;
 6A11 : FE;
 6A12 : FE;
 6A13 : FE;
 6A14 : FE;
 6A15 : FE;
 6A16 : FE;
 6A17 : FE;
 6A18 : FE;
 6A19 : FE;
 6A1A : FE;
 6A1B : FE;
 6A1C : FE;
 6A1D : FE;
 6A1E : FE;
 6A1F : FE;
 6A20 : FE;
 6A21 : FE;
 6A22 : FE;
 6A23 : FE;
 6A24 : FE;
 6A25 : FE;
 6A26 : FE;
 6A27 : FE;
 6A28 : FE;
 6A29 : FE;
 6A2A : FE;
 6A2B : FE;
 6A2C : FE;
 6A2D : FE;
 6A2E : FE;
 6A2F : FE;
 6A30 : FE;
 6A31 : FE;
 6A32 : FE;
 6A33 : FE;
 6A34 : FE;
 6A35 : FE;
 6A36 : FE;
 6A37 : FE;
 6A38 : FE;
 6A39 : FE;
 6A3A : FE;
 6A3B : FE;
 6A3C : FE;
 6A3D : FE;
 6A3E : FE;
 6A3F : FE;
 6A40 : FE;
 6A41 : FE;
 6A42 : FE;
 6A43 : FE;
 6A44 : FE;
 6A45 : FE;
 6A46 : FE;
 6A47 : FE;
 6A48 : FE;
 6A49 : FE;
 6A4A : FE;
 6A4B : FE;
 6A4C : FE;
 6A4D : FE;
 6A4E : FE;
 6A4F : FE;
 6A50 : FE;
 6A51 : FE;
 6A52 : FE;
 6A53 : FE;
 6A54 : FE;
 6A55 : FE;
 6A56 : FE;
 6A57 : FE;
 6A58 : FE;
 6A59 : FE;
 6A5A : FE;
 6A5B : FE;
 6A5C : FE;
 6A5D : FE;
 6A5E : FE;
 6A5F : FE;
 6A60 : FE;
 6A61 : FE;
 6A62 : FE;
 6A63 : FE;
 6A64 : FE;
 6A65 : FE;
 6A66 : FE;
 6A67 : FE;
 6A68 : FE;
 6A69 : FE;
 6A6A : FE;
 6A6B : FE;
 6A6C : FE;
 6A6D : FE;
 6A6E : FE;
 6A6F : FE;
 6A70 : FE;
 6A71 : FE;
 6A72 : FE;
 6A73 : FE;
 6A74 : FE;
 6A75 : FE;
 6A76 : FE;
 6A77 : FE;
 6A78 : FE;
 6A79 : FE;
 6A7A : FE;
 6A7B : FE;
 6A7C : FE;
 6A7D : FE;
 6A7E : FE;
 6A7F : FE;
 6A80 : FE;
 6A81 : FE;
 6A82 : FE;
 6A83 : FE;
 6A84 : FE;
 6A85 : FE;
 6A86 : FE;
 6A87 : FE;
 6A88 : FE;
 6A89 : FE;
 6A8A : FE;
 6A8B : FE;
 6A8C : FE;
 6A8D : FE;
 6A8E : FE;
 6A8F : FE;
 6A90 : FE;
 6A91 : FE;
 6A92 : FE;
 6A93 : FE;
 6A94 : FE;
 6A95 : FE;
 6A96 : FE;
 6A97 : FE;
 6A98 : FE;
 6A99 : FE;
 6A9A : FE;
 6A9B : FE;
 6A9C : FE;
 6A9D : FE;
 6A9E : FE;
 6A9F : FE;
 6AA0 : FE;
 6AA1 : FE;
 6AA2 : FE;
 6AA3 : FE;
 6AA4 : FE;
 6AA5 : FE;
 6AA6 : FE;
 6AA7 : FE;
 6AA8 : FE;
 6AA9 : FE;
 6AAA : FE;
 6AAB : FE;
 6AAC : FE;
 6AAD : FE;
 6AAE : FE;
 6AAF : FE;
 6AB0 : FE;
 6AB1 : FE;
 6AB2 : FE;
 6AB3 : FE;
 6AB4 : FE;
 6AB5 : FE;
 6AB6 : FE;
 6AB7 : FE;
 6AB8 : FE;
 6AB9 : FE;
 6ABA : FE;
 6ABB : FE;
 6ABC : FE;
 6ABD : FE;
 6ABE : FE;
 6ABF : FE;
 6AC0 : FE;
 6AC1 : FE;
 6AC2 : FE;
 6AC3 : FD;
 6AC4 : FE;
 6AC5 : FE;
 6AC6 : FE;
 6AC7 : FE;
 6AC8 : F9;
 6AC9 : FE;
 6ACA : F3;
 6ACB : E3;
 6ACC : F4;
 6ACD : BB;
 6ACE : 5B;
 6ACF : 2D;
 6AD0 : 45;
 6AD1 : 29;
 6AD2 : 56;
 6AD3 : 35;
 6AD4 : 39;
 6AD5 : 4B;
 6AD6 : D2;
 6AD7 : F4;
 6AD8 : E6;
 6AD9 : DF;
 6ADA : F3;
 6ADB : 9D;
 6ADC : 2F;
 6ADD : 38;
 6ADE : 2C;
 6ADF : 38;
 6AE0 : 47;
 6AE1 : 35;
 6AE2 : 20;
 6AE3 : 88;
 6AE4 : F6;
 6AE5 : F2;
 6AE6 : F6;
 6AE7 : FE;
 6AE8 : D3;
 6AE9 : 6B;
 6AEA : 4E;
 6AEB : 42;
 6AEC : 32;
 6AED : 49;
 6AEE : 2D;
 6AEF : 2C;
 6AF0 : 2E;
 6AF1 : CD;
 6AF2 : F8;
 6AF3 : F6;
 6AF4 : FE;
 6AF5 : FA;
 6AF6 : F5;
 6AF7 : FE;
 6AF8 : FE;
 6AF9 : FF;
 6AFA : FE;
 6AFB : FE;
 6AFC : FD;
 6AFD : FD;
 6AFE : FE;
 6AFF : FE;
 6B00 : FE;
 6B01 : FE;
 6B02 : FE;
 6B03 : FE;
 6B04 : FE;
 6B05 : FE;
 6B06 : FE;
 6B07 : FE;
 6B08 : FE;
 6B09 : FE;
 6B0A : FE;
 6B0B : FE;
 6B0C : FE;
 6B0D : FE;
 6B0E : FE;
 6B0F : FE;
 6B10 : FE;
 6B11 : FE;
 6B12 : FE;
 6B13 : FE;
 6B14 : FE;
 6B15 : FE;
 6B16 : FE;
 6B17 : FE;
 6B18 : FE;
 6B19 : FE;
 6B1A : FE;
 6B1B : FE;
 6B1C : FE;
 6B1D : FE;
 6B1E : FE;
 6B1F : FE;
 6B20 : FE;
 6B21 : FE;
 6B22 : FE;
 6B23 : FE;
 6B24 : FE;
 6B25 : FE;
 6B26 : FE;
 6B27 : FE;
 6B28 : FE;
 6B29 : FE;
 6B2A : FE;
 6B2B : FE;
 6B2C : FE;
 6B2D : FE;
 6B2E : FE;
 6B2F : FE;
 6B30 : FE;
 6B31 : FE;
 6B32 : FE;
 6B33 : FE;
 6B34 : FE;
 6B35 : FE;
 6B36 : FE;
 6B37 : FE;
 6B38 : FE;
 6B39 : FE;
 6B3A : FE;
 6B3B : FE;
 6B3C : FE;
 6B3D : FE;
 6B3E : FE;
 6B3F : FE;
 6B40 : FE;
 6B41 : FE;
 6B42 : FE;
 6B43 : FE;
 6B44 : FE;
 6B45 : FE;
 6B46 : FE;
 6B47 : FE;
 6B48 : FE;
 6B49 : FE;
 6B4A : FE;
 6B4B : FE;
 6B4C : FE;
 6B4D : FE;
 6B4E : FE;
 6B4F : FE;
 6B50 : FE;
 6B51 : FE;
 6B52 : FE;
 6B53 : FE;
 6B54 : FE;
 6B55 : FE;
 6B56 : FE;
 6B57 : FE;
 6B58 : FE;
 6B59 : FE;
 6B5A : FE;
 6B5B : FE;
 6B5C : FE;
 6B5D : FE;
 6B5E : FE;
 6B5F : FE;
 6B60 : FE;
 6B61 : FE;
 6B62 : FE;
 6B63 : FE;
 6B64 : FE;
 6B65 : FE;
 6B66 : FE;
 6B67 : FE;
 6B68 : FE;
 6B69 : FE;
 6B6A : FE;
 6B6B : FE;
 6B6C : FE;
 6B6D : FE;
 6B6E : FE;
 6B6F : FE;
 6B70 : FE;
 6B71 : FE;
 6B72 : FE;
 6B73 : FE;
 6B74 : FE;
 6B75 : FE;
 6B76 : FE;
 6B77 : FE;
 6B78 : FE;
 6B79 : FE;
 6B7A : FE;
 6B7B : FE;
 6B7C : FE;
 6B7D : FE;
 6B7E : FE;
 6B7F : FE;
 6B80 : FE;
 6B81 : FE;
 6B82 : FE;
 6B83 : FE;
 6B84 : FE;
 6B85 : FE;
 6B86 : FE;
 6B87 : FE;
 6B88 : FE;
 6B89 : FE;
 6B8A : FE;
 6B8B : FE;
 6B8C : FE;
 6B8D : FE;
 6B8E : FE;
 6B8F : FE;
 6B90 : FE;
 6B91 : FE;
 6B92 : FE;
 6B93 : FE;
 6B94 : FE;
 6B95 : FE;
 6B96 : FE;
 6B97 : FE;
 6B98 : FE;
 6B99 : FE;
 6B9A : FE;
 6B9B : FE;
 6B9C : FE;
 6B9D : FE;
 6B9E : FE;
 6B9F : FE;
 6BA0 : FE;
 6BA1 : FE;
 6BA2 : FE;
 6BA3 : FE;
 6BA4 : FE;
 6BA5 : FE;
 6BA6 : FE;
 6BA7 : FE;
 6BA8 : FE;
 6BA9 : FE;
 6BAA : FE;
 6BAB : FE;
 6BAC : FE;
 6BAD : FE;
 6BAE : FE;
 6BAF : FE;
 6BB0 : FE;
 6BB1 : FE;
 6BB2 : FE;
 6BB3 : FE;
 6BB4 : FE;
 6BB5 : FE;
 6BB6 : FE;
 6BB7 : FE;
 6BB8 : FE;
 6BB9 : FE;
 6BBA : FE;
 6BBB : FE;
 6BBC : FE;
 6BBD : FE;
 6BBE : FE;
 6BBF : FE;
 6BC0 : FE;
 6BC1 : FE;
 6BC2 : FE;
 6BC3 : FE;
 6BC4 : FE;
 6BC5 : FE;
 6BC6 : FE;
 6BC7 : FE;
 6BC8 : FE;
 6BC9 : FE;
 6BCA : FE;
 6BCB : FE;
 6BCC : FE;
 6BCD : FE;
 6BCE : FE;
 6BCF : FE;
 6BD0 : FE;
 6BD1 : FE;
 6BD2 : FE;
 6BD3 : FE;
 6BD4 : FE;
 6BD5 : FE;
 6BD6 : FE;
 6BD7 : FE;
 6BD8 : FE;
 6BD9 : FE;
 6BDA : FE;
 6BDB : FE;
 6BDC : FE;
 6BDD : FE;
 6BDE : FE;
 6BDF : FE;
 6BE0 : FE;
 6BE1 : FE;
 6BE2 : FE;
 6BE3 : FE;
 6BE4 : FE;
 6BE5 : FE;
 6BE6 : FE;
 6BE7 : FE;
 6BE8 : FE;
 6BE9 : FE;
 6BEA : FE;
 6BEB : FE;
 6BEC : FE;
 6BED : FE;
 6BEE : FE;
 6BEF : FE;
 6BF0 : FE;
 6BF1 : FE;
 6BF2 : FE;
 6BF3 : FE;
 6BF4 : FE;
 6BF5 : FE;
 6BF6 : FE;
 6BF7 : FE;
 6BF8 : FE;
 6BF9 : FE;
 6BFA : FE;
 6BFB : FE;
 6BFC : FE;
 6BFD : FE;
 6BFE : FE;
 6BFF : FE;
 6C00 : FE;
 6C01 : FE;
 6C02 : FE;
 6C03 : FD;
 6C04 : FE;
 6C05 : FE;
 6C06 : FF;
 6C07 : FB;
 6C08 : F7;
 6C09 : FC;
 6C0A : BE;
 6C0B : 7A;
 6C0C : 7D;
 6C0D : 78;
 6C0E : 5E;
 6C0F : 55;
 6C10 : 5F;
 6C11 : 52;
 6C12 : 61;
 6C13 : 54;
 6C14 : 46;
 6C15 : 52;
 6C16 : 83;
 6C17 : 7D;
 6C18 : 7F;
 6C19 : 73;
 6C1A : 94;
 6C1B : 6A;
 6C1C : 49;
 6C1D : 51;
 6C1E : 54;
 6C1F : 4C;
 6C20 : 5A;
 6C21 : 4C;
 6C22 : 39;
 6C23 : 5D;
 6C24 : 8F;
 6C25 : 93;
 6C26 : 86;
 6C27 : 87;
 6C28 : 8D;
 6C29 : 62;
 6C2A : 57;
 6C2B : 53;
 6C2C : 40;
 6C2D : 53;
 6C2E : 5D;
 6C2F : 5B;
 6C30 : 4B;
 6C31 : 8A;
 6C32 : AB;
 6C33 : AD;
 6C34 : F8;
 6C35 : FA;
 6C36 : FE;
 6C37 : FE;
 6C38 : FE;
 6C39 : FE;
 6C3A : FE;
 6C3B : FD;
 6C3C : FD;
 6C3D : FD;
 6C3E : FD;
 6C3F : FE;
 6C40 : FE;
 6C41 : FE;
 6C42 : FE;
 6C43 : FE;
 6C44 : FE;
 6C45 : FE;
 6C46 : FE;
 6C47 : FE;
 6C48 : FE;
 6C49 : FE;
 6C4A : FE;
 6C4B : FE;
 6C4C : FE;
 6C4D : FE;
 6C4E : FE;
 6C4F : FE;
 6C50 : FE;
 6C51 : FE;
 6C52 : FE;
 6C53 : FE;
 6C54 : FE;
 6C55 : FE;
 6C56 : FE;
 6C57 : FE;
 6C58 : FE;
 6C59 : FE;
 6C5A : FE;
 6C5B : FE;
 6C5C : FE;
 6C5D : FE;
 6C5E : FE;
 6C5F : FE;
 6C60 : FE;
 6C61 : FE;
 6C62 : FE;
 6C63 : FE;
 6C64 : FE;
 6C65 : FE;
 6C66 : FE;
 6C67 : FE;
 6C68 : FE;
 6C69 : FE;
 6C6A : FE;
 6C6B : FE;
 6C6C : FE;
 6C6D : FE;
 6C6E : FE;
 6C6F : FE;
 6C70 : FE;
 6C71 : FE;
 6C72 : FE;
 6C73 : FE;
 6C74 : FE;
 6C75 : FE;
 6C76 : FE;
 6C77 : FE;
 6C78 : FE;
 6C79 : FE;
 6C7A : FE;
 6C7B : FE;
 6C7C : FE;
 6C7D : FE;
 6C7E : FE;
 6C7F : FE;
 6C80 : FE;
 6C81 : FE;
 6C82 : FE;
 6C83 : FE;
 6C84 : FE;
 6C85 : FE;
 6C86 : FE;
 6C87 : FE;
 6C88 : FE;
 6C89 : FE;
 6C8A : FE;
 6C8B : FE;
 6C8C : FE;
 6C8D : FE;
 6C8E : FE;
 6C8F : FE;
 6C90 : FE;
 6C91 : FE;
 6C92 : FE;
 6C93 : FE;
 6C94 : FE;
 6C95 : FE;
 6C96 : FE;
 6C97 : FE;
 6C98 : FE;
 6C99 : FE;
 6C9A : FE;
 6C9B : FE;
 6C9C : FE;
 6C9D : FE;
 6C9E : FE;
 6C9F : FE;
 6CA0 : FE;
 6CA1 : FE;
 6CA2 : FE;
 6CA3 : FE;
 6CA4 : FE;
 6CA5 : FE;
 6CA6 : FE;
 6CA7 : FE;
 6CA8 : FE;
 6CA9 : FE;
 6CAA : FE;
 6CAB : FE;
 6CAC : FE;
 6CAD : FE;
 6CAE : FE;
 6CAF : FE;
 6CB0 : FE;
 6CB1 : FE;
 6CB2 : FE;
 6CB3 : FE;
 6CB4 : FE;
 6CB5 : FE;
 6CB6 : FE;
 6CB7 : FE;
 6CB8 : FE;
 6CB9 : FE;
 6CBA : FE;
 6CBB : FE;
 6CBC : FE;
 6CBD : FE;
 6CBE : FE;
 6CBF : FE;
 6CC0 : FE;
 6CC1 : FE;
 6CC2 : FE;
 6CC3 : FE;
 6CC4 : FE;
 6CC5 : FE;
 6CC6 : FE;
 6CC7 : FE;
 6CC8 : FE;
 6CC9 : FE;
 6CCA : FE;
 6CCB : FE;
 6CCC : FE;
 6CCD : FE;
 6CCE : FE;
 6CCF : FE;
 6CD0 : FE;
 6CD1 : FE;
 6CD2 : FE;
 6CD3 : FE;
 6CD4 : FE;
 6CD5 : FE;
 6CD6 : FE;
 6CD7 : FE;
 6CD8 : FE;
 6CD9 : FE;
 6CDA : FE;
 6CDB : FE;
 6CDC : FE;
 6CDD : FE;
 6CDE : FE;
 6CDF : FE;
 6CE0 : FE;
 6CE1 : FE;
 6CE2 : FE;
 6CE3 : FE;
 6CE4 : FE;
 6CE5 : FE;
 6CE6 : FE;
 6CE7 : FE;
 6CE8 : FE;
 6CE9 : FE;
 6CEA : FE;
 6CEB : FE;
 6CEC : FE;
 6CED : FE;
 6CEE : FE;
 6CEF : FE;
 6CF0 : FE;
 6CF1 : FE;
 6CF2 : FE;
 6CF3 : FE;
 6CF4 : FE;
 6CF5 : FE;
 6CF6 : FE;
 6CF7 : FE;
 6CF8 : FE;
 6CF9 : FE;
 6CFA : FE;
 6CFB : FE;
 6CFC : FE;
 6CFD : FE;
 6CFE : FE;
 6CFF : FE;
 6D00 : FE;
 6D01 : FE;
 6D02 : FE;
 6D03 : FE;
 6D04 : FE;
 6D05 : FE;
 6D06 : FE;
 6D07 : FE;
 6D08 : FE;
 6D09 : FE;
 6D0A : FE;
 6D0B : FE;
 6D0C : FE;
 6D0D : FE;
 6D0E : FE;
 6D0F : FE;
 6D10 : FE;
 6D11 : FE;
 6D12 : FE;
 6D13 : FE;
 6D14 : FE;
 6D15 : FE;
 6D16 : FE;
 6D17 : FE;
 6D18 : FE;
 6D19 : FE;
 6D1A : FE;
 6D1B : FE;
 6D1C : FE;
 6D1D : FE;
 6D1E : FE;
 6D1F : FE;
 6D20 : FE;
 6D21 : FE;
 6D22 : FE;
 6D23 : FE;
 6D24 : FE;
 6D25 : FE;
 6D26 : FE;
 6D27 : FE;
 6D28 : FE;
 6D29 : FE;
 6D2A : FE;
 6D2B : FE;
 6D2C : FE;
 6D2D : FE;
 6D2E : FE;
 6D2F : FE;
 6D30 : FE;
 6D31 : FE;
 6D32 : FE;
 6D33 : FE;
 6D34 : FE;
 6D35 : FE;
 6D36 : FE;
 6D37 : FE;
 6D38 : FE;
 6D39 : FE;
 6D3A : FE;
 6D3B : FE;
 6D3C : FE;
 6D3D : FE;
 6D3E : FE;
 6D3F : FE;
 6D40 : FE;
 6D41 : FE;
 6D42 : FE;
 6D43 : FD;
 6D44 : FD;
 6D45 : FE;
 6D46 : FE;
 6D47 : FF;
 6D48 : FE;
 6D49 : FE;
 6D4A : AC;
 6D4B : 47;
 6D4C : 32;
 6D4D : 3A;
 6D4E : 3E;
 6D4F : 40;
 6D50 : 3E;
 6D51 : 45;
 6D52 : 3C;
 6D53 : 4B;
 6D54 : 30;
 6D55 : 40;
 6D56 : 38;
 6D57 : 33;
 6D58 : 42;
 6D59 : 34;
 6D5A : 28;
 6D5B : 2A;
 6D5C : 3B;
 6D5D : 4E;
 6D5E : 3D;
 6D5F : 3B;
 6D60 : 3B;
 6D61 : 37;
 6D62 : 40;
 6D63 : 38;
 6D64 : 2F;
 6D65 : 39;
 6D66 : 33;
 6D67 : 2F;
 6D68 : 4C;
 6D69 : 35;
 6D6A : 38;
 6D6B : 51;
 6D6C : 39;
 6D6D : 2E;
 6D6E : 44;
 6D6F : 49;
 6D70 : 37;
 6D71 : 3D;
 6D72 : 6B;
 6D73 : 83;
 6D74 : FE;
 6D75 : F9;
 6D76 : F5;
 6D77 : FE;
 6D78 : FE;
 6D79 : FE;
 6D7A : FE;
 6D7B : FE;
 6D7C : FD;
 6D7D : FD;
 6D7E : FD;
 6D7F : FE;
 6D80 : FE;
 6D81 : FE;
 6D82 : FE;
 6D83 : FE;
 6D84 : FE;
 6D85 : FE;
 6D86 : FE;
 6D87 : FE;
 6D88 : FE;
 6D89 : FE;
 6D8A : FE;
 6D8B : FE;
 6D8C : FE;
 6D8D : FE;
 6D8E : FE;
 6D8F : FE;
 6D90 : FE;
 6D91 : FE;
 6D92 : FE;
 6D93 : FE;
 6D94 : FE;
 6D95 : FE;
 6D96 : FE;
 6D97 : FE;
 6D98 : FE;
 6D99 : FE;
 6D9A : FE;
 6D9B : FE;
 6D9C : FE;
 6D9D : FE;
 6D9E : FE;
 6D9F : FE;
 6DA0 : FE;
 6DA1 : FE;
 6DA2 : FE;
 6DA3 : FE;
 6DA4 : FE;
 6DA5 : FE;
 6DA6 : FE;
 6DA7 : FE;
 6DA8 : FE;
 6DA9 : FE;
 6DAA : FE;
 6DAB : FE;
 6DAC : FE;
 6DAD : FE;
 6DAE : FE;
 6DAF : FE;
 6DB0 : FE;
 6DB1 : FE;
 6DB2 : FE;
 6DB3 : FE;
 6DB4 : FE;
 6DB5 : FE;
 6DB6 : FE;
 6DB7 : FE;
 6DB8 : FE;
 6DB9 : FE;
 6DBA : FE;
 6DBB : FE;
 6DBC : FE;
 6DBD : FE;
 6DBE : FE;
 6DBF : FE;
 6DC0 : FE;
 6DC1 : FE;
 6DC2 : FE;
 6DC3 : FE;
 6DC4 : FE;
 6DC5 : FE;
 6DC6 : FE;
 6DC7 : FE;
 6DC8 : FE;
 6DC9 : FE;
 6DCA : FE;
 6DCB : FE;
 6DCC : FE;
 6DCD : FE;
 6DCE : FE;
 6DCF : FE;
 6DD0 : FE;
 6DD1 : FE;
 6DD2 : FE;
 6DD3 : FE;
 6DD4 : FE;
 6DD5 : FE;
 6DD6 : FE;
 6DD7 : FE;
 6DD8 : FE;
 6DD9 : FE;
 6DDA : FE;
 6DDB : FE;
 6DDC : FE;
 6DDD : FE;
 6DDE : FE;
 6DDF : FE;
 6DE0 : FE;
 6DE1 : FE;
 6DE2 : FE;
 6DE3 : FE;
 6DE4 : FE;
 6DE5 : FE;
 6DE6 : FE;
 6DE7 : FE;
 6DE8 : FE;
 6DE9 : FE;
 6DEA : FE;
 6DEB : FE;
 6DEC : FE;
 6DED : FE;
 6DEE : FE;
 6DEF : FE;
 6DF0 : FE;
 6DF1 : FE;
 6DF2 : FE;
 6DF3 : FE;
 6DF4 : FE;
 6DF5 : FE;
 6DF6 : FE;
 6DF7 : FE;
 6DF8 : FE;
 6DF9 : FE;
 6DFA : FE;
 6DFB : FE;
 6DFC : FE;
 6DFD : FE;
 6DFE : FE;
 6DFF : FE;
 6E00 : FE;
 6E01 : FE;
 6E02 : FE;
 6E03 : FE;
 6E04 : FE;
 6E05 : FE;
 6E06 : FE;
 6E07 : FE;
 6E08 : FE;
 6E09 : FE;
 6E0A : FE;
 6E0B : FE;
 6E0C : FE;
 6E0D : FE;
 6E0E : FE;
 6E0F : FE;
 6E10 : FE;
 6E11 : FE;
 6E12 : FE;
 6E13 : FE;
 6E14 : FE;
 6E15 : FE;
 6E16 : FE;
 6E17 : FE;
 6E18 : FE;
 6E19 : FE;
 6E1A : FE;
 6E1B : FE;
 6E1C : FE;
 6E1D : FE;
 6E1E : FE;
 6E1F : FE;
 6E20 : FE;
 6E21 : FE;
 6E22 : FE;
 6E23 : FE;
 6E24 : FE;
 6E25 : FE;
 6E26 : FE;
 6E27 : FE;
 6E28 : FE;
 6E29 : FE;
 6E2A : FE;
 6E2B : FE;
 6E2C : FE;
 6E2D : FE;
 6E2E : FE;
 6E2F : FE;
 6E30 : FE;
 6E31 : FE;
 6E32 : FE;
 6E33 : FE;
 6E34 : FE;
 6E35 : FE;
 6E36 : FE;
 6E37 : FE;
 6E38 : FE;
 6E39 : FE;
 6E3A : FE;
 6E3B : FE;
 6E3C : FE;
 6E3D : FE;
 6E3E : FE;
 6E3F : FE;
 6E40 : FE;
 6E41 : FE;
 6E42 : FE;
 6E43 : FE;
 6E44 : FE;
 6E45 : FE;
 6E46 : FE;
 6E47 : FE;
 6E48 : FE;
 6E49 : FE;
 6E4A : FE;
 6E4B : FE;
 6E4C : FE;
 6E4D : FE;
 6E4E : FE;
 6E4F : FE;
 6E50 : FE;
 6E51 : FE;
 6E52 : FE;
 6E53 : FE;
 6E54 : FE;
 6E55 : FE;
 6E56 : FE;
 6E57 : FE;
 6E58 : FE;
 6E59 : FE;
 6E5A : FE;
 6E5B : FE;
 6E5C : FE;
 6E5D : FE;
 6E5E : FE;
 6E5F : FE;
 6E60 : FE;
 6E61 : FE;
 6E62 : FE;
 6E63 : FE;
 6E64 : FE;
 6E65 : FE;
 6E66 : FE;
 6E67 : FE;
 6E68 : FE;
 6E69 : FE;
 6E6A : FE;
 6E6B : FE;
 6E6C : FE;
 6E6D : FE;
 6E6E : FE;
 6E6F : FE;
 6E70 : FE;
 6E71 : FE;
 6E72 : FE;
 6E73 : FE;
 6E74 : FE;
 6E75 : FE;
 6E76 : FE;
 6E77 : FE;
 6E78 : FE;
 6E79 : FE;
 6E7A : FE;
 6E7B : FE;
 6E7C : FE;
 6E7D : FE;
 6E7E : FE;
 6E7F : FE;
 6E80 : FE;
 6E81 : FE;
 6E82 : FE;
 6E83 : FD;
 6E84 : FD;
 6E85 : FE;
 6E86 : FE;
 6E87 : FB;
 6E88 : FE;
 6E89 : FE;
 6E8A : B3;
 6E8B : 9E;
 6E8C : 59;
 6E8D : 26;
 6E8E : 4B;
 6E8F : 3B;
 6E90 : 37;
 6E91 : 39;
 6E92 : 37;
 6E93 : 33;
 6E94 : 3E;
 6E95 : 40;
 6E96 : 2F;
 6E97 : 3A;
 6E98 : 34;
 6E99 : 40;
 6E9A : 2D;
 6E9B : 4C;
 6E9C : 29;
 6E9D : 31;
 6E9E : 2A;
 6E9F : 2E;
 6EA0 : 36;
 6EA1 : 3F;
 6EA2 : 34;
 6EA3 : 38;
 6EA4 : 3D;
 6EA5 : 30;
 6EA6 : 37;
 6EA7 : 36;
 6EA8 : 33;
 6EA9 : 34;
 6EAA : 39;
 6EAB : 39;
 6EAC : 35;
 6EAD : 36;
 6EAE : 39;
 6EAF : 41;
 6EB0 : 3F;
 6EB1 : 64;
 6EB2 : 8C;
 6EB3 : 82;
 6EB4 : FE;
 6EB5 : F7;
 6EB6 : FE;
 6EB7 : FE;
 6EB8 : FE;
 6EB9 : FE;
 6EBA : FE;
 6EBB : FE;
 6EBC : FE;
 6EBD : FE;
 6EBE : FE;
 6EBF : FE;
 6EC0 : FE;
 6EC1 : FE;
 6EC2 : FE;
 6EC3 : FE;
 6EC4 : FE;
 6EC5 : FE;
 6EC6 : FE;
 6EC7 : FE;
 6EC8 : FE;
 6EC9 : FE;
 6ECA : FE;
 6ECB : FE;
 6ECC : FE;
 6ECD : FE;
 6ECE : FE;
 6ECF : FE;
 6ED0 : FE;
 6ED1 : FE;
 6ED2 : FE;
 6ED3 : FE;
 6ED4 : FE;
 6ED5 : FE;
 6ED6 : FE;
 6ED7 : FE;
 6ED8 : FE;
 6ED9 : FE;
 6EDA : FE;
 6EDB : FE;
 6EDC : FE;
 6EDD : FE;
 6EDE : FE;
 6EDF : FE;
 6EE0 : FE;
 6EE1 : FE;
 6EE2 : FE;
 6EE3 : FE;
 6EE4 : FE;
 6EE5 : FE;
 6EE6 : FE;
 6EE7 : FE;
 6EE8 : FE;
 6EE9 : FE;
 6EEA : FE;
 6EEB : FE;
 6EEC : FE;
 6EED : FE;
 6EEE : FE;
 6EEF : FE;
 6EF0 : FE;
 6EF1 : FE;
 6EF2 : FE;
 6EF3 : FE;
 6EF4 : FE;
 6EF5 : FE;
 6EF6 : FE;
 6EF7 : FE;
 6EF8 : FE;
 6EF9 : FE;
 6EFA : FE;
 6EFB : FE;
 6EFC : FE;
 6EFD : FE;
 6EFE : FE;
 6EFF : FE;
 6F00 : FE;
 6F01 : FE;
 6F02 : FE;
 6F03 : FE;
 6F04 : FE;
 6F05 : FE;
 6F06 : FE;
 6F07 : FE;
 6F08 : FE;
 6F09 : FE;
 6F0A : FE;
 6F0B : FE;
 6F0C : FE;
 6F0D : FE;
 6F0E : FE;
 6F0F : FE;
 6F10 : FE;
 6F11 : FE;
 6F12 : FE;
 6F13 : FE;
 6F14 : FE;
 6F15 : FE;
 6F16 : FE;
 6F17 : FE;
 6F18 : FE;
 6F19 : FE;
 6F1A : FE;
 6F1B : FE;
 6F1C : FE;
 6F1D : FE;
 6F1E : FE;
 6F1F : FE;
 6F20 : FE;
 6F21 : FE;
 6F22 : FE;
 6F23 : FE;
 6F24 : FE;
 6F25 : FE;
 6F26 : FE;
 6F27 : FE;
 6F28 : FE;
 6F29 : FE;
 6F2A : FE;
 6F2B : FE;
 6F2C : FE;
 6F2D : FE;
 6F2E : FE;
 6F2F : FE;
 6F30 : FE;
 6F31 : FE;
 6F32 : FE;
 6F33 : FE;
 6F34 : FE;
 6F35 : FE;
 6F36 : FE;
 6F37 : FE;
 6F38 : FE;
 6F39 : FE;
 6F3A : FE;
 6F3B : FE;
 6F3C : FE;
 6F3D : FE;
 6F3E : FE;
 6F3F : FE;
 6F40 : FE;
 6F41 : FE;
 6F42 : FE;
 6F43 : FE;
 6F44 : FE;
 6F45 : FE;
 6F46 : FE;
 6F47 : FE;
 6F48 : FE;
 6F49 : FE;
 6F4A : FE;
 6F4B : FE;
 6F4C : FE;
 6F4D : FE;
 6F4E : FE;
 6F4F : FE;
 6F50 : FE;
 6F51 : FE;
 6F52 : FE;
 6F53 : FE;
 6F54 : FE;
 6F55 : FE;
 6F56 : FE;
 6F57 : FE;
 6F58 : FE;
 6F59 : FE;
 6F5A : FE;
 6F5B : FE;
 6F5C : FE;
 6F5D : FE;
 6F5E : FE;
 6F5F : FE;
 6F60 : FE;
 6F61 : FE;
 6F62 : FE;
 6F63 : FE;
 6F64 : FE;
 6F65 : FE;
 6F66 : FE;
 6F67 : FE;
 6F68 : FE;
 6F69 : FE;
 6F6A : FE;
 6F6B : FE;
 6F6C : FE;
 6F6D : FE;
 6F6E : FE;
 6F6F : FE;
 6F70 : FE;
 6F71 : FE;
 6F72 : FE;
 6F73 : FE;
 6F74 : FE;
 6F75 : FE;
 6F76 : FE;
 6F77 : FE;
 6F78 : FE;
 6F79 : FE;
 6F7A : FE;
 6F7B : FE;
 6F7C : FE;
 6F7D : FE;
 6F7E : FE;
 6F7F : FE;
 6F80 : FE;
 6F81 : FE;
 6F82 : FE;
 6F83 : FE;
 6F84 : FE;
 6F85 : FE;
 6F86 : FE;
 6F87 : FE;
 6F88 : FE;
 6F89 : FE;
 6F8A : FE;
 6F8B : FE;
 6F8C : FE;
 6F8D : FE;
 6F8E : FE;
 6F8F : FE;
 6F90 : FE;
 6F91 : FE;
 6F92 : FE;
 6F93 : FE;
 6F94 : FE;
 6F95 : FE;
 6F96 : FE;
 6F97 : FE;
 6F98 : FE;
 6F99 : FE;
 6F9A : FE;
 6F9B : FE;
 6F9C : FE;
 6F9D : FE;
 6F9E : FE;
 6F9F : FE;
 6FA0 : FE;
 6FA1 : FE;
 6FA2 : FE;
 6FA3 : FE;
 6FA4 : FE;
 6FA5 : FE;
 6FA6 : FE;
 6FA7 : FE;
 6FA8 : FE;
 6FA9 : FE;
 6FAA : FE;
 6FAB : FE;
 6FAC : FE;
 6FAD : FE;
 6FAE : FE;
 6FAF : FE;
 6FB0 : FE;
 6FB1 : FE;
 6FB2 : FE;
 6FB3 : FE;
 6FB4 : FE;
 6FB5 : FE;
 6FB6 : FE;
 6FB7 : FE;
 6FB8 : FE;
 6FB9 : FE;
 6FBA : FE;
 6FBB : FE;
 6FBC : FE;
 6FBD : FE;
 6FBE : FE;
 6FBF : FE;
 6FC0 : FE;
 6FC1 : FE;
 6FC2 : FE;
 6FC3 : FD;
 6FC4 : FD;
 6FC5 : FE;
 6FC6 : FE;
 6FC7 : F8;
 6FC8 : FE;
 6FC9 : F2;
 6FCA : BF;
 6FCB : 97;
 6FCC : 8F;
 6FCD : 3B;
 6FCE : 39;
 6FCF : 41;
 6FD0 : 31;
 6FD1 : 36;
 6FD2 : 43;
 6FD3 : 3B;
 6FD4 : 31;
 6FD5 : 36;
 6FD6 : 3A;
 6FD7 : 3D;
 6FD8 : 28;
 6FD9 : 39;
 6FDA : 28;
 6FDB : 32;
 6FDC : 2D;
 6FDD : 2C;
 6FDE : 58;
 6FDF : 7C;
 6FE0 : 1D;
 6FE1 : 41;
 6FE2 : 35;
 6FE3 : 3A;
 6FE4 : 52;
 6FE5 : 38;
 6FE6 : 34;
 6FE7 : 36;
 6FE8 : 34;
 6FE9 : 34;
 6FEA : 3A;
 6FEB : 3B;
 6FEC : 38;
 6FED : 36;
 6FEE : 3A;
 6FEF : 3E;
 6FF0 : 4E;
 6FF1 : 7D;
 6FF2 : 9A;
 6FF3 : 82;
 6FF4 : FE;
 6FF5 : F7;
 6FF6 : FE;
 6FF7 : FE;
 6FF8 : FE;
 6FF9 : FE;
 6FFA : FE;
 6FFB : FE;
 6FFC : FE;
 6FFD : FE;
 6FFE : FE;
 6FFF : FE;
 7000 : FE;
 7001 : FE;
 7002 : FE;
 7003 : FE;
 7004 : FE;
 7005 : FE;
 7006 : FE;
 7007 : FE;
 7008 : FE;
 7009 : FE;
 700A : FE;
 700B : FE;
 700C : FE;
 700D : FE;
 700E : FE;
 700F : FE;
 7010 : FE;
 7011 : FE;
 7012 : FE;
 7013 : FE;
 7014 : FE;
 7015 : FE;
 7016 : FE;
 7017 : FE;
 7018 : FE;
 7019 : FE;
 701A : FE;
 701B : FE;
 701C : FE;
 701D : FE;
 701E : FE;
 701F : FE;
 7020 : FE;
 7021 : FE;
 7022 : FE;
 7023 : FE;
 7024 : FE;
 7025 : FE;
 7026 : FE;
 7027 : FE;
 7028 : FE;
 7029 : FE;
 702A : FE;
 702B : FE;
 702C : FE;
 702D : FE;
 702E : FE;
 702F : FE;
 7030 : FE;
 7031 : FE;
 7032 : FE;
 7033 : FE;
 7034 : FE;
 7035 : FE;
 7036 : FE;
 7037 : FE;
 7038 : FE;
 7039 : FE;
 703A : FE;
 703B : FE;
 703C : FE;
 703D : FE;
 703E : FE;
 703F : FE;
 7040 : FE;
 7041 : FE;
 7042 : FE;
 7043 : FE;
 7044 : FE;
 7045 : FE;
 7046 : FE;
 7047 : FE;
 7048 : FE;
 7049 : FE;
 704A : FE;
 704B : FE;
 704C : FE;
 704D : FE;
 704E : FE;
 704F : FE;
 7050 : FE;
 7051 : FE;
 7052 : FE;
 7053 : FE;
 7054 : FE;
 7055 : FE;
 7056 : FE;
 7057 : FE;
 7058 : FE;
 7059 : FE;
 705A : FE;
 705B : FE;
 705C : FE;
 705D : FE;
 705E : FE;
 705F : FE;
 7060 : FE;
 7061 : FE;
 7062 : FE;
 7063 : FE;
 7064 : FE;
 7065 : FE;
 7066 : FE;
 7067 : FE;
 7068 : FE;
 7069 : FE;
 706A : FE;
 706B : FE;
 706C : FE;
 706D : FE;
 706E : FE;
 706F : FE;
 7070 : FE;
 7071 : FE;
 7072 : FE;
 7073 : FE;
 7074 : FE;
 7075 : FE;
 7076 : FE;
 7077 : FE;
 7078 : FE;
 7079 : FE;
 707A : FE;
 707B : FE;
 707C : FE;
 707D : FE;
 707E : FE;
 707F : FE;
 7080 : FE;
 7081 : FE;
 7082 : FE;
 7083 : FE;
 7084 : FE;
 7085 : FE;
 7086 : FE;
 7087 : FE;
 7088 : FE;
 7089 : FE;
 708A : FE;
 708B : FE;
 708C : FE;
 708D : FE;
 708E : FE;
 708F : FE;
 7090 : FE;
 7091 : FE;
 7092 : FE;
 7093 : FE;
 7094 : FE;
 7095 : FE;
 7096 : FE;
 7097 : FE;
 7098 : FE;
 7099 : FE;
 709A : FE;
 709B : FE;
 709C : FE;
 709D : FE;
 709E : FE;
 709F : FE;
 70A0 : FE;
 70A1 : FE;
 70A2 : FE;
 70A3 : FE;
 70A4 : FE;
 70A5 : FE;
 70A6 : FE;
 70A7 : FE;
 70A8 : FE;
 70A9 : FE;
 70AA : FE;
 70AB : FE;
 70AC : FE;
 70AD : FE;
 70AE : FE;
 70AF : FE;
 70B0 : FE;
 70B1 : FE;
 70B2 : FE;
 70B3 : FE;
 70B4 : FE;
 70B5 : FE;
 70B6 : FE;
 70B7 : FE;
 70B8 : FE;
 70B9 : FE;
 70BA : FE;
 70BB : FE;
 70BC : FE;
 70BD : FE;
 70BE : FE;
 70BF : FE;
 70C0 : FE;
 70C1 : FE;
 70C2 : FE;
 70C3 : FE;
 70C4 : FE;
 70C5 : FE;
 70C6 : FE;
 70C7 : FE;
 70C8 : FE;
 70C9 : FE;
 70CA : FE;
 70CB : FE;
 70CC : FE;
 70CD : FE;
 70CE : FE;
 70CF : FE;
 70D0 : FE;
 70D1 : FE;
 70D2 : FE;
 70D3 : FE;
 70D4 : FE;
 70D5 : FE;
 70D6 : FE;
 70D7 : FE;
 70D8 : FE;
 70D9 : FE;
 70DA : FE;
 70DB : FE;
 70DC : FE;
 70DD : FE;
 70DE : FE;
 70DF : FE;
 70E0 : FE;
 70E1 : FE;
 70E2 : FE;
 70E3 : FE;
 70E4 : FE;
 70E5 : FE;
 70E6 : FE;
 70E7 : FE;
 70E8 : FE;
 70E9 : FE;
 70EA : FE;
 70EB : FE;
 70EC : FE;
 70ED : FE;
 70EE : FE;
 70EF : FE;
 70F0 : FE;
 70F1 : FE;
 70F2 : FE;
 70F3 : FE;
 70F4 : FE;
 70F5 : FE;
 70F6 : FE;
 70F7 : FE;
 70F8 : FE;
 70F9 : FE;
 70FA : FE;
 70FB : FE;
 70FC : FE;
 70FD : FE;
 70FE : FE;
 70FF : FE;
 7100 : FE;
 7101 : FE;
 7102 : FE;
 7103 : FE;
 7104 : FE;
 7105 : FE;
 7106 : FE;
 7107 : F9;
 7108 : FE;
 7109 : F3;
 710A : BC;
 710B : 9C;
 710C : BD;
 710D : 6A;
 710E : 32;
 710F : 3A;
 7110 : 31;
 7111 : 3C;
 7112 : 46;
 7113 : 3A;
 7114 : 31;
 7115 : 38;
 7116 : 3C;
 7117 : 41;
 7118 : 25;
 7119 : 36;
 711A : 33;
 711B : 64;
 711C : 9C;
 711D : 78;
 711E : 86;
 711F : 61;
 7120 : 59;
 7121 : 88;
 7122 : 52;
 7123 : 2F;
 7124 : 34;
 7125 : 39;
 7126 : 3D;
 7127 : 38;
 7128 : 34;
 7129 : 36;
 712A : 3C;
 712B : 3C;
 712C : 39;
 712D : 38;
 712E : 3A;
 712F : 42;
 7130 : 68;
 7131 : A0;
 7132 : AB;
 7133 : 81;
 7134 : FE;
 7135 : F7;
 7136 : FE;
 7137 : FE;
 7138 : FE;
 7139 : FE;
 713A : FE;
 713B : FE;
 713C : FE;
 713D : FE;
 713E : FE;
 713F : FE;
 7140 : FE;
 7141 : FE;
 7142 : FE;
 7143 : FE;
 7144 : FE;
 7145 : FE;
 7146 : FE;
 7147 : FE;
 7148 : FE;
 7149 : FE;
 714A : FE;
 714B : FE;
 714C : FE;
 714D : FE;
 714E : FE;
 714F : FE;
 7150 : FE;
 7151 : FE;
 7152 : FE;
 7153 : FE;
 7154 : FE;
 7155 : FE;
 7156 : FE;
 7157 : FE;
 7158 : FE;
 7159 : FE;
 715A : FE;
 715B : FE;
 715C : FE;
 715D : FE;
 715E : FE;
 715F : FE;
 7160 : FE;
 7161 : FE;
 7162 : FE;
 7163 : FE;
 7164 : FE;
 7165 : FE;
 7166 : FE;
 7167 : FE;
 7168 : FE;
 7169 : FE;
 716A : FE;
 716B : FE;
 716C : FE;
 716D : FE;
 716E : FE;
 716F : FE;
 7170 : FE;
 7171 : FE;
 7172 : FE;
 7173 : FE;
 7174 : FE;
 7175 : FE;
 7176 : FE;
 7177 : FE;
 7178 : FE;
 7179 : FE;
 717A : FE;
 717B : FE;
 717C : FE;
 717D : FE;
 717E : FE;
 717F : FE;
 7180 : FE;
 7181 : FE;
 7182 : FE;
 7183 : FE;
 7184 : FE;
 7185 : FE;
 7186 : FE;
 7187 : FE;
 7188 : FE;
 7189 : FE;
 718A : FE;
 718B : FE;
 718C : FE;
 718D : FE;
 718E : FE;
 718F : FE;
 7190 : FE;
 7191 : FE;
 7192 : FE;
 7193 : FE;
 7194 : FE;
 7195 : FE;
 7196 : FE;
 7197 : FE;
 7198 : FE;
 7199 : FE;
 719A : FE;
 719B : FE;
 719C : FE;
 719D : FE;
 719E : FE;
 719F : FE;
 71A0 : FE;
 71A1 : FE;
 71A2 : FE;
 71A3 : FE;
 71A4 : FE;
 71A5 : FE;
 71A6 : FE;
 71A7 : FE;
 71A8 : FE;
 71A9 : FE;
 71AA : FE;
 71AB : FE;
 71AC : FE;
 71AD : FE;
 71AE : FE;
 71AF : FE;
 71B0 : FE;
 71B1 : FE;
 71B2 : FE;
 71B3 : FE;
 71B4 : FE;
 71B5 : FE;
 71B6 : FE;
 71B7 : FE;
 71B8 : FE;
 71B9 : FE;
 71BA : FE;
 71BB : FE;
 71BC : FE;
 71BD : FE;
 71BE : FE;
 71BF : FE;
 71C0 : FE;
 71C1 : FE;
 71C2 : FE;
 71C3 : FE;
 71C4 : FE;
 71C5 : FE;
 71C6 : FE;
 71C7 : FE;
 71C8 : FE;
 71C9 : FE;
 71CA : FE;
 71CB : FE;
 71CC : FE;
 71CD : FE;
 71CE : FE;
 71CF : FE;
 71D0 : FE;
 71D1 : FE;
 71D2 : FE;
 71D3 : FE;
 71D4 : FE;
 71D5 : FE;
 71D6 : FE;
 71D7 : FE;
 71D8 : FE;
 71D9 : FE;
 71DA : FE;
 71DB : FE;
 71DC : FE;
 71DD : FE;
 71DE : FE;
 71DF : FE;
 71E0 : FE;
 71E1 : FE;
 71E2 : FE;
 71E3 : FE;
 71E4 : FE;
 71E5 : FE;
 71E6 : FE;
 71E7 : FE;
 71E8 : FE;
 71E9 : FE;
 71EA : FE;
 71EB : FE;
 71EC : FE;
 71ED : FE;
 71EE : FE;
 71EF : FE;
 71F0 : FE;
 71F1 : FE;
 71F2 : FE;
 71F3 : FE;
 71F4 : FE;
 71F5 : FE;
 71F6 : FE;
 71F7 : FE;
 71F8 : FE;
 71F9 : FE;
 71FA : FE;
 71FB : FE;
 71FC : FE;
 71FD : FE;
 71FE : FE;
 71FF : FE;
 7200 : FE;
 7201 : FE;
 7202 : FE;
 7203 : FE;
 7204 : FE;
 7205 : FE;
 7206 : FE;
 7207 : FE;
 7208 : FE;
 7209 : FE;
 720A : FE;
 720B : FE;
 720C : FE;
 720D : FE;
 720E : FE;
 720F : FE;
 7210 : FE;
 7211 : FE;
 7212 : FE;
 7213 : FE;
 7214 : FE;
 7215 : FE;
 7216 : FE;
 7217 : FE;
 7218 : FE;
 7219 : FE;
 721A : FE;
 721B : FE;
 721C : FE;
 721D : FE;
 721E : FE;
 721F : FE;
 7220 : FE;
 7221 : FE;
 7222 : FE;
 7223 : FE;
 7224 : FE;
 7225 : FE;
 7226 : FE;
 7227 : FE;
 7228 : FE;
 7229 : FE;
 722A : FE;
 722B : FE;
 722C : FE;
 722D : FE;
 722E : FE;
 722F : FE;
 7230 : FE;
 7231 : FE;
 7232 : FE;
 7233 : FE;
 7234 : FE;
 7235 : FE;
 7236 : FE;
 7237 : FE;
 7238 : FE;
 7239 : FE;
 723A : FE;
 723B : FE;
 723C : FE;
 723D : FE;
 723E : FE;
 723F : FE;
 7240 : FE;
 7241 : FE;
 7242 : FE;
 7243 : FE;
 7244 : FE;
 7245 : FE;
 7246 : FE;
 7247 : FE;
 7248 : F9;
 7249 : FE;
 724A : AD;
 724B : A7;
 724C : C1;
 724D : 9D;
 724E : 51;
 724F : 28;
 7250 : 37;
 7251 : 44;
 7252 : 3B;
 7253 : 2E;
 7254 : 3A;
 7255 : 40;
 7256 : 31;
 7257 : 1D;
 7258 : 25;
 7259 : 55;
 725A : 56;
 725B : 6E;
 725C : 60;
 725D : 4F;
 725E : 60;
 725F : 28;
 7260 : 7D;
 7261 : 59;
 7262 : 5A;
 7263 : 6C;
 7264 : 52;
 7265 : 44;
 7266 : 38;
 7267 : 38;
 7268 : 34;
 7269 : 36;
 726A : 3A;
 726B : 3A;
 726C : 38;
 726D : 38;
 726E : 3D;
 726F : 54;
 7270 : 85;
 7271 : B8;
 7272 : B3;
 7273 : 7D;
 7274 : FE;
 7275 : F9;
 7276 : FE;
 7277 : FE;
 7278 : FE;
 7279 : FE;
 727A : FE;
 727B : FE;
 727C : FE;
 727D : FE;
 727E : FE;
 727F : FE;
 7280 : FE;
 7281 : FE;
 7282 : FE;
 7283 : FE;
 7284 : FE;
 7285 : FE;
 7286 : FE;
 7287 : FE;
 7288 : FE;
 7289 : FE;
 728A : FE;
 728B : FE;
 728C : FE;
 728D : FE;
 728E : FE;
 728F : FE;
 7290 : FE;
 7291 : FE;
 7292 : FE;
 7293 : FE;
 7294 : FE;
 7295 : FE;
 7296 : FE;
 7297 : FE;
 7298 : FE;
 7299 : FE;
 729A : FE;
 729B : FE;
 729C : FE;
 729D : FE;
 729E : FE;
 729F : FE;
 72A0 : FE;
 72A1 : FE;
 72A2 : FE;
 72A3 : FE;
 72A4 : FE;
 72A5 : FE;
 72A6 : FE;
 72A7 : FE;
 72A8 : FE;
 72A9 : FE;
 72AA : FE;
 72AB : FE;
 72AC : FE;
 72AD : FE;
 72AE : FE;
 72AF : FE;
 72B0 : FE;
 72B1 : FE;
 72B2 : FE;
 72B3 : FE;
 72B4 : FE;
 72B5 : FE;
 72B6 : FE;
 72B7 : FE;
 72B8 : FE;
 72B9 : FE;
 72BA : FE;
 72BB : FE;
 72BC : FE;
 72BD : FE;
 72BE : FE;
 72BF : FE;
 72C0 : FE;
 72C1 : FE;
 72C2 : FE;
 72C3 : FE;
 72C4 : FE;
 72C5 : FE;
 72C6 : FE;
 72C7 : FE;
 72C8 : FE;
 72C9 : FE;
 72CA : FE;
 72CB : FE;
 72CC : FE;
 72CD : FE;
 72CE : FE;
 72CF : FE;
 72D0 : FE;
 72D1 : FE;
 72D2 : FE;
 72D3 : FE;
 72D4 : FE;
 72D5 : FE;
 72D6 : FE;
 72D7 : FE;
 72D8 : FE;
 72D9 : FE;
 72DA : FE;
 72DB : FE;
 72DC : FE;
 72DD : FE;
 72DE : FE;
 72DF : FE;
 72E0 : FE;
 72E1 : FE;
 72E2 : FE;
 72E3 : FE;
 72E4 : FE;
 72E5 : FE;
 72E6 : FE;
 72E7 : FE;
 72E8 : FE;
 72E9 : FE;
 72EA : FE;
 72EB : FE;
 72EC : FE;
 72ED : FE;
 72EE : FE;
 72EF : FE;
 72F0 : FE;
 72F1 : FE;
 72F2 : FE;
 72F3 : FE;
 72F4 : FE;
 72F5 : FE;
 72F6 : FE;
 72F7 : FE;
 72F8 : FE;
 72F9 : FE;
 72FA : FE;
 72FB : FE;
 72FC : FE;
 72FD : FE;
 72FE : FE;
 72FF : FE;
 7300 : FE;
 7301 : FE;
 7302 : FE;
 7303 : FE;
 7304 : FE;
 7305 : FE;
 7306 : FE;
 7307 : FE;
 7308 : FE;
 7309 : FE;
 730A : FE;
 730B : FE;
 730C : FE;
 730D : FE;
 730E : FE;
 730F : FE;
 7310 : FE;
 7311 : FE;
 7312 : FE;
 7313 : FE;
 7314 : FE;
 7315 : FE;
 7316 : FE;
 7317 : FE;
 7318 : FE;
 7319 : FE;
 731A : FE;
 731B : FE;
 731C : FE;
 731D : FE;
 731E : FE;
 731F : FE;
 7320 : FE;
 7321 : FE;
 7322 : FE;
 7323 : FE;
 7324 : FE;
 7325 : FE;
 7326 : FE;
 7327 : FE;
 7328 : FE;
 7329 : FE;
 732A : FE;
 732B : FE;
 732C : FE;
 732D : FE;
 732E : FE;
 732F : FE;
 7330 : FE;
 7331 : FE;
 7332 : FE;
 7333 : FE;
 7334 : FE;
 7335 : FE;
 7336 : FE;
 7337 : FE;
 7338 : FE;
 7339 : FE;
 733A : FE;
 733B : FE;
 733C : FE;
 733D : FE;
 733E : FE;
 733F : FE;
 7340 : FE;
 7341 : FE;
 7342 : FE;
 7343 : FE;
 7344 : FE;
 7345 : FE;
 7346 : FE;
 7347 : FE;
 7348 : FE;
 7349 : FE;
 734A : FE;
 734B : FE;
 734C : FE;
 734D : FE;
 734E : FE;
 734F : FE;
 7350 : FE;
 7351 : FE;
 7352 : FE;
 7353 : FE;
 7354 : FE;
 7355 : FE;
 7356 : FE;
 7357 : FE;
 7358 : FE;
 7359 : FE;
 735A : FE;
 735B : FE;
 735C : FE;
 735D : FE;
 735E : FE;
 735F : FE;
 7360 : FE;
 7361 : FE;
 7362 : FE;
 7363 : FE;
 7364 : FE;
 7365 : FE;
 7366 : FE;
 7367 : FE;
 7368 : FE;
 7369 : FE;
 736A : FE;
 736B : FE;
 736C : FE;
 736D : FE;
 736E : FE;
 736F : FE;
 7370 : FE;
 7371 : FE;
 7372 : FE;
 7373 : FE;
 7374 : FE;
 7375 : FE;
 7376 : FE;
 7377 : FE;
 7378 : FE;
 7379 : FE;
 737A : FE;
 737B : FE;
 737C : FE;
 737D : FE;
 737E : FE;
 737F : FE;
 7380 : FE;
 7381 : FE;
 7382 : FE;
 7383 : FE;
 7384 : FE;
 7385 : FE;
 7386 : FE;
 7387 : FE;
 7388 : F6;
 7389 : FE;
 738A : B4;
 738B : 9C;
 738C : B8;
 738D : B6;
 738E : 8E;
 738F : 34;
 7390 : 36;
 7391 : 3D;
 7392 : 36;
 7393 : 30;
 7394 : 3A;
 7395 : 3E;
 7396 : 2F;
 7397 : 3D;
 7398 : 47;
 7399 : 76;
 739A : 7E;
 739B : 93;
 739C : 26;
 739D : 42;
 739E : 51;
 739F : 4A;
 73A0 : 69;
 73A1 : 26;
 73A2 : 6D;
 73A3 : 88;
 73A4 : 64;
 73A5 : 30;
 73A6 : 30;
 73A7 : 36;
 73A8 : 35;
 73A9 : 35;
 73AA : 38;
 73AB : 36;
 73AC : 36;
 73AD : 3E;
 73AE : 49;
 73AF : 75;
 73B0 : 9F;
 73B1 : C3;
 73B2 : AF;
 73B3 : 77;
 73B4 : FE;
 73B5 : FC;
 73B6 : FE;
 73B7 : FE;
 73B8 : FE;
 73B9 : FD;
 73BA : FD;
 73BB : FE;
 73BC : FE;
 73BD : FE;
 73BE : FE;
 73BF : FE;
 73C0 : FE;
 73C1 : FE;
 73C2 : FE;
 73C3 : FE;
 73C4 : FE;
 73C5 : FE;
 73C6 : FE;
 73C7 : FE;
 73C8 : FE;
 73C9 : FE;
 73CA : FE;
 73CB : FE;
 73CC : FE;
 73CD : FE;
 73CE : FE;
 73CF : FE;
 73D0 : FE;
 73D1 : FE;
 73D2 : FE;
 73D3 : FE;
 73D4 : FE;
 73D5 : FE;
 73D6 : FE;
 73D7 : FE;
 73D8 : FE;
 73D9 : FE;
 73DA : FE;
 73DB : FE;
 73DC : FE;
 73DD : FE;
 73DE : FE;
 73DF : FE;
 73E0 : FE;
 73E1 : FE;
 73E2 : FE;
 73E3 : FE;
 73E4 : FE;
 73E5 : FE;
 73E6 : FE;
 73E7 : FE;
 73E8 : FE;
 73E9 : FE;
 73EA : FE;
 73EB : FE;
 73EC : FE;
 73ED : FE;
 73EE : FE;
 73EF : FE;
 73F0 : FE;
 73F1 : FE;
 73F2 : FE;
 73F3 : FE;
 73F4 : FE;
 73F5 : FE;
 73F6 : FE;
 73F7 : FE;
 73F8 : FE;
 73F9 : FE;
 73FA : FE;
 73FB : FE;
 73FC : FE;
 73FD : FE;
 73FE : FE;
 73FF : FE;
 7400 : FE;
 7401 : FE;
 7402 : FE;
 7403 : FE;
 7404 : FE;
 7405 : FE;
 7406 : FE;
 7407 : FE;
 7408 : FE;
 7409 : FE;
 740A : FE;
 740B : FE;
 740C : FE;
 740D : FE;
 740E : FE;
 740F : FE;
 7410 : FE;
 7411 : FE;
 7412 : FE;
 7413 : FE;
 7414 : FE;
 7415 : FE;
 7416 : FE;
 7417 : FE;
 7418 : FE;
 7419 : FE;
 741A : FE;
 741B : FE;
 741C : FE;
 741D : FE;
 741E : FE;
 741F : FE;
 7420 : FE;
 7421 : FE;
 7422 : FE;
 7423 : FE;
 7424 : FE;
 7425 : FE;
 7426 : FE;
 7427 : FE;
 7428 : FE;
 7429 : FE;
 742A : FE;
 742B : FE;
 742C : FE;
 742D : FE;
 742E : FE;
 742F : FE;
 7430 : FE;
 7431 : FE;
 7432 : FE;
 7433 : FE;
 7434 : FE;
 7435 : FE;
 7436 : FE;
 7437 : FE;
 7438 : FE;
 7439 : FE;
 743A : FE;
 743B : FE;
 743C : FE;
 743D : FE;
 743E : FE;
 743F : FE;
 7440 : FE;
 7441 : FE;
 7442 : FE;
 7443 : FE;
 7444 : FE;
 7445 : FE;
 7446 : FE;
 7447 : FE;
 7448 : FE;
 7449 : FE;
 744A : FE;
 744B : FE;
 744C : FE;
 744D : FE;
 744E : FE;
 744F : FE;
 7450 : FE;
 7451 : FE;
 7452 : FE;
 7453 : FE;
 7454 : FE;
 7455 : FE;
 7456 : FE;
 7457 : FE;
 7458 : FE;
 7459 : FE;
 745A : FE;
 745B : FE;
 745C : FE;
 745D : FE;
 745E : FE;
 745F : FE;
 7460 : FE;
 7461 : FE;
 7462 : FE;
 7463 : FE;
 7464 : FE;
 7465 : FE;
 7466 : FE;
 7467 : FE;
 7468 : FE;
 7469 : FE;
 746A : FE;
 746B : FE;
 746C : FE;
 746D : FE;
 746E : FE;
 746F : FE;
 7470 : FE;
 7471 : FE;
 7472 : FE;
 7473 : FE;
 7474 : FE;
 7475 : FE;
 7476 : FE;
 7477 : FE;
 7478 : FE;
 7479 : FE;
 747A : FE;
 747B : FE;
 747C : FE;
 747D : FE;
 747E : FE;
 747F : FE;
 7480 : FE;
 7481 : FE;
 7482 : FE;
 7483 : FE;
 7484 : FE;
 7485 : FE;
 7486 : FE;
 7487 : FE;
 7488 : FE;
 7489 : FE;
 748A : FE;
 748B : FE;
 748C : FE;
 748D : FE;
 748E : FE;
 748F : FE;
 7490 : FE;
 7491 : FE;
 7492 : FE;
 7493 : FE;
 7494 : FE;
 7495 : FE;
 7496 : FE;
 7497 : FE;
 7498 : FE;
 7499 : FE;
 749A : FE;
 749B : FE;
 749C : FE;
 749D : FE;
 749E : FE;
 749F : FE;
 74A0 : FE;
 74A1 : FE;
 74A2 : FE;
 74A3 : FE;
 74A4 : FE;
 74A5 : FE;
 74A6 : FE;
 74A7 : FE;
 74A8 : FE;
 74A9 : FE;
 74AA : FE;
 74AB : FE;
 74AC : FE;
 74AD : FE;
 74AE : FE;
 74AF : FE;
 74B0 : FE;
 74B1 : FE;
 74B2 : FE;
 74B3 : FE;
 74B4 : FE;
 74B5 : FE;
 74B6 : FE;
 74B7 : FE;
 74B8 : FE;
 74B9 : FE;
 74BA : FE;
 74BB : FE;
 74BC : FE;
 74BD : FE;
 74BE : FE;
 74BF : FE;
 74C0 : FF;
 74C1 : FE;
 74C2 : FE;
 74C3 : FE;
 74C4 : FD;
 74C5 : FE;
 74C6 : FE;
 74C7 : FE;
 74C8 : FE;
 74C9 : FE;
 74CA : C9;
 74CB : 88;
 74CC : BA;
 74CD : B6;
 74CE : BD;
 74CF : 69;
 74D0 : 3C;
 74D1 : 2C;
 74D2 : 3D;
 74D3 : 3C;
 74D4 : 30;
 74D5 : 32;
 74D6 : 3A;
 74D7 : 36;
 74D8 : 54;
 74D9 : 62;
 74DA : 3E;
 74DB : 71;
 74DC : 29;
 74DD : 64;
 74DE : 37;
 74DF : 69;
 74E0 : 50;
 74E1 : 5F;
 74E2 : 6E;
 74E3 : 46;
 74E4 : 65;
 74E5 : 39;
 74E6 : 3E;
 74E7 : 33;
 74E8 : 34;
 74E9 : 37;
 74EA : 36;
 74EB : 35;
 74EC : 39;
 74ED : 4F;
 74EE : 64;
 74EF : 99;
 74F0 : B2;
 74F1 : C4;
 74F2 : A9;
 74F3 : 74;
 74F4 : FE;
 74F5 : FE;
 74F6 : FD;
 74F7 : FD;
 74F8 : FE;
 74F9 : FE;
 74FA : FE;
 74FB : FE;
 74FC : FE;
 74FD : FE;
 74FE : FE;
 74FF : FE;
 7500 : FE;
 7501 : FE;
 7502 : FE;
 7503 : FE;
 7504 : FE;
 7505 : FE;
 7506 : FE;
 7507 : FE;
 7508 : FE;
 7509 : FE;
 750A : FE;
 750B : FE;
 750C : FE;
 750D : FE;
 750E : FE;
 750F : FE;
 7510 : FE;
 7511 : FE;
 7512 : FE;
 7513 : FE;
 7514 : FE;
 7515 : FE;
 7516 : FE;
 7517 : FE;
 7518 : FE;
 7519 : FE;
 751A : FE;
 751B : FE;
 751C : FE;
 751D : FE;
 751E : FE;
 751F : FE;
 7520 : FE;
 7521 : FE;
 7522 : FE;
 7523 : FE;
 7524 : FE;
 7525 : FE;
 7526 : FE;
 7527 : FE;
 7528 : FE;
 7529 : FE;
 752A : FE;
 752B : FE;
 752C : FE;
 752D : FE;
 752E : FE;
 752F : FE;
 7530 : FE;
 7531 : FE;
 7532 : FE;
 7533 : FE;
 7534 : FE;
 7535 : FE;
 7536 : FE;
 7537 : FE;
 7538 : FE;
 7539 : FE;
 753A : FE;
 753B : FE;
 753C : FE;
 753D : FE;
 753E : FE;
 753F : FE;
 7540 : FE;
 7541 : FE;
 7542 : FE;
 7543 : FE;
 7544 : FE;
 7545 : FE;
 7546 : FE;
 7547 : FE;
 7548 : FE;
 7549 : FE;
 754A : FE;
 754B : FE;
 754C : FE;
 754D : FE;
 754E : FE;
 754F : FE;
 7550 : FE;
 7551 : FE;
 7552 : FE;
 7553 : FE;
 7554 : FE;
 7555 : FE;
 7556 : FE;
 7557 : FE;
 7558 : FE;
 7559 : FE;
 755A : FE;
 755B : FE;
 755C : FE;
 755D : FE;
 755E : FE;
 755F : FE;
 7560 : FE;
 7561 : FE;
 7562 : FE;
 7563 : FE;
 7564 : FE;
 7565 : FE;
 7566 : FE;
 7567 : FE;
 7568 : FE;
 7569 : FE;
 756A : FE;
 756B : FE;
 756C : FE;
 756D : FE;
 756E : FE;
 756F : FE;
 7570 : FE;
 7571 : FE;
 7572 : FE;
 7573 : FE;
 7574 : FE;
 7575 : FE;
 7576 : FE;
 7577 : FE;
 7578 : FE;
 7579 : FE;
 757A : FE;
 757B : FE;
 757C : FE;
 757D : FE;
 757E : FE;
 757F : FE;
 7580 : FE;
 7581 : FE;
 7582 : FE;
 7583 : FE;
 7584 : FE;
 7585 : FE;
 7586 : FE;
 7587 : FE;
 7588 : FE;
 7589 : FE;
 758A : FE;
 758B : FE;
 758C : FE;
 758D : FE;
 758E : FE;
 758F : FE;
 7590 : FE;
 7591 : FE;
 7592 : FE;
 7593 : FE;
 7594 : FE;
 7595 : FE;
 7596 : FE;
 7597 : FE;
 7598 : FE;
 7599 : FE;
 759A : FE;
 759B : FE;
 759C : FE;
 759D : FE;
 759E : FE;
 759F : FE;
 75A0 : FE;
 75A1 : FE;
 75A2 : FE;
 75A3 : FE;
 75A4 : FE;
 75A5 : FE;
 75A6 : FE;
 75A7 : FE;
 75A8 : FE;
 75A9 : FE;
 75AA : FE;
 75AB : FE;
 75AC : FE;
 75AD : FE;
 75AE : FE;
 75AF : FE;
 75B0 : FE;
 75B1 : FE;
 75B2 : FE;
 75B3 : FE;
 75B4 : FE;
 75B5 : FE;
 75B6 : FE;
 75B7 : FE;
 75B8 : FE;
 75B9 : FE;
 75BA : FE;
 75BB : FE;
 75BC : FE;
 75BD : FE;
 75BE : FE;
 75BF : FE;
 75C0 : FE;
 75C1 : FE;
 75C2 : FE;
 75C3 : FE;
 75C4 : FE;
 75C5 : FE;
 75C6 : FE;
 75C7 : FE;
 75C8 : FE;
 75C9 : FE;
 75CA : FE;
 75CB : FE;
 75CC : FE;
 75CD : FE;
 75CE : FE;
 75CF : FE;
 75D0 : FE;
 75D1 : FE;
 75D2 : FE;
 75D3 : FE;
 75D4 : FE;
 75D5 : FE;
 75D6 : FE;
 75D7 : FE;
 75D8 : FE;
 75D9 : FE;
 75DA : FE;
 75DB : FE;
 75DC : FE;
 75DD : FE;
 75DE : FE;
 75DF : FE;
 75E0 : FE;
 75E1 : FE;
 75E2 : FE;
 75E3 : FE;
 75E4 : FE;
 75E5 : FE;
 75E6 : FE;
 75E7 : FE;
 75E8 : FE;
 75E9 : FE;
 75EA : FE;
 75EB : FE;
 75EC : FE;
 75ED : FE;
 75EE : FE;
 75EF : FE;
 75F0 : FE;
 75F1 : FE;
 75F2 : FE;
 75F3 : FE;
 75F4 : FE;
 75F5 : FE;
 75F6 : FE;
 75F7 : FE;
 75F8 : FE;
 75F9 : FE;
 75FA : FE;
 75FB : FE;
 75FC : FE;
 75FD : FE;
 75FE : FE;
 75FF : FF;
 7600 : FF;
 7601 : FE;
 7602 : FE;
 7603 : FE;
 7604 : FD;
 7605 : FE;
 7606 : FE;
 7607 : FD;
 7608 : FE;
 7609 : FD;
 760A : C9;
 760B : 92;
 760C : BD;
 760D : B4;
 760E : C2;
 760F : A8;
 7610 : 57;
 7611 : 2C;
 7612 : 3B;
 7613 : 40;
 7614 : 31;
 7615 : 31;
 7616 : 3D;
 7617 : 45;
 7618 : 7A;
 7619 : 80;
 761A : 2B;
 761B : 45;
 761C : 30;
 761D : 6C;
 761E : 42;
 761F : 62;
 7620 : 48;
 7621 : 79;
 7622 : 49;
 7623 : 40;
 7624 : 8B;
 7625 : 72;
 7626 : 48;
 7627 : 2F;
 7628 : 34;
 7629 : 39;
 762A : 39;
 762B : 37;
 762C : 43;
 762D : 65;
 762E : 87;
 762F : B3;
 7630 : C0;
 7631 : C7;
 7632 : A8;
 7633 : 74;
 7634 : FE;
 7635 : FE;
 7636 : FF;
 7637 : FE;
 7638 : FD;
 7639 : FD;
 763A : FE;
 763B : FE;
 763C : FE;
 763D : FE;
 763E : FE;
 763F : FE;
 7640 : FE;
 7641 : FE;
 7642 : FE;
 7643 : FE;
 7644 : FE;
 7645 : FE;
 7646 : FE;
 7647 : FE;
 7648 : FE;
 7649 : FE;
 764A : FE;
 764B : FE;
 764C : FE;
 764D : FE;
 764E : FE;
 764F : FE;
 7650 : FE;
 7651 : FE;
 7652 : FE;
 7653 : FE;
 7654 : FE;
 7655 : FE;
 7656 : FE;
 7657 : FE;
 7658 : FE;
 7659 : FE;
 765A : FE;
 765B : FE;
 765C : FE;
 765D : FE;
 765E : FE;
 765F : FE;
 7660 : FE;
 7661 : FE;
 7662 : FE;
 7663 : FE;
 7664 : FE;
 7665 : FE;
 7666 : FE;
 7667 : FE;
 7668 : FE;
 7669 : FE;
 766A : FE;
 766B : FE;
 766C : FE;
 766D : FE;
 766E : FE;
 766F : FE;
 7670 : FE;
 7671 : FE;
 7672 : FE;
 7673 : FE;
 7674 : FE;
 7675 : FE;
 7676 : FE;
 7677 : FE;
 7678 : FE;
 7679 : FE;
 767A : FE;
 767B : FE;
 767C : FE;
 767D : FE;
 767E : FE;
 767F : FE;
 7680 : FE;
 7681 : FE;
 7682 : FE;
 7683 : FE;
 7684 : FE;
 7685 : FE;
 7686 : FE;
 7687 : FE;
 7688 : FE;
 7689 : FE;
 768A : FE;
 768B : FE;
 768C : FE;
 768D : FE;
 768E : FE;
 768F : FE;
 7690 : FE;
 7691 : FE;
 7692 : FE;
 7693 : FE;
 7694 : FE;
 7695 : FE;
 7696 : FE;
 7697 : FE;
 7698 : FE;
 7699 : FE;
 769A : FE;
 769B : FE;
 769C : FE;
 769D : FE;
 769E : FE;
 769F : FE;
 76A0 : FE;
 76A1 : FE;
 76A2 : FE;
 76A3 : FE;
 76A4 : FE;
 76A5 : FE;
 76A6 : FE;
 76A7 : FE;
 76A8 : FE;
 76A9 : FE;
 76AA : FE;
 76AB : FE;
 76AC : FE;
 76AD : FE;
 76AE : FE;
 76AF : FE;
 76B0 : FE;
 76B1 : FE;
 76B2 : FE;
 76B3 : FE;
 76B4 : FE;
 76B5 : FE;
 76B6 : FE;
 76B7 : FE;
 76B8 : FE;
 76B9 : FE;
 76BA : FE;
 76BB : FE;
 76BC : FE;
 76BD : FE;
 76BE : FE;
 76BF : FE;
 76C0 : FE;
 76C1 : FE;
 76C2 : FE;
 76C3 : FE;
 76C4 : FE;
 76C5 : FE;
 76C6 : FE;
 76C7 : FE;
 76C8 : FE;
 76C9 : FE;
 76CA : FE;
 76CB : FE;
 76CC : FE;
 76CD : FE;
 76CE : FE;
 76CF : FE;
 76D0 : FE;
 76D1 : FE;
 76D2 : FE;
 76D3 : FE;
 76D4 : FE;
 76D5 : FE;
 76D6 : FE;
 76D7 : FE;
 76D8 : FE;
 76D9 : FE;
 76DA : FE;
 76DB : FE;
 76DC : FE;
 76DD : FE;
 76DE : FE;
 76DF : FE;
 76E0 : FE;
 76E1 : FE;
 76E2 : FE;
 76E3 : FE;
 76E4 : FE;
 76E5 : FE;
 76E6 : FE;
 76E7 : FE;
 76E8 : FE;
 76E9 : FE;
 76EA : FE;
 76EB : FE;
 76EC : FE;
 76ED : FE;
 76EE : FE;
 76EF : FE;
 76F0 : FE;
 76F1 : FE;
 76F2 : FE;
 76F3 : FE;
 76F4 : FE;
 76F5 : FE;
 76F6 : FE;
 76F7 : FE;
 76F8 : FE;
 76F9 : FE;
 76FA : FE;
 76FB : FE;
 76FC : FE;
 76FD : FE;
 76FE : FE;
 76FF : FE;
 7700 : FE;
 7701 : FE;
 7702 : FE;
 7703 : FE;
 7704 : FE;
 7705 : FE;
 7706 : FE;
 7707 : FE;
 7708 : FE;
 7709 : FE;
 770A : FE;
 770B : FE;
 770C : FE;
 770D : FE;
 770E : FE;
 770F : FE;
 7710 : FE;
 7711 : FE;
 7712 : FE;
 7713 : FE;
 7714 : FE;
 7715 : FE;
 7716 : FE;
 7717 : FE;
 7718 : FE;
 7719 : FE;
 771A : FE;
 771B : FE;
 771C : FE;
 771D : FE;
 771E : FE;
 771F : FE;
 7720 : FE;
 7721 : FE;
 7722 : FE;
 7723 : FE;
 7724 : FE;
 7725 : FE;
 7726 : FE;
 7727 : FE;
 7728 : FE;
 7729 : FE;
 772A : FE;
 772B : FE;
 772C : FE;
 772D : FE;
 772E : FE;
 772F : FE;
 7730 : FE;
 7731 : FE;
 7732 : FE;
 7733 : FE;
 7734 : FE;
 7735 : FE;
 7736 : FE;
 7737 : FE;
 7738 : FE;
 7739 : FE;
 773A : FE;
 773B : FE;
 773C : FE;
 773D : FE;
 773E : FE;
 773F : FE;
 7740 : FE;
 7741 : FE;
 7742 : FE;
 7743 : FD;
 7744 : FE;
 7745 : FE;
 7746 : FE;
 7747 : FE;
 7748 : F9;
 7749 : FE;
 774A : BA;
 774B : AE;
 774C : BB;
 774D : BA;
 774E : B3;
 774F : CD;
 7750 : 7A;
 7751 : 3B;
 7752 : 31;
 7753 : 38;
 7754 : 3D;
 7755 : 3C;
 7756 : 36;
 7757 : 84;
 7758 : 63;
 7759 : 56;
 775A : 36;
 775B : 67;
 775C : 58;
 775D : 5E;
 775E : 51;
 775F : 66;
 7760 : 75;
 7761 : 8F;
 7762 : 50;
 7763 : 6F;
 7764 : 65;
 7765 : 66;
 7766 : 45;
 7767 : 2F;
 7768 : 36;
 7769 : 3C;
 776A : 3C;
 776B : 3A;
 776C : 4D;
 776D : 77;
 776E : 9F;
 776F : C1;
 7770 : C6;
 7771 : C9;
 7772 : AA;
 7773 : 74;
 7774 : FE;
 7775 : FC;
 7776 : FF;
 7777 : FE;
 7778 : FE;
 7779 : FD;
 777A : FE;
 777B : FE;
 777C : FE;
 777D : FE;
 777E : FE;
 777F : FE;
 7780 : FE;
 7781 : FE;
 7782 : FE;
 7783 : FE;
 7784 : FE;
 7785 : FE;
 7786 : FE;
 7787 : FE;
 7788 : FE;
 7789 : FE;
 778A : FE;
 778B : FE;
 778C : FE;
 778D : FE;
 778E : FE;
 778F : FE;
 7790 : FE;
 7791 : FE;
 7792 : FE;
 7793 : FE;
 7794 : FE;
 7795 : FE;
 7796 : FE;
 7797 : FE;
 7798 : FE;
 7799 : FE;
 779A : FE;
 779B : FE;
 779C : FE;
 779D : FE;
 779E : FE;
 779F : FE;
 77A0 : FE;
 77A1 : FE;
 77A2 : FE;
 77A3 : FE;
 77A4 : FE;
 77A5 : FE;
 77A6 : FE;
 77A7 : FE;
 77A8 : FE;
 77A9 : FE;
 77AA : FE;
 77AB : FE;
 77AC : FE;
 77AD : FE;
 77AE : FE;
 77AF : FE;
 77B0 : FE;
 77B1 : FE;
 77B2 : FE;
 77B3 : FE;
 77B4 : FE;
 77B5 : FE;
 77B6 : FE;
 77B7 : FE;
 77B8 : FE;
 77B9 : FE;
 77BA : FE;
 77BB : FE;
 77BC : FE;
 77BD : FE;
 77BE : FE;
 77BF : FE;
 77C0 : FE;
 77C1 : FE;
 77C2 : FE;
 77C3 : FE;
 77C4 : FE;
 77C5 : FE;
 77C6 : FE;
 77C7 : FE;
 77C8 : FE;
 77C9 : FE;
 77CA : FE;
 77CB : FE;
 77CC : FE;
 77CD : FE;
 77CE : FE;
 77CF : FE;
 77D0 : FE;
 77D1 : FE;
 77D2 : FE;
 77D3 : FE;
 77D4 : FE;
 77D5 : FE;
 77D6 : FE;
 77D7 : FE;
 77D8 : FE;
 77D9 : FE;
 77DA : FE;
 77DB : FE;
 77DC : FE;
 77DD : FE;
 77DE : FE;
 77DF : FE;
 77E0 : FE;
 77E1 : FE;
 77E2 : FE;
 77E3 : FE;
 77E4 : FE;
 77E5 : FE;
 77E6 : FE;
 77E7 : FE;
 77E8 : FE;
 77E9 : FE;
 77EA : FE;
 77EB : FE;
 77EC : FE;
 77ED : FE;
 77EE : FE;
 77EF : FE;
 77F0 : FE;
 77F1 : FE;
 77F2 : FE;
 77F3 : FE;
 77F4 : FE;
 77F5 : FE;
 77F6 : FE;
 77F7 : FE;
 77F8 : FE;
 77F9 : FE;
 77FA : FE;
 77FB : FE;
 77FC : FE;
 77FD : FE;
 77FE : FE;
 77FF : FE;
 7800 : FE;
 7801 : FE;
 7802 : FE;
 7803 : FE;
 7804 : FE;
 7805 : FE;
 7806 : FE;
 7807 : FE;
 7808 : FE;
 7809 : FE;
 780A : FE;
 780B : FE;
 780C : FE;
 780D : FE;
 780E : FE;
 780F : FE;
 7810 : FE;
 7811 : FE;
 7812 : FE;
 7813 : FE;
 7814 : FE;
 7815 : FE;
 7816 : FE;
 7817 : FE;
 7818 : FE;
 7819 : FE;
 781A : FE;
 781B : FE;
 781C : FE;
 781D : FE;
 781E : FE;
 781F : FE;
 7820 : FE;
 7821 : FE;
 7822 : FE;
 7823 : FE;
 7824 : FE;
 7825 : FE;
 7826 : FE;
 7827 : FE;
 7828 : FE;
 7829 : FE;
 782A : FE;
 782B : FE;
 782C : FE;
 782D : FE;
 782E : FE;
 782F : FE;
 7830 : FE;
 7831 : FE;
 7832 : FE;
 7833 : FE;
 7834 : FE;
 7835 : FE;
 7836 : FE;
 7837 : FE;
 7838 : FE;
 7839 : FE;
 783A : FE;
 783B : FE;
 783C : FE;
 783D : FE;
 783E : FE;
 783F : FE;
 7840 : FE;
 7841 : FE;
 7842 : FE;
 7843 : FE;
 7844 : FE;
 7845 : FE;
 7846 : FE;
 7847 : FE;
 7848 : FE;
 7849 : FE;
 784A : FE;
 784B : FE;
 784C : FE;
 784D : FE;
 784E : FE;
 784F : FE;
 7850 : FE;
 7851 : FE;
 7852 : FE;
 7853 : FE;
 7854 : FE;
 7855 : FE;
 7856 : FE;
 7857 : FE;
 7858 : FE;
 7859 : FE;
 785A : FE;
 785B : FE;
 785C : FE;
 785D : FE;
 785E : FE;
 785F : FE;
 7860 : FE;
 7861 : FE;
 7862 : FE;
 7863 : FE;
 7864 : FE;
 7865 : FE;
 7866 : FE;
 7867 : FE;
 7868 : FE;
 7869 : FE;
 786A : FE;
 786B : FE;
 786C : FE;
 786D : FE;
 786E : FE;
 786F : FE;
 7870 : FE;
 7871 : FE;
 7872 : FE;
 7873 : FE;
 7874 : FE;
 7875 : FE;
 7876 : FE;
 7877 : FE;
 7878 : FE;
 7879 : FE;
 787A : FE;
 787B : FE;
 787C : FE;
 787D : FE;
 787E : FE;
 787F : FD;
 7880 : FD;
 7881 : FE;
 7882 : FD;
 7883 : FD;
 7884 : FD;
 7885 : FE;
 7886 : FE;
 7887 : FF;
 7888 : F9;
 7889 : FD;
 788A : D1;
 788B : 9D;
 788C : C9;
 788D : C1;
 788E : C0;
 788F : B4;
 7890 : C0;
 7891 : 75;
 7892 : 2D;
 7893 : 40;
 7894 : 35;
 7895 : 4C;
 7896 : 34;
 7897 : 7D;
 7898 : 36;
 7899 : 30;
 789A : 41;
 789B : 32;
 789C : 6E;
 789D : 72;
 789E : 74;
 789F : 7C;
 78A0 : 8D;
 78A1 : 8C;
 78A2 : 94;
 78A3 : 79;
 78A4 : 3C;
 78A5 : 6B;
 78A6 : 46;
 78A7 : 33;
 78A8 : 39;
 78A9 : 3A;
 78AA : 3B;
 78AB : 48;
 78AC : 6C;
 78AD : 9D;
 78AE : BF;
 78AF : BB;
 78B0 : C4;
 78B1 : C7;
 78B2 : A6;
 78B3 : 74;
 78B4 : FF;
 78B5 : FE;
 78B6 : FD;
 78B7 : FD;
 78B8 : FD;
 78B9 : FD;
 78BA : FD;
 78BB : FE;
 78BC : FF;
 78BD : FE;
 78BE : FE;
 78BF : FE;
 78C0 : FE;
 78C1 : FE;
 78C2 : FE;
 78C3 : FE;
 78C4 : FE;
 78C5 : FE;
 78C6 : FE;
 78C7 : FE;
 78C8 : FE;
 78C9 : FE;
 78CA : FE;
 78CB : FE;
 78CC : FE;
 78CD : FE;
 78CE : FE;
 78CF : FE;
 78D0 : FE;
 78D1 : FE;
 78D2 : FE;
 78D3 : FE;
 78D4 : FE;
 78D5 : FE;
 78D6 : FE;
 78D7 : FE;
 78D8 : FE;
 78D9 : FE;
 78DA : FE;
 78DB : FE;
 78DC : FE;
 78DD : FE;
 78DE : FE;
 78DF : FE;
 78E0 : FE;
 78E1 : FE;
 78E2 : FE;
 78E3 : FE;
 78E4 : FE;
 78E5 : FE;
 78E6 : FE;
 78E7 : FE;
 78E8 : FE;
 78E9 : FE;
 78EA : FE;
 78EB : FE;
 78EC : FE;
 78ED : FE;
 78EE : FE;
 78EF : FE;
 78F0 : FE;
 78F1 : FE;
 78F2 : FE;
 78F3 : FE;
 78F4 : FE;
 78F5 : FE;
 78F6 : FE;
 78F7 : FE;
 78F8 : FE;
 78F9 : FE;
 78FA : FE;
 78FB : FE;
 78FC : FE;
 78FD : FE;
 78FE : FE;
 78FF : FE;
 7900 : FE;
 7901 : FE;
 7902 : FE;
 7903 : FE;
 7904 : FE;
 7905 : FE;
 7906 : FE;
 7907 : FE;
 7908 : FE;
 7909 : FE;
 790A : FE;
 790B : FE;
 790C : FE;
 790D : FE;
 790E : FE;
 790F : FE;
 7910 : FE;
 7911 : FE;
 7912 : FE;
 7913 : FE;
 7914 : FE;
 7915 : FE;
 7916 : FE;
 7917 : FE;
 7918 : FE;
 7919 : FE;
 791A : FE;
 791B : FE;
 791C : FE;
 791D : FE;
 791E : FE;
 791F : FE;
 7920 : FE;
 7921 : FE;
 7922 : FE;
 7923 : FE;
 7924 : FE;
 7925 : FE;
 7926 : FE;
 7927 : FE;
 7928 : FE;
 7929 : FE;
 792A : FE;
 792B : FE;
 792C : FE;
 792D : FE;
 792E : FE;
 792F : FE;
 7930 : FE;
 7931 : FE;
 7932 : FE;
 7933 : FE;
 7934 : FE;
 7935 : FE;
 7936 : FE;
 7937 : FE;
 7938 : FE;
 7939 : FE;
 793A : FE;
 793B : FE;
 793C : FE;
 793D : FE;
 793E : FE;
 793F : FE;
 7940 : FE;
 7941 : FE;
 7942 : FE;
 7943 : FE;
 7944 : FE;
 7945 : FE;
 7946 : FE;
 7947 : FE;
 7948 : FE;
 7949 : FE;
 794A : FE;
 794B : FE;
 794C : FE;
 794D : FE;
 794E : FE;
 794F : FE;
 7950 : FE;
 7951 : FE;
 7952 : FE;
 7953 : FE;
 7954 : FE;
 7955 : FE;
 7956 : FE;
 7957 : FE;
 7958 : FE;
 7959 : FE;
 795A : FE;
 795B : FE;
 795C : FE;
 795D : FE;
 795E : FE;
 795F : FE;
 7960 : FE;
 7961 : FE;
 7962 : FE;
 7963 : FE;
 7964 : FE;
 7965 : FE;
 7966 : FE;
 7967 : FE;
 7968 : FE;
 7969 : FE;
 796A : FE;
 796B : FE;
 796C : FE;
 796D : FE;
 796E : FE;
 796F : FE;
 7970 : FE;
 7971 : FE;
 7972 : FE;
 7973 : FE;
 7974 : FE;
 7975 : FE;
 7976 : FE;
 7977 : FE;
 7978 : FE;
 7979 : FE;
 797A : FE;
 797B : FE;
 797C : FE;
 797D : FE;
 797E : FE;
 797F : FE;
 7980 : FE;
 7981 : FE;
 7982 : FE;
 7983 : FE;
 7984 : FE;
 7985 : FE;
 7986 : FE;
 7987 : FE;
 7988 : FE;
 7989 : FE;
 798A : FE;
 798B : FE;
 798C : FE;
 798D : FE;
 798E : FE;
 798F : FE;
 7990 : FE;
 7991 : FE;
 7992 : FE;
 7993 : FE;
 7994 : FE;
 7995 : FE;
 7996 : FE;
 7997 : FE;
 7998 : FE;
 7999 : FE;
 799A : FE;
 799B : FE;
 799C : FE;
 799D : FE;
 799E : FE;
 799F : FE;
 79A0 : FE;
 79A1 : FE;
 79A2 : FE;
 79A3 : FE;
 79A4 : FE;
 79A5 : FE;
 79A6 : FE;
 79A7 : FE;
 79A8 : FE;
 79A9 : FE;
 79AA : FE;
 79AB : FE;
 79AC : FE;
 79AD : FE;
 79AE : FE;
 79AF : FE;
 79B0 : FE;
 79B1 : FE;
 79B2 : FE;
 79B3 : FE;
 79B4 : FE;
 79B5 : FE;
 79B6 : FE;
 79B7 : FE;
 79B8 : FE;
 79B9 : FE;
 79BA : FE;
 79BB : FE;
 79BC : FE;
 79BD : FE;
 79BE : FE;
 79BF : FE;
 79C0 : FE;
 79C1 : FE;
 79C2 : FD;
 79C3 : FD;
 79C4 : FD;
 79C5 : FE;
 79C6 : FE;
 79C7 : FF;
 79C8 : FA;
 79C9 : FE;
 79CA : D1;
 79CB : 9D;
 79CC : C9;
 79CD : C1;
 79CE : C1;
 79CF : C4;
 79D0 : C1;
 79D1 : B3;
 79D2 : 51;
 79D3 : 2F;
 79D4 : 41;
 79D5 : 3D;
 79D6 : 43;
 79D7 : 72;
 79D8 : 82;
 79D9 : 40;
 79DA : 53;
 79DB : 4B;
 79DC : 75;
 79DD : 63;
 79DE : 85;
 79DF : 8F;
 79E0 : 86;
 79E1 : 83;
 79E2 : 9F;
 79E3 : 94;
 79E4 : 6A;
 79E5 : 75;
 79E6 : 52;
 79E7 : 36;
 79E8 : 39;
 79E9 : 3A;
 79EA : 3F;
 79EB : 5F;
 79EC : 8F;
 79ED : B2;
 79EE : BD;
 79EF : BE;
 79F0 : C5;
 79F1 : C6;
 79F2 : A5;
 79F3 : 72;
 79F4 : FF;
 79F5 : FC;
 79F6 : FD;
 79F7 : FE;
 79F8 : FE;
 79F9 : FE;
 79FA : FE;
 79FB : FE;
 79FC : FE;
 79FD : FE;
 79FE : FE;
 79FF : FE;
 7A00 : FE;
 7A01 : FE;
 7A02 : FE;
 7A03 : FE;
 7A04 : FE;
 7A05 : FE;
 7A06 : FE;
 7A07 : FE;
 7A08 : FE;
 7A09 : FE;
 7A0A : FE;
 7A0B : FE;
 7A0C : FE;
 7A0D : FE;
 7A0E : FE;
 7A0F : FE;
 7A10 : FE;
 7A11 : FE;
 7A12 : FE;
 7A13 : FE;
 7A14 : FE;
 7A15 : FE;
 7A16 : FE;
 7A17 : FE;
 7A18 : FE;
 7A19 : FE;
 7A1A : FE;
 7A1B : FE;
 7A1C : FE;
 7A1D : FE;
 7A1E : FE;
 7A1F : FE;
 7A20 : FE;
 7A21 : FE;
 7A22 : FE;
 7A23 : FE;
 7A24 : FE;
 7A25 : FE;
 7A26 : FE;
 7A27 : FE;
 7A28 : FE;
 7A29 : FE;
 7A2A : FE;
 7A2B : FE;
 7A2C : FE;
 7A2D : FE;
 7A2E : FE;
 7A2F : FE;
 7A30 : FE;
 7A31 : FE;
 7A32 : FE;
 7A33 : FE;
 7A34 : FE;
 7A35 : FE;
 7A36 : FE;
 7A37 : FE;
 7A38 : FE;
 7A39 : FE;
 7A3A : FE;
 7A3B : FE;
 7A3C : FE;
 7A3D : FE;
 7A3E : FE;
 7A3F : FE;
 7A40 : FE;
 7A41 : FE;
 7A42 : FE;
 7A43 : FE;
 7A44 : FE;
 7A45 : FE;
 7A46 : FE;
 7A47 : FE;
 7A48 : FE;
 7A49 : FE;
 7A4A : FE;
 7A4B : FE;
 7A4C : FE;
 7A4D : FE;
 7A4E : FE;
 7A4F : FE;
 7A50 : FE;
 7A51 : FE;
 7A52 : FE;
 7A53 : FE;
 7A54 : FE;
 7A55 : FE;
 7A56 : FE;
 7A57 : FE;
 7A58 : FE;
 7A59 : FE;
 7A5A : FE;
 7A5B : FE;
 7A5C : FE;
 7A5D : FE;
 7A5E : FE;
 7A5F : FE;
 7A60 : FE;
 7A61 : FE;
 7A62 : FE;
 7A63 : FE;
 7A64 : FE;
 7A65 : FE;
 7A66 : FE;
 7A67 : FE;
 7A68 : FE;
 7A69 : FE;
 7A6A : FE;
 7A6B : FE;
 7A6C : FE;
 7A6D : FE;
 7A6E : FE;
 7A6F : FE;
 7A70 : FE;
 7A71 : FE;
 7A72 : FE;
 7A73 : FE;
 7A74 : FE;
 7A75 : FE;
 7A76 : FE;
 7A77 : FE;
 7A78 : FE;
 7A79 : FE;
 7A7A : FE;
 7A7B : FE;
 7A7C : FE;
 7A7D : FE;
 7A7E : FE;
 7A7F : FE;
 7A80 : FE;
 7A81 : FE;
 7A82 : FE;
 7A83 : FE;
 7A84 : FE;
 7A85 : FE;
 7A86 : FE;
 7A87 : FE;
 7A88 : FE;
 7A89 : FE;
 7A8A : FE;
 7A8B : FE;
 7A8C : FE;
 7A8D : FE;
 7A8E : FE;
 7A8F : FE;
 7A90 : FE;
 7A91 : FE;
 7A92 : FE;
 7A93 : FE;
 7A94 : FE;
 7A95 : FE;
 7A96 : FE;
 7A97 : FE;
 7A98 : FE;
 7A99 : FE;
 7A9A : FE;
 7A9B : FE;
 7A9C : FE;
 7A9D : FE;
 7A9E : FE;
 7A9F : FE;
 7AA0 : FE;
 7AA1 : FE;
 7AA2 : FE;
 7AA3 : FE;
 7AA4 : FE;
 7AA5 : FE;
 7AA6 : FE;
 7AA7 : FE;
 7AA8 : FE;
 7AA9 : FE;
 7AAA : FE;
 7AAB : FE;
 7AAC : FE;
 7AAD : FE;
 7AAE : FE;
 7AAF : FE;
 7AB0 : FE;
 7AB1 : FE;
 7AB2 : FE;
 7AB3 : FE;
 7AB4 : FE;
 7AB5 : FE;
 7AB6 : FE;
 7AB7 : FE;
 7AB8 : FE;
 7AB9 : FE;
 7ABA : FE;
 7ABB : FE;
 7ABC : FE;
 7ABD : FE;
 7ABE : FE;
 7ABF : FE;
 7AC0 : FE;
 7AC1 : FE;
 7AC2 : FE;
 7AC3 : FE;
 7AC4 : FE;
 7AC5 : FE;
 7AC6 : FE;
 7AC7 : FE;
 7AC8 : FE;
 7AC9 : FE;
 7ACA : FE;
 7ACB : FE;
 7ACC : FE;
 7ACD : FE;
 7ACE : FE;
 7ACF : FE;
 7AD0 : FE;
 7AD1 : FE;
 7AD2 : FE;
 7AD3 : FE;
 7AD4 : FE;
 7AD5 : FE;
 7AD6 : FE;
 7AD7 : FE;
 7AD8 : FE;
 7AD9 : FE;
 7ADA : FE;
 7ADB : FE;
 7ADC : FE;
 7ADD : FE;
 7ADE : FE;
 7ADF : FE;
 7AE0 : FE;
 7AE1 : FE;
 7AE2 : FE;
 7AE3 : FE;
 7AE4 : FE;
 7AE5 : FE;
 7AE6 : FE;
 7AE7 : FE;
 7AE8 : FE;
 7AE9 : FE;
 7AEA : FE;
 7AEB : FE;
 7AEC : FE;
 7AED : FE;
 7AEE : FE;
 7AEF : FE;
 7AF0 : FE;
 7AF1 : FE;
 7AF2 : FE;
 7AF3 : FE;
 7AF4 : FE;
 7AF5 : FE;
 7AF6 : FE;
 7AF7 : FE;
 7AF8 : FE;
 7AF9 : FE;
 7AFA : FE;
 7AFB : FE;
 7AFC : FE;
 7AFD : FE;
 7AFE : FE;
 7AFF : FE;
 7B00 : FE;
 7B01 : FE;
 7B02 : FD;
 7B03 : FD;
 7B04 : FD;
 7B05 : FE;
 7B06 : FE;
 7B07 : FF;
 7B08 : F9;
 7B09 : FE;
 7B0A : D2;
 7B0B : 9D;
 7B0C : CA;
 7B0D : C2;
 7B0E : C3;
 7B0F : CC;
 7B10 : C3;
 7B11 : CD;
 7B12 : 94;
 7B13 : 45;
 7B14 : 3C;
 7B15 : 36;
 7B16 : 59;
 7B17 : 68;
 7B18 : 66;
 7B19 : 3A;
 7B1A : 61;
 7B1B : 55;
 7B1C : 68;
 7B1D : 89;
 7B1E : 90;
 7B1F : AD;
 7B20 : A4;
 7B21 : A5;
 7B22 : AE;
 7B23 : 84;
 7B24 : 65;
 7B25 : 5F;
 7B26 : 68;
 7B27 : 39;
 7B28 : 3B;
 7B29 : 3F;
 7B2A : 52;
 7B2B : 81;
 7B2C : B4;
 7B2D : C3;
 7B2E : B7;
 7B2F : C1;
 7B30 : C8;
 7B31 : C6;
 7B32 : A4;
 7B33 : 70;
 7B34 : FF;
 7B35 : FB;
 7B36 : FD;
 7B37 : FE;
 7B38 : FE;
 7B39 : FE;
 7B3A : FE;
 7B3B : FE;
 7B3C : FE;
 7B3D : FE;
 7B3E : FE;
 7B3F : FE;
 7B40 : FE;
 7B41 : FE;
 7B42 : FE;
 7B43 : FE;
 7B44 : FE;
 7B45 : FE;
 7B46 : FE;
 7B47 : FE;
 7B48 : FE;
 7B49 : FE;
 7B4A : FE;
 7B4B : FE;
 7B4C : FE;
 7B4D : FE;
 7B4E : FE;
 7B4F : FE;
 7B50 : FE;
 7B51 : FE;
 7B52 : FE;
 7B53 : FE;
 7B54 : FE;
 7B55 : FE;
 7B56 : FE;
 7B57 : FE;
 7B58 : FE;
 7B59 : FE;
 7B5A : FE;
 7B5B : FE;
 7B5C : FE;
 7B5D : FE;
 7B5E : FE;
 7B5F : FE;
 7B60 : FE;
 7B61 : FE;
 7B62 : FE;
 7B63 : FE;
 7B64 : FE;
 7B65 : FE;
 7B66 : FE;
 7B67 : FE;
 7B68 : FE;
 7B69 : FE;
 7B6A : FE;
 7B6B : FE;
 7B6C : FE;
 7B6D : FE;
 7B6E : FE;
 7B6F : FE;
 7B70 : FE;
 7B71 : FE;
 7B72 : FE;
 7B73 : FE;
 7B74 : FE;
 7B75 : FE;
 7B76 : FE;
 7B77 : FE;
 7B78 : FE;
 7B79 : FE;
 7B7A : FE;
 7B7B : FE;
 7B7C : FE;
 7B7D : FE;
 7B7E : FE;
 7B7F : FE;
 7B80 : FE;
 7B81 : FE;
 7B82 : FE;
 7B83 : FE;
 7B84 : FE;
 7B85 : FE;
 7B86 : FE;
 7B87 : FE;
 7B88 : FE;
 7B89 : FE;
 7B8A : FE;
 7B8B : FE;
 7B8C : FE;
 7B8D : FE;
 7B8E : FE;
 7B8F : FE;
 7B90 : FE;
 7B91 : FE;
 7B92 : FE;
 7B93 : FE;
 7B94 : FE;
 7B95 : FE;
 7B96 : FE;
 7B97 : FE;
 7B98 : FE;
 7B99 : FE;
 7B9A : FE;
 7B9B : FE;
 7B9C : FE;
 7B9D : FE;
 7B9E : FE;
 7B9F : FE;
 7BA0 : FE;
 7BA1 : FE;
 7BA2 : FE;
 7BA3 : FE;
 7BA4 : FE;
 7BA5 : FE;
 7BA6 : FE;
 7BA7 : FE;
 7BA8 : FE;
 7BA9 : FE;
 7BAA : FE;
 7BAB : FE;
 7BAC : FE;
 7BAD : FE;
 7BAE : FE;
 7BAF : FE;
 7BB0 : FE;
 7BB1 : FE;
 7BB2 : FE;
 7BB3 : FE;
 7BB4 : FE;
 7BB5 : FE;
 7BB6 : FE;
 7BB7 : FE;
 7BB8 : FE;
 7BB9 : FE;
 7BBA : FE;
 7BBB : FE;
 7BBC : FE;
 7BBD : FE;
 7BBE : FE;
 7BBF : FE;
 7BC0 : FE;
 7BC1 : FE;
 7BC2 : FE;
 7BC3 : FE;
 7BC4 : FE;
 7BC5 : FE;
 7BC6 : FE;
 7BC7 : FE;
 7BC8 : FE;
 7BC9 : FE;
 7BCA : FE;
 7BCB : FE;
 7BCC : FE;
 7BCD : FE;
 7BCE : FE;
 7BCF : FE;
 7BD0 : FE;
 7BD1 : FE;
 7BD2 : FE;
 7BD3 : FE;
 7BD4 : FE;
 7BD5 : FE;
 7BD6 : FE;
 7BD7 : FE;
 7BD8 : FE;
 7BD9 : FE;
 7BDA : FE;
 7BDB : FE;
 7BDC : FE;
 7BDD : FE;
 7BDE : FE;
 7BDF : FE;
 7BE0 : FE;
 7BE1 : FE;
 7BE2 : FE;
 7BE3 : FE;
 7BE4 : FE;
 7BE5 : FE;
 7BE6 : FE;
 7BE7 : FE;
 7BE8 : FE;
 7BE9 : FE;
 7BEA : FE;
 7BEB : FE;
 7BEC : FE;
 7BED : FE;
 7BEE : FE;
 7BEF : FE;
 7BF0 : FE;
 7BF1 : FE;
 7BF2 : FE;
 7BF3 : FE;
 7BF4 : FE;
 7BF5 : FE;
 7BF6 : FE;
 7BF7 : FE;
 7BF8 : FE;
 7BF9 : FE;
 7BFA : FE;
 7BFB : FE;
 7BFC : FE;
 7BFD : FE;
 7BFE : FE;
 7BFF : FE;
 7C00 : FE;
 7C01 : FE;
 7C02 : FE;
 7C03 : FE;
 7C04 : FE;
 7C05 : FE;
 7C06 : FE;
 7C07 : FE;
 7C08 : FE;
 7C09 : FE;
 7C0A : FE;
 7C0B : FE;
 7C0C : FE;
 7C0D : FE;
 7C0E : FE;
 7C0F : FE;
 7C10 : FE;
 7C11 : FE;
 7C12 : FE;
 7C13 : FE;
 7C14 : FE;
 7C15 : FE;
 7C16 : FE;
 7C17 : FE;
 7C18 : FE;
 7C19 : FE;
 7C1A : FE;
 7C1B : FE;
 7C1C : FE;
 7C1D : FE;
 7C1E : FE;
 7C1F : FE;
 7C20 : FE;
 7C21 : FE;
 7C22 : FE;
 7C23 : FE;
 7C24 : FE;
 7C25 : FE;
 7C26 : FE;
 7C27 : FE;
 7C28 : FE;
 7C29 : FE;
 7C2A : FE;
 7C2B : FE;
 7C2C : FE;
 7C2D : FE;
 7C2E : FE;
 7C2F : FE;
 7C30 : FE;
 7C31 : FE;
 7C32 : FE;
 7C33 : FE;
 7C34 : FE;
 7C35 : FE;
 7C36 : FE;
 7C37 : FE;
 7C38 : FE;
 7C39 : FE;
 7C3A : FE;
 7C3B : FE;
 7C3C : FE;
 7C3D : FE;
 7C3E : FE;
 7C3F : FE;
 7C40 : FE;
 7C41 : FE;
 7C42 : FD;
 7C43 : FD;
 7C44 : FD;
 7C45 : FD;
 7C46 : FE;
 7C47 : FF;
 7C48 : FA;
 7C49 : FE;
 7C4A : D4;
 7C4B : 9E;
 7C4C : CA;
 7C4D : C4;
 7C4E : C5;
 7C4F : C6;
 7C50 : CD;
 7C51 : B1;
 7C52 : D0;
 7C53 : 88;
 7C54 : 36;
 7C55 : 35;
 7C56 : 64;
 7C57 : 72;
 7C58 : 3A;
 7C59 : 42;
 7C5A : 51;
 7C5B : 6D;
 7C5C : 58;
 7C5D : A1;
 7C5E : A2;
 7C5F : B5;
 7C60 : AE;
 7C61 : B1;
 7C62 : A7;
 7C63 : 75;
 7C64 : 78;
 7C65 : 6C;
 7C66 : 93;
 7C67 : 37;
 7C68 : 3C;
 7C69 : 4D;
 7C6A : 73;
 7C6B : A1;
 7C6C : BF;
 7C6D : C2;
 7C6E : B7;
 7C6F : C4;
 7C70 : CA;
 7C71 : C7;
 7C72 : A3;
 7C73 : 6F;
 7C74 : FD;
 7C75 : FA;
 7C76 : FD;
 7C77 : FE;
 7C78 : FE;
 7C79 : FE;
 7C7A : FE;
 7C7B : FE;
 7C7C : FE;
 7C7D : FE;
 7C7E : FE;
 7C7F : FE;
 7C80 : FE;
 7C81 : FE;
 7C82 : FE;
 7C83 : FE;
 7C84 : FE;
 7C85 : FE;
 7C86 : FE;
 7C87 : FE;
 7C88 : FE;
 7C89 : FE;
 7C8A : FE;
 7C8B : FE;
 7C8C : FE;
 7C8D : FE;
 7C8E : FE;
 7C8F : FE;
 7C90 : FE;
 7C91 : FE;
 7C92 : FE;
 7C93 : FE;
 7C94 : FE;
 7C95 : FE;
 7C96 : FE;
 7C97 : FE;
 7C98 : FE;
 7C99 : FE;
 7C9A : FE;
 7C9B : FE;
 7C9C : FE;
 7C9D : FE;
 7C9E : FE;
 7C9F : FE;
 7CA0 : FE;
 7CA1 : FE;
 7CA2 : FE;
 7CA3 : FE;
 7CA4 : FE;
 7CA5 : FE;
 7CA6 : FE;
 7CA7 : FE;
 7CA8 : FE;
 7CA9 : FE;
 7CAA : FE;
 7CAB : FE;
 7CAC : FE;
 7CAD : FE;
 7CAE : FE;
 7CAF : FE;
 7CB0 : FE;
 7CB1 : FE;
 7CB2 : FE;
 7CB3 : FE;
 7CB4 : FE;
 7CB5 : FE;
 7CB6 : FE;
 7CB7 : FE;
 7CB8 : FE;
 7CB9 : FE;
 7CBA : FE;
 7CBB : FE;
 7CBC : FE;
 7CBD : FE;
 7CBE : FE;
 7CBF : FE;
 7CC0 : FE;
 7CC1 : FE;
 7CC2 : FE;
 7CC3 : FE;
 7CC4 : FE;
 7CC5 : FE;
 7CC6 : FE;
 7CC7 : FE;
 7CC8 : FE;
 7CC9 : FE;
 7CCA : FE;
 7CCB : FE;
 7CCC : FE;
 7CCD : FE;
 7CCE : FE;
 7CCF : FE;
 7CD0 : FE;
 7CD1 : FE;
 7CD2 : FE;
 7CD3 : FE;
 7CD4 : FE;
 7CD5 : FE;
 7CD6 : FE;
 7CD7 : FE;
 7CD8 : FE;
 7CD9 : FE;
 7CDA : FE;
 7CDB : FE;
 7CDC : FE;
 7CDD : FE;
 7CDE : FE;
 7CDF : FE;
 7CE0 : FE;
 7CE1 : FE;
 7CE2 : FE;
 7CE3 : FE;
 7CE4 : FE;
 7CE5 : FE;
 7CE6 : FE;
 7CE7 : FE;
 7CE8 : FE;
 7CE9 : FE;
 7CEA : FE;
 7CEB : FE;
 7CEC : FE;
 7CED : FE;
 7CEE : FE;
 7CEF : FE;
 7CF0 : FE;
 7CF1 : FE;
 7CF2 : FE;
 7CF3 : FE;
 7CF4 : FE;
 7CF5 : FE;
 7CF6 : FE;
 7CF7 : FE;
 7CF8 : FE;
 7CF9 : FE;
 7CFA : FE;
 7CFB : FE;
 7CFC : FE;
 7CFD : FE;
 7CFE : FE;
 7CFF : FE;
 7D00 : FE;
 7D01 : FE;
 7D02 : FE;
 7D03 : FE;
 7D04 : FE;
 7D05 : FE;
 7D06 : FE;
 7D07 : FE;
 7D08 : FE;
 7D09 : FE;
 7D0A : FE;
 7D0B : FE;
 7D0C : FE;
 7D0D : FE;
 7D0E : FE;
 7D0F : FE;
 7D10 : FE;
 7D11 : FE;
 7D12 : FE;
 7D13 : FE;
 7D14 : FE;
 7D15 : FE;
 7D16 : FE;
 7D17 : FE;
 7D18 : FE;
 7D19 : FE;
 7D1A : FE;
 7D1B : FE;
 7D1C : FE;
 7D1D : FE;
 7D1E : FE;
 7D1F : FE;
 7D20 : FE;
 7D21 : FE;
 7D22 : FE;
 7D23 : FE;
 7D24 : FE;
 7D25 : FE;
 7D26 : FE;
 7D27 : FE;
 7D28 : FE;
 7D29 : FE;
 7D2A : FE;
 7D2B : FE;
 7D2C : FE;
 7D2D : FE;
 7D2E : FE;
 7D2F : FE;
 7D30 : FE;
 7D31 : FE;
 7D32 : FE;
 7D33 : FE;
 7D34 : FE;
 7D35 : FE;
 7D36 : FE;
 7D37 : FE;
 7D38 : FE;
 7D39 : FE;
 7D3A : FE;
 7D3B : FE;
 7D3C : FE;
 7D3D : FE;
 7D3E : FE;
 7D3F : FE;
 7D40 : FE;
 7D41 : FE;
 7D42 : FE;
 7D43 : FE;
 7D44 : FE;
 7D45 : FE;
 7D46 : FE;
 7D47 : FE;
 7D48 : FE;
 7D49 : FE;
 7D4A : FE;
 7D4B : FE;
 7D4C : FE;
 7D4D : FE;
 7D4E : FE;
 7D4F : FE;
 7D50 : FE;
 7D51 : FE;
 7D52 : FE;
 7D53 : FE;
 7D54 : FE;
 7D55 : FE;
 7D56 : FE;
 7D57 : FE;
 7D58 : FE;
 7D59 : FE;
 7D5A : FE;
 7D5B : FE;
 7D5C : FE;
 7D5D : FE;
 7D5E : FE;
 7D5F : FE;
 7D60 : FE;
 7D61 : FE;
 7D62 : FE;
 7D63 : FE;
 7D64 : FE;
 7D65 : FE;
 7D66 : FE;
 7D67 : FE;
 7D68 : FE;
 7D69 : FE;
 7D6A : FE;
 7D6B : FE;
 7D6C : FE;
 7D6D : FE;
 7D6E : FE;
 7D6F : FE;
 7D70 : FE;
 7D71 : FE;
 7D72 : FE;
 7D73 : FE;
 7D74 : FE;
 7D75 : FE;
 7D76 : FE;
 7D77 : FE;
 7D78 : FE;
 7D79 : FE;
 7D7A : FE;
 7D7B : FE;
 7D7C : FE;
 7D7D : FE;
 7D7E : FE;
 7D7F : FD;
 7D80 : FD;
 7D81 : FE;
 7D82 : FD;
 7D83 : FD;
 7D84 : FD;
 7D85 : FD;
 7D86 : FE;
 7D87 : FE;
 7D88 : FB;
 7D89 : FE;
 7D8A : D5;
 7D8B : 9E;
 7D8C : CA;
 7D8D : C5;
 7D8E : C8;
 7D8F : C3;
 7D90 : D1;
 7D91 : AA;
 7D92 : D9;
 7D93 : BE;
 7D94 : 63;
 7D95 : 34;
 7D96 : 51;
 7D97 : 70;
 7D98 : 5E;
 7D99 : 71;
 7D9A : 44;
 7D9B : 7A;
 7D9C : 6B;
 7D9D : 95;
 7D9E : CC;
 7D9F : D4;
 7DA0 : BB;
 7DA1 : AC;
 7DA2 : 9F;
 7DA3 : 92;
 7DA4 : A5;
 7DA5 : 69;
 7DA6 : 68;
 7DA7 : 31;
 7DA8 : 3E;
 7DA9 : 65;
 7DAA : 99;
 7DAB : B8;
 7DAC : BB;
 7DAD : BB;
 7DAE : C0;
 7DAF : C5;
 7DB0 : CA;
 7DB1 : C7;
 7DB2 : A3;
 7DB3 : 6E;
 7DB4 : FD;
 7DB5 : FA;
 7DB6 : FC;
 7DB7 : FE;
 7DB8 : FE;
 7DB9 : FE;
 7DBA : FE;
 7DBB : FE;
 7DBC : FE;
 7DBD : FE;
 7DBE : FE;
 7DBF : FE;
 7DC0 : FE;
 7DC1 : FE;
 7DC2 : FE;
 7DC3 : FE;
 7DC4 : FE;
 7DC5 : FE;
 7DC6 : FE;
 7DC7 : FE;
 7DC8 : FE;
 7DC9 : FE;
 7DCA : FE;
 7DCB : FE;
 7DCC : FE;
 7DCD : FE;
 7DCE : FE;
 7DCF : FE;
 7DD0 : FE;
 7DD1 : FE;
 7DD2 : FE;
 7DD3 : FE;
 7DD4 : FE;
 7DD5 : FE;
 7DD6 : FE;
 7DD7 : FE;
 7DD8 : FE;
 7DD9 : FE;
 7DDA : FE;
 7DDB : FE;
 7DDC : FE;
 7DDD : FE;
 7DDE : FE;
 7DDF : FE;
 7DE0 : FE;
 7DE1 : FE;
 7DE2 : FE;
 7DE3 : FE;
 7DE4 : FE;
 7DE5 : FE;
 7DE6 : FE;
 7DE7 : FE;
 7DE8 : FE;
 7DE9 : FE;
 7DEA : FE;
 7DEB : FE;
 7DEC : FE;
 7DED : FE;
 7DEE : FE;
 7DEF : FE;
 7DF0 : FE;
 7DF1 : FE;
 7DF2 : FE;
 7DF3 : FE;
 7DF4 : FE;
 7DF5 : FE;
 7DF6 : FE;
 7DF7 : FE;
 7DF8 : FE;
 7DF9 : FE;
 7DFA : FE;
 7DFB : FE;
 7DFC : FE;
 7DFD : FE;
 7DFE : FE;
 7DFF : FE;
 7E00 : FE;
 7E01 : FE;
 7E02 : FE;
 7E03 : FE;
 7E04 : FE;
 7E05 : FE;
 7E06 : FE;
 7E07 : FE;
 7E08 : FE;
 7E09 : FE;
 7E0A : FE;
 7E0B : FE;
 7E0C : FE;
 7E0D : FE;
 7E0E : FE;
 7E0F : FE;
 7E10 : FE;
 7E11 : FE;
 7E12 : FE;
 7E13 : FE;
 7E14 : FE;
 7E15 : FE;
 7E16 : FE;
 7E17 : FE;
 7E18 : FE;
 7E19 : FE;
 7E1A : FE;
 7E1B : FE;
 7E1C : FE;
 7E1D : FE;
 7E1E : FE;
 7E1F : FE;
 7E20 : FE;
 7E21 : FE;
 7E22 : FE;
 7E23 : FE;
 7E24 : FE;
 7E25 : FE;
 7E26 : FE;
 7E27 : FE;
 7E28 : FE;
 7E29 : FE;
 7E2A : FE;
 7E2B : FE;
 7E2C : FE;
 7E2D : FE;
 7E2E : FE;
 7E2F : FE;
 7E30 : FE;
 7E31 : FE;
 7E32 : FE;
 7E33 : FE;
 7E34 : FE;
 7E35 : FE;
 7E36 : FE;
 7E37 : FE;
 7E38 : FE;
 7E39 : FE;
 7E3A : FE;
 7E3B : FE;
 7E3C : FE;
 7E3D : FE;
 7E3E : FE;
 7E3F : FE;
 7E40 : FE;
 7E41 : FE;
 7E42 : FE;
 7E43 : FE;
 7E44 : FE;
 7E45 : FE;
 7E46 : FE;
 7E47 : FE;
 7E48 : FE;
 7E49 : FE;
 7E4A : FE;
 7E4B : FE;
 7E4C : FE;
 7E4D : FE;
 7E4E : FE;
 7E4F : FE;
 7E50 : FE;
 7E51 : FE;
 7E52 : FE;
 7E53 : FE;
 7E54 : FE;
 7E55 : FE;
 7E56 : FE;
 7E57 : FE;
 7E58 : FE;
 7E59 : FE;
 7E5A : FE;
 7E5B : FE;
 7E5C : FE;
 7E5D : FE;
 7E5E : FE;
 7E5F : FE;
 7E60 : FE;
 7E61 : FE;
 7E62 : FE;
 7E63 : FE;
 7E64 : FE;
 7E65 : FE;
 7E66 : FE;
 7E67 : FE;
 7E68 : FE;
 7E69 : FE;
 7E6A : FE;
 7E6B : FE;
 7E6C : FE;
 7E6D : FE;
 7E6E : FE;
 7E6F : FE;
 7E70 : FE;
 7E71 : FE;
 7E72 : FE;
 7E73 : FE;
 7E74 : FE;
 7E75 : FE;
 7E76 : FE;
 7E77 : FE;
 7E78 : FE;
 7E79 : FE;
 7E7A : FE;
 7E7B : FE;
 7E7C : FE;
 7E7D : FE;
 7E7E : FE;
 7E7F : FE;
 7E80 : FE;
 7E81 : FE;
 7E82 : FE;
 7E83 : FE;
 7E84 : FE;
 7E85 : FE;
 7E86 : FE;
 7E87 : FE;
 7E88 : FE;
 7E89 : FE;
 7E8A : FE;
 7E8B : FE;
 7E8C : FE;
 7E8D : FE;
 7E8E : FE;
 7E8F : FE;
 7E90 : FE;
 7E91 : FE;
 7E92 : FE;
 7E93 : FE;
 7E94 : FE;
 7E95 : FE;
 7E96 : FE;
 7E97 : FE;
 7E98 : FE;
 7E99 : FE;
 7E9A : FE;
 7E9B : FE;
 7E9C : FE;
 7E9D : FE;
 7E9E : FE;
 7E9F : FE;
 7EA0 : FE;
 7EA1 : FE;
 7EA2 : FE;
 7EA3 : FE;
 7EA4 : FE;
 7EA5 : FE;
 7EA6 : FE;
 7EA7 : FE;
 7EA8 : FE;
 7EA9 : FE;
 7EAA : FE;
 7EAB : FE;
 7EAC : FE;
 7EAD : FE;
 7EAE : FE;
 7EAF : FE;
 7EB0 : FE;
 7EB1 : FE;
 7EB2 : FE;
 7EB3 : FE;
 7EB4 : FE;
 7EB5 : FE;
 7EB6 : FE;
 7EB7 : FE;
 7EB8 : FE;
 7EB9 : FE;
 7EBA : FE;
 7EBB : FE;
 7EBC : FE;
 7EBD : FE;
 7EBE : FE;
 7EBF : FE;
 7EC0 : FD;
 7EC1 : FE;
 7EC2 : FE;
 7EC3 : FD;
 7EC4 : FD;
 7EC5 : FD;
 7EC6 : FD;
 7EC7 : FD;
 7EC8 : FB;
 7EC9 : FF;
 7ECA : D7;
 7ECB : 9F;
 7ECC : CA;
 7ECD : C6;
 7ECE : CA;
 7ECF : CA;
 7ED0 : CB;
 7ED1 : CE;
 7ED2 : C3;
 7ED3 : C7;
 7ED4 : AE;
 7ED5 : 48;
 7ED6 : 39;
 7ED7 : 47;
 7ED8 : 54;
 7ED9 : 84;
 7EDA : 62;
 7EDB : 47;
 7EDC : 81;
 7EDD : B3;
 7EDE : E6;
 7EDF : D8;
 7EE0 : C2;
 7EE1 : B6;
 7EE2 : AC;
 7EE3 : AB;
 7EE4 : 9A;
 7EE5 : 43;
 7EE6 : 26;
 7EE7 : 35;
 7EE8 : 51;
 7EE9 : 83;
 7EEA : B1;
 7EEB : C0;
 7EEC : B8;
 7EED : BB;
 7EEE : CA;
 7EEF : C3;
 7EF0 : C9;
 7EF1 : C7;
 7EF2 : A4;
 7EF3 : 70;
 7EF4 : FE;
 7EF5 : FA;
 7EF6 : FB;
 7EF7 : FE;
 7EF8 : FE;
 7EF9 : FE;
 7EFA : FE;
 7EFB : FE;
 7EFC : FE;
 7EFD : FE;
 7EFE : FE;
 7EFF : FE;
 7F00 : FE;
 7F01 : FE;
 7F02 : FE;
 7F03 : FE;
 7F04 : FE;
 7F05 : FE;
 7F06 : FE;
 7F07 : FE;
 7F08 : FE;
 7F09 : FE;
 7F0A : FE;
 7F0B : FE;
 7F0C : FE;
 7F0D : FE;
 7F0E : FE;
 7F0F : FE;
 7F10 : FE;
 7F11 : FE;
 7F12 : FE;
 7F13 : FE;
 7F14 : FE;
 7F15 : FE;
 7F16 : FE;
 7F17 : FE;
 7F18 : FE;
 7F19 : FE;
 7F1A : FE;
 7F1B : FE;
 7F1C : FE;
 7F1D : FE;
 7F1E : FE;
 7F1F : FE;
 7F20 : FE;
 7F21 : FE;
 7F22 : FE;
 7F23 : FE;
 7F24 : FE;
 7F25 : FE;
 7F26 : FE;
 7F27 : FE;
 7F28 : FE;
 7F29 : FE;
 7F2A : FE;
 7F2B : FE;
 7F2C : FE;
 7F2D : FE;
 7F2E : FE;
 7F2F : FE;
 7F30 : FE;
 7F31 : FE;
 7F32 : FE;
 7F33 : FE;
 7F34 : FE;
 7F35 : FE;
 7F36 : FE;
 7F37 : FE;
 7F38 : FE;
 7F39 : FE;
 7F3A : FE;
 7F3B : FE;
 7F3C : FE;
 7F3D : FE;
 7F3E : FE;
 7F3F : FE;
 7F40 : FE;
 7F41 : FE;
 7F42 : FE;
 7F43 : FE;
 7F44 : FE;
 7F45 : FE;
 7F46 : FE;
 7F47 : FE;
 7F48 : FE;
 7F49 : FE;
 7F4A : FE;
 7F4B : FE;
 7F4C : FE;
 7F4D : FE;
 7F4E : FE;
 7F4F : FE;
 7F50 : FE;
 7F51 : FE;
 7F52 : FE;
 7F53 : FE;
 7F54 : FE;
 7F55 : FE;
 7F56 : FE;
 7F57 : FE;
 7F58 : FE;
 7F59 : FE;
 7F5A : FE;
 7F5B : FE;
 7F5C : FE;
 7F5D : FE;
 7F5E : FE;
 7F5F : FE;
 7F60 : FE;
 7F61 : FE;
 7F62 : FE;
 7F63 : FE;
 7F64 : FE;
 7F65 : FE;
 7F66 : FE;
 7F67 : FE;
 7F68 : FE;
 7F69 : FE;
 7F6A : FE;
 7F6B : FE;
 7F6C : FE;
 7F6D : FE;
 7F6E : FE;
 7F6F : FE;
 7F70 : FE;
 7F71 : FE;
 7F72 : FE;
 7F73 : FE;
 7F74 : FE;
 7F75 : FE;
 7F76 : FE;
 7F77 : FE;
 7F78 : FE;
 7F79 : FE;
 7F7A : FE;
 7F7B : FE;
 7F7C : FE;
 7F7D : FE;
 7F7E : FE;
 7F7F : FE;
 7F80 : FE;
 7F81 : FE;
 7F82 : FE;
 7F83 : FE;
 7F84 : FE;
 7F85 : FE;
 7F86 : FE;
 7F87 : FE;
 7F88 : FE;
 7F89 : FE;
 7F8A : FE;
 7F8B : FE;
 7F8C : FE;
 7F8D : FE;
 7F8E : FE;
 7F8F : FE;
 7F90 : FE;
 7F91 : FE;
 7F92 : FE;
 7F93 : FE;
 7F94 : FE;
 7F95 : FE;
 7F96 : FE;
 7F97 : FE;
 7F98 : FE;
 7F99 : FE;
 7F9A : FE;
 7F9B : FE;
 7F9C : FE;
 7F9D : FE;
 7F9E : FE;
 7F9F : FE;
 7FA0 : FE;
 7FA1 : FE;
 7FA2 : FE;
 7FA3 : FE;
 7FA4 : FE;
 7FA5 : FE;
 7FA6 : FE;
 7FA7 : FE;
 7FA8 : FE;
 7FA9 : FE;
 7FAA : FE;
 7FAB : FE;
 7FAC : FE;
 7FAD : FE;
 7FAE : FE;
 7FAF : FE;
 7FB0 : FE;
 7FB1 : FE;
 7FB2 : FE;
 7FB3 : FE;
 7FB4 : FE;
 7FB5 : FE;
 7FB6 : FE;
 7FB7 : FE;
 7FB8 : FE;
 7FB9 : FE;
 7FBA : FE;
 7FBB : FE;
 7FBC : FE;
 7FBD : FE;
 7FBE : FE;
 7FBF : FE;
 7FC0 : FE;
 7FC1 : FE;
 7FC2 : FE;
 7FC3 : FE;
 7FC4 : FE;
 7FC5 : FE;
 7FC6 : FE;
 7FC7 : FE;
 7FC8 : FE;
 7FC9 : FE;
 7FCA : FE;
 7FCB : FE;
 7FCC : FE;
 7FCD : FE;
 7FCE : FE;
 7FCF : FE;
 7FD0 : FE;
 7FD1 : FE;
 7FD2 : FE;
 7FD3 : FE;
 7FD4 : FE;
 7FD5 : FE;
 7FD6 : FE;
 7FD7 : FE;
 7FD8 : FE;
 7FD9 : FE;
 7FDA : FE;
 7FDB : FE;
 7FDC : FE;
 7FDD : FE;
 7FDE : FE;
 7FDF : FE;
 7FE0 : FE;
 7FE1 : FE;
 7FE2 : FE;
 7FE3 : FE;
 7FE4 : FE;
 7FE5 : FE;
 7FE6 : FE;
 7FE7 : FE;
 7FE8 : FE;
 7FE9 : FE;
 7FEA : FE;
 7FEB : FE;
 7FEC : FE;
 7FED : FE;
 7FEE : FE;
 7FEF : FE;
 7FF0 : FE;
 7FF1 : FE;
 7FF2 : FE;
 7FF3 : FE;
 7FF4 : FE;
 7FF5 : FE;
 7FF6 : FE;
 7FF7 : FE;
 7FF8 : FE;
 7FF9 : FE;
 7FFA : FE;
 7FFB : FE;
 7FFC : FE;
 7FFD : FE;
 7FFE : FE;
 7FFF : FE;
 8000 : FE;
 8001 : FE;
 8002 : FE;
 8003 : FD;
 8004 : FD;
 8005 : FD;
 8006 : FD;
 8007 : FD;
 8008 : FC;
 8009 : FE;
 800A : D8;
 800B : 9E;
 800C : CB;
 800D : C7;
 800E : CC;
 800F : D1;
 8010 : C1;
 8011 : DE;
 8012 : C2;
 8013 : C5;
 8014 : D3;
 8015 : 8F;
 8016 : 3E;
 8017 : 31;
 8018 : 27;
 8019 : 6C;
 801A : 82;
 801B : 33;
 801C : 6F;
 801D : CD;
 801E : D4;
 801F : B0;
 8020 : AD;
 8021 : B6;
 8022 : B1;
 8023 : AA;
 8024 : 6A;
 8025 : 36;
 8026 : 39;
 8027 : 4F;
 8028 : 77;
 8029 : A4;
 802A : BA;
 802B : BC;
 802C : BD;
 802D : C1;
 802E : C4;
 802F : C1;
 8030 : C8;
 8031 : C8;
 8032 : A5;
 8033 : 72;
 8034 : FF;
 8035 : FA;
 8036 : FA;
 8037 : FE;
 8038 : FE;
 8039 : FE;
 803A : FE;
 803B : FE;
 803C : FE;
 803D : FE;
 803E : FE;
 803F : FE;
 8040 : FE;
 8041 : FE;
 8042 : FE;
 8043 : FE;
 8044 : FE;
 8045 : FE;
 8046 : FE;
 8047 : FE;
 8048 : FE;
 8049 : FE;
 804A : FE;
 804B : FE;
 804C : FE;
 804D : FE;
 804E : FE;
 804F : FE;
 8050 : FE;
 8051 : FE;
 8052 : FE;
 8053 : FE;
 8054 : FE;
 8055 : FE;
 8056 : FE;
 8057 : FE;
 8058 : FE;
 8059 : FE;
 805A : FE;
 805B : FE;
 805C : FE;
 805D : FE;
 805E : FE;
 805F : FE;
 8060 : FE;
 8061 : FE;
 8062 : FE;
 8063 : FE;
 8064 : FE;
 8065 : FE;
 8066 : FE;
 8067 : FE;
 8068 : FE;
 8069 : FE;
 806A : FE;
 806B : FE;
 806C : FE;
 806D : FE;
 806E : FE;
 806F : FE;
 8070 : FE;
 8071 : FE;
 8072 : FE;
 8073 : FE;
 8074 : FE;
 8075 : FE;
 8076 : FE;
 8077 : FE;
 8078 : FE;
 8079 : FE;
 807A : FE;
 807B : FE;
 807C : FE;
 807D : FE;
 807E : FE;
 807F : FE;
 8080 : FE;
 8081 : FE;
 8082 : FE;
 8083 : FE;
 8084 : FE;
 8085 : FE;
 8086 : FE;
 8087 : FE;
 8088 : FE;
 8089 : FE;
 808A : FE;
 808B : FE;
 808C : FE;
 808D : FE;
 808E : FE;
 808F : FE;
 8090 : FE;
 8091 : FE;
 8092 : FE;
 8093 : FE;
 8094 : FE;
 8095 : FE;
 8096 : FE;
 8097 : FE;
 8098 : FE;
 8099 : FE;
 809A : FE;
 809B : FE;
 809C : FE;
 809D : FE;
 809E : FE;
 809F : FE;
 80A0 : FE;
 80A1 : FE;
 80A2 : FE;
 80A3 : FE;
 80A4 : FE;
 80A5 : FE;
 80A6 : FE;
 80A7 : FE;
 80A8 : FE;
 80A9 : FE;
 80AA : FE;
 80AB : FE;
 80AC : FE;
 80AD : FE;
 80AE : FE;
 80AF : FE;
 80B0 : FE;
 80B1 : FE;
 80B2 : FE;
 80B3 : FE;
 80B4 : FE;
 80B5 : FE;
 80B6 : FE;
 80B7 : FE;
 80B8 : FE;
 80B9 : FE;
 80BA : FE;
 80BB : FE;
 80BC : FE;
 80BD : FE;
 80BE : FE;
 80BF : FE;
 80C0 : FE;
 80C1 : FE;
 80C2 : FE;
 80C3 : FE;
 80C4 : FE;
 80C5 : FE;
 80C6 : FE;
 80C7 : FE;
 80C8 : FE;
 80C9 : FE;
 80CA : FE;
 80CB : FE;
 80CC : FE;
 80CD : FE;
 80CE : FE;
 80CF : FE;
 80D0 : FE;
 80D1 : FE;
 80D2 : FE;
 80D3 : FE;
 80D4 : FE;
 80D5 : FE;
 80D6 : FE;
 80D7 : FE;
 80D8 : FE;
 80D9 : FE;
 80DA : FE;
 80DB : FE;
 80DC : FE;
 80DD : FE;
 80DE : FE;
 80DF : FE;
 80E0 : FE;
 80E1 : FE;
 80E2 : FE;
 80E3 : FE;
 80E4 : FE;
 80E5 : FE;
 80E6 : FE;
 80E7 : FE;
 80E8 : FE;
 80E9 : FE;
 80EA : FE;
 80EB : FE;
 80EC : FE;
 80ED : FE;
 80EE : FE;
 80EF : FE;
 80F0 : FE;
 80F1 : FE;
 80F2 : FE;
 80F3 : FE;
 80F4 : FE;
 80F5 : FE;
 80F6 : FE;
 80F7 : FE;
 80F8 : FE;
 80F9 : FE;
 80FA : FE;
 80FB : FE;
 80FC : FE;
 80FD : FE;
 80FE : FE;
 80FF : FE;
 8100 : FE;
 8101 : FE;
 8102 : FE;
 8103 : FE;
 8104 : FE;
 8105 : FE;
 8106 : FE;
 8107 : FE;
 8108 : FE;
 8109 : FE;
 810A : FE;
 810B : FE;
 810C : FE;
 810D : FE;
 810E : FE;
 810F : FE;
 8110 : FE;
 8111 : FE;
 8112 : FE;
 8113 : FE;
 8114 : FE;
 8115 : FE;
 8116 : FE;
 8117 : FE;
 8118 : FE;
 8119 : FE;
 811A : FE;
 811B : FE;
 811C : FE;
 811D : FE;
 811E : FE;
 811F : FE;
 8120 : FE;
 8121 : FE;
 8122 : FE;
 8123 : FE;
 8124 : FE;
 8125 : FE;
 8126 : FE;
 8127 : FE;
 8128 : FE;
 8129 : FE;
 812A : FE;
 812B : FE;
 812C : FE;
 812D : FE;
 812E : FE;
 812F : FE;
 8130 : FE;
 8131 : FE;
 8132 : FE;
 8133 : FE;
 8134 : FE;
 8135 : FE;
 8136 : FE;
 8137 : FE;
 8138 : FE;
 8139 : FE;
 813A : FE;
 813B : FE;
 813C : FE;
 813D : FE;
 813E : FE;
 813F : FE;
 8140 : FE;
 8141 : FE;
 8142 : FE;
 8143 : FD;
 8144 : FD;
 8145 : FD;
 8146 : FD;
 8147 : FD;
 8148 : FC;
 8149 : FF;
 814A : D7;
 814B : 9F;
 814C : CB;
 814D : C8;
 814E : CD;
 814F : D1;
 8150 : BA;
 8151 : CD;
 8152 : D6;
 8153 : CA;
 8154 : CA;
 8155 : D9;
 8156 : 56;
 8157 : 4A;
 8158 : 36;
 8159 : 59;
 815A : 7D;
 815B : 6B;
 815C : 4B;
 815D : A5;
 815E : B9;
 815F : C1;
 8160 : B5;
 8161 : B7;
 8162 : AD;
 8163 : 9D;
 8164 : 3E;
 8165 : 29;
 8166 : 4B;
 8167 : 69;
 8168 : 9A;
 8169 : BC;
 816A : B8;
 816B : B6;
 816C : C5;
 816D : C7;
 816E : B8;
 816F : BF;
 8170 : C7;
 8171 : C8;
 8172 : A7;
 8173 : 73;
 8174 : FF;
 8175 : FA;
 8176 : FA;
 8177 : FE;
 8178 : FE;
 8179 : FE;
 817A : FE;
 817B : FE;
 817C : FE;
 817D : FE;
 817E : FE;
 817F : FE;
 8180 : FE;
 8181 : FE;
 8182 : FE;
 8183 : FE;
 8184 : FE;
 8185 : FE;
 8186 : FE;
 8187 : FE;
 8188 : FE;
 8189 : FE;
 818A : FE;
 818B : FE;
 818C : FE;
 818D : FE;
 818E : FE;
 818F : FE;
 8190 : FE;
 8191 : FE;
 8192 : FE;
 8193 : FE;
 8194 : FE;
 8195 : FE;
 8196 : FE;
 8197 : FE;
 8198 : FE;
 8199 : FE;
 819A : FE;
 819B : FE;
 819C : FE;
 819D : FE;
 819E : FE;
 819F : FE;
 81A0 : FE;
 81A1 : FE;
 81A2 : FE;
 81A3 : FE;
 81A4 : FE;
 81A5 : FE;
 81A6 : FE;
 81A7 : FE;
 81A8 : FE;
 81A9 : FE;
 81AA : FE;
 81AB : FE;
 81AC : FE;
 81AD : FE;
 81AE : FE;
 81AF : FE;
 81B0 : FE;
 81B1 : FE;
 81B2 : FE;
 81B3 : FE;
 81B4 : FE;
 81B5 : FE;
 81B6 : FE;
 81B7 : FE;
 81B8 : FE;
 81B9 : FE;
 81BA : FE;
 81BB : FE;
 81BC : FE;
 81BD : FE;
 81BE : FE;
 81BF : FE;
 81C0 : FE;
 81C1 : FE;
 81C2 : FE;
 81C3 : FE;
 81C4 : FE;
 81C5 : FE;
 81C6 : FE;
 81C7 : FE;
 81C8 : FE;
 81C9 : FE;
 81CA : FE;
 81CB : FE;
 81CC : FE;
 81CD : FE;
 81CE : FE;
 81CF : FE;
 81D0 : FE;
 81D1 : FE;
 81D2 : FE;
 81D3 : FE;
 81D4 : FE;
 81D5 : FE;
 81D6 : FE;
 81D7 : FE;
 81D8 : FE;
 81D9 : FE;
 81DA : FE;
 81DB : FE;
 81DC : FE;
 81DD : FE;
 81DE : FE;
 81DF : FE;
 81E0 : FE;
 81E1 : FE;
 81E2 : FE;
 81E3 : FE;
 81E4 : FE;
 81E5 : FE;
 81E6 : FE;
 81E7 : FE;
 81E8 : FE;
 81E9 : FE;
 81EA : FE;
 81EB : FE;
 81EC : FE;
 81ED : FE;
 81EE : FE;
 81EF : FE;
 81F0 : FE;
 81F1 : FE;
 81F2 : FE;
 81F3 : FE;
 81F4 : FE;
 81F5 : FE;
 81F6 : FE;
 81F7 : FE;
 81F8 : FE;
 81F9 : FE;
 81FA : FE;
 81FB : FE;
 81FC : FE;
 81FD : FE;
 81FE : FE;
 81FF : FE;
 8200 : FE;
 8201 : FE;
 8202 : FE;
 8203 : FE;
 8204 : FE;
 8205 : FE;
 8206 : FE;
 8207 : FE;
 8208 : FE;
 8209 : FE;
 820A : FE;
 820B : FE;
 820C : FE;
 820D : FE;
 820E : FE;
 820F : FE;
 8210 : FE;
 8211 : FE;
 8212 : FE;
 8213 : FE;
 8214 : FE;
 8215 : FE;
 8216 : FE;
 8217 : FE;
 8218 : FE;
 8219 : FE;
 821A : FE;
 821B : FE;
 821C : FE;
 821D : FE;
 821E : FE;
 821F : FE;
 8220 : FE;
 8221 : FE;
 8222 : FE;
 8223 : FE;
 8224 : FE;
 8225 : FE;
 8226 : FE;
 8227 : FE;
 8228 : FE;
 8229 : FE;
 822A : FE;
 822B : FE;
 822C : FE;
 822D : FE;
 822E : FE;
 822F : FE;
 8230 : FE;
 8231 : FE;
 8232 : FE;
 8233 : FE;
 8234 : FE;
 8235 : FE;
 8236 : FE;
 8237 : FE;
 8238 : FE;
 8239 : FE;
 823A : FE;
 823B : FE;
 823C : FE;
 823D : FE;
 823E : FE;
 823F : FE;
 8240 : FE;
 8241 : FE;
 8242 : FE;
 8243 : FE;
 8244 : FE;
 8245 : FE;
 8246 : FE;
 8247 : FE;
 8248 : FE;
 8249 : FE;
 824A : FE;
 824B : FE;
 824C : FE;
 824D : FE;
 824E : FE;
 824F : FE;
 8250 : FE;
 8251 : FE;
 8252 : FE;
 8253 : FE;
 8254 : FE;
 8255 : FE;
 8256 : FE;
 8257 : FE;
 8258 : FE;
 8259 : FE;
 825A : FE;
 825B : FE;
 825C : FE;
 825D : FE;
 825E : FE;
 825F : FE;
 8260 : FE;
 8261 : FE;
 8262 : FE;
 8263 : FE;
 8264 : FE;
 8265 : FE;
 8266 : FE;
 8267 : FE;
 8268 : FE;
 8269 : FE;
 826A : FE;
 826B : FE;
 826C : FE;
 826D : FE;
 826E : FE;
 826F : FE;
 8270 : FE;
 8271 : FE;
 8272 : FE;
 8273 : FE;
 8274 : FE;
 8275 : FE;
 8276 : FE;
 8277 : FE;
 8278 : FE;
 8279 : FE;
 827A : FE;
 827B : FE;
 827C : FE;
 827D : FE;
 827E : FE;
 827F : FF;
 8280 : FE;
 8281 : FD;
 8282 : FD;
 8283 : FD;
 8284 : FD;
 8285 : FD;
 8286 : FD;
 8287 : FE;
 8288 : F6;
 8289 : FF;
 828A : E6;
 828B : 92;
 828C : D4;
 828D : CD;
 828E : D0;
 828F : CA;
 8290 : D7;
 8291 : C8;
 8292 : CD;
 8293 : C9;
 8294 : C8;
 8295 : D5;
 8296 : AE;
 8297 : 3D;
 8298 : 39;
 8299 : 3A;
 829A : 69;
 829B : 94;
 829C : 6C;
 829D : 8A;
 829E : 99;
 829F : 99;
 82A0 : B2;
 82A1 : A5;
 82A2 : A1;
 82A3 : 8A;
 82A4 : 25;
 82A5 : 40;
 82A6 : 5D;
 82A7 : 84;
 82A8 : B3;
 82A9 : CA;
 82AA : BE;
 82AB : CD;
 82AC : B4;
 82AD : C9;
 82AE : C2;
 82AF : CD;
 82B0 : C0;
 82B1 : CD;
 82B2 : 99;
 82B3 : 6E;
 82B4 : FF;
 82B5 : FE;
 82B6 : F3;
 82B7 : FE;
 82B8 : FE;
 82B9 : FE;
 82BA : FE;
 82BB : FE;
 82BC : FE;
 82BD : FE;
 82BE : FE;
 82BF : FE;
 82C0 : FE;
 82C1 : FE;
 82C2 : FE;
 82C3 : FE;
 82C4 : FE;
 82C5 : FE;
 82C6 : FE;
 82C7 : FE;
 82C8 : FE;
 82C9 : FE;
 82CA : FE;
 82CB : FE;
 82CC : FE;
 82CD : FE;
 82CE : FE;
 82CF : FE;
 82D0 : FE;
 82D1 : FE;
 82D2 : FE;
 82D3 : FE;
 82D4 : FE;
 82D5 : FE;
 82D6 : FE;
 82D7 : FE;
 82D8 : FE;
 82D9 : FE;
 82DA : FE;
 82DB : FE;
 82DC : FE;
 82DD : FE;
 82DE : FE;
 82DF : FE;
 82E0 : FE;
 82E1 : FE;
 82E2 : FE;
 82E3 : FE;
 82E4 : FE;
 82E5 : FE;
 82E6 : FE;
 82E7 : FE;
 82E8 : FE;
 82E9 : FE;
 82EA : FE;
 82EB : FE;
 82EC : FE;
 82ED : FE;
 82EE : FE;
 82EF : FE;
 82F0 : FE;
 82F1 : FE;
 82F2 : FE;
 82F3 : FE;
 82F4 : FE;
 82F5 : FE;
 82F6 : FE;
 82F7 : FE;
 82F8 : FE;
 82F9 : FE;
 82FA : FE;
 82FB : FE;
 82FC : FE;
 82FD : FE;
 82FE : FE;
 82FF : FE;
 8300 : FE;
 8301 : FE;
 8302 : FE;
 8303 : FE;
 8304 : FE;
 8305 : FE;
 8306 : FE;
 8307 : FE;
 8308 : FE;
 8309 : FE;
 830A : FE;
 830B : FE;
 830C : FE;
 830D : FE;
 830E : FE;
 830F : FE;
 8310 : FE;
 8311 : FE;
 8312 : FE;
 8313 : FE;
 8314 : FE;
 8315 : FE;
 8316 : FE;
 8317 : FE;
 8318 : FE;
 8319 : FE;
 831A : FE;
 831B : FE;
 831C : FE;
 831D : FE;
 831E : FE;
 831F : FE;
 8320 : FE;
 8321 : FE;
 8322 : FE;
 8323 : FE;
 8324 : FE;
 8325 : FE;
 8326 : FE;
 8327 : FE;
 8328 : FE;
 8329 : FE;
 832A : FE;
 832B : FE;
 832C : FE;
 832D : FE;
 832E : FE;
 832F : FE;
 8330 : FE;
 8331 : FE;
 8332 : FE;
 8333 : FE;
 8334 : FE;
 8335 : FE;
 8336 : FE;
 8337 : FE;
 8338 : FE;
 8339 : FE;
 833A : FE;
 833B : FE;
 833C : FE;
 833D : FE;
 833E : FE;
 833F : FE;
 8340 : FE;
 8341 : FE;
 8342 : FE;
 8343 : FE;
 8344 : FE;
 8345 : FE;
 8346 : FE;
 8347 : FE;
 8348 : FE;
 8349 : FE;
 834A : FE;
 834B : FE;
 834C : FE;
 834D : FE;
 834E : FE;
 834F : FE;
 8350 : FE;
 8351 : FE;
 8352 : FE;
 8353 : FE;
 8354 : FE;
 8355 : FE;
 8356 : FE;
 8357 : FE;
 8358 : FE;
 8359 : FE;
 835A : FE;
 835B : FE;
 835C : FE;
 835D : FE;
 835E : FE;
 835F : FE;
 8360 : FE;
 8361 : FE;
 8362 : FE;
 8363 : FE;
 8364 : FE;
 8365 : FE;
 8366 : FE;
 8367 : FE;
 8368 : FE;
 8369 : FE;
 836A : FE;
 836B : FE;
 836C : FE;
 836D : FE;
 836E : FE;
 836F : FE;
 8370 : FE;
 8371 : FE;
 8372 : FE;
 8373 : FE;
 8374 : FE;
 8375 : FE;
 8376 : FE;
 8377 : FE;
 8378 : FE;
 8379 : FE;
 837A : FE;
 837B : FE;
 837C : FE;
 837D : FE;
 837E : FE;
 837F : FE;
 8380 : FE;
 8381 : FE;
 8382 : FE;
 8383 : FE;
 8384 : FE;
 8385 : FE;
 8386 : FE;
 8387 : FE;
 8388 : FE;
 8389 : FE;
 838A : FE;
 838B : FE;
 838C : FE;
 838D : FE;
 838E : FE;
 838F : FE;
 8390 : FE;
 8391 : FE;
 8392 : FE;
 8393 : FE;
 8394 : FE;
 8395 : FE;
 8396 : FE;
 8397 : FE;
 8398 : FE;
 8399 : FE;
 839A : FE;
 839B : FE;
 839C : FE;
 839D : FE;
 839E : FE;
 839F : FE;
 83A0 : FE;
 83A1 : FE;
 83A2 : FE;
 83A3 : FE;
 83A4 : FE;
 83A5 : FE;
 83A6 : FE;
 83A7 : FE;
 83A8 : FE;
 83A9 : FE;
 83AA : FE;
 83AB : FE;
 83AC : FE;
 83AD : FE;
 83AE : FE;
 83AF : FE;
 83B0 : FE;
 83B1 : FE;
 83B2 : FE;
 83B3 : FE;
 83B4 : FE;
 83B5 : FE;
 83B6 : FE;
 83B7 : FE;
 83B8 : FE;
 83B9 : FE;
 83BA : FE;
 83BB : FE;
 83BC : FE;
 83BD : FE;
 83BE : FE;
 83BF : FF;
 83C0 : FF;
 83C1 : FE;
 83C2 : FD;
 83C3 : FD;
 83C4 : FD;
 83C5 : FD;
 83C6 : FD;
 83C7 : FE;
 83C8 : F4;
 83C9 : FF;
 83CA : E6;
 83CB : 94;
 83CC : D3;
 83CD : CE;
 83CE : D2;
 83CF : D2;
 83D0 : D3;
 83D1 : D3;
 83D2 : C7;
 83D3 : A4;
 83D4 : 81;
 83D5 : 97;
 83D6 : D9;
 83D7 : 90;
 83D8 : 34;
 83D9 : 54;
 83DA : 2F;
 83DB : 92;
 83DC : B4;
 83DD : 99;
 83DE : A9;
 83DF : A6;
 83E0 : B0;
 83E1 : B4;
 83E2 : CA;
 83E3 : 9D;
 83E4 : 17;
 83E5 : 3B;
 83E6 : 89;
 83E7 : AE;
 83E8 : C3;
 83E9 : A2;
 83EA : 86;
 83EB : CE;
 83EC : C7;
 83ED : B1;
 83EE : BE;
 83EF : C3;
 83F0 : C1;
 83F1 : D3;
 83F2 : 96;
 83F3 : 6C;
 83F4 : FF;
 83F5 : FE;
 83F6 : F6;
 83F7 : FE;
 83F8 : FE;
 83F9 : FE;
 83FA : FE;
 83FB : FE;
 83FC : FE;
 83FD : FE;
 83FE : FE;
 83FF : FE;
 8400 : FE;
 8401 : FE;
 8402 : FE;
 8403 : FE;
 8404 : FE;
 8405 : FE;
 8406 : FE;
 8407 : FE;
 8408 : FE;
 8409 : FE;
 840A : FE;
 840B : FE;
 840C : FE;
 840D : FE;
 840E : FE;
 840F : FE;
 8410 : FE;
 8411 : FE;
 8412 : FE;
 8413 : FE;
 8414 : FE;
 8415 : FE;
 8416 : FE;
 8417 : FE;
 8418 : FE;
 8419 : FE;
 841A : FE;
 841B : FE;
 841C : FE;
 841D : FE;
 841E : FE;
 841F : FE;
 8420 : FE;
 8421 : FE;
 8422 : FE;
 8423 : FE;
 8424 : FE;
 8425 : FE;
 8426 : FE;
 8427 : FE;
 8428 : FE;
 8429 : FE;
 842A : FE;
 842B : FE;
 842C : FE;
 842D : FE;
 842E : FE;
 842F : FE;
 8430 : FE;
 8431 : FE;
 8432 : FE;
 8433 : FE;
 8434 : FE;
 8435 : FE;
 8436 : FE;
 8437 : FE;
 8438 : FE;
 8439 : FE;
 843A : FE;
 843B : FE;
 843C : FE;
 843D : FE;
 843E : FE;
 843F : FE;
 8440 : FE;
 8441 : FE;
 8442 : FE;
 8443 : FE;
 8444 : FE;
 8445 : FE;
 8446 : FE;
 8447 : FE;
 8448 : FE;
 8449 : FE;
 844A : FE;
 844B : FE;
 844C : FE;
 844D : FE;
 844E : FE;
 844F : FE;
 8450 : FE;
 8451 : FE;
 8452 : FE;
 8453 : FE;
 8454 : FE;
 8455 : FE;
 8456 : FE;
 8457 : FE;
 8458 : FE;
 8459 : FE;
 845A : FE;
 845B : FE;
 845C : FE;
 845D : FE;
 845E : FE;
 845F : FE;
 8460 : FE;
 8461 : FE;
 8462 : FE;
 8463 : FE;
 8464 : FE;
 8465 : FE;
 8466 : FE;
 8467 : FE;
 8468 : FE;
 8469 : FE;
 846A : FE;
 846B : FE;
 846C : FE;
 846D : FE;
 846E : FE;
 846F : FE;
 8470 : FE;
 8471 : FE;
 8472 : FE;
 8473 : FE;
 8474 : FE;
 8475 : FE;
 8476 : FE;
 8477 : FE;
 8478 : FE;
 8479 : FE;
 847A : FE;
 847B : FE;
 847C : FE;
 847D : FE;
 847E : FE;
 847F : FE;
 8480 : FE;
 8481 : FE;
 8482 : FE;
 8483 : FE;
 8484 : FE;
 8485 : FE;
 8486 : FE;
 8487 : FE;
 8488 : FE;
 8489 : FE;
 848A : FE;
 848B : FE;
 848C : FE;
 848D : FE;
 848E : FE;
 848F : FE;
 8490 : FE;
 8491 : FE;
 8492 : FE;
 8493 : FE;
 8494 : FE;
 8495 : FE;
 8496 : FE;
 8497 : FE;
 8498 : FE;
 8499 : FE;
 849A : FE;
 849B : FE;
 849C : FE;
 849D : FE;
 849E : FE;
 849F : FE;
 84A0 : FE;
 84A1 : FE;
 84A2 : FE;
 84A3 : FE;
 84A4 : FE;
 84A5 : FE;
 84A6 : FE;
 84A7 : FE;
 84A8 : FE;
 84A9 : FE;
 84AA : FE;
 84AB : FE;
 84AC : FE;
 84AD : FE;
 84AE : FE;
 84AF : FE;
 84B0 : FE;
 84B1 : FE;
 84B2 : FE;
 84B3 : FE;
 84B4 : FE;
 84B5 : FE;
 84B6 : FE;
 84B7 : FE;
 84B8 : FE;
 84B9 : FE;
 84BA : FE;
 84BB : FE;
 84BC : FE;
 84BD : FE;
 84BE : FE;
 84BF : FE;
 84C0 : FE;
 84C1 : FE;
 84C2 : FE;
 84C3 : FE;
 84C4 : FE;
 84C5 : FE;
 84C6 : FE;
 84C7 : FE;
 84C8 : FE;
 84C9 : FE;
 84CA : FE;
 84CB : FE;
 84CC : FE;
 84CD : FE;
 84CE : FE;
 84CF : FE;
 84D0 : FE;
 84D1 : FE;
 84D2 : FE;
 84D3 : FE;
 84D4 : FE;
 84D5 : FE;
 84D6 : FE;
 84D7 : FE;
 84D8 : FE;
 84D9 : FE;
 84DA : FE;
 84DB : FE;
 84DC : FE;
 84DD : FE;
 84DE : FE;
 84DF : FE;
 84E0 : FE;
 84E1 : FE;
 84E2 : FE;
 84E3 : FE;
 84E4 : FE;
 84E5 : FE;
 84E6 : FE;
 84E7 : FE;
 84E8 : FE;
 84E9 : FE;
 84EA : FE;
 84EB : FE;
 84EC : FE;
 84ED : FE;
 84EE : FE;
 84EF : FE;
 84F0 : FE;
 84F1 : FE;
 84F2 : FE;
 84F3 : FE;
 84F4 : FE;
 84F5 : FE;
 84F6 : FE;
 84F7 : FE;
 84F8 : FE;
 84F9 : FE;
 84FA : FE;
 84FB : FE;
 84FC : FE;
 84FD : FE;
 84FE : FE;
 84FF : FE;
 8500 : FE;
 8501 : FE;
 8502 : FD;
 8503 : FD;
 8504 : FD;
 8505 : FD;
 8506 : FD;
 8507 : FD;
 8508 : F6;
 8509 : FF;
 850A : EA;
 850B : 97;
 850C : CF;
 850D : CE;
 850E : D1;
 850F : C3;
 8510 : CB;
 8511 : BA;
 8512 : 96;
 8513 : 53;
 8514 : 3E;
 8515 : 8C;
 8516 : CF;
 8517 : AC;
 8518 : 79;
 8519 : 3C;
 851A : 49;
 851B : 8B;
 851C : AC;
 851D : BD;
 851E : BA;
 851F : C9;
 8520 : CA;
 8521 : B7;
 8522 : B3;
 8523 : 91;
 8524 : 42;
 8525 : 6A;
 8526 : 9D;
 8527 : BE;
 8528 : C1;
 8529 : 52;
 852A : 28;
 852B : 72;
 852C : 97;
 852D : C6;
 852E : BB;
 852F : BC;
 8530 : C0;
 8531 : D6;
 8532 : 94;
 8533 : 70;
 8534 : FF;
 8535 : FE;
 8536 : FA;
 8537 : FE;
 8538 : FE;
 8539 : FE;
 853A : FE;
 853B : FE;
 853C : FE;
 853D : FE;
 853E : FE;
 853F : FE;
 8540 : FE;
 8541 : FE;
 8542 : FE;
 8543 : FE;
 8544 : FE;
 8545 : FE;
 8546 : FE;
 8547 : FE;
 8548 : FE;
 8549 : FE;
 854A : FE;
 854B : FE;
 854C : FE;
 854D : FE;
 854E : FE;
 854F : FE;
 8550 : FE;
 8551 : FE;
 8552 : FE;
 8553 : FE;
 8554 : FE;
 8555 : FE;
 8556 : FE;
 8557 : FE;
 8558 : FE;
 8559 : FE;
 855A : FE;
 855B : FE;
 855C : FE;
 855D : FE;
 855E : FE;
 855F : FE;
 8560 : FE;
 8561 : FE;
 8562 : FE;
 8563 : FE;
 8564 : FE;
 8565 : FE;
 8566 : FE;
 8567 : FE;
 8568 : FE;
 8569 : FE;
 856A : FE;
 856B : FE;
 856C : FE;
 856D : FE;
 856E : FE;
 856F : FE;
 8570 : FE;
 8571 : FE;
 8572 : FE;
 8573 : FE;
 8574 : FE;
 8575 : FE;
 8576 : FE;
 8577 : FE;
 8578 : FE;
 8579 : FE;
 857A : FE;
 857B : FE;
 857C : FE;
 857D : FE;
 857E : FE;
 857F : FE;
 8580 : FE;
 8581 : FE;
 8582 : FE;
 8583 : FE;
 8584 : FE;
 8585 : FE;
 8586 : FE;
 8587 : FE;
 8588 : FE;
 8589 : FE;
 858A : FE;
 858B : FE;
 858C : FE;
 858D : FE;
 858E : FE;
 858F : FE;
 8590 : FE;
 8591 : FE;
 8592 : FE;
 8593 : FE;
 8594 : FE;
 8595 : FE;
 8596 : FE;
 8597 : FE;
 8598 : FE;
 8599 : FE;
 859A : FE;
 859B : FE;
 859C : FE;
 859D : FE;
 859E : FE;
 859F : FE;
 85A0 : FE;
 85A1 : FE;
 85A2 : FE;
 85A3 : FE;
 85A4 : FE;
 85A5 : FE;
 85A6 : FE;
 85A7 : FE;
 85A8 : FE;
 85A9 : FE;
 85AA : FE;
 85AB : FE;
 85AC : FE;
 85AD : FE;
 85AE : FE;
 85AF : FE;
 85B0 : FE;
 85B1 : FE;
 85B2 : FE;
 85B3 : FE;
 85B4 : FE;
 85B5 : FE;
 85B6 : FE;
 85B7 : FE;
 85B8 : FE;
 85B9 : FE;
 85BA : FE;
 85BB : FE;
 85BC : FE;
 85BD : FE;
 85BE : FE;
 85BF : FE;
 85C0 : FE;
 85C1 : FE;
 85C2 : FE;
 85C3 : FE;
 85C4 : FE;
 85C5 : FE;
 85C6 : FE;
 85C7 : FE;
 85C8 : FE;
 85C9 : FE;
 85CA : FE;
 85CB : FE;
 85CC : FE;
 85CD : FE;
 85CE : FE;
 85CF : FE;
 85D0 : FE;
 85D1 : FE;
 85D2 : FE;
 85D3 : FE;
 85D4 : FE;
 85D5 : FE;
 85D6 : FE;
 85D7 : FE;
 85D8 : FE;
 85D9 : FE;
 85DA : FE;
 85DB : FE;
 85DC : FE;
 85DD : FE;
 85DE : FE;
 85DF : FE;
 85E0 : FE;
 85E1 : FE;
 85E2 : FE;
 85E3 : FE;
 85E4 : FE;
 85E5 : FE;
 85E6 : FE;
 85E7 : FE;
 85E8 : FE;
 85E9 : FE;
 85EA : FE;
 85EB : FE;
 85EC : FE;
 85ED : FE;
 85EE : FE;
 85EF : FE;
 85F0 : FE;
 85F1 : FE;
 85F2 : FE;
 85F3 : FE;
 85F4 : FE;
 85F5 : FE;
 85F6 : FE;
 85F7 : FE;
 85F8 : FE;
 85F9 : FE;
 85FA : FE;
 85FB : FE;
 85FC : FE;
 85FD : FE;
 85FE : FE;
 85FF : FE;
 8600 : FE;
 8601 : FE;
 8602 : FE;
 8603 : FE;
 8604 : FE;
 8605 : FE;
 8606 : FE;
 8607 : FE;
 8608 : FE;
 8609 : FE;
 860A : FE;
 860B : FE;
 860C : FE;
 860D : FE;
 860E : FE;
 860F : FE;
 8610 : FE;
 8611 : FE;
 8612 : FE;
 8613 : FE;
 8614 : FE;
 8615 : FE;
 8616 : FE;
 8617 : FE;
 8618 : FE;
 8619 : FE;
 861A : FE;
 861B : FE;
 861C : FE;
 861D : FE;
 861E : FE;
 861F : FE;
 8620 : FE;
 8621 : FE;
 8622 : FE;
 8623 : FE;
 8624 : FE;
 8625 : FE;
 8626 : FE;
 8627 : FE;
 8628 : FE;
 8629 : FE;
 862A : FE;
 862B : FE;
 862C : FE;
 862D : FE;
 862E : FE;
 862F : FE;
 8630 : FE;
 8631 : FE;
 8632 : FE;
 8633 : FE;
 8634 : FE;
 8635 : FE;
 8636 : FE;
 8637 : FE;
 8638 : FE;
 8639 : FE;
 863A : FE;
 863B : FE;
 863C : FE;
 863D : FE;
 863E : FE;
 863F : FE;
 8640 : FE;
 8641 : FE;
 8642 : FE;
 8643 : FD;
 8644 : FD;
 8645 : FD;
 8646 : FD;
 8647 : FD;
 8648 : FC;
 8649 : FE;
 864A : F1;
 864B : 9A;
 864C : CB;
 864D : CF;
 864E : CE;
 864F : C4;
 8650 : DD;
 8651 : 80;
 8652 : 64;
 8653 : 5F;
 8654 : 43;
 8655 : 8C;
 8656 : C7;
 8657 : C6;
 8658 : B7;
 8659 : 39;
 865A : 45;
 865B : 50;
 865C : 31;
 865D : 82;
 865E : 78;
 865F : 7A;
 8660 : 70;
 8661 : 45;
 8662 : 34;
 8663 : 3A;
 8664 : 4A;
 8665 : 8A;
 8666 : A9;
 8667 : CD;
 8668 : A9;
 8669 : 2A;
 866A : 31;
 866B : 2F;
 866C : 3F;
 866D : D6;
 866E : CA;
 866F : C4;
 8670 : BD;
 8671 : D3;
 8672 : 95;
 8673 : 80;
 8674 : FF;
 8675 : FD;
 8676 : FF;
 8677 : FE;
 8678 : FE;
 8679 : FE;
 867A : FE;
 867B : FE;
 867C : FE;
 867D : FE;
 867E : FE;
 867F : FE;
 8680 : FE;
 8681 : FE;
 8682 : FE;
 8683 : FE;
 8684 : FE;
 8685 : FE;
 8686 : FE;
 8687 : FE;
 8688 : FE;
 8689 : FE;
 868A : FE;
 868B : FE;
 868C : FE;
 868D : FE;
 868E : FE;
 868F : FE;
 8690 : FE;
 8691 : FE;
 8692 : FE;
 8693 : FE;
 8694 : FE;
 8695 : FE;
 8696 : FE;
 8697 : FE;
 8698 : FE;
 8699 : FE;
 869A : FE;
 869B : FE;
 869C : FE;
 869D : FE;
 869E : FE;
 869F : FE;
 86A0 : FE;
 86A1 : FE;
 86A2 : FE;
 86A3 : FE;
 86A4 : FE;
 86A5 : FE;
 86A6 : FE;
 86A7 : FE;
 86A8 : FE;
 86A9 : FE;
 86AA : FE;
 86AB : FE;
 86AC : FE;
 86AD : FE;
 86AE : FE;
 86AF : FE;
 86B0 : FE;
 86B1 : FE;
 86B2 : FE;
 86B3 : FE;
 86B4 : FE;
 86B5 : FE;
 86B6 : FE;
 86B7 : FE;
 86B8 : FE;
 86B9 : FE;
 86BA : FE;
 86BB : FE;
 86BC : FE;
 86BD : FE;
 86BE : FE;
 86BF : FE;
 86C0 : FE;
 86C1 : FE;
 86C2 : FE;
 86C3 : FE;
 86C4 : FE;
 86C5 : FE;
 86C6 : FE;
 86C7 : FE;
 86C8 : FE;
 86C9 : FE;
 86CA : FE;
 86CB : FE;
 86CC : FE;
 86CD : FE;
 86CE : FE;
 86CF : FE;
 86D0 : FE;
 86D1 : FE;
 86D2 : FE;
 86D3 : FE;
 86D4 : FE;
 86D5 : FE;
 86D6 : FE;
 86D7 : FE;
 86D8 : FE;
 86D9 : FE;
 86DA : FE;
 86DB : FE;
 86DC : FE;
 86DD : FE;
 86DE : FE;
 86DF : FE;
 86E0 : FE;
 86E1 : FE;
 86E2 : FE;
 86E3 : FE;
 86E4 : FE;
 86E5 : FE;
 86E6 : FE;
 86E7 : FE;
 86E8 : FE;
 86E9 : FE;
 86EA : FE;
 86EB : FE;
 86EC : FE;
 86ED : FE;
 86EE : FE;
 86EF : FE;
 86F0 : FE;
 86F1 : FE;
 86F2 : FE;
 86F3 : FE;
 86F4 : FE;
 86F5 : FE;
 86F6 : FE;
 86F7 : FE;
 86F8 : FE;
 86F9 : FE;
 86FA : FE;
 86FB : FE;
 86FC : FE;
 86FD : FE;
 86FE : FE;
 86FF : FE;
 8700 : FE;
 8701 : FE;
 8702 : FE;
 8703 : FE;
 8704 : FE;
 8705 : FE;
 8706 : FE;
 8707 : FE;
 8708 : FE;
 8709 : FE;
 870A : FE;
 870B : FE;
 870C : FE;
 870D : FE;
 870E : FE;
 870F : FE;
 8710 : FE;
 8711 : FE;
 8712 : FE;
 8713 : FE;
 8714 : FE;
 8715 : FE;
 8716 : FE;
 8717 : FE;
 8718 : FE;
 8719 : FE;
 871A : FE;
 871B : FE;
 871C : FE;
 871D : FE;
 871E : FE;
 871F : FE;
 8720 : FE;
 8721 : FE;
 8722 : FE;
 8723 : FE;
 8724 : FE;
 8725 : FE;
 8726 : FE;
 8727 : FE;
 8728 : FE;
 8729 : FE;
 872A : FE;
 872B : FE;
 872C : FE;
 872D : FE;
 872E : FE;
 872F : FE;
 8730 : FE;
 8731 : FE;
 8732 : FE;
 8733 : FE;
 8734 : FE;
 8735 : FE;
 8736 : FE;
 8737 : FE;
 8738 : FE;
 8739 : FE;
 873A : FE;
 873B : FE;
 873C : FE;
 873D : FE;
 873E : FE;
 873F : FE;
 8740 : FE;
 8741 : FE;
 8742 : FE;
 8743 : FE;
 8744 : FE;
 8745 : FE;
 8746 : FE;
 8747 : FE;
 8748 : FE;
 8749 : FE;
 874A : FE;
 874B : FE;
 874C : FE;
 874D : FE;
 874E : FE;
 874F : FE;
 8750 : FE;
 8751 : FE;
 8752 : FE;
 8753 : FE;
 8754 : FE;
 8755 : FE;
 8756 : FE;
 8757 : FE;
 8758 : FE;
 8759 : FE;
 875A : FE;
 875B : FE;
 875C : FE;
 875D : FE;
 875E : FE;
 875F : FE;
 8760 : FE;
 8761 : FE;
 8762 : FE;
 8763 : FE;
 8764 : FE;
 8765 : FE;
 8766 : FE;
 8767 : FE;
 8768 : FE;
 8769 : FE;
 876A : FE;
 876B : FE;
 876C : FE;
 876D : FE;
 876E : FE;
 876F : FE;
 8770 : FE;
 8771 : FE;
 8772 : FE;
 8773 : FE;
 8774 : FE;
 8775 : FE;
 8776 : FE;
 8777 : FE;
 8778 : FE;
 8779 : FE;
 877A : FE;
 877B : FE;
 877C : FE;
 877D : FE;
 877E : FE;
 877F : FE;
 8780 : FE;
 8781 : FE;
 8782 : FE;
 8783 : FD;
 8784 : FD;
 8785 : FD;
 8786 : FC;
 8787 : FD;
 8788 : FD;
 8789 : FE;
 878A : F7;
 878B : A1;
 878C : C9;
 878D : D4;
 878E : D1;
 878F : CC;
 8790 : B8;
 8791 : 55;
 8792 : 4F;
 8793 : 91;
 8794 : 5D;
 8795 : 43;
 8796 : AB;
 8797 : E3;
 8798 : B4;
 8799 : 96;
 879A : 28;
 879B : 24;
 879C : 22;
 879D : 3F;
 879E : 5F;
 879F : 5D;
 87A0 : 43;
 87A1 : 22;
 87A2 : 2C;
 87A3 : 3E;
 87A4 : 6B;
 87A5 : B2;
 87A6 : DF;
 87A7 : B8;
 87A8 : 74;
 87A9 : 35;
 87AA : 60;
 87AB : 39;
 87AC : 12;
 87AD : 77;
 87AE : B8;
 87AF : D1;
 87B0 : BA;
 87B1 : CB;
 87B2 : 97;
 87B3 : 94;
 87B4 : FE;
 87B5 : F5;
 87B6 : FF;
 87B7 : FE;
 87B8 : FE;
 87B9 : FE;
 87BA : FE;
 87BB : FE;
 87BC : FE;
 87BD : FE;
 87BE : FE;
 87BF : FE;
 87C0 : FE;
 87C1 : FE;
 87C2 : FE;
 87C3 : FE;
 87C4 : FE;
 87C5 : FE;
 87C6 : FE;
 87C7 : FE;
 87C8 : FE;
 87C9 : FE;
 87CA : FE;
 87CB : FE;
 87CC : FE;
 87CD : FE;
 87CE : FE;
 87CF : FE;
 87D0 : FE;
 87D1 : FE;
 87D2 : FE;
 87D3 : FE;
 87D4 : FE;
 87D5 : FE;
 87D6 : FE;
 87D7 : FE;
 87D8 : FE;
 87D9 : FE;
 87DA : FE;
 87DB : FE;
 87DC : FE;
 87DD : FE;
 87DE : FE;
 87DF : FE;
 87E0 : FE;
 87E1 : FE;
 87E2 : FE;
 87E3 : FE;
 87E4 : FE;
 87E5 : FE;
 87E6 : FE;
 87E7 : FE;
 87E8 : FE;
 87E9 : FE;
 87EA : FE;
 87EB : FE;
 87EC : FE;
 87ED : FE;
 87EE : FE;
 87EF : FE;
 87F0 : FE;
 87F1 : FE;
 87F2 : FE;
 87F3 : FE;
 87F4 : FE;
 87F5 : FE;
 87F6 : FE;
 87F7 : FE;
 87F8 : FE;
 87F9 : FE;
 87FA : FE;
 87FB : FE;
 87FC : FE;
 87FD : FE;
 87FE : FE;
 87FF : FE;
 8800 : FE;
 8801 : FE;
 8802 : FE;
 8803 : FE;
 8804 : FE;
 8805 : FE;
 8806 : FE;
 8807 : FE;
 8808 : FE;
 8809 : FE;
 880A : FE;
 880B : FE;
 880C : FE;
 880D : FE;
 880E : FE;
 880F : FE;
 8810 : FE;
 8811 : FE;
 8812 : FE;
 8813 : FE;
 8814 : FE;
 8815 : FE;
 8816 : FE;
 8817 : FE;
 8818 : FE;
 8819 : FE;
 881A : FE;
 881B : FE;
 881C : FE;
 881D : FE;
 881E : FE;
 881F : FE;
 8820 : FE;
 8821 : FE;
 8822 : FE;
 8823 : FE;
 8824 : FE;
 8825 : FE;
 8826 : FE;
 8827 : FE;
 8828 : FE;
 8829 : FE;
 882A : FE;
 882B : FE;
 882C : FE;
 882D : FE;
 882E : FE;
 882F : FE;
 8830 : FE;
 8831 : FE;
 8832 : FE;
 8833 : FE;
 8834 : FE;
 8835 : FE;
 8836 : FE;
 8837 : FE;
 8838 : FE;
 8839 : FE;
 883A : FE;
 883B : FE;
 883C : FE;
 883D : FE;
 883E : FE;
 883F : FE;
 8840 : FE;
 8841 : FE;
 8842 : FE;
 8843 : FE;
 8844 : FE;
 8845 : FE;
 8846 : FE;
 8847 : FE;
 8848 : FE;
 8849 : FE;
 884A : FE;
 884B : FE;
 884C : FE;
 884D : FE;
 884E : FE;
 884F : FE;
 8850 : FE;
 8851 : FE;
 8852 : FE;
 8853 : FE;
 8854 : FE;
 8855 : FE;
 8856 : FE;
 8857 : FE;
 8858 : FE;
 8859 : FE;
 885A : FE;
 885B : FE;
 885C : FE;
 885D : FE;
 885E : FE;
 885F : FE;
 8860 : FE;
 8861 : FE;
 8862 : FE;
 8863 : FE;
 8864 : FE;
 8865 : FE;
 8866 : FE;
 8867 : FE;
 8868 : FE;
 8869 : FE;
 886A : FE;
 886B : FE;
 886C : FE;
 886D : FE;
 886E : FE;
 886F : FE;
 8870 : FE;
 8871 : FE;
 8872 : FE;
 8873 : FE;
 8874 : FE;
 8875 : FE;
 8876 : FE;
 8877 : FE;
 8878 : FE;
 8879 : FE;
 887A : FE;
 887B : FE;
 887C : FE;
 887D : FE;
 887E : FE;
 887F : FE;
 8880 : FE;
 8881 : FE;
 8882 : FE;
 8883 : FE;
 8884 : FE;
 8885 : FE;
 8886 : FE;
 8887 : FE;
 8888 : FE;
 8889 : FE;
 888A : FE;
 888B : FE;
 888C : FE;
 888D : FE;
 888E : FE;
 888F : FE;
 8890 : FE;
 8891 : FE;
 8892 : FE;
 8893 : FE;
 8894 : FE;
 8895 : FE;
 8896 : FE;
 8897 : FE;
 8898 : FE;
 8899 : FE;
 889A : FE;
 889B : FE;
 889C : FE;
 889D : FE;
 889E : FE;
 889F : FE;
 88A0 : FE;
 88A1 : FE;
 88A2 : FE;
 88A3 : FE;
 88A4 : FE;
 88A5 : FE;
 88A6 : FE;
 88A7 : FE;
 88A8 : FE;
 88A9 : FE;
 88AA : FE;
 88AB : FE;
 88AC : FE;
 88AD : FE;
 88AE : FE;
 88AF : FE;
 88B0 : FE;
 88B1 : FE;
 88B2 : FE;
 88B3 : FE;
 88B4 : FE;
 88B5 : FE;
 88B6 : FE;
 88B7 : FE;
 88B8 : FE;
 88B9 : FE;
 88BA : FE;
 88BB : FE;
 88BC : FE;
 88BD : FE;
 88BE : FE;
 88BF : FE;
 88C0 : FE;
 88C1 : FE;
 88C2 : FE;
 88C3 : FD;
 88C4 : FD;
 88C5 : FC;
 88C6 : FC;
 88C7 : F9;
 88C8 : FC;
 88C9 : FC;
 88CA : FA;
 88CB : A4;
 88CC : C6;
 88CD : D9;
 88CE : D5;
 88CF : BF;
 88D0 : 55;
 88D1 : 73;
 88D2 : 6C;
 88D3 : 6B;
 88D4 : 74;
 88D5 : 32;
 88D6 : 53;
 88D7 : B4;
 88D8 : CF;
 88D9 : E2;
 88DA : 7B;
 88DB : 29;
 88DC : 5F;
 88DD : 30;
 88DE : 63;
 88DF : 46;
 88E0 : 38;
 88E1 : 2A;
 88E2 : 43;
 88E3 : 64;
 88E4 : A9;
 88E5 : C4;
 88E6 : BE;
 88E7 : 78;
 88E8 : 5B;
 88E9 : 56;
 88EA : 40;
 88EB : 3D;
 88EC : 38;
 88ED : 18;
 88EE : 87;
 88EF : D3;
 88F0 : BA;
 88F1 : CB;
 88F2 : 93;
 88F3 : 9D;
 88F4 : FE;
 88F5 : F3;
 88F6 : FF;
 88F7 : FE;
 88F8 : FE;
 88F9 : FE;
 88FA : FE;
 88FB : FE;
 88FC : FE;
 88FD : FE;
 88FE : FE;
 88FF : FE;
 8900 : FE;
 8901 : FE;
 8902 : FE;
 8903 : FE;
 8904 : FE;
 8905 : FE;
 8906 : FE;
 8907 : FE;
 8908 : FE;
 8909 : FE;
 890A : FE;
 890B : FE;
 890C : FE;
 890D : FE;
 890E : FE;
 890F : FE;
 8910 : FE;
 8911 : FE;
 8912 : FE;
 8913 : FE;
 8914 : FE;
 8915 : FE;
 8916 : FE;
 8917 : FE;
 8918 : FE;
 8919 : FE;
 891A : FE;
 891B : FE;
 891C : FE;
 891D : FE;
 891E : FE;
 891F : FE;
 8920 : FE;
 8921 : FE;
 8922 : FE;
 8923 : FE;
 8924 : FE;
 8925 : FE;
 8926 : FE;
 8927 : FE;
 8928 : FE;
 8929 : FE;
 892A : FE;
 892B : FE;
 892C : FE;
 892D : FE;
 892E : FE;
 892F : FE;
 8930 : FE;
 8931 : FE;
 8932 : FE;
 8933 : FE;
 8934 : FE;
 8935 : FE;
 8936 : FE;
 8937 : FE;
 8938 : FE;
 8939 : FE;
 893A : FE;
 893B : FE;
 893C : FE;
 893D : FE;
 893E : FE;
 893F : FE;
 8940 : FE;
 8941 : FE;
 8942 : FE;
 8943 : FE;
 8944 : FE;
 8945 : FE;
 8946 : FE;
 8947 : FE;
 8948 : FE;
 8949 : FE;
 894A : FE;
 894B : FE;
 894C : FE;
 894D : FE;
 894E : FE;
 894F : FE;
 8950 : FE;
 8951 : FE;
 8952 : FE;
 8953 : FE;
 8954 : FE;
 8955 : FE;
 8956 : FE;
 8957 : FE;
 8958 : FE;
 8959 : FE;
 895A : FE;
 895B : FE;
 895C : FE;
 895D : FE;
 895E : FE;
 895F : FE;
 8960 : FE;
 8961 : FE;
 8962 : FE;
 8963 : FE;
 8964 : FE;
 8965 : FE;
 8966 : FE;
 8967 : FE;
 8968 : FE;
 8969 : FE;
 896A : FE;
 896B : FE;
 896C : FE;
 896D : FE;
 896E : FE;
 896F : FE;
 8970 : FE;
 8971 : FE;
 8972 : FE;
 8973 : FE;
 8974 : FE;
 8975 : FE;
 8976 : FE;
 8977 : FE;
 8978 : FE;
 8979 : FE;
 897A : FE;
 897B : FE;
 897C : FE;
 897D : FE;
 897E : FE;
 897F : FE;
 8980 : FE;
 8981 : FE;
 8982 : FE;
 8983 : FE;
 8984 : FE;
 8985 : FE;
 8986 : FE;
 8987 : FE;
 8988 : FE;
 8989 : FE;
 898A : FE;
 898B : FE;
 898C : FE;
 898D : FE;
 898E : FE;
 898F : FE;
 8990 : FE;
 8991 : FE;
 8992 : FE;
 8993 : FE;
 8994 : FE;
 8995 : FE;
 8996 : FE;
 8997 : FE;
 8998 : FE;
 8999 : FE;
 899A : FE;
 899B : FE;
 899C : FE;
 899D : FE;
 899E : FE;
 899F : FE;
 89A0 : FE;
 89A1 : FE;
 89A2 : FE;
 89A3 : FE;
 89A4 : FE;
 89A5 : FE;
 89A6 : FE;
 89A7 : FE;
 89A8 : FE;
 89A9 : FE;
 89AA : FE;
 89AB : FE;
 89AC : FE;
 89AD : FE;
 89AE : FE;
 89AF : FE;
 89B0 : FE;
 89B1 : FE;
 89B2 : FE;
 89B3 : FE;
 89B4 : FE;
 89B5 : FE;
 89B6 : FE;
 89B7 : FE;
 89B8 : FE;
 89B9 : FE;
 89BA : FE;
 89BB : FE;
 89BC : FE;
 89BD : FE;
 89BE : FE;
 89BF : FE;
 89C0 : FE;
 89C1 : FE;
 89C2 : FE;
 89C3 : FE;
 89C4 : FE;
 89C5 : FE;
 89C6 : FE;
 89C7 : FE;
 89C8 : FE;
 89C9 : FE;
 89CA : FE;
 89CB : FE;
 89CC : FE;
 89CD : FE;
 89CE : FE;
 89CF : FE;
 89D0 : FE;
 89D1 : FE;
 89D2 : FE;
 89D3 : FE;
 89D4 : FE;
 89D5 : FE;
 89D6 : FE;
 89D7 : FE;
 89D8 : FE;
 89D9 : FE;
 89DA : FE;
 89DB : FE;
 89DC : FE;
 89DD : FE;
 89DE : FE;
 89DF : FE;
 89E0 : FE;
 89E1 : FE;
 89E2 : FE;
 89E3 : FE;
 89E4 : FE;
 89E5 : FE;
 89E6 : FE;
 89E7 : FE;
 89E8 : FE;
 89E9 : FE;
 89EA : FE;
 89EB : FE;
 89EC : FE;
 89ED : FE;
 89EE : FE;
 89EF : FE;
 89F0 : FE;
 89F1 : FE;
 89F2 : FE;
 89F3 : FE;
 89F4 : FE;
 89F5 : FE;
 89F6 : FE;
 89F7 : FE;
 89F8 : FE;
 89F9 : FE;
 89FA : FE;
 89FB : FE;
 89FC : FE;
 89FD : FE;
 89FE : FE;
 89FF : FE;
 8A00 : FE;
 8A01 : FE;
 8A02 : FE;
 8A03 : FD;
 8A04 : FD;
 8A05 : FC;
 8A06 : FC;
 8A07 : F9;
 8A08 : FD;
 8A09 : FA;
 8A0A : FC;
 8A0B : A4;
 8A0C : BF;
 8A0D : D5;
 8A0E : CE;
 8A0F : 9F;
 8A10 : 34;
 8A11 : 85;
 8A12 : 93;
 8A13 : 5B;
 8A14 : 82;
 8A15 : 6F;
 8A16 : 39;
 8A17 : 66;
 8A18 : BD;
 8A19 : C0;
 8A1A : A6;
 8A1B : 4C;
 8A1C : 41;
 8A1D : 2C;
 8A1E : 35;
 8A1F : 2F;
 8A20 : 2F;
 8A21 : 38;
 8A22 : 5E;
 8A23 : 80;
 8A24 : CC;
 8A25 : C0;
 8A26 : 92;
 8A27 : 66;
 8A28 : 72;
 8A29 : 67;
 8A2A : 3D;
 8A2B : 48;
 8A2C : 5C;
 8A2D : 1A;
 8A2E : 67;
 8A2F : C4;
 8A30 : BE;
 8A31 : D3;
 8A32 : 88;
 8A33 : 99;
 8A34 : FF;
 8A35 : F7;
 8A36 : FB;
 8A37 : FE;
 8A38 : FE;
 8A39 : FE;
 8A3A : FE;
 8A3B : FE;
 8A3C : FE;
 8A3D : FE;
 8A3E : FE;
 8A3F : FE;
 8A40 : FE;
 8A41 : FE;
 8A42 : FE;
 8A43 : FE;
 8A44 : FE;
 8A45 : FE;
 8A46 : FE;
 8A47 : FE;
 8A48 : FE;
 8A49 : FE;
 8A4A : FE;
 8A4B : FE;
 8A4C : FE;
 8A4D : FE;
 8A4E : FE;
 8A4F : FE;
 8A50 : FE;
 8A51 : FE;
 8A52 : FE;
 8A53 : FE;
 8A54 : FE;
 8A55 : FE;
 8A56 : FE;
 8A57 : FE;
 8A58 : FE;
 8A59 : FE;
 8A5A : FE;
 8A5B : FE;
 8A5C : FE;
 8A5D : FE;
 8A5E : FE;
 8A5F : FE;
 8A60 : FE;
 8A61 : FE;
 8A62 : FE;
 8A63 : FE;
 8A64 : FE;
 8A65 : FE;
 8A66 : FE;
 8A67 : FE;
 8A68 : FE;
 8A69 : FE;
 8A6A : FE;
 8A6B : FE;
 8A6C : FE;
 8A6D : FE;
 8A6E : FE;
 8A6F : FE;
 8A70 : FE;
 8A71 : FE;
 8A72 : FE;
 8A73 : FE;
 8A74 : FE;
 8A75 : FE;
 8A76 : FE;
 8A77 : FE;
 8A78 : FE;
 8A79 : FE;
 8A7A : FE;
 8A7B : FE;
 8A7C : FE;
 8A7D : FE;
 8A7E : FE;
 8A7F : FE;
 8A80 : FE;
 8A81 : FE;
 8A82 : FE;
 8A83 : FE;
 8A84 : FE;
 8A85 : FE;
 8A86 : FE;
 8A87 : FE;
 8A88 : FE;
 8A89 : FE;
 8A8A : FE;
 8A8B : FE;
 8A8C : FE;
 8A8D : FE;
 8A8E : FE;
 8A8F : FE;
 8A90 : FE;
 8A91 : FE;
 8A92 : FE;
 8A93 : FE;
 8A94 : FE;
 8A95 : FE;
 8A96 : FE;
 8A97 : FE;
 8A98 : FE;
 8A99 : FE;
 8A9A : FE;
 8A9B : FE;
 8A9C : FE;
 8A9D : FE;
 8A9E : FE;
 8A9F : FE;
 8AA0 : FE;
 8AA1 : FE;
 8AA2 : FE;
 8AA3 : FE;
 8AA4 : FE;
 8AA5 : FE;
 8AA6 : FE;
 8AA7 : FE;
 8AA8 : FE;
 8AA9 : FE;
 8AAA : FE;
 8AAB : FE;
 8AAC : FE;
 8AAD : FE;
 8AAE : FE;
 8AAF : FE;
 8AB0 : FE;
 8AB1 : FE;
 8AB2 : FE;
 8AB3 : FE;
 8AB4 : FE;
 8AB5 : FE;
 8AB6 : FE;
 8AB7 : FE;
 8AB8 : FE;
 8AB9 : FE;
 8ABA : FE;
 8ABB : FE;
 8ABC : FE;
 8ABD : FE;
 8ABE : FE;
 8ABF : FE;
 8AC0 : FE;
 8AC1 : FE;
 8AC2 : FE;
 8AC3 : FE;
 8AC4 : FE;
 8AC5 : FE;
 8AC6 : FE;
 8AC7 : FE;
 8AC8 : FE;
 8AC9 : FE;
 8ACA : FE;
 8ACB : FE;
 8ACC : FE;
 8ACD : FE;
 8ACE : FE;
 8ACF : FE;
 8AD0 : FE;
 8AD1 : FE;
 8AD2 : FE;
 8AD3 : FE;
 8AD4 : FE;
 8AD5 : FE;
 8AD6 : FE;
 8AD7 : FE;
 8AD8 : FE;
 8AD9 : FE;
 8ADA : FE;
 8ADB : FE;
 8ADC : FE;
 8ADD : FE;
 8ADE : FE;
 8ADF : FE;
 8AE0 : FE;
 8AE1 : FE;
 8AE2 : FE;
 8AE3 : FE;
 8AE4 : FE;
 8AE5 : FE;
 8AE6 : FE;
 8AE7 : FE;
 8AE8 : FE;
 8AE9 : FE;
 8AEA : FE;
 8AEB : FE;
 8AEC : FE;
 8AED : FE;
 8AEE : FE;
 8AEF : FE;
 8AF0 : FE;
 8AF1 : FE;
 8AF2 : FE;
 8AF3 : FE;
 8AF4 : FE;
 8AF5 : FE;
 8AF6 : FE;
 8AF7 : FE;
 8AF8 : FE;
 8AF9 : FE;
 8AFA : FE;
 8AFB : FE;
 8AFC : FE;
 8AFD : FE;
 8AFE : FE;
 8AFF : FE;
 8B00 : FE;
 8B01 : FE;
 8B02 : FE;
 8B03 : FE;
 8B04 : FE;
 8B05 : FE;
 8B06 : FE;
 8B07 : FE;
 8B08 : FE;
 8B09 : FE;
 8B0A : FE;
 8B0B : FE;
 8B0C : FE;
 8B0D : FE;
 8B0E : FE;
 8B0F : FE;
 8B10 : FE;
 8B11 : FE;
 8B12 : FE;
 8B13 : FE;
 8B14 : FE;
 8B15 : FE;
 8B16 : FE;
 8B17 : FE;
 8B18 : FE;
 8B19 : FE;
 8B1A : FE;
 8B1B : FE;
 8B1C : FE;
 8B1D : FE;
 8B1E : FE;
 8B1F : FE;
 8B20 : FE;
 8B21 : FE;
 8B22 : FE;
 8B23 : FE;
 8B24 : FE;
 8B25 : FE;
 8B26 : FE;
 8B27 : FE;
 8B28 : FE;
 8B29 : FE;
 8B2A : FE;
 8B2B : FE;
 8B2C : FE;
 8B2D : FE;
 8B2E : FE;
 8B2F : FE;
 8B30 : FE;
 8B31 : FE;
 8B32 : FE;
 8B33 : FE;
 8B34 : FE;
 8B35 : FE;
 8B36 : FE;
 8B37 : FE;
 8B38 : FE;
 8B39 : FE;
 8B3A : FE;
 8B3B : FE;
 8B3C : FE;
 8B3D : FE;
 8B3E : FE;
 8B3F : FE;
 8B40 : FE;
 8B41 : FF;
 8B42 : FE;
 8B43 : FE;
 8B44 : FD;
 8B45 : FD;
 8B46 : FD;
 8B47 : FD;
 8B48 : FE;
 8B49 : FC;
 8B4A : FE;
 8B4B : A1;
 8B4C : B7;
 8B4D : CC;
 8B4E : C3;
 8B4F : 67;
 8B50 : 4E;
 8B51 : 41;
 8B52 : 83;
 8B53 : 8F;
 8B54 : 65;
 8B55 : 70;
 8B56 : 65;
 8B57 : 3E;
 8B58 : 43;
 8B59 : 75;
 8B5A : 4D;
 8B5B : 92;
 8B5C : 1F;
 8B5D : 5A;
 8B5E : 3E;
 8B5F : 4B;
 8B60 : 33;
 8B61 : 49;
 8B62 : 82;
 8B63 : 74;
 8B64 : 7A;
 8B65 : 64;
 8B66 : 64;
 8B67 : 7B;
 8B68 : 6F;
 8B69 : 4D;
 8B6A : 7B;
 8B6B : 63;
 8B6C : 31;
 8B6D : 24;
 8B6E : 47;
 8B6F : B3;
 8B70 : C1;
 8B71 : DC;
 8B72 : 7E;
 8B73 : 91;
 8B74 : FF;
 8B75 : FF;
 8B76 : F8;
 8B77 : FD;
 8B78 : FD;
 8B79 : FD;
 8B7A : FE;
 8B7B : FE;
 8B7C : FE;
 8B7D : FE;
 8B7E : FF;
 8B7F : FE;
 8B80 : FE;
 8B81 : FE;
 8B82 : FE;
 8B83 : FE;
 8B84 : FE;
 8B85 : FE;
 8B86 : FE;
 8B87 : FE;
 8B88 : FE;
 8B89 : FE;
 8B8A : FE;
 8B8B : FE;
 8B8C : FE;
 8B8D : FE;
 8B8E : FE;
 8B8F : FE;
 8B90 : FE;
 8B91 : FE;
 8B92 : FE;
 8B93 : FE;
 8B94 : FE;
 8B95 : FE;
 8B96 : FE;
 8B97 : FE;
 8B98 : FE;
 8B99 : FE;
 8B9A : FE;
 8B9B : FE;
 8B9C : FE;
 8B9D : FE;
 8B9E : FE;
 8B9F : FE;
 8BA0 : FE;
 8BA1 : FE;
 8BA2 : FE;
 8BA3 : FE;
 8BA4 : FE;
 8BA5 : FE;
 8BA6 : FE;
 8BA7 : FE;
 8BA8 : FE;
 8BA9 : FE;
 8BAA : FE;
 8BAB : FE;
 8BAC : FE;
 8BAD : FE;
 8BAE : FE;
 8BAF : FE;
 8BB0 : FE;
 8BB1 : FE;
 8BB2 : FE;
 8BB3 : FE;
 8BB4 : FE;
 8BB5 : FE;
 8BB6 : FE;
 8BB7 : FE;
 8BB8 : FE;
 8BB9 : FE;
 8BBA : FE;
 8BBB : FE;
 8BBC : FE;
 8BBD : FE;
 8BBE : FE;
 8BBF : FE;
 8BC0 : FE;
 8BC1 : FE;
 8BC2 : FE;
 8BC3 : FE;
 8BC4 : FE;
 8BC5 : FE;
 8BC6 : FE;
 8BC7 : FE;
 8BC8 : FE;
 8BC9 : FE;
 8BCA : FE;
 8BCB : FE;
 8BCC : FE;
 8BCD : FE;
 8BCE : FE;
 8BCF : FE;
 8BD0 : FE;
 8BD1 : FE;
 8BD2 : FE;
 8BD3 : FE;
 8BD4 : FE;
 8BD5 : FE;
 8BD6 : FE;
 8BD7 : FE;
 8BD8 : FE;
 8BD9 : FE;
 8BDA : FE;
 8BDB : FE;
 8BDC : FE;
 8BDD : FE;
 8BDE : FE;
 8BDF : FE;
 8BE0 : FE;
 8BE1 : FE;
 8BE2 : FE;
 8BE3 : FE;
 8BE4 : FE;
 8BE5 : FE;
 8BE6 : FE;
 8BE7 : FE;
 8BE8 : FE;
 8BE9 : FE;
 8BEA : FE;
 8BEB : FE;
 8BEC : FE;
 8BED : FE;
 8BEE : FE;
 8BEF : FE;
 8BF0 : FE;
 8BF1 : FE;
 8BF2 : FE;
 8BF3 : FE;
 8BF4 : FE;
 8BF5 : FE;
 8BF6 : FE;
 8BF7 : FE;
 8BF8 : FE;
 8BF9 : FE;
 8BFA : FE;
 8BFB : FE;
 8BFC : FE;
 8BFD : FE;
 8BFE : FE;
 8BFF : FE;
 8C00 : FE;
 8C01 : FE;
 8C02 : FE;
 8C03 : FE;
 8C04 : FE;
 8C05 : FE;
 8C06 : FE;
 8C07 : FE;
 8C08 : FE;
 8C09 : FE;
 8C0A : FE;
 8C0B : FE;
 8C0C : FE;
 8C0D : FE;
 8C0E : FE;
 8C0F : FE;
 8C10 : FE;
 8C11 : FE;
 8C12 : FE;
 8C13 : FE;
 8C14 : FE;
 8C15 : FE;
 8C16 : FE;
 8C17 : FE;
 8C18 : FE;
 8C19 : FE;
 8C1A : FE;
 8C1B : FE;
 8C1C : FE;
 8C1D : FE;
 8C1E : FE;
 8C1F : FE;
 8C20 : FE;
 8C21 : FE;
 8C22 : FE;
 8C23 : FE;
 8C24 : FE;
 8C25 : FE;
 8C26 : FE;
 8C27 : FE;
 8C28 : FE;
 8C29 : FE;
 8C2A : FE;
 8C2B : FE;
 8C2C : FE;
 8C2D : FE;
 8C2E : FE;
 8C2F : FE;
 8C30 : FE;
 8C31 : FE;
 8C32 : FE;
 8C33 : FE;
 8C34 : FE;
 8C35 : FE;
 8C36 : FE;
 8C37 : FE;
 8C38 : FE;
 8C39 : FE;
 8C3A : FE;
 8C3B : FE;
 8C3C : FE;
 8C3D : FE;
 8C3E : FE;
 8C3F : FE;
 8C40 : FE;
 8C41 : FE;
 8C42 : FE;
 8C43 : FE;
 8C44 : FE;
 8C45 : FE;
 8C46 : FE;
 8C47 : FE;
 8C48 : FE;
 8C49 : FE;
 8C4A : FE;
 8C4B : FE;
 8C4C : FE;
 8C4D : FE;
 8C4E : FE;
 8C4F : FE;
 8C50 : FE;
 8C51 : FE;
 8C52 : FE;
 8C53 : FE;
 8C54 : FE;
 8C55 : FE;
 8C56 : FE;
 8C57 : FE;
 8C58 : FE;
 8C59 : FE;
 8C5A : FE;
 8C5B : FE;
 8C5C : FE;
 8C5D : FE;
 8C5E : FE;
 8C5F : FE;
 8C60 : FE;
 8C61 : FE;
 8C62 : FE;
 8C63 : FE;
 8C64 : FE;
 8C65 : FE;
 8C66 : FE;
 8C67 : FE;
 8C68 : FE;
 8C69 : FE;
 8C6A : FE;
 8C6B : FE;
 8C6C : FE;
 8C6D : FE;
 8C6E : FE;
 8C6F : FE;
 8C70 : FE;
 8C71 : FE;
 8C72 : FE;
 8C73 : FE;
 8C74 : FE;
 8C75 : FE;
 8C76 : FE;
 8C77 : FE;
 8C78 : FE;
 8C79 : FE;
 8C7A : FE;
 8C7B : FE;
 8C7C : FE;
 8C7D : FE;
 8C7E : FE;
 8C7F : FE;
 8C80 : FE;
 8C81 : FF;
 8C82 : FE;
 8C83 : FD;
 8C84 : FD;
 8C85 : FD;
 8C86 : FD;
 8C87 : FB;
 8C88 : FF;
 8C89 : F1;
 8C8A : FF;
 8C8B : 93;
 8C8C : B8;
 8C8D : DB;
 8C8E : 73;
 8C8F : 5F;
 8C90 : 91;
 8C91 : 73;
 8C92 : 51;
 8C93 : 61;
 8C94 : 70;
 8C95 : 79;
 8C96 : 76;
 8C97 : 6A;
 8C98 : 38;
 8C99 : 2D;
 8C9A : 3D;
 8C9B : B3;
 8C9C : 76;
 8C9D : 33;
 8C9E : 33;
 8C9F : 36;
 8CA0 : 47;
 8CA1 : 52;
 8CA2 : B6;
 8CA3 : 8E;
 8CA4 : 40;
 8CA5 : 8A;
 8CA6 : 76;
 8CA7 : 80;
 8CA8 : 74;
 8CA9 : 68;
 8CAA : 53;
 8CAB : 3C;
 8CAC : 36;
 8CAD : 33;
 8CAE : 22;
 8CAF : 4C;
 8CB0 : C8;
 8CB1 : CA;
 8CB2 : 83;
 8CB3 : A9;
 8CB4 : FA;
 8CB5 : FE;
 8CB6 : F5;
 8CB7 : FE;
 8CB8 : FD;
 8CB9 : FD;
 8CBA : FD;
 8CBB : FE;
 8CBC : FD;
 8CBD : FE;
 8CBE : FE;
 8CBF : FE;
 8CC0 : FE;
 8CC1 : FE;
 8CC2 : FE;
 8CC3 : FE;
 8CC4 : FE;
 8CC5 : FE;
 8CC6 : FE;
 8CC7 : FE;
 8CC8 : FE;
 8CC9 : FE;
 8CCA : FE;
 8CCB : FE;
 8CCC : FE;
 8CCD : FE;
 8CCE : FE;
 8CCF : FE;
 8CD0 : FE;
 8CD1 : FE;
 8CD2 : FE;
 8CD3 : FE;
 8CD4 : FE;
 8CD5 : FE;
 8CD6 : FE;
 8CD7 : FE;
 8CD8 : FE;
 8CD9 : FE;
 8CDA : FE;
 8CDB : FE;
 8CDC : FE;
 8CDD : FE;
 8CDE : FE;
 8CDF : FE;
 8CE0 : FE;
 8CE1 : FE;
 8CE2 : FE;
 8CE3 : FE;
 8CE4 : FE;
 8CE5 : FE;
 8CE6 : FE;
 8CE7 : FE;
 8CE8 : FE;
 8CE9 : FE;
 8CEA : FE;
 8CEB : FE;
 8CEC : FE;
 8CED : FE;
 8CEE : FE;
 8CEF : FE;
 8CF0 : FE;
 8CF1 : FE;
 8CF2 : FE;
 8CF3 : FE;
 8CF4 : FE;
 8CF5 : FE;
 8CF6 : FE;
 8CF7 : FE;
 8CF8 : FE;
 8CF9 : FE;
 8CFA : FE;
 8CFB : FE;
 8CFC : FE;
 8CFD : FE;
 8CFE : FE;
 8CFF : FE;
 8D00 : FE;
 8D01 : FE;
 8D02 : FE;
 8D03 : FE;
 8D04 : FE;
 8D05 : FE;
 8D06 : FE;
 8D07 : FE;
 8D08 : FE;
 8D09 : FE;
 8D0A : FE;
 8D0B : FE;
 8D0C : FE;
 8D0D : FE;
 8D0E : FE;
 8D0F : FE;
 8D10 : FE;
 8D11 : FE;
 8D12 : FE;
 8D13 : FE;
 8D14 : FE;
 8D15 : FE;
 8D16 : FE;
 8D17 : FE;
 8D18 : FE;
 8D19 : FE;
 8D1A : FE;
 8D1B : FE;
 8D1C : FE;
 8D1D : FE;
 8D1E : FE;
 8D1F : FE;
 8D20 : FE;
 8D21 : FE;
 8D22 : FE;
 8D23 : FE;
 8D24 : FE;
 8D25 : FE;
 8D26 : FE;
 8D27 : FE;
 8D28 : FE;
 8D29 : FE;
 8D2A : FE;
 8D2B : FE;
 8D2C : FE;
 8D2D : FE;
 8D2E : FE;
 8D2F : FE;
 8D30 : FE;
 8D31 : FE;
 8D32 : FE;
 8D33 : FE;
 8D34 : FE;
 8D35 : FE;
 8D36 : FE;
 8D37 : FE;
 8D38 : FE;
 8D39 : FE;
 8D3A : FE;
 8D3B : FE;
 8D3C : FE;
 8D3D : FE;
 8D3E : FE;
 8D3F : FE;
 8D40 : FE;
 8D41 : FE;
 8D42 : FE;
 8D43 : FE;
 8D44 : FE;
 8D45 : FE;
 8D46 : FE;
 8D47 : FE;
 8D48 : FE;
 8D49 : FE;
 8D4A : FE;
 8D4B : FE;
 8D4C : FE;
 8D4D : FE;
 8D4E : FE;
 8D4F : FE;
 8D50 : FE;
 8D51 : FE;
 8D52 : FE;
 8D53 : FE;
 8D54 : FE;
 8D55 : FE;
 8D56 : FE;
 8D57 : FE;
 8D58 : FE;
 8D59 : FE;
 8D5A : FE;
 8D5B : FE;
 8D5C : FE;
 8D5D : FE;
 8D5E : FE;
 8D5F : FE;
 8D60 : FE;
 8D61 : FE;
 8D62 : FE;
 8D63 : FE;
 8D64 : FE;
 8D65 : FE;
 8D66 : FE;
 8D67 : FE;
 8D68 : FE;
 8D69 : FE;
 8D6A : FE;
 8D6B : FE;
 8D6C : FE;
 8D6D : FE;
 8D6E : FE;
 8D6F : FE;
 8D70 : FE;
 8D71 : FE;
 8D72 : FE;
 8D73 : FE;
 8D74 : FE;
 8D75 : FE;
 8D76 : FE;
 8D77 : FE;
 8D78 : FE;
 8D79 : FE;
 8D7A : FE;
 8D7B : FE;
 8D7C : FE;
 8D7D : FE;
 8D7E : FE;
 8D7F : FE;
 8D80 : FE;
 8D81 : FE;
 8D82 : FE;
 8D83 : FE;
 8D84 : FE;
 8D85 : FE;
 8D86 : FE;
 8D87 : FE;
 8D88 : FE;
 8D89 : FE;
 8D8A : FE;
 8D8B : FE;
 8D8C : FE;
 8D8D : FE;
 8D8E : FE;
 8D8F : FE;
 8D90 : FE;
 8D91 : FE;
 8D92 : FE;
 8D93 : FE;
 8D94 : FE;
 8D95 : FE;
 8D96 : FE;
 8D97 : FE;
 8D98 : FE;
 8D99 : FE;
 8D9A : FE;
 8D9B : FE;
 8D9C : FE;
 8D9D : FE;
 8D9E : FE;
 8D9F : FE;
 8DA0 : FE;
 8DA1 : FE;
 8DA2 : FE;
 8DA3 : FE;
 8DA4 : FE;
 8DA5 : FE;
 8DA6 : FE;
 8DA7 : FE;
 8DA8 : FE;
 8DA9 : FE;
 8DAA : FE;
 8DAB : FE;
 8DAC : FE;
 8DAD : FE;
 8DAE : FE;
 8DAF : FE;
 8DB0 : FE;
 8DB1 : FE;
 8DB2 : FE;
 8DB3 : FE;
 8DB4 : FE;
 8DB5 : FE;
 8DB6 : FE;
 8DB7 : FE;
 8DB8 : FE;
 8DB9 : FE;
 8DBA : FE;
 8DBB : FE;
 8DBC : FE;
 8DBD : FE;
 8DBE : FE;
 8DBF : FE;
 8DC0 : FE;
 8DC1 : FF;
 8DC2 : FE;
 8DC3 : FD;
 8DC4 : FD;
 8DC5 : FD;
 8DC6 : FE;
 8DC7 : F8;
 8DC8 : FF;
 8DC9 : F7;
 8DCA : FE;
 8DCB : 95;
 8DCC : B1;
 8DCD : D2;
 8DCE : 69;
 8DCF : 64;
 8DD0 : 93;
 8DD1 : 91;
 8DD2 : 8B;
 8DD3 : 8B;
 8DD4 : 75;
 8DD5 : 61;
 8DD6 : 4B;
 8DD7 : 62;
 8DD8 : 58;
 8DD9 : 25;
 8DDA : 21;
 8DDB : BB;
 8DDC : B5;
 8DDD : 36;
 8DDE : 3D;
 8DDF : 42;
 8DE0 : 48;
 8DE1 : 8A;
 8DE2 : C4;
 8DE3 : 85;
 8DE4 : 69;
 8DE5 : 80;
 8DE6 : 98;
 8DE7 : 70;
 8DE8 : 6B;
 8DE9 : 6D;
 8DEA : 67;
 8DEB : 54;
 8DEC : 42;
 8DED : 2A;
 8DEE : 09;
 8DEF : 59;
 8DF0 : C7;
 8DF1 : D3;
 8DF2 : 7F;
 8DF3 : 9E;
 8DF4 : FA;
 8DF5 : FF;
 8DF6 : FD;
 8DF7 : FD;
 8DF8 : FD;
 8DF9 : FD;
 8DFA : FD;
 8DFB : FD;
 8DFC : FD;
 8DFD : FE;
 8DFE : FE;
 8DFF : FE;
 8E00 : FE;
 8E01 : FE;
 8E02 : FE;
 8E03 : FE;
 8E04 : FE;
 8E05 : FE;
 8E06 : FE;
 8E07 : FE;
 8E08 : FE;
 8E09 : FE;
 8E0A : FE;
 8E0B : FE;
 8E0C : FE;
 8E0D : FE;
 8E0E : FE;
 8E0F : FE;
 8E10 : FE;
 8E11 : FE;
 8E12 : FE;
 8E13 : FE;
 8E14 : FE;
 8E15 : FE;
 8E16 : FE;
 8E17 : FE;
 8E18 : FE;
 8E19 : FE;
 8E1A : FE;
 8E1B : FE;
 8E1C : FE;
 8E1D : FE;
 8E1E : FE;
 8E1F : FE;
 8E20 : FE;
 8E21 : FE;
 8E22 : FE;
 8E23 : FE;
 8E24 : FE;
 8E25 : FE;
 8E26 : FE;
 8E27 : FE;
 8E28 : FE;
 8E29 : FE;
 8E2A : FE;
 8E2B : FE;
 8E2C : FE;
 8E2D : FE;
 8E2E : FE;
 8E2F : FE;
 8E30 : FE;
 8E31 : FE;
 8E32 : FE;
 8E33 : FE;
 8E34 : FE;
 8E35 : FE;
 8E36 : FE;
 8E37 : FE;
 8E38 : FE;
 8E39 : FE;
 8E3A : FE;
 8E3B : FE;
 8E3C : FE;
 8E3D : FE;
 8E3E : FE;
 8E3F : FE;
 8E40 : FE;
 8E41 : FE;
 8E42 : FE;
 8E43 : FE;
 8E44 : FE;
 8E45 : FE;
 8E46 : FE;
 8E47 : FE;
 8E48 : FE;
 8E49 : FE;
 8E4A : FE;
 8E4B : FE;
 8E4C : FE;
 8E4D : FE;
 8E4E : FE;
 8E4F : FE;
 8E50 : FE;
 8E51 : FE;
 8E52 : FE;
 8E53 : FE;
 8E54 : FE;
 8E55 : FE;
 8E56 : FE;
 8E57 : FE;
 8E58 : FE;
 8E59 : FE;
 8E5A : FE;
 8E5B : FE;
 8E5C : FE;
 8E5D : FE;
 8E5E : FE;
 8E5F : FE;
 8E60 : FE;
 8E61 : FE;
 8E62 : FE;
 8E63 : FE;
 8E64 : FE;
 8E65 : FE;
 8E66 : FE;
 8E67 : FE;
 8E68 : FE;
 8E69 : FE;
 8E6A : FE;
 8E6B : FE;
 8E6C : FE;
 8E6D : FE;
 8E6E : FE;
 8E6F : FE;
 8E70 : FE;
 8E71 : FE;
 8E72 : FE;
 8E73 : FE;
 8E74 : FE;
 8E75 : FE;
 8E76 : FE;
 8E77 : FE;
 8E78 : FE;
 8E79 : FE;
 8E7A : FE;
 8E7B : FE;
 8E7C : FE;
 8E7D : FE;
 8E7E : FE;
 8E7F : FE;
 8E80 : FE;
 8E81 : FE;
 8E82 : FE;
 8E83 : FE;
 8E84 : FE;
 8E85 : FE;
 8E86 : FE;
 8E87 : FE;
 8E88 : FE;
 8E89 : FE;
 8E8A : FE;
 8E8B : FE;
 8E8C : FE;
 8E8D : FE;
 8E8E : FE;
 8E8F : FE;
 8E90 : FE;
 8E91 : FE;
 8E92 : FE;
 8E93 : FE;
 8E94 : FE;
 8E95 : FE;
 8E96 : FE;
 8E97 : FE;
 8E98 : FE;
 8E99 : FE;
 8E9A : FE;
 8E9B : FE;
 8E9C : FE;
 8E9D : FE;
 8E9E : FE;
 8E9F : FE;
 8EA0 : FE;
 8EA1 : FE;
 8EA2 : FE;
 8EA3 : FE;
 8EA4 : FE;
 8EA5 : FE;
 8EA6 : FE;
 8EA7 : FE;
 8EA8 : FE;
 8EA9 : FE;
 8EAA : FE;
 8EAB : FE;
 8EAC : FE;
 8EAD : FE;
 8EAE : FE;
 8EAF : FE;
 8EB0 : FE;
 8EB1 : FE;
 8EB2 : FE;
 8EB3 : FE;
 8EB4 : FE;
 8EB5 : FE;
 8EB6 : FE;
 8EB7 : FE;
 8EB8 : FE;
 8EB9 : FE;
 8EBA : FE;
 8EBB : FE;
 8EBC : FE;
 8EBD : FE;
 8EBE : FE;
 8EBF : FE;
 8EC0 : FE;
 8EC1 : FE;
 8EC2 : FE;
 8EC3 : FE;
 8EC4 : FE;
 8EC5 : FE;
 8EC6 : FE;
 8EC7 : FE;
 8EC8 : FE;
 8EC9 : FE;
 8ECA : FE;
 8ECB : FE;
 8ECC : FE;
 8ECD : FE;
 8ECE : FE;
 8ECF : FE;
 8ED0 : FE;
 8ED1 : FE;
 8ED2 : FE;
 8ED3 : FE;
 8ED4 : FE;
 8ED5 : FE;
 8ED6 : FE;
 8ED7 : FE;
 8ED8 : FE;
 8ED9 : FE;
 8EDA : FE;
 8EDB : FE;
 8EDC : FE;
 8EDD : FE;
 8EDE : FE;
 8EDF : FE;
 8EE0 : FE;
 8EE1 : FE;
 8EE2 : FE;
 8EE3 : FE;
 8EE4 : FE;
 8EE5 : FE;
 8EE6 : FE;
 8EE7 : FE;
 8EE8 : FE;
 8EE9 : FE;
 8EEA : FE;
 8EEB : FE;
 8EEC : FE;
 8EED : FE;
 8EEE : FE;
 8EEF : FE;
 8EF0 : FE;
 8EF1 : FE;
 8EF2 : FE;
 8EF3 : FE;
 8EF4 : FE;
 8EF5 : FE;
 8EF6 : FE;
 8EF7 : FE;
 8EF8 : FE;
 8EF9 : FE;
 8EFA : FE;
 8EFB : FE;
 8EFC : FE;
 8EFD : FE;
 8EFE : FE;
 8EFF : FE;
 8F00 : FE;
 8F01 : FF;
 8F02 : FE;
 8F03 : FD;
 8F04 : FD;
 8F05 : FD;
 8F06 : FE;
 8F07 : FF;
 8F08 : FF;
 8F09 : F6;
 8F0A : FE;
 8F0B : 92;
 8F0C : AD;
 8F0D : D7;
 8F0E : 72;
 8F0F : 29;
 8F10 : 4B;
 8F11 : 5E;
 8F12 : 7A;
 8F13 : 85;
 8F14 : 7B;
 8F15 : 7B;
 8F16 : 6D;
 8F17 : 54;
 8F18 : 5A;
 8F19 : 3E;
 8F1A : 19;
 8F1B : 69;
 8F1C : D4;
 8F1D : 82;
 8F1E : 37;
 8F1F : 44;
 8F20 : 76;
 8F21 : B8;
 8F22 : A8;
 8F23 : 77;
 8F24 : 98;
 8F25 : 90;
 8F26 : 92;
 8F27 : 88;
 8F28 : 73;
 8F29 : 61;
 8F2A : 4F;
 8F2B : 3B;
 8F2C : 32;
 8F2D : 26;
 8F2E : 0E;
 8F2F : 48;
 8F30 : AD;
 8F31 : D7;
 8F32 : 7A;
 8F33 : 97;
 8F34 : FD;
 8F35 : FF;
 8F36 : FF;
 8F37 : FD;
 8F38 : FD;
 8F39 : FD;
 8F3A : FD;
 8F3B : FD;
 8F3C : FD;
 8F3D : FE;
 8F3E : FE;
 8F3F : FE;
 8F40 : FE;
 8F41 : FE;
 8F42 : FE;
 8F43 : FE;
 8F44 : FE;
 8F45 : FE;
 8F46 : FE;
 8F47 : FE;
 8F48 : FE;
 8F49 : FE;
 8F4A : FE;
 8F4B : FE;
 8F4C : FE;
 8F4D : FE;
 8F4E : FE;
 8F4F : FE;
 8F50 : FE;
 8F51 : FE;
 8F52 : FE;
 8F53 : FE;
 8F54 : FE;
 8F55 : FE;
 8F56 : FE;
 8F57 : FE;
 8F58 : FE;
 8F59 : FE;
 8F5A : FE;
 8F5B : FE;
 8F5C : FE;
 8F5D : FE;
 8F5E : FE;
 8F5F : FE;
 8F60 : FE;
 8F61 : FE;
 8F62 : FE;
 8F63 : FE;
 8F64 : FE;
 8F65 : FE;
 8F66 : FE;
 8F67 : FE;
 8F68 : FE;
 8F69 : FE;
 8F6A : FE;
 8F6B : FE;
 8F6C : FE;
 8F6D : FE;
 8F6E : FE;
 8F6F : FE;
 8F70 : FE;
 8F71 : FE;
 8F72 : FE;
 8F73 : FE;
 8F74 : FE;
 8F75 : FE;
 8F76 : FE;
 8F77 : FE;
 8F78 : FE;
 8F79 : FE;
 8F7A : FE;
 8F7B : FE;
 8F7C : FE;
 8F7D : FE;
 8F7E : FE;
 8F7F : FE;
 8F80 : FE;
 8F81 : FE;
 8F82 : FE;
 8F83 : FE;
 8F84 : FE;
 8F85 : FE;
 8F86 : FE;
 8F87 : FE;
 8F88 : FE;
 8F89 : FE;
 8F8A : FE;
 8F8B : FE;
 8F8C : FE;
 8F8D : FE;
 8F8E : FE;
 8F8F : FE;
 8F90 : FE;
 8F91 : FE;
 8F92 : FE;
 8F93 : FE;
 8F94 : FE;
 8F95 : FE;
 8F96 : FE;
 8F97 : FE;
 8F98 : FE;
 8F99 : FE;
 8F9A : FE;
 8F9B : FE;
 8F9C : FE;
 8F9D : FE;
 8F9E : FE;
 8F9F : FE;
 8FA0 : FE;
 8FA1 : FE;
 8FA2 : FE;
 8FA3 : FE;
 8FA4 : FE;
 8FA5 : FE;
 8FA6 : FE;
 8FA7 : FE;
 8FA8 : FE;
 8FA9 : FE;
 8FAA : FE;
 8FAB : FE;
 8FAC : FE;
 8FAD : FE;
 8FAE : FE;
 8FAF : FE;
 8FB0 : FE;
 8FB1 : FE;
 8FB2 : FE;
 8FB3 : FE;
 8FB4 : FE;
 8FB5 : FE;
 8FB6 : FE;
 8FB7 : FE;
 8FB8 : FE;
 8FB9 : FE;
 8FBA : FE;
 8FBB : FE;
 8FBC : FE;
 8FBD : FE;
 8FBE : FE;
 8FBF : FE;
 8FC0 : FE;
 8FC1 : FE;
 8FC2 : FE;
 8FC3 : FE;
 8FC4 : FE;
 8FC5 : FE;
 8FC6 : FE;
 8FC7 : FE;
 8FC8 : FE;
 8FC9 : FE;
 8FCA : FE;
 8FCB : FE;
 8FCC : FE;
 8FCD : FE;
 8FCE : FE;
 8FCF : FE;
 8FD0 : FE;
 8FD1 : FE;
 8FD2 : FE;
 8FD3 : FE;
 8FD4 : FE;
 8FD5 : FE;
 8FD6 : FE;
 8FD7 : FE;
 8FD8 : FE;
 8FD9 : FE;
 8FDA : FE;
 8FDB : FE;
 8FDC : FE;
 8FDD : FE;
 8FDE : FE;
 8FDF : FE;
 8FE0 : FE;
 8FE1 : FE;
 8FE2 : FE;
 8FE3 : FE;
 8FE4 : FE;
 8FE5 : FE;
 8FE6 : FE;
 8FE7 : FE;
 8FE8 : FE;
 8FE9 : FE;
 8FEA : FE;
 8FEB : FE;
 8FEC : FE;
 8FED : FE;
 8FEE : FE;
 8FEF : FE;
 8FF0 : FE;
 8FF1 : FE;
 8FF2 : FE;
 8FF3 : FE;
 8FF4 : FE;
 8FF5 : FE;
 8FF6 : FE;
 8FF7 : FE;
 8FF8 : FE;
 8FF9 : FE;
 8FFA : FE;
 8FFB : FE;
 8FFC : FE;
 8FFD : FE;
 8FFE : FE;
 8FFF : FE;
 9000 : FE;
 9001 : FE;
 9002 : FE;
 9003 : FE;
 9004 : FE;
 9005 : FE;
 9006 : FE;
 9007 : FE;
 9008 : FE;
 9009 : FE;
 900A : FE;
 900B : FE;
 900C : FE;
 900D : FE;
 900E : FE;
 900F : FE;
 9010 : FE;
 9011 : FE;
 9012 : FE;
 9013 : FE;
 9014 : FE;
 9015 : FE;
 9016 : FE;
 9017 : FE;
 9018 : FE;
 9019 : FE;
 901A : FE;
 901B : FE;
 901C : FE;
 901D : FE;
 901E : FE;
 901F : FE;
 9020 : FE;
 9021 : FE;
 9022 : FE;
 9023 : FE;
 9024 : FE;
 9025 : FE;
 9026 : FE;
 9027 : FE;
 9028 : FE;
 9029 : FE;
 902A : FE;
 902B : FE;
 902C : FE;
 902D : FE;
 902E : FE;
 902F : FE;
 9030 : FE;
 9031 : FE;
 9032 : FE;
 9033 : FE;
 9034 : FE;
 9035 : FE;
 9036 : FE;
 9037 : FE;
 9038 : FE;
 9039 : FE;
 903A : FE;
 903B : FE;
 903C : FE;
 903D : FE;
 903E : FE;
 903F : FE;
 9040 : FE;
 9041 : FF;
 9042 : FE;
 9043 : FD;
 9044 : FD;
 9045 : FD;
 9046 : FE;
 9047 : FF;
 9048 : FF;
 9049 : F8;
 904A : FE;
 904B : 9A;
 904C : A7;
 904D : C9;
 904E : 5A;
 904F : 47;
 9050 : 54;
 9051 : 55;
 9052 : 5B;
 9053 : 53;
 9054 : 50;
 9055 : 5B;
 9056 : 48;
 9057 : 4D;
 9058 : 4D;
 9059 : 51;
 905A : 24;
 905B : 15;
 905C : 9A;
 905D : C4;
 905E : 64;
 905F : 58;
 9060 : B1;
 9061 : B4;
 9062 : 7A;
 9063 : 86;
 9064 : 9F;
 9065 : 9F;
 9066 : 83;
 9067 : 80;
 9068 : 71;
 9069 : 67;
 906A : 5C;
 906B : 48;
 906C : 39;
 906D : 29;
 906E : 14;
 906F : 1F;
 9070 : 88;
 9071 : D5;
 9072 : 77;
 9073 : 9B;
 9074 : FE;
 9075 : FD;
 9076 : FC;
 9077 : FD;
 9078 : FD;
 9079 : FD;
 907A : FD;
 907B : FD;
 907C : FD;
 907D : FE;
 907E : FE;
 907F : FE;
 9080 : FE;
 9081 : FE;
 9082 : FE;
 9083 : FE;
 9084 : FE;
 9085 : FE;
 9086 : FE;
 9087 : FE;
 9088 : FE;
 9089 : FE;
 908A : FE;
 908B : FE;
 908C : FE;
 908D : FE;
 908E : FE;
 908F : FE;
 9090 : FE;
 9091 : FE;
 9092 : FE;
 9093 : FE;
 9094 : FE;
 9095 : FE;
 9096 : FE;
 9097 : FE;
 9098 : FE;
 9099 : FE;
 909A : FE;
 909B : FE;
 909C : FE;
 909D : FE;
 909E : FE;
 909F : FE;
 90A0 : FE;
 90A1 : FE;
 90A2 : FE;
 90A3 : FE;
 90A4 : FE;
 90A5 : FE;
 90A6 : FE;
 90A7 : FE;
 90A8 : FE;
 90A9 : FE;
 90AA : FE;
 90AB : FE;
 90AC : FE;
 90AD : FE;
 90AE : FE;
 90AF : FE;
 90B0 : FE;
 90B1 : FE;
 90B2 : FE;
 90B3 : FE;
 90B4 : FE;
 90B5 : FE;
 90B6 : FE;
 90B7 : FE;
 90B8 : FE;
 90B9 : FE;
 90BA : FE;
 90BB : FE;
 90BC : FE;
 90BD : FE;
 90BE : FE;
 90BF : FE;
 90C0 : FE;
 90C1 : FE;
 90C2 : FE;
 90C3 : FE;
 90C4 : FE;
 90C5 : FE;
 90C6 : FE;
 90C7 : FE;
 90C8 : FE;
 90C9 : FE;
 90CA : FE;
 90CB : FE;
 90CC : FE;
 90CD : FE;
 90CE : FE;
 90CF : FE;
 90D0 : FE;
 90D1 : FE;
 90D2 : FE;
 90D3 : FE;
 90D4 : FE;
 90D5 : FE;
 90D6 : FE;
 90D7 : FE;
 90D8 : FE;
 90D9 : FE;
 90DA : FE;
 90DB : FE;
 90DC : FE;
 90DD : FE;
 90DE : FE;
 90DF : FE;
 90E0 : FE;
 90E1 : FE;
 90E2 : FE;
 90E3 : FE;
 90E4 : FE;
 90E5 : FE;
 90E6 : FE;
 90E7 : FE;
 90E8 : FE;
 90E9 : FE;
 90EA : FE;
 90EB : FE;
 90EC : FE;
 90ED : FE;
 90EE : FE;
 90EF : FE;
 90F0 : FE;
 90F1 : FE;
 90F2 : FE;
 90F3 : FE;
 90F4 : FE;
 90F5 : FE;
 90F6 : FE;
 90F7 : FE;
 90F8 : FE;
 90F9 : FE;
 90FA : FE;
 90FB : FE;
 90FC : FE;
 90FD : FE;
 90FE : FE;
 90FF : FE;
 9100 : FE;
 9101 : FE;
 9102 : FE;
 9103 : FE;
 9104 : FE;
 9105 : FE;
 9106 : FE;
 9107 : FE;
 9108 : FE;
 9109 : FE;
 910A : FE;
 910B : FE;
 910C : FE;
 910D : FE;
 910E : FE;
 910F : FE;
 9110 : FE;
 9111 : FE;
 9112 : FE;
 9113 : FE;
 9114 : FE;
 9115 : FE;
 9116 : FE;
 9117 : FE;
 9118 : FE;
 9119 : FE;
 911A : FE;
 911B : FE;
 911C : FE;
 911D : FE;
 911E : FE;
 911F : FE;
 9120 : FE;
 9121 : FE;
 9122 : FE;
 9123 : FE;
 9124 : FE;
 9125 : FE;
 9126 : FE;
 9127 : FE;
 9128 : FE;
 9129 : FE;
 912A : FE;
 912B : FE;
 912C : FE;
 912D : FE;
 912E : FE;
 912F : FE;
 9130 : FE;
 9131 : FE;
 9132 : FE;
 9133 : FE;
 9134 : FE;
 9135 : FE;
 9136 : FE;
 9137 : FE;
 9138 : FE;
 9139 : FE;
 913A : FE;
 913B : FE;
 913C : FE;
 913D : FE;
 913E : FE;
 913F : FE;
 9140 : FE;
 9141 : FE;
 9142 : FE;
 9143 : FE;
 9144 : FE;
 9145 : FE;
 9146 : FE;
 9147 : FE;
 9148 : FE;
 9149 : FE;
 914A : FE;
 914B : FE;
 914C : FE;
 914D : FE;
 914E : FE;
 914F : FE;
 9150 : FE;
 9151 : FE;
 9152 : FE;
 9153 : FE;
 9154 : FE;
 9155 : FE;
 9156 : FE;
 9157 : FE;
 9158 : FE;
 9159 : FE;
 915A : FE;
 915B : FE;
 915C : FE;
 915D : FE;
 915E : FE;
 915F : FE;
 9160 : FE;
 9161 : FE;
 9162 : FE;
 9163 : FE;
 9164 : FE;
 9165 : FE;
 9166 : FE;
 9167 : FE;
 9168 : FE;
 9169 : FE;
 916A : FE;
 916B : FE;
 916C : FE;
 916D : FE;
 916E : FE;
 916F : FE;
 9170 : FE;
 9171 : FE;
 9172 : FE;
 9173 : FE;
 9174 : FE;
 9175 : FE;
 9176 : FE;
 9177 : FE;
 9178 : FE;
 9179 : FE;
 917A : FE;
 917B : FE;
 917C : FE;
 917D : FE;
 917E : FE;
 917F : FE;
 9180 : FE;
 9181 : FF;
 9182 : FE;
 9183 : FD;
 9184 : FD;
 9185 : FD;
 9186 : FE;
 9187 : FB;
 9188 : FC;
 9189 : FD;
 918A : FE;
 918B : A9;
 918C : A0;
 918D : AF;
 918E : 2F;
 918F : 70;
 9190 : 88;
 9191 : 8A;
 9192 : 86;
 9193 : 7B;
 9194 : 79;
 9195 : 7A;
 9196 : 56;
 9197 : 51;
 9198 : 50;
 9199 : 42;
 919A : 1F;
 919B : 0A;
 919C : 54;
 919D : C8;
 919E : A4;
 919F : 69;
 91A0 : BC;
 91A1 : B3;
 91A2 : 57;
 91A3 : 8E;
 91A4 : 8D;
 91A5 : 8B;
 91A6 : 8E;
 91A7 : 7A;
 91A8 : 71;
 91A9 : 70;
 91AA : 68;
 91AB : 50;
 91AC : 40;
 91AD : 38;
 91AE : 2D;
 91AF : 12;
 91B0 : 84;
 91B1 : D8;
 91B2 : 75;
 91B3 : A5;
 91B4 : FE;
 91B5 : FB;
 91B6 : F9;
 91B7 : FD;
 91B8 : FD;
 91B9 : FD;
 91BA : FD;
 91BB : FD;
 91BC : FD;
 91BD : FE;
 91BE : FE;
 91BF : FE;
 91C0 : FE;
 91C1 : FE;
 91C2 : FE;
 91C3 : FE;
 91C4 : FE;
 91C5 : FE;
 91C6 : FE;
 91C7 : FE;
 91C8 : FE;
 91C9 : FE;
 91CA : FE;
 91CB : FE;
 91CC : FE;
 91CD : FE;
 91CE : FE;
 91CF : FE;
 91D0 : FE;
 91D1 : FE;
 91D2 : FE;
 91D3 : FE;
 91D4 : FE;
 91D5 : FE;
 91D6 : FE;
 91D7 : FE;
 91D8 : FE;
 91D9 : FE;
 91DA : FE;
 91DB : FE;
 91DC : FE;
 91DD : FE;
 91DE : FE;
 91DF : FE;
 91E0 : FE;
 91E1 : FE;
 91E2 : FE;
 91E3 : FE;
 91E4 : FE;
 91E5 : FE;
 91E6 : FE;
 91E7 : FE;
 91E8 : FE;
 91E9 : FE;
 91EA : FE;
 91EB : FE;
 91EC : FE;
 91ED : FE;
 91EE : FE;
 91EF : FE;
 91F0 : FE;
 91F1 : FE;
 91F2 : FE;
 91F3 : FE;
 91F4 : FE;
 91F5 : FE;
 91F6 : FE;
 91F7 : FE;
 91F8 : FE;
 91F9 : FE;
 91FA : FE;
 91FB : FE;
 91FC : FE;
 91FD : FE;
 91FE : FE;
 91FF : FE;
 9200 : FE;
 9201 : FE;
 9202 : FE;
 9203 : FE;
 9204 : FE;
 9205 : FE;
 9206 : FE;
 9207 : FE;
 9208 : FE;
 9209 : FE;
 920A : FE;
 920B : FE;
 920C : FE;
 920D : FE;
 920E : FE;
 920F : FE;
 9210 : FE;
 9211 : FE;
 9212 : FE;
 9213 : FE;
 9214 : FE;
 9215 : FE;
 9216 : FE;
 9217 : FE;
 9218 : FE;
 9219 : FE;
 921A : FE;
 921B : FE;
 921C : FE;
 921D : FE;
 921E : FE;
 921F : FE;
 9220 : FE;
 9221 : FE;
 9222 : FE;
 9223 : FE;
 9224 : FE;
 9225 : FE;
 9226 : FE;
 9227 : FE;
 9228 : FE;
 9229 : FE;
 922A : FE;
 922B : FE;
 922C : FE;
 922D : FE;
 922E : FE;
 922F : FE;
 9230 : FE;
 9231 : FE;
 9232 : FE;
 9233 : FE;
 9234 : FE;
 9235 : FE;
 9236 : FE;
 9237 : FE;
 9238 : FE;
 9239 : FE;
 923A : FE;
 923B : FE;
 923C : FE;
 923D : FE;
 923E : FE;
 923F : FE;
 9240 : FE;
 9241 : FE;
 9242 : FE;
 9243 : FE;
 9244 : FE;
 9245 : FE;
 9246 : FE;
 9247 : FE;
 9248 : FE;
 9249 : FE;
 924A : FE;
 924B : FE;
 924C : FE;
 924D : FE;
 924E : FE;
 924F : FE;
 9250 : FE;
 9251 : FE;
 9252 : FE;
 9253 : FE;
 9254 : FE;
 9255 : FE;
 9256 : FE;
 9257 : FE;
 9258 : FE;
 9259 : FE;
 925A : FE;
 925B : FE;
 925C : FE;
 925D : FE;
 925E : FE;
 925F : FE;
 9260 : FE;
 9261 : FE;
 9262 : FE;
 9263 : FE;
 9264 : FE;
 9265 : FE;
 9266 : FE;
 9267 : FE;
 9268 : FE;
 9269 : FE;
 926A : FE;
 926B : FE;
 926C : FE;
 926D : FE;
 926E : FE;
 926F : FE;
 9270 : FE;
 9271 : FE;
 9272 : FE;
 9273 : FE;
 9274 : FE;
 9275 : FE;
 9276 : FE;
 9277 : FE;
 9278 : FE;
 9279 : FE;
 927A : FE;
 927B : FE;
 927C : FE;
 927D : FE;
 927E : FE;
 927F : FE;
 9280 : FE;
 9281 : FE;
 9282 : FE;
 9283 : FE;
 9284 : FE;
 9285 : FE;
 9286 : FE;
 9287 : FE;
 9288 : FE;
 9289 : FE;
 928A : FE;
 928B : FE;
 928C : FE;
 928D : FE;
 928E : FE;
 928F : FE;
 9290 : FE;
 9291 : FE;
 9292 : FE;
 9293 : FE;
 9294 : FE;
 9295 : FE;
 9296 : FE;
 9297 : FE;
 9298 : FE;
 9299 : FE;
 929A : FE;
 929B : FE;
 929C : FE;
 929D : FE;
 929E : FE;
 929F : FE;
 92A0 : FE;
 92A1 : FE;
 92A2 : FE;
 92A3 : FE;
 92A4 : FE;
 92A5 : FE;
 92A6 : FE;
 92A7 : FE;
 92A8 : FE;
 92A9 : FE;
 92AA : FE;
 92AB : FE;
 92AC : FE;
 92AD : FE;
 92AE : FE;
 92AF : FE;
 92B0 : FE;
 92B1 : FE;
 92B2 : FE;
 92B3 : FE;
 92B4 : FE;
 92B5 : FE;
 92B6 : FE;
 92B7 : FE;
 92B8 : FE;
 92B9 : FE;
 92BA : FE;
 92BB : FE;
 92BC : FE;
 92BD : FE;
 92BE : FE;
 92BF : FE;
 92C0 : FE;
 92C1 : FF;
 92C2 : FE;
 92C3 : FD;
 92C4 : FD;
 92C5 : FD;
 92C6 : FE;
 92C7 : FF;
 92C8 : FC;
 92C9 : FA;
 92CA : FE;
 92CB : A7;
 92CC : 9F;
 92CD : BE;
 92CE : 45;
 92CF : 08;
 92D0 : 32;
 92D1 : 40;
 92D2 : 4C;
 92D3 : 5D;
 92D4 : 6A;
 92D5 : 6E;
 92D6 : 52;
 92D7 : 4A;
 92D8 : 40;
 92D9 : 36;
 92DA : 0E;
 92DB : 04;
 92DC : 60;
 92DD : CE;
 92DE : 79;
 92DF : 46;
 92E0 : 9B;
 92E1 : D0;
 92E2 : 44;
 92E3 : 56;
 92E4 : 81;
 92E5 : 71;
 92E6 : 7E;
 92E7 : 61;
 92E8 : 54;
 92E9 : 4E;
 92EA : 41;
 92EB : 25;
 92EC : 15;
 92ED : 13;
 92EE : 0F;
 92EF : 24;
 92F0 : A3;
 92F1 : E0;
 92F2 : 6F;
 92F3 : AF;
 92F4 : FE;
 92F5 : FB;
 92F6 : FB;
 92F7 : FD;
 92F8 : FD;
 92F9 : FD;
 92FA : FD;
 92FB : FD;
 92FC : FD;
 92FD : FE;
 92FE : FE;
 92FF : FE;
 9300 : FE;
 9301 : FE;
 9302 : FE;
 9303 : FE;
 9304 : FE;
 9305 : FE;
 9306 : FE;
 9307 : FE;
 9308 : FE;
 9309 : FE;
 930A : FE;
 930B : FE;
 930C : FE;
 930D : FE;
 930E : FE;
 930F : FE;
 9310 : FE;
 9311 : FE;
 9312 : FE;
 9313 : FE;
 9314 : FE;
 9315 : FE;
 9316 : FE;
 9317 : FE;
 9318 : FE;
 9319 : FE;
 931A : FE;
 931B : FE;
 931C : FE;
 931D : FE;
 931E : FE;
 931F : FE;
 9320 : FE;
 9321 : FE;
 9322 : FE;
 9323 : FE;
 9324 : FE;
 9325 : FE;
 9326 : FE;
 9327 : FE;
 9328 : FE;
 9329 : FE;
 932A : FE;
 932B : FE;
 932C : FE;
 932D : FE;
 932E : FE;
 932F : FE;
 9330 : FE;
 9331 : FE;
 9332 : FE;
 9333 : FE;
 9334 : FE;
 9335 : FE;
 9336 : FE;
 9337 : FE;
 9338 : FE;
 9339 : FE;
 933A : FE;
 933B : FE;
 933C : FE;
 933D : FE;
 933E : FE;
 933F : FE;
 9340 : FE;
 9341 : FE;
 9342 : FE;
 9343 : FE;
 9344 : FE;
 9345 : FE;
 9346 : FE;
 9347 : FE;
 9348 : FE;
 9349 : FE;
 934A : FE;
 934B : FE;
 934C : FE;
 934D : FE;
 934E : FE;
 934F : FE;
 9350 : FE;
 9351 : FE;
 9352 : FE;
 9353 : FE;
 9354 : FE;
 9355 : FE;
 9356 : FE;
 9357 : FE;
 9358 : FE;
 9359 : FE;
 935A : FE;
 935B : FE;
 935C : FE;
 935D : FE;
 935E : FE;
 935F : FE;
 9360 : FE;
 9361 : FE;
 9362 : FE;
 9363 : FE;
 9364 : FE;
 9365 : FE;
 9366 : FE;
 9367 : FE;
 9368 : FE;
 9369 : FE;
 936A : FE;
 936B : FE;
 936C : FE;
 936D : FE;
 936E : FE;
 936F : FE;
 9370 : FE;
 9371 : FE;
 9372 : FE;
 9373 : FE;
 9374 : FE;
 9375 : FE;
 9376 : FE;
 9377 : FE;
 9378 : FE;
 9379 : FE;
 937A : FE;
 937B : FE;
 937C : FE;
 937D : FE;
 937E : FE;
 937F : FE;
 9380 : FE;
 9381 : FE;
 9382 : FE;
 9383 : FE;
 9384 : FE;
 9385 : FE;
 9386 : FE;
 9387 : FE;
 9388 : FE;
 9389 : FE;
 938A : FE;
 938B : FE;
 938C : FE;
 938D : FE;
 938E : FE;
 938F : FE;
 9390 : FE;
 9391 : FE;
 9392 : FE;
 9393 : FE;
 9394 : FE;
 9395 : FE;
 9396 : FE;
 9397 : FE;
 9398 : FE;
 9399 : FE;
 939A : FE;
 939B : FE;
 939C : FE;
 939D : FE;
 939E : FE;
 939F : FE;
 93A0 : FE;
 93A1 : FE;
 93A2 : FE;
 93A3 : FE;
 93A4 : FE;
 93A5 : FE;
 93A6 : FE;
 93A7 : FE;
 93A8 : FE;
 93A9 : FE;
 93AA : FE;
 93AB : FE;
 93AC : FE;
 93AD : FE;
 93AE : FE;
 93AF : FE;
 93B0 : FE;
 93B1 : FE;
 93B2 : FE;
 93B3 : FE;
 93B4 : FE;
 93B5 : FE;
 93B6 : FE;
 93B7 : FE;
 93B8 : FE;
 93B9 : FE;
 93BA : FE;
 93BB : FE;
 93BC : FE;
 93BD : FE;
 93BE : FE;
 93BF : FE;
 93C0 : FE;
 93C1 : FE;
 93C2 : FE;
 93C3 : FE;
 93C4 : FE;
 93C5 : FE;
 93C6 : FE;
 93C7 : FE;
 93C8 : FE;
 93C9 : FE;
 93CA : FE;
 93CB : FE;
 93CC : FE;
 93CD : FE;
 93CE : FE;
 93CF : FE;
 93D0 : FE;
 93D1 : FE;
 93D2 : FE;
 93D3 : FE;
 93D4 : FE;
 93D5 : FE;
 93D6 : FE;
 93D7 : FE;
 93D8 : FE;
 93D9 : FE;
 93DA : FE;
 93DB : FE;
 93DC : FE;
 93DD : FE;
 93DE : FE;
 93DF : FE;
 93E0 : FE;
 93E1 : FE;
 93E2 : FE;
 93E3 : FE;
 93E4 : FE;
 93E5 : FE;
 93E6 : FE;
 93E7 : FE;
 93E8 : FE;
 93E9 : FE;
 93EA : FE;
 93EB : FE;
 93EC : FE;
 93ED : FE;
 93EE : FE;
 93EF : FE;
 93F0 : FE;
 93F1 : FE;
 93F2 : FE;
 93F3 : FE;
 93F4 : FE;
 93F5 : FE;
 93F6 : FE;
 93F7 : FE;
 93F8 : FE;
 93F9 : FE;
 93FA : FE;
 93FB : FE;
 93FC : FE;
 93FD : FE;
 93FE : FE;
 93FF : FE;
 9400 : FE;
 9401 : FF;
 9402 : FE;
 9403 : FD;
 9404 : FD;
 9405 : FD;
 9406 : FE;
 9407 : FF;
 9408 : FE;
 9409 : FB;
 940A : F7;
 940B : A0;
 940C : 9C;
 940D : D1;
 940E : 67;
 940F : 1A;
 9410 : 3B;
 9411 : 33;
 9412 : 39;
 9413 : 49;
 9414 : 43;
 9415 : 3D;
 9416 : 35;
 9417 : 3B;
 9418 : 25;
 9419 : 25;
 941A : 0E;
 941B : 1C;
 941C : A3;
 941D : 9F;
 941E : 2F;
 941F : 28;
 9420 : 69;
 9421 : BA;
 9422 : 73;
 9423 : 28;
 9424 : 58;
 9425 : 5E;
 9426 : 54;
 9427 : 60;
 9428 : 5B;
 9429 : 65;
 942A : 69;
 942B : 52;
 942C : 37;
 942D : 24;
 942E : 15;
 942F : 28;
 9430 : BB;
 9431 : DC;
 9432 : 67;
 9433 : BA;
 9434 : F9;
 9435 : FD;
 9436 : FC;
 9437 : FD;
 9438 : FD;
 9439 : FD;
 943A : FD;
 943B : FD;
 943C : FD;
 943D : FE;
 943E : FE;
 943F : FE;
 9440 : FE;
 9441 : FE;
 9442 : FE;
 9443 : FE;
 9444 : FE;
 9445 : FE;
 9446 : FE;
 9447 : FE;
 9448 : FE;
 9449 : FE;
 944A : FE;
 944B : FE;
 944C : FE;
 944D : FE;
 944E : FE;
 944F : FE;
 9450 : FE;
 9451 : FE;
 9452 : FE;
 9453 : FE;
 9454 : FE;
 9455 : FE;
 9456 : FE;
 9457 : FE;
 9458 : FE;
 9459 : FE;
 945A : FE;
 945B : FE;
 945C : FE;
 945D : FE;
 945E : FE;
 945F : FE;
 9460 : FE;
 9461 : FE;
 9462 : FE;
 9463 : FE;
 9464 : FE;
 9465 : FE;
 9466 : FE;
 9467 : FE;
 9468 : FE;
 9469 : FE;
 946A : FE;
 946B : FE;
 946C : FE;
 946D : FE;
 946E : FE;
 946F : FE;
 9470 : FE;
 9471 : FE;
 9472 : FE;
 9473 : FE;
 9474 : FE;
 9475 : FE;
 9476 : FE;
 9477 : FE;
 9478 : FE;
 9479 : FE;
 947A : FE;
 947B : FE;
 947C : FE;
 947D : FE;
 947E : FE;
 947F : FE;
 9480 : FE;
 9481 : FE;
 9482 : FE;
 9483 : FE;
 9484 : FE;
 9485 : FE;
 9486 : FE;
 9487 : FE;
 9488 : FE;
 9489 : FE;
 948A : FE;
 948B : FE;
 948C : FE;
 948D : FE;
 948E : FE;
 948F : FE;
 9490 : FE;
 9491 : FE;
 9492 : FE;
 9493 : FE;
 9494 : FE;
 9495 : FE;
 9496 : FE;
 9497 : FE;
 9498 : FE;
 9499 : FE;
 949A : FE;
 949B : FE;
 949C : FE;
 949D : FE;
 949E : FE;
 949F : FE;
 94A0 : FE;
 94A1 : FE;
 94A2 : FE;
 94A3 : FE;
 94A4 : FE;
 94A5 : FE;
 94A6 : FE;
 94A7 : FE;
 94A8 : FE;
 94A9 : FE;
 94AA : FE;
 94AB : FE;
 94AC : FE;
 94AD : FE;
 94AE : FE;
 94AF : FE;
 94B0 : FE;
 94B1 : FE;
 94B2 : FE;
 94B3 : FE;
 94B4 : FE;
 94B5 : FE;
 94B6 : FE;
 94B7 : FE;
 94B8 : FE;
 94B9 : FE;
 94BA : FE;
 94BB : FE;
 94BC : FE;
 94BD : FE;
 94BE : FE;
 94BF : FE;
 94C0 : FE;
 94C1 : FE;
 94C2 : FE;
 94C3 : FE;
 94C4 : FE;
 94C5 : FE;
 94C6 : FE;
 94C7 : FE;
 94C8 : FE;
 94C9 : FE;
 94CA : FE;
 94CB : FE;
 94CC : FE;
 94CD : FE;
 94CE : FE;
 94CF : FE;
 94D0 : FE;
 94D1 : FE;
 94D2 : FE;
 94D3 : FE;
 94D4 : FE;
 94D5 : FE;
 94D6 : FE;
 94D7 : FE;
 94D8 : FE;
 94D9 : FE;
 94DA : FE;
 94DB : FE;
 94DC : FE;
 94DD : FE;
 94DE : FE;
 94DF : FE;
 94E0 : FE;
 94E1 : FE;
 94E2 : FE;
 94E3 : FE;
 94E4 : FE;
 94E5 : FE;
 94E6 : FE;
 94E7 : FE;
 94E8 : FE;
 94E9 : FE;
 94EA : FE;
 94EB : FE;
 94EC : FE;
 94ED : FE;
 94EE : FE;
 94EF : FE;
 94F0 : FE;
 94F1 : FE;
 94F2 : FE;
 94F3 : FE;
 94F4 : FE;
 94F5 : FE;
 94F6 : FE;
 94F7 : FE;
 94F8 : FE;
 94F9 : FE;
 94FA : FE;
 94FB : FE;
 94FC : FE;
 94FD : FE;
 94FE : FE;
 94FF : FE;
 9500 : FE;
 9501 : FE;
 9502 : FE;
 9503 : FE;
 9504 : FE;
 9505 : FE;
 9506 : FE;
 9507 : FE;
 9508 : FE;
 9509 : FE;
 950A : FE;
 950B : FE;
 950C : FE;
 950D : FE;
 950E : FE;
 950F : FE;
 9510 : FE;
 9511 : FE;
 9512 : FE;
 9513 : FE;
 9514 : FE;
 9515 : FE;
 9516 : FE;
 9517 : FE;
 9518 : FE;
 9519 : FE;
 951A : FE;
 951B : FE;
 951C : FE;
 951D : FE;
 951E : FE;
 951F : FE;
 9520 : FE;
 9521 : FE;
 9522 : FE;
 9523 : FE;
 9524 : FE;
 9525 : FE;
 9526 : FE;
 9527 : FE;
 9528 : FE;
 9529 : FE;
 952A : FE;
 952B : FE;
 952C : FE;
 952D : FE;
 952E : FE;
 952F : FE;
 9530 : FE;
 9531 : FE;
 9532 : FE;
 9533 : FE;
 9534 : FE;
 9535 : FE;
 9536 : FE;
 9537 : FE;
 9538 : FE;
 9539 : FE;
 953A : FE;
 953B : FE;
 953C : FE;
 953D : FE;
 953E : FE;
 953F : FE;
 9540 : FE;
 9541 : FF;
 9542 : FE;
 9543 : FD;
 9544 : FD;
 9545 : FD;
 9546 : FE;
 9547 : FA;
 9548 : FB;
 9549 : FF;
 954A : FE;
 954B : A7;
 954C : 92;
 954D : BF;
 954E : 52;
 954F : 50;
 9550 : 6A;
 9551 : 59;
 9552 : 63;
 9553 : 76;
 9554 : 5B;
 9555 : 4C;
 9556 : 54;
 9557 : 34;
 9558 : 22;
 9559 : 06;
 955A : 1B;
 955B : 7C;
 955C : D0;
 955D : 32;
 955E : 2F;
 955F : 3C;
 9560 : 3A;
 9561 : 74;
 9562 : CE;
 9563 : 39;
 9564 : 19;
 9565 : 4C;
 9566 : 43;
 9567 : 42;
 9568 : 30;
 9569 : 2D;
 956A : 30;
 956B : 27;
 956C : 24;
 956D : 27;
 956E : 24;
 956F : 1A;
 9570 : BD;
 9571 : D1;
 9572 : 61;
 9573 : C4;
 9574 : F7;
 9575 : FD;
 9576 : FA;
 9577 : FD;
 9578 : FD;
 9579 : FD;
 957A : FD;
 957B : FD;
 957C : FD;
 957D : FE;
 957E : FE;
 957F : FE;
 9580 : FE;
 9581 : FE;
 9582 : FE;
 9583 : FE;
 9584 : FE;
 9585 : FE;
 9586 : FE;
 9587 : FE;
 9588 : FE;
 9589 : FE;
 958A : FE;
 958B : FE;
 958C : FE;
 958D : FE;
 958E : FE;
 958F : FE;
 9590 : FE;
 9591 : FE;
 9592 : FE;
 9593 : FE;
 9594 : FE;
 9595 : FE;
 9596 : FE;
 9597 : FE;
 9598 : FE;
 9599 : FE;
 959A : FE;
 959B : FE;
 959C : FE;
 959D : FE;
 959E : FE;
 959F : FE;
 95A0 : FE;
 95A1 : FE;
 95A2 : FE;
 95A3 : FE;
 95A4 : FE;
 95A5 : FE;
 95A6 : FE;
 95A7 : FE;
 95A8 : FE;
 95A9 : FE;
 95AA : FE;
 95AB : FE;
 95AC : FE;
 95AD : FE;
 95AE : FE;
 95AF : FE;
 95B0 : FE;
 95B1 : FE;
 95B2 : FE;
 95B3 : FE;
 95B4 : FE;
 95B5 : FE;
 95B6 : FE;
 95B7 : FE;
 95B8 : FE;
 95B9 : FE;
 95BA : FE;
 95BB : FE;
 95BC : FE;
 95BD : FE;
 95BE : FE;
 95BF : FE;
 95C0 : FE;
 95C1 : FE;
 95C2 : FE;
 95C3 : FE;
 95C4 : FE;
 95C5 : FE;
 95C6 : FE;
 95C7 : FE;
 95C8 : FE;
 95C9 : FE;
 95CA : FE;
 95CB : FE;
 95CC : FE;
 95CD : FE;
 95CE : FE;
 95CF : FE;
 95D0 : FE;
 95D1 : FE;
 95D2 : FE;
 95D3 : FE;
 95D4 : FE;
 95D5 : FE;
 95D6 : FE;
 95D7 : FE;
 95D8 : FE;
 95D9 : FE;
 95DA : FE;
 95DB : FE;
 95DC : FE;
 95DD : FE;
 95DE : FE;
 95DF : FE;
 95E0 : FE;
 95E1 : FE;
 95E2 : FE;
 95E3 : FE;
 95E4 : FE;
 95E5 : FE;
 95E6 : FE;
 95E7 : FE;
 95E8 : FE;
 95E9 : FE;
 95EA : FE;
 95EB : FE;
 95EC : FE;
 95ED : FE;
 95EE : FE;
 95EF : FE;
 95F0 : FE;
 95F1 : FE;
 95F2 : FE;
 95F3 : FE;
 95F4 : FE;
 95F5 : FE;
 95F6 : FE;
 95F7 : FE;
 95F8 : FE;
 95F9 : FE;
 95FA : FE;
 95FB : FE;
 95FC : FE;
 95FD : FE;
 95FE : FE;
 95FF : FE;
 9600 : FE;
 9601 : FE;
 9602 : FE;
 9603 : FE;
 9604 : FE;
 9605 : FE;
 9606 : FE;
 9607 : FE;
 9608 : FE;
 9609 : FE;
 960A : FE;
 960B : FE;
 960C : FE;
 960D : FE;
 960E : FE;
 960F : FE;
 9610 : FE;
 9611 : FE;
 9612 : FE;
 9613 : FE;
 9614 : FE;
 9615 : FE;
 9616 : FE;
 9617 : FE;
 9618 : FE;
 9619 : FE;
 961A : FE;
 961B : FE;
 961C : FE;
 961D : FE;
 961E : FE;
 961F : FE;
 9620 : FE;
 9621 : FE;
 9622 : FE;
 9623 : FE;
 9624 : FE;
 9625 : FE;
 9626 : FE;
 9627 : FE;
 9628 : FE;
 9629 : FE;
 962A : FE;
 962B : FE;
 962C : FE;
 962D : FE;
 962E : FE;
 962F : FE;
 9630 : FE;
 9631 : FE;
 9632 : FE;
 9633 : FE;
 9634 : FE;
 9635 : FE;
 9636 : FE;
 9637 : FE;
 9638 : FE;
 9639 : FE;
 963A : FE;
 963B : FE;
 963C : FE;
 963D : FE;
 963E : FE;
 963F : FE;
 9640 : FE;
 9641 : FE;
 9642 : FE;
 9643 : FE;
 9644 : FE;
 9645 : FE;
 9646 : FE;
 9647 : FE;
 9648 : FE;
 9649 : FE;
 964A : FE;
 964B : FE;
 964C : FE;
 964D : FE;
 964E : FE;
 964F : FE;
 9650 : FE;
 9651 : FE;
 9652 : FE;
 9653 : FE;
 9654 : FE;
 9655 : FE;
 9656 : FE;
 9657 : FE;
 9658 : FE;
 9659 : FE;
 965A : FE;
 965B : FE;
 965C : FE;
 965D : FE;
 965E : FE;
 965F : FE;
 9660 : FE;
 9661 : FE;
 9662 : FE;
 9663 : FE;
 9664 : FE;
 9665 : FE;
 9666 : FE;
 9667 : FE;
 9668 : FE;
 9669 : FE;
 966A : FE;
 966B : FE;
 966C : FE;
 966D : FE;
 966E : FE;
 966F : FE;
 9670 : FE;
 9671 : FE;
 9672 : FE;
 9673 : FE;
 9674 : FE;
 9675 : FE;
 9676 : FE;
 9677 : FE;
 9678 : FE;
 9679 : FE;
 967A : FE;
 967B : FE;
 967C : FE;
 967D : FE;
 967E : FE;
 967F : FE;
 9680 : FE;
 9681 : FF;
 9682 : FE;
 9683 : FD;
 9684 : FD;
 9685 : FD;
 9686 : FE;
 9687 : FC;
 9688 : FE;
 9689 : FF;
 968A : F8;
 968B : BD;
 968C : 91;
 968D : B9;
 968E : 67;
 968F : 06;
 9690 : 25;
 9691 : 10;
 9692 : 17;
 9693 : 27;
 9694 : 22;
 9695 : 2D;
 9696 : 23;
 9697 : 27;
 9698 : 10;
 9699 : 13;
 969A : 22;
 969B : AF;
 969C : 7E;
 969D : 24;
 969E : 3B;
 969F : 32;
 96A0 : 3C;
 96A1 : 43;
 96A2 : B1;
 96A3 : A0;
 96A4 : 14;
 96A5 : 18;
 96A6 : 3C;
 96A7 : 32;
 96A8 : 4D;
 96A9 : 3D;
 96AA : 29;
 96AB : 19;
 96AC : 12;
 96AD : 18;
 96AE : 05;
 96AF : 35;
 96B0 : BF;
 96B1 : DB;
 96B2 : 63;
 96B3 : BB;
 96B4 : FE;
 96B5 : F9;
 96B6 : F9;
 96B7 : FD;
 96B8 : FD;
 96B9 : FD;
 96BA : FD;
 96BB : FD;
 96BC : FD;
 96BD : FE;
 96BE : FE;
 96BF : FE;
 96C0 : FE;
 96C1 : FE;
 96C2 : FE;
 96C3 : FE;
 96C4 : FE;
 96C5 : FE;
 96C6 : FE;
 96C7 : FE;
 96C8 : FE;
 96C9 : FE;
 96CA : FE;
 96CB : FE;
 96CC : FE;
 96CD : FE;
 96CE : FE;
 96CF : FE;
 96D0 : FE;
 96D1 : FE;
 96D2 : FE;
 96D3 : FE;
 96D4 : FE;
 96D5 : FE;
 96D6 : FE;
 96D7 : FE;
 96D8 : FE;
 96D9 : FE;
 96DA : FE;
 96DB : FE;
 96DC : FE;
 96DD : FE;
 96DE : FE;
 96DF : FE;
 96E0 : FE;
 96E1 : FE;
 96E2 : FE;
 96E3 : FE;
 96E4 : FE;
 96E5 : FE;
 96E6 : FE;
 96E7 : FE;
 96E8 : FE;
 96E9 : FE;
 96EA : FE;
 96EB : FE;
 96EC : FE;
 96ED : FE;
 96EE : FE;
 96EF : FE;
 96F0 : FE;
 96F1 : FE;
 96F2 : FE;
 96F3 : FE;
 96F4 : FE;
 96F5 : FE;
 96F6 : FE;
 96F7 : FE;
 96F8 : FE;
 96F9 : FE;
 96FA : FE;
 96FB : FE;
 96FC : FE;
 96FD : FE;
 96FE : FE;
 96FF : FE;
 9700 : FE;
 9701 : FE;
 9702 : FE;
 9703 : FE;
 9704 : FE;
 9705 : FE;
 9706 : FE;
 9707 : FE;
 9708 : FE;
 9709 : FE;
 970A : FE;
 970B : FE;
 970C : FE;
 970D : FE;
 970E : FE;
 970F : FE;
 9710 : FE;
 9711 : FE;
 9712 : FE;
 9713 : FE;
 9714 : FE;
 9715 : FE;
 9716 : FE;
 9717 : FE;
 9718 : FE;
 9719 : FE;
 971A : FE;
 971B : FE;
 971C : FE;
 971D : FE;
 971E : FE;
 971F : FE;
 9720 : FE;
 9721 : FE;
 9722 : FE;
 9723 : FE;
 9724 : FE;
 9725 : FE;
 9726 : FE;
 9727 : FE;
 9728 : FE;
 9729 : FE;
 972A : FE;
 972B : FE;
 972C : FE;
 972D : FE;
 972E : FE;
 972F : FE;
 9730 : FE;
 9731 : FE;
 9732 : FE;
 9733 : FE;
 9734 : FE;
 9735 : FE;
 9736 : FE;
 9737 : FE;
 9738 : FE;
 9739 : FE;
 973A : FE;
 973B : FE;
 973C : FE;
 973D : FE;
 973E : FE;
 973F : FE;
 9740 : FE;
 9741 : FE;
 9742 : FE;
 9743 : FE;
 9744 : FE;
 9745 : FE;
 9746 : FE;
 9747 : FE;
 9748 : FE;
 9749 : FE;
 974A : FE;
 974B : FE;
 974C : FE;
 974D : FE;
 974E : FE;
 974F : FE;
 9750 : FE;
 9751 : FE;
 9752 : FE;
 9753 : FE;
 9754 : FE;
 9755 : FE;
 9756 : FE;
 9757 : FE;
 9758 : FE;
 9759 : FE;
 975A : FE;
 975B : FE;
 975C : FE;
 975D : FE;
 975E : FE;
 975F : FE;
 9760 : FE;
 9761 : FE;
 9762 : FE;
 9763 : FE;
 9764 : FE;
 9765 : FE;
 9766 : FE;
 9767 : FE;
 9768 : FE;
 9769 : FE;
 976A : FE;
 976B : FE;
 976C : FE;
 976D : FE;
 976E : FE;
 976F : FE;
 9770 : FE;
 9771 : FE;
 9772 : FE;
 9773 : FE;
 9774 : FE;
 9775 : FE;
 9776 : FE;
 9777 : FE;
 9778 : FE;
 9779 : FE;
 977A : FE;
 977B : FE;
 977C : FE;
 977D : FE;
 977E : FE;
 977F : FE;
 9780 : FE;
 9781 : FE;
 9782 : FE;
 9783 : FE;
 9784 : FE;
 9785 : FE;
 9786 : FE;
 9787 : FE;
 9788 : FE;
 9789 : FE;
 978A : FE;
 978B : FE;
 978C : FE;
 978D : FE;
 978E : FE;
 978F : FE;
 9790 : FE;
 9791 : FE;
 9792 : FE;
 9793 : FE;
 9794 : FE;
 9795 : FE;
 9796 : FE;
 9797 : FE;
 9798 : FE;
 9799 : FE;
 979A : FE;
 979B : FE;
 979C : FE;
 979D : FE;
 979E : FE;
 979F : FE;
 97A0 : FE;
 97A1 : FE;
 97A2 : FE;
 97A3 : FE;
 97A4 : FE;
 97A5 : FE;
 97A6 : FE;
 97A7 : FE;
 97A8 : FE;
 97A9 : FE;
 97AA : FE;
 97AB : FE;
 97AC : FE;
 97AD : FE;
 97AE : FE;
 97AF : FE;
 97B0 : FE;
 97B1 : FE;
 97B2 : FE;
 97B3 : FE;
 97B4 : FE;
 97B5 : FE;
 97B6 : FE;
 97B7 : FE;
 97B8 : FE;
 97B9 : FE;
 97BA : FE;
 97BB : FE;
 97BC : FE;
 97BD : FE;
 97BE : FE;
 97BF : FE;
 97C0 : FE;
 97C1 : FF;
 97C2 : FE;
 97C3 : FD;
 97C4 : FD;
 97C5 : FD;
 97C6 : FE;
 97C7 : FF;
 97C8 : FB;
 97C9 : FC;
 97CA : FC;
 97CB : BF;
 97CC : 89;
 97CD : C5;
 97CE : 98;
 97CF : 46;
 97D0 : 2D;
 97D1 : 2C;
 97D2 : 43;
 97D3 : 2E;
 97D4 : 0B;
 97D5 : 17;
 97D6 : 23;
 97D7 : 0B;
 97D8 : 03;
 97D9 : 03;
 97DA : 27;
 97DB : 8C;
 97DC : 23;
 97DD : 29;
 97DE : 3A;
 97DF : 3B;
 97E0 : 33;
 97E1 : 32;
 97E2 : 6E;
 97E3 : A2;
 97E4 : 2B;
 97E5 : 04;
 97E6 : 0F;
 97E7 : 1B;
 97E8 : 22;
 97E9 : 16;
 97EA : 1F;
 97EB : 2A;
 97EC : 0D;
 97ED : 05;
 97EE : 1F;
 97EF : 72;
 97F0 : CD;
 97F1 : D3;
 97F2 : 5D;
 97F3 : B8;
 97F4 : FE;
 97F5 : FB;
 97F6 : FB;
 97F7 : FD;
 97F8 : FD;
 97F9 : FD;
 97FA : FD;
 97FB : FD;
 97FC : FD;
 97FD : FE;
 97FE : FE;
 97FF : FE;
 9800 : FE;
 9801 : FE;
 9802 : FE;
 9803 : FE;
 9804 : FE;
 9805 : FE;
 9806 : FE;
 9807 : FE;
 9808 : FE;
 9809 : FE;
 980A : FE;
 980B : FE;
 980C : FE;
 980D : FE;
 980E : FE;
 980F : FE;
 9810 : FE;
 9811 : FE;
 9812 : FE;
 9813 : FE;
 9814 : FE;
 9815 : FE;
 9816 : FE;
 9817 : FE;
 9818 : FE;
 9819 : FE;
 981A : FE;
 981B : FE;
 981C : FE;
 981D : FE;
 981E : FE;
 981F : FE;
 9820 : FE;
 9821 : FE;
 9822 : FE;
 9823 : FE;
 9824 : FE;
 9825 : FE;
 9826 : FE;
 9827 : FE;
 9828 : FE;
 9829 : FE;
 982A : FE;
 982B : FE;
 982C : FE;
 982D : FE;
 982E : FE;
 982F : FE;
 9830 : FE;
 9831 : FE;
 9832 : FE;
 9833 : FE;
 9834 : FE;
 9835 : FE;
 9836 : FE;
 9837 : FE;
 9838 : FE;
 9839 : FE;
 983A : FE;
 983B : FE;
 983C : FE;
 983D : FE;
 983E : FE;
 983F : FE;
 9840 : FE;
 9841 : FE;
 9842 : FE;
 9843 : FE;
 9844 : FE;
 9845 : FE;
 9846 : FE;
 9847 : FE;
 9848 : FE;
 9849 : FE;
 984A : FE;
 984B : FE;
 984C : FE;
 984D : FE;
 984E : FE;
 984F : FE;
 9850 : FE;
 9851 : FE;
 9852 : FE;
 9853 : FE;
 9854 : FE;
 9855 : FE;
 9856 : FE;
 9857 : FE;
 9858 : FE;
 9859 : FE;
 985A : FE;
 985B : FE;
 985C : FE;
 985D : FE;
 985E : FE;
 985F : FE;
 9860 : FE;
 9861 : FE;
 9862 : FE;
 9863 : FE;
 9864 : FE;
 9865 : FE;
 9866 : FE;
 9867 : FE;
 9868 : FE;
 9869 : FE;
 986A : FE;
 986B : FE;
 986C : FE;
 986D : FE;
 986E : FE;
 986F : FE;
 9870 : FE;
 9871 : FE;
 9872 : FE;
 9873 : FE;
 9874 : FE;
 9875 : FE;
 9876 : FE;
 9877 : FE;
 9878 : FE;
 9879 : FE;
 987A : FE;
 987B : FE;
 987C : FE;
 987D : FE;
 987E : FE;
 987F : FE;
 9880 : FE;
 9881 : FE;
 9882 : FE;
 9883 : FE;
 9884 : FE;
 9885 : FE;
 9886 : FE;
 9887 : FE;
 9888 : FE;
 9889 : FE;
 988A : FE;
 988B : FE;
 988C : FE;
 988D : FE;
 988E : FE;
 988F : FE;
 9890 : FE;
 9891 : FE;
 9892 : FE;
 9893 : FE;
 9894 : FE;
 9895 : FE;
 9896 : FE;
 9897 : FE;
 9898 : FE;
 9899 : FE;
 989A : FE;
 989B : FE;
 989C : FE;
 989D : FE;
 989E : FE;
 989F : FE;
 98A0 : FE;
 98A1 : FE;
 98A2 : FE;
 98A3 : FE;
 98A4 : FE;
 98A5 : FE;
 98A6 : FE;
 98A7 : FE;
 98A8 : FE;
 98A9 : FE;
 98AA : FE;
 98AB : FE;
 98AC : FE;
 98AD : FE;
 98AE : FE;
 98AF : FE;
 98B0 : FE;
 98B1 : FE;
 98B2 : FE;
 98B3 : FE;
 98B4 : FE;
 98B5 : FE;
 98B6 : FE;
 98B7 : FE;
 98B8 : FE;
 98B9 : FE;
 98BA : FE;
 98BB : FE;
 98BC : FE;
 98BD : FE;
 98BE : FE;
 98BF : FE;
 98C0 : FE;
 98C1 : FE;
 98C2 : FE;
 98C3 : FE;
 98C4 : FE;
 98C5 : FE;
 98C6 : FE;
 98C7 : FE;
 98C8 : FE;
 98C9 : FE;
 98CA : FE;
 98CB : FE;
 98CC : FE;
 98CD : FE;
 98CE : FE;
 98CF : FE;
 98D0 : FE;
 98D1 : FE;
 98D2 : FE;
 98D3 : FE;
 98D4 : FE;
 98D5 : FE;
 98D6 : FE;
 98D7 : FE;
 98D8 : FE;
 98D9 : FE;
 98DA : FE;
 98DB : FE;
 98DC : FE;
 98DD : FE;
 98DE : FE;
 98DF : FE;
 98E0 : FE;
 98E1 : FE;
 98E2 : FE;
 98E3 : FE;
 98E4 : FE;
 98E5 : FE;
 98E6 : FE;
 98E7 : FE;
 98E8 : FE;
 98E9 : FE;
 98EA : FE;
 98EB : FE;
 98EC : FE;
 98ED : FE;
 98EE : FE;
 98EF : FE;
 98F0 : FE;
 98F1 : FE;
 98F2 : FE;
 98F3 : FE;
 98F4 : FE;
 98F5 : FE;
 98F6 : FE;
 98F7 : FE;
 98F8 : FE;
 98F9 : FE;
 98FA : FE;
 98FB : FE;
 98FC : FE;
 98FD : FE;
 98FE : FE;
 98FF : FE;
 9900 : FE;
 9901 : FF;
 9902 : FE;
 9903 : FD;
 9904 : FD;
 9905 : FD;
 9906 : FE;
 9907 : FF;
 9908 : F6;
 9909 : F9;
 990A : FE;
 990B : C4;
 990C : 7F;
 990D : C7;
 990E : BE;
 990F : 49;
 9910 : 2B;
 9911 : 2D;
 9912 : 20;
 9913 : 0E;
 9914 : 2A;
 9915 : 29;
 9916 : 04;
 9917 : 1D;
 9918 : 6A;
 9919 : 64;
 991A : 66;
 991B : 34;
 991C : 29;
 991D : 44;
 991E : 5D;
 991F : 52;
 9920 : 3C;
 9921 : 3D;
 9922 : 33;
 9923 : 85;
 9924 : 81;
 9925 : 63;
 9926 : 25;
 9927 : 0E;
 9928 : 1B;
 9929 : 14;
 992A : 0D;
 992B : 21;
 992C : 17;
 992D : 07;
 992E : 2A;
 992F : B0;
 9930 : D3;
 9931 : C9;
 9932 : 61;
 9933 : C1;
 9934 : FE;
 9935 : FF;
 9936 : FB;
 9937 : FD;
 9938 : FD;
 9939 : FD;
 993A : FD;
 993B : FD;
 993C : FD;
 993D : FE;
 993E : FE;
 993F : FE;
 9940 : FE;
 9941 : FE;
 9942 : FE;
 9943 : FE;
 9944 : FE;
 9945 : FE;
 9946 : FE;
 9947 : FE;
 9948 : FE;
 9949 : FE;
 994A : FE;
 994B : FE;
 994C : FE;
 994D : FE;
 994E : FE;
 994F : FE;
 9950 : FE;
 9951 : FE;
 9952 : FE;
 9953 : FE;
 9954 : FE;
 9955 : FE;
 9956 : FE;
 9957 : FE;
 9958 : FE;
 9959 : FE;
 995A : FE;
 995B : FE;
 995C : FE;
 995D : FE;
 995E : FE;
 995F : FE;
 9960 : FE;
 9961 : FE;
 9962 : FE;
 9963 : FE;
 9964 : FE;
 9965 : FE;
 9966 : FE;
 9967 : FE;
 9968 : FE;
 9969 : FE;
 996A : FE;
 996B : FE;
 996C : FE;
 996D : FE;
 996E : FE;
 996F : FE;
 9970 : FE;
 9971 : FE;
 9972 : FE;
 9973 : FE;
 9974 : FE;
 9975 : FE;
 9976 : FE;
 9977 : FE;
 9978 : FE;
 9979 : FE;
 997A : FE;
 997B : FE;
 997C : FE;
 997D : FE;
 997E : FE;
 997F : FE;
 9980 : FE;
 9981 : FE;
 9982 : FE;
 9983 : FE;
 9984 : FE;
 9985 : FE;
 9986 : FE;
 9987 : FE;
 9988 : FE;
 9989 : FE;
 998A : FE;
 998B : FE;
 998C : FE;
 998D : FE;
 998E : FE;
 998F : FE;
 9990 : FE;
 9991 : FE;
 9992 : FE;
 9993 : FE;
 9994 : FE;
 9995 : FE;
 9996 : FE;
 9997 : FE;
 9998 : FE;
 9999 : FE;
 999A : FE;
 999B : FE;
 999C : FE;
 999D : FE;
 999E : FE;
 999F : FE;
 99A0 : FE;
 99A1 : FE;
 99A2 : FE;
 99A3 : FE;
 99A4 : FE;
 99A5 : FE;
 99A6 : FE;
 99A7 : FE;
 99A8 : FE;
 99A9 : FE;
 99AA : FE;
 99AB : FE;
 99AC : FE;
 99AD : FE;
 99AE : FE;
 99AF : FE;
 99B0 : FE;
 99B1 : FE;
 99B2 : FE;
 99B3 : FE;
 99B4 : FE;
 99B5 : FE;
 99B6 : FE;
 99B7 : FE;
 99B8 : FE;
 99B9 : FE;
 99BA : FE;
 99BB : FE;
 99BC : FE;
 99BD : FE;
 99BE : FE;
 99BF : FE;
 99C0 : FE;
 99C1 : FE;
 99C2 : FE;
 99C3 : FE;
 99C4 : FE;
 99C5 : FE;
 99C6 : FE;
 99C7 : FE;
 99C8 : FE;
 99C9 : FE;
 99CA : FE;
 99CB : FE;
 99CC : FE;
 99CD : FE;
 99CE : FE;
 99CF : FE;
 99D0 : FE;
 99D1 : FE;
 99D2 : FE;
 99D3 : FE;
 99D4 : FE;
 99D5 : FE;
 99D6 : FE;
 99D7 : FE;
 99D8 : FE;
 99D9 : FE;
 99DA : FE;
 99DB : FE;
 99DC : FE;
 99DD : FE;
 99DE : FE;
 99DF : FE;
 99E0 : FE;
 99E1 : FE;
 99E2 : FE;
 99E3 : FE;
 99E4 : FE;
 99E5 : FE;
 99E6 : FE;
 99E7 : FE;
 99E8 : FE;
 99E9 : FE;
 99EA : FE;
 99EB : FE;
 99EC : FE;
 99ED : FE;
 99EE : FE;
 99EF : FE;
 99F0 : FE;
 99F1 : FE;
 99F2 : FE;
 99F3 : FE;
 99F4 : FE;
 99F5 : FE;
 99F6 : FE;
 99F7 : FE;
 99F8 : FE;
 99F9 : FE;
 99FA : FE;
 99FB : FE;
 99FC : FE;
 99FD : FE;
 99FE : FE;
 99FF : FE;
 9A00 : FE;
 9A01 : FE;
 9A02 : FE;
 9A03 : FE;
 9A04 : FE;
 9A05 : FE;
 9A06 : FE;
 9A07 : FE;
 9A08 : FE;
 9A09 : FE;
 9A0A : FE;
 9A0B : FE;
 9A0C : FE;
 9A0D : FE;
 9A0E : FE;
 9A0F : FE;
 9A10 : FE;
 9A11 : FE;
 9A12 : FE;
 9A13 : FE;
 9A14 : FE;
 9A15 : FE;
 9A16 : FE;
 9A17 : FE;
 9A18 : FE;
 9A19 : FE;
 9A1A : FE;
 9A1B : FE;
 9A1C : FE;
 9A1D : FE;
 9A1E : FE;
 9A1F : FE;
 9A20 : FE;
 9A21 : FE;
 9A22 : FE;
 9A23 : FE;
 9A24 : FE;
 9A25 : FE;
 9A26 : FE;
 9A27 : FE;
 9A28 : FE;
 9A29 : FE;
 9A2A : FE;
 9A2B : FE;
 9A2C : FE;
 9A2D : FE;
 9A2E : FE;
 9A2F : FE;
 9A30 : FE;
 9A31 : FE;
 9A32 : FE;
 9A33 : FE;
 9A34 : FE;
 9A35 : FE;
 9A36 : FE;
 9A37 : FE;
 9A38 : FE;
 9A39 : FE;
 9A3A : FE;
 9A3B : FE;
 9A3C : FE;
 9A3D : FE;
 9A3E : FE;
 9A3F : FE;
 9A40 : FE;
 9A41 : FF;
 9A42 : FE;
 9A43 : FD;
 9A44 : FD;
 9A45 : FD;
 9A46 : FE;
 9A47 : FD;
 9A48 : F7;
 9A49 : FC;
 9A4A : FE;
 9A4B : C9;
 9A4C : 7B;
 9A4D : BE;
 9A4E : BA;
 9A4F : 96;
 9A50 : 36;
 9A51 : 12;
 9A52 : 0D;
 9A53 : 17;
 9A54 : 1E;
 9A55 : 05;
 9A56 : 09;
 9A57 : 66;
 9A58 : C3;
 9A59 : BD;
 9A5A : 65;
 9A5B : 0E;
 9A5C : 5B;
 9A5D : 4F;
 9A5E : 74;
 9A5F : 78;
 9A60 : 36;
 9A61 : 2F;
 9A62 : 33;
 9A63 : 4C;
 9A64 : 93;
 9A65 : CE;
 9A66 : 79;
 9A67 : 19;
 9A68 : 0B;
 9A69 : 13;
 9A6A : 12;
 9A6B : 12;
 9A6C : 0D;
 9A6D : 10;
 9A6E : 3D;
 9A6F : C7;
 9A70 : C7;
 9A71 : C1;
 9A72 : 6D;
 9A73 : D6;
 9A74 : FE;
 9A75 : FF;
 9A76 : F8;
 9A77 : FD;
 9A78 : FD;
 9A79 : FD;
 9A7A : FD;
 9A7B : FD;
 9A7C : FD;
 9A7D : FE;
 9A7E : FE;
 9A7F : FE;
 9A80 : FE;
 9A81 : FE;
 9A82 : FE;
 9A83 : FE;
 9A84 : FE;
 9A85 : FE;
 9A86 : FE;
 9A87 : FE;
 9A88 : FE;
 9A89 : FE;
 9A8A : FE;
 9A8B : FE;
 9A8C : FE;
 9A8D : FE;
 9A8E : FE;
 9A8F : FE;
 9A90 : FE;
 9A91 : FE;
 9A92 : FE;
 9A93 : FE;
 9A94 : FE;
 9A95 : FE;
 9A96 : FE;
 9A97 : FE;
 9A98 : FE;
 9A99 : FE;
 9A9A : FE;
 9A9B : FE;
 9A9C : FE;
 9A9D : FE;
 9A9E : FE;
 9A9F : FE;
 9AA0 : FE;
 9AA1 : FE;
 9AA2 : FE;
 9AA3 : FE;
 9AA4 : FE;
 9AA5 : FE;
 9AA6 : FE;
 9AA7 : FE;
 9AA8 : FE;
 9AA9 : FE;
 9AAA : FE;
 9AAB : FE;
 9AAC : FE;
 9AAD : FE;
 9AAE : FE;
 9AAF : FE;
 9AB0 : FE;
 9AB1 : FE;
 9AB2 : FE;
 9AB3 : FE;
 9AB4 : FE;
 9AB5 : FE;
 9AB6 : FE;
 9AB7 : FE;
 9AB8 : FE;
 9AB9 : FE;
 9ABA : FE;
 9ABB : FE;
 9ABC : FE;
 9ABD : FE;
 9ABE : FE;
 9ABF : FE;
 9AC0 : FE;
 9AC1 : FE;
 9AC2 : FE;
 9AC3 : FE;
 9AC4 : FE;
 9AC5 : FE;
 9AC6 : FE;
 9AC7 : FE;
 9AC8 : FE;
 9AC9 : FE;
 9ACA : FE;
 9ACB : FE;
 9ACC : FE;
 9ACD : FE;
 9ACE : FE;
 9ACF : FE;
 9AD0 : FE;
 9AD1 : FE;
 9AD2 : FE;
 9AD3 : FE;
 9AD4 : FE;
 9AD5 : FE;
 9AD6 : FE;
 9AD7 : FE;
 9AD8 : FE;
 9AD9 : FE;
 9ADA : FE;
 9ADB : FE;
 9ADC : FE;
 9ADD : FE;
 9ADE : FE;
 9ADF : FE;
 9AE0 : FE;
 9AE1 : FE;
 9AE2 : FE;
 9AE3 : FE;
 9AE4 : FE;
 9AE5 : FE;
 9AE6 : FE;
 9AE7 : FE;
 9AE8 : FE;
 9AE9 : FE;
 9AEA : FE;
 9AEB : FE;
 9AEC : FE;
 9AED : FE;
 9AEE : FE;
 9AEF : FE;
 9AF0 : FE;
 9AF1 : FE;
 9AF2 : FE;
 9AF3 : FE;
 9AF4 : FE;
 9AF5 : FE;
 9AF6 : FE;
 9AF7 : FE;
 9AF8 : FE;
 9AF9 : FE;
 9AFA : FE;
 9AFB : FE;
 9AFC : FE;
 9AFD : FE;
 9AFE : FE;
 9AFF : FE;
 9B00 : FE;
 9B01 : FE;
 9B02 : FE;
 9B03 : FE;
 9B04 : FE;
 9B05 : FE;
 9B06 : FE;
 9B07 : FE;
 9B08 : FE;
 9B09 : FE;
 9B0A : FE;
 9B0B : FE;
 9B0C : FE;
 9B0D : FE;
 9B0E : FE;
 9B0F : FE;
 9B10 : FE;
 9B11 : FE;
 9B12 : FE;
 9B13 : FE;
 9B14 : FE;
 9B15 : FE;
 9B16 : FE;
 9B17 : FE;
 9B18 : FE;
 9B19 : FE;
 9B1A : FE;
 9B1B : FE;
 9B1C : FE;
 9B1D : FE;
 9B1E : FE;
 9B1F : FE;
 9B20 : FE;
 9B21 : FE;
 9B22 : FE;
 9B23 : FE;
 9B24 : FE;
 9B25 : FE;
 9B26 : FE;
 9B27 : FE;
 9B28 : FE;
 9B29 : FE;
 9B2A : FE;
 9B2B : FE;
 9B2C : FE;
 9B2D : FE;
 9B2E : FE;
 9B2F : FE;
 9B30 : FE;
 9B31 : FE;
 9B32 : FE;
 9B33 : FE;
 9B34 : FE;
 9B35 : FE;
 9B36 : FE;
 9B37 : FE;
 9B38 : FE;
 9B39 : FE;
 9B3A : FE;
 9B3B : FE;
 9B3C : FE;
 9B3D : FE;
 9B3E : FE;
 9B3F : FE;
 9B40 : FE;
 9B41 : FE;
 9B42 : FE;
 9B43 : FE;
 9B44 : FE;
 9B45 : FE;
 9B46 : FE;
 9B47 : FE;
 9B48 : FE;
 9B49 : FE;
 9B4A : FE;
 9B4B : FE;
 9B4C : FE;
 9B4D : FE;
 9B4E : FE;
 9B4F : FE;
 9B50 : FE;
 9B51 : FE;
 9B52 : FE;
 9B53 : FE;
 9B54 : FE;
 9B55 : FE;
 9B56 : FE;
 9B57 : FE;
 9B58 : FE;
 9B59 : FE;
 9B5A : FE;
 9B5B : FE;
 9B5C : FE;
 9B5D : FE;
 9B5E : FE;
 9B5F : FE;
 9B60 : FE;
 9B61 : FE;
 9B62 : FE;
 9B63 : FE;
 9B64 : FE;
 9B65 : FE;
 9B66 : FE;
 9B67 : FE;
 9B68 : FE;
 9B69 : FE;
 9B6A : FE;
 9B6B : FE;
 9B6C : FE;
 9B6D : FE;
 9B6E : FE;
 9B6F : FE;
 9B70 : FE;
 9B71 : FE;
 9B72 : FE;
 9B73 : FE;
 9B74 : FE;
 9B75 : FE;
 9B76 : FE;
 9B77 : FE;
 9B78 : FE;
 9B79 : FE;
 9B7A : FE;
 9B7B : FE;
 9B7C : FE;
 9B7D : FE;
 9B7E : FE;
 9B7F : FE;
 9B80 : FE;
 9B81 : FF;
 9B82 : FE;
 9B83 : FD;
 9B84 : FD;
 9B85 : FD;
 9B86 : FE;
 9B87 : F8;
 9B88 : FF;
 9B89 : FF;
 9B8A : FE;
 9B8B : CA;
 9B8C : 83;
 9B8D : BB;
 9B8E : AD;
 9B8F : C4;
 9B90 : 7F;
 9B91 : 3B;
 9B92 : 11;
 9B93 : 19;
 9B94 : 10;
 9B95 : 09;
 9B96 : 58;
 9B97 : BA;
 9B98 : AA;
 9B99 : 91;
 9B9A : 2C;
 9B9B : 63;
 9B9C : 68;
 9B9D : 6C;
 9B9E : 8E;
 9B9F : AD;
 9BA0 : 58;
 9BA1 : 25;
 9BA2 : 72;
 9BA3 : 4B;
 9BA4 : 57;
 9BA5 : BC;
 9BA6 : C4;
 9BA7 : 70;
 9BA8 : 12;
 9BA9 : 08;
 9BAA : 2E;
 9BAB : 18;
 9BAC : 06;
 9BAD : 40;
 9BAE : 97;
 9BAF : C8;
 9BB0 : BD;
 9BB1 : BF;
 9BB2 : 71;
 9BB3 : E3;
 9BB4 : FE;
 9BB5 : FE;
 9BB6 : F9;
 9BB7 : FD;
 9BB8 : FD;
 9BB9 : FD;
 9BBA : FD;
 9BBB : FD;
 9BBC : FD;
 9BBD : FE;
 9BBE : FE;
 9BBF : FE;
 9BC0 : FE;
 9BC1 : FE;
 9BC2 : FE;
 9BC3 : FE;
 9BC4 : FE;
 9BC5 : FE;
 9BC6 : FE;
 9BC7 : FE;
 9BC8 : FE;
 9BC9 : FE;
 9BCA : FE;
 9BCB : FE;
 9BCC : FE;
 9BCD : FE;
 9BCE : FE;
 9BCF : FE;
 9BD0 : FE;
 9BD1 : FE;
 9BD2 : FE;
 9BD3 : FE;
 9BD4 : FE;
 9BD5 : FE;
 9BD6 : FE;
 9BD7 : FE;
 9BD8 : FE;
 9BD9 : FE;
 9BDA : FE;
 9BDB : FE;
 9BDC : FE;
 9BDD : FE;
 9BDE : FE;
 9BDF : FE;
 9BE0 : FE;
 9BE1 : FE;
 9BE2 : FE;
 9BE3 : FE;
 9BE4 : FE;
 9BE5 : FE;
 9BE6 : FE;
 9BE7 : FE;
 9BE8 : FE;
 9BE9 : FE;
 9BEA : FE;
 9BEB : FE;
 9BEC : FE;
 9BED : FE;
 9BEE : FE;
 9BEF : FE;
 9BF0 : FE;
 9BF1 : FE;
 9BF2 : FE;
 9BF3 : FE;
 9BF4 : FE;
 9BF5 : FE;
 9BF6 : FE;
 9BF7 : FE;
 9BF8 : FE;
 9BF9 : FE;
 9BFA : FE;
 9BFB : FE;
 9BFC : FE;
 9BFD : FE;
 9BFE : FE;
 9BFF : FE;
 9C00 : FE;
 9C01 : FE;
 9C02 : FE;
 9C03 : FE;
 9C04 : FE;
 9C05 : FE;
 9C06 : FE;
 9C07 : FE;
 9C08 : FE;
 9C09 : FE;
 9C0A : FE;
 9C0B : FE;
 9C0C : FE;
 9C0D : FE;
 9C0E : FE;
 9C0F : FE;
 9C10 : FE;
 9C11 : FE;
 9C12 : FE;
 9C13 : FE;
 9C14 : FE;
 9C15 : FE;
 9C16 : FE;
 9C17 : FE;
 9C18 : FE;
 9C19 : FE;
 9C1A : FE;
 9C1B : FE;
 9C1C : FE;
 9C1D : FE;
 9C1E : FE;
 9C1F : FE;
 9C20 : FE;
 9C21 : FE;
 9C22 : FE;
 9C23 : FE;
 9C24 : FE;
 9C25 : FE;
 9C26 : FE;
 9C27 : FE;
 9C28 : FE;
 9C29 : FE;
 9C2A : FE;
 9C2B : FE;
 9C2C : FE;
 9C2D : FE;
 9C2E : FE;
 9C2F : FE;
 9C30 : FE;
 9C31 : FE;
 9C32 : FE;
 9C33 : FE;
 9C34 : FE;
 9C35 : FE;
 9C36 : FE;
 9C37 : FE;
 9C38 : FE;
 9C39 : FE;
 9C3A : FE;
 9C3B : FE;
 9C3C : FE;
 9C3D : FE;
 9C3E : FE;
 9C3F : FE;
 9C40 : FE;
 9C41 : FE;
 9C42 : FE;
 9C43 : FE;
 9C44 : FE;
 9C45 : FE;
 9C46 : FE;
 9C47 : FE;
 9C48 : FE;
 9C49 : FE;
 9C4A : FE;
 9C4B : FE;
 9C4C : FE;
 9C4D : FE;
 9C4E : FE;
 9C4F : FE;
 9C50 : FE;
 9C51 : FE;
 9C52 : FE;
 9C53 : FE;
 9C54 : FE;
 9C55 : FE;
 9C56 : FE;
 9C57 : FE;
 9C58 : FE;
 9C59 : FE;
 9C5A : FE;
 9C5B : FE;
 9C5C : FE;
 9C5D : FE;
 9C5E : FE;
 9C5F : FE;
 9C60 : FE;
 9C61 : FE;
 9C62 : FE;
 9C63 : FE;
 9C64 : FE;
 9C65 : FE;
 9C66 : FE;
 9C67 : FE;
 9C68 : FE;
 9C69 : FE;
 9C6A : FE;
 9C6B : FE;
 9C6C : FE;
 9C6D : FE;
 9C6E : FE;
 9C6F : FE;
 9C70 : FE;
 9C71 : FE;
 9C72 : FE;
 9C73 : FE;
 9C74 : FE;
 9C75 : FE;
 9C76 : FE;
 9C77 : FE;
 9C78 : FE;
 9C79 : FE;
 9C7A : FE;
 9C7B : FE;
 9C7C : FE;
 9C7D : FE;
 9C7E : FE;
 9C7F : FE;
 9C80 : FE;
 9C81 : FE;
 9C82 : FE;
 9C83 : FE;
 9C84 : FE;
 9C85 : FE;
 9C86 : FE;
 9C87 : FE;
 9C88 : FE;
 9C89 : FE;
 9C8A : FE;
 9C8B : FE;
 9C8C : FE;
 9C8D : FE;
 9C8E : FE;
 9C8F : FE;
 9C90 : FE;
 9C91 : FE;
 9C92 : FE;
 9C93 : FE;
 9C94 : FE;
 9C95 : FE;
 9C96 : FE;
 9C97 : FE;
 9C98 : FE;
 9C99 : FE;
 9C9A : FE;
 9C9B : FE;
 9C9C : FE;
 9C9D : FE;
 9C9E : FE;
 9C9F : FE;
 9CA0 : FE;
 9CA1 : FE;
 9CA2 : FE;
 9CA3 : FE;
 9CA4 : FE;
 9CA5 : FE;
 9CA6 : FE;
 9CA7 : FE;
 9CA8 : FE;
 9CA9 : FE;
 9CAA : FE;
 9CAB : FE;
 9CAC : FE;
 9CAD : FE;
 9CAE : FE;
 9CAF : FE;
 9CB0 : FE;
 9CB1 : FE;
 9CB2 : FE;
 9CB3 : FE;
 9CB4 : FE;
 9CB5 : FE;
 9CB6 : FE;
 9CB7 : FE;
 9CB8 : FE;
 9CB9 : FE;
 9CBA : FE;
 9CBB : FE;
 9CBC : FE;
 9CBD : FE;
 9CBE : FE;
 9CBF : FE;
 9CC0 : FE;
 9CC1 : FF;
 9CC2 : FE;
 9CC3 : FD;
 9CC4 : FD;
 9CC5 : FD;
 9CC6 : FE;
 9CC7 : FB;
 9CC8 : FF;
 9CC9 : FC;
 9CCA : F6;
 9CCB : CB;
 9CCC : 8E;
 9CCD : C3;
 9CCE : B2;
 9CCF : AD;
 9CD0 : BE;
 9CD1 : 86;
 9CD2 : 2F;
 9CD3 : 12;
 9CD4 : 07;
 9CD5 : 2D;
 9CD6 : A4;
 9CD7 : C3;
 9CD8 : 9B;
 9CD9 : 47;
 9CDA : 33;
 9CDB : 95;
 9CDC : 77;
 9CDD : 9A;
 9CDE : B1;
 9CDF : B1;
 9CE0 : A7;
 9CE1 : 4A;
 9CE2 : 8A;
 9CE3 : 61;
 9CE4 : 3A;
 9CE5 : 76;
 9CE6 : C1;
 9CE7 : CD;
 9CE8 : 5C;
 9CE9 : 09;
 9CEA : 0C;
 9CEB : 05;
 9CEC : 1D;
 9CED : 8E;
 9CEE : D7;
 9CEF : C7;
 9CF0 : C2;
 9CF1 : C0;
 9CF2 : 66;
 9CF3 : E4;
 9CF4 : FB;
 9CF5 : FC;
 9CF6 : FE;
 9CF7 : FD;
 9CF8 : FD;
 9CF9 : FD;
 9CFA : FD;
 9CFB : FD;
 9CFC : FD;
 9CFD : FE;
 9CFE : FE;
 9CFF : FE;
 9D00 : FE;
 9D01 : FE;
 9D02 : FE;
 9D03 : FE;
 9D04 : FE;
 9D05 : FE;
 9D06 : FE;
 9D07 : FE;
 9D08 : FE;
 9D09 : FE;
 9D0A : FE;
 9D0B : FE;
 9D0C : FE;
 9D0D : FE;
 9D0E : FE;
 9D0F : FE;
 9D10 : FE;
 9D11 : FE;
 9D12 : FE;
 9D13 : FE;
 9D14 : FE;
 9D15 : FE;
 9D16 : FE;
 9D17 : FE;
 9D18 : FE;
 9D19 : FE;
 9D1A : FE;
 9D1B : FE;
 9D1C : FE;
 9D1D : FE;
 9D1E : FE;
 9D1F : FE;
 9D20 : FE;
 9D21 : FE;
 9D22 : FE;
 9D23 : FE;
 9D24 : FE;
 9D25 : FE;
 9D26 : FE;
 9D27 : FE;
 9D28 : FE;
 9D29 : FE;
 9D2A : FE;
 9D2B : FE;
 9D2C : FE;
 9D2D : FE;
 9D2E : FE;
 9D2F : FE;
 9D30 : FE;
 9D31 : FE;
 9D32 : FE;
 9D33 : FE;
 9D34 : FE;
 9D35 : FE;
 9D36 : FE;
 9D37 : FE;
 9D38 : FE;
 9D39 : FE;
 9D3A : FE;
 9D3B : FE;
 9D3C : FE;
 9D3D : FE;
 9D3E : FE;
 9D3F : FE;
 9D40 : FE;
 9D41 : FE;
 9D42 : FE;
 9D43 : FE;
 9D44 : FE;
 9D45 : FE;
 9D46 : FE;
 9D47 : FE;
 9D48 : FE;
 9D49 : FE;
 9D4A : FE;
 9D4B : FE;
 9D4C : FE;
 9D4D : FE;
 9D4E : FE;
 9D4F : FE;
 9D50 : FE;
 9D51 : FE;
 9D52 : FE;
 9D53 : FE;
 9D54 : FE;
 9D55 : FE;
 9D56 : FE;
 9D57 : FE;
 9D58 : FE;
 9D59 : FE;
 9D5A : FE;
 9D5B : FE;
 9D5C : FE;
 9D5D : FE;
 9D5E : FE;
 9D5F : FE;
 9D60 : FE;
 9D61 : FE;
 9D62 : FE;
 9D63 : FE;
 9D64 : FE;
 9D65 : FE;
 9D66 : FE;
 9D67 : FE;
 9D68 : FE;
 9D69 : FE;
 9D6A : FE;
 9D6B : FE;
 9D6C : FE;
 9D6D : FE;
 9D6E : FE;
 9D6F : FE;
 9D70 : FE;
 9D71 : FE;
 9D72 : FE;
 9D73 : FE;
 9D74 : FE;
 9D75 : FE;
 9D76 : FE;
 9D77 : FE;
 9D78 : FE;
 9D79 : FE;
 9D7A : FE;
 9D7B : FE;
 9D7C : FE;
 9D7D : FE;
 9D7E : FE;
 9D7F : FE;
 9D80 : FE;
 9D81 : FE;
 9D82 : FE;
 9D83 : FE;
 9D84 : FE;
 9D85 : FE;
 9D86 : FE;
 9D87 : FE;
 9D88 : FE;
 9D89 : FE;
 9D8A : FE;
 9D8B : FE;
 9D8C : FE;
 9D8D : FE;
 9D8E : FE;
 9D8F : FE;
 9D90 : FE;
 9D91 : FE;
 9D92 : FE;
 9D93 : FE;
 9D94 : FE;
 9D95 : FE;
 9D96 : FE;
 9D97 : FE;
 9D98 : FE;
 9D99 : FE;
 9D9A : FE;
 9D9B : FE;
 9D9C : FE;
 9D9D : FE;
 9D9E : FE;
 9D9F : FE;
 9DA0 : FE;
 9DA1 : FE;
 9DA2 : FE;
 9DA3 : FE;
 9DA4 : FE;
 9DA5 : FE;
 9DA6 : FE;
 9DA7 : FE;
 9DA8 : FE;
 9DA9 : FE;
 9DAA : FE;
 9DAB : FE;
 9DAC : FE;
 9DAD : FE;
 9DAE : FE;
 9DAF : FE;
 9DB0 : FE;
 9DB1 : FE;
 9DB2 : FE;
 9DB3 : FE;
 9DB4 : FE;
 9DB5 : FE;
 9DB6 : FE;
 9DB7 : FE;
 9DB8 : FE;
 9DB9 : FE;
 9DBA : FE;
 9DBB : FE;
 9DBC : FE;
 9DBD : FE;
 9DBE : FE;
 9DBF : FE;
 9DC0 : FE;
 9DC1 : FE;
 9DC2 : FE;
 9DC3 : FE;
 9DC4 : FE;
 9DC5 : FE;
 9DC6 : FE;
 9DC7 : FE;
 9DC8 : FE;
 9DC9 : FE;
 9DCA : FE;
 9DCB : FE;
 9DCC : FE;
 9DCD : FE;
 9DCE : FE;
 9DCF : FE;
 9DD0 : FE;
 9DD1 : FE;
 9DD2 : FE;
 9DD3 : FE;
 9DD4 : FE;
 9DD5 : FE;
 9DD6 : FE;
 9DD7 : FE;
 9DD8 : FE;
 9DD9 : FE;
 9DDA : FE;
 9DDB : FE;
 9DDC : FE;
 9DDD : FE;
 9DDE : FE;
 9DDF : FE;
 9DE0 : FE;
 9DE1 : FE;
 9DE2 : FE;
 9DE3 : FE;
 9DE4 : FE;
 9DE5 : FE;
 9DE6 : FE;
 9DE7 : FE;
 9DE8 : FE;
 9DE9 : FE;
 9DEA : FE;
 9DEB : FE;
 9DEC : FE;
 9DED : FE;
 9DEE : FE;
 9DEF : FE;
 9DF0 : FE;
 9DF1 : FE;
 9DF2 : FE;
 9DF3 : FE;
 9DF4 : FE;
 9DF5 : FE;
 9DF6 : FE;
 9DF7 : FE;
 9DF8 : FE;
 9DF9 : FE;
 9DFA : FE;
 9DFB : FE;
 9DFC : FE;
 9DFD : FE;
 9DFE : FE;
 9DFF : FE;
 9E00 : FE;
 9E01 : FF;
 9E02 : FE;
 9E03 : FD;
 9E04 : FD;
 9E05 : FD;
 9E06 : FE;
 9E07 : FB;
 9E08 : FF;
 9E09 : FA;
 9E0A : F7;
 9E0B : D3;
 9E0C : 92;
 9E0D : C4;
 9E0E : B9;
 9E0F : C4;
 9E10 : C1;
 9E11 : A3;
 9E12 : 96;
 9E13 : 60;
 9E14 : 0C;
 9E15 : 3A;
 9E16 : BF;
 9E17 : 95;
 9E18 : 76;
 9E19 : 2B;
 9E1A : 47;
 9E1B : 7A;
 9E1C : 88;
 9E1D : A5;
 9E1E : B6;
 9E1F : 9B;
 9E20 : B9;
 9E21 : 66;
 9E22 : 5F;
 9E23 : 4B;
 9E24 : 33;
 9E25 : 47;
 9E26 : 7F;
 9E27 : CA;
 9E28 : 9B;
 9E29 : 15;
 9E2A : 03;
 9E2B : 2F;
 9E2C : 64;
 9E2D : B7;
 9E2E : BD;
 9E2F : C1;
 9E30 : CA;
 9E31 : C3;
 9E32 : 5A;
 9E33 : E7;
 9E34 : FE;
 9E35 : FC;
 9E36 : FF;
 9E37 : FD;
 9E38 : FD;
 9E39 : FD;
 9E3A : FD;
 9E3B : FD;
 9E3C : FD;
 9E3D : FE;
 9E3E : FE;
 9E3F : FE;
 9E40 : FE;
 9E41 : FE;
 9E42 : FE;
 9E43 : FE;
 9E44 : FE;
 9E45 : FE;
 9E46 : FE;
 9E47 : FE;
 9E48 : FE;
 9E49 : FE;
 9E4A : FE;
 9E4B : FE;
 9E4C : FE;
 9E4D : FE;
 9E4E : FE;
 9E4F : FE;
 9E50 : FE;
 9E51 : FE;
 9E52 : FE;
 9E53 : FE;
 9E54 : FE;
 9E55 : FE;
 9E56 : FE;
 9E57 : FE;
 9E58 : FE;
 9E59 : FE;
 9E5A : FE;
 9E5B : FE;
 9E5C : FE;
 9E5D : FE;
 9E5E : FE;
 9E5F : FE;
 9E60 : FE;
 9E61 : FE;
 9E62 : FE;
 9E63 : FE;
 9E64 : FE;
 9E65 : FE;
 9E66 : FE;
 9E67 : FE;
 9E68 : FE;
 9E69 : FE;
 9E6A : FE;
 9E6B : FE;
 9E6C : FE;
 9E6D : FE;
 9E6E : FE;
 9E6F : FE;
 9E70 : FE;
 9E71 : FE;
 9E72 : FE;
 9E73 : FE;
 9E74 : FE;
 9E75 : FE;
 9E76 : FE;
 9E77 : FE;
 9E78 : FE;
 9E79 : FE;
 9E7A : FE;
 9E7B : FE;
 9E7C : FE;
 9E7D : FE;
 9E7E : FE;
 9E7F : FE;
 9E80 : FE;
 9E81 : FE;
 9E82 : FE;
 9E83 : FE;
 9E84 : FE;
 9E85 : FE;
 9E86 : FE;
 9E87 : FE;
 9E88 : FE;
 9E89 : FE;
 9E8A : FE;
 9E8B : FE;
 9E8C : FE;
 9E8D : FE;
 9E8E : FE;
 9E8F : FE;
 9E90 : FE;
 9E91 : FE;
 9E92 : FE;
 9E93 : FE;
 9E94 : FE;
 9E95 : FE;
 9E96 : FE;
 9E97 : FE;
 9E98 : FE;
 9E99 : FE;
 9E9A : FE;
 9E9B : FE;
 9E9C : FE;
 9E9D : FE;
 9E9E : FE;
 9E9F : FE;
 9EA0 : FE;
 9EA1 : FE;
 9EA2 : FE;
 9EA3 : FE;
 9EA4 : FE;
 9EA5 : FE;
 9EA6 : FE;
 9EA7 : FE;
 9EA8 : FE;
 9EA9 : FE;
 9EAA : FE;
 9EAB : FE;
 9EAC : FE;
 9EAD : FE;
 9EAE : FE;
 9EAF : FE;
 9EB0 : FE;
 9EB1 : FE;
 9EB2 : FE;
 9EB3 : FE;
 9EB4 : FE;
 9EB5 : FE;
 9EB6 : FE;
 9EB7 : FE;
 9EB8 : FE;
 9EB9 : FE;
 9EBA : FE;
 9EBB : FE;
 9EBC : FE;
 9EBD : FE;
 9EBE : FE;
 9EBF : FE;
 9EC0 : FE;
 9EC1 : FE;
 9EC2 : FE;
 9EC3 : FE;
 9EC4 : FE;
 9EC5 : FE;
 9EC6 : FE;
 9EC7 : FE;
 9EC8 : FE;
 9EC9 : FE;
 9ECA : FE;
 9ECB : FE;
 9ECC : FE;
 9ECD : FE;
 9ECE : FE;
 9ECF : FE;
 9ED0 : FE;
 9ED1 : FE;
 9ED2 : FE;
 9ED3 : FE;
 9ED4 : FE;
 9ED5 : FE;
 9ED6 : FE;
 9ED7 : FE;
 9ED8 : FE;
 9ED9 : FE;
 9EDA : FE;
 9EDB : FE;
 9EDC : FE;
 9EDD : FE;
 9EDE : FE;
 9EDF : FE;
 9EE0 : FE;
 9EE1 : FE;
 9EE2 : FE;
 9EE3 : FE;
 9EE4 : FE;
 9EE5 : FE;
 9EE6 : FE;
 9EE7 : FE;
 9EE8 : FE;
 9EE9 : FE;
 9EEA : FE;
 9EEB : FE;
 9EEC : FE;
 9EED : FE;
 9EEE : FE;
 9EEF : FE;
 9EF0 : FE;
 9EF1 : FE;
 9EF2 : FE;
 9EF3 : FE;
 9EF4 : FE;
 9EF5 : FE;
 9EF6 : FE;
 9EF7 : FE;
 9EF8 : FE;
 9EF9 : FE;
 9EFA : FE;
 9EFB : FE;
 9EFC : FE;
 9EFD : FE;
 9EFE : FE;
 9EFF : FE;
 9F00 : FE;
 9F01 : FE;
 9F02 : FE;
 9F03 : FE;
 9F04 : FE;
 9F05 : FE;
 9F06 : FE;
 9F07 : FE;
 9F08 : FE;
 9F09 : FE;
 9F0A : FE;
 9F0B : FE;
 9F0C : FE;
 9F0D : FE;
 9F0E : FE;
 9F0F : FE;
 9F10 : FE;
 9F11 : FE;
 9F12 : FE;
 9F13 : FE;
 9F14 : FE;
 9F15 : FE;
 9F16 : FE;
 9F17 : FE;
 9F18 : FE;
 9F19 : FE;
 9F1A : FE;
 9F1B : FE;
 9F1C : FE;
 9F1D : FE;
 9F1E : FE;
 9F1F : FE;
 9F20 : FE;
 9F21 : FE;
 9F22 : FE;
 9F23 : FE;
 9F24 : FE;
 9F25 : FE;
 9F26 : FE;
 9F27 : FE;
 9F28 : FE;
 9F29 : FE;
 9F2A : FE;
 9F2B : FE;
 9F2C : FE;
 9F2D : FE;
 9F2E : FE;
 9F2F : FE;
 9F30 : FE;
 9F31 : FE;
 9F32 : FE;
 9F33 : FE;
 9F34 : FE;
 9F35 : FE;
 9F36 : FE;
 9F37 : FE;
 9F38 : FE;
 9F39 : FE;
 9F3A : FE;
 9F3B : FE;
 9F3C : FE;
 9F3D : FE;
 9F3E : FF;
 9F3F : FE;
 9F40 : FE;
 9F41 : FE;
 9F42 : FD;
 9F43 : FD;
 9F44 : FD;
 9F45 : FD;
 9F46 : FE;
 9F47 : F8;
 9F48 : FF;
 9F49 : FA;
 9F4A : FE;
 9F4B : DD;
 9F4C : 90;
 9F4D : BC;
 9F4E : B7;
 9F4F : B1;
 9F50 : C0;
 9F51 : BE;
 9F52 : D1;
 9F53 : B1;
 9F54 : 77;
 9F55 : 95;
 9F56 : BC;
 9F57 : 94;
 9F58 : 29;
 9F59 : 36;
 9F5A : 3E;
 9F5B : 87;
 9F5C : 92;
 9F5D : A6;
 9F5E : B2;
 9F5F : BC;
 9F60 : 9F;
 9F61 : 6E;
 9F62 : 4E;
 9F63 : 3B;
 9F64 : 2F;
 9F65 : 3E;
 9F66 : 63;
 9F67 : A7;
 9F68 : AF;
 9F69 : 35;
 9F6A : 57;
 9F6B : C3;
 9F6C : C7;
 9F6D : CC;
 9F6E : A9;
 9F6F : B7;
 9F70 : CD;
 9F71 : C5;
 9F72 : 55;
 9F73 : EE;
 9F74 : FF;
 9F75 : FF;
 9F76 : FF;
 9F77 : FD;
 9F78 : FD;
 9F79 : FD;
 9F7A : FD;
 9F7B : FE;
 9F7C : FD;
 9F7D : FE;
 9F7E : FE;
 9F7F : FE;
 9F80 : FE;
 9F81 : FE;
 9F82 : FE;
 9F83 : FE;
 9F84 : FE;
 9F85 : FE;
 9F86 : FE;
 9F87 : FE;
 9F88 : FE;
 9F89 : FE;
 9F8A : FE;
 9F8B : FE;
 9F8C : FE;
 9F8D : FE;
 9F8E : FE;
 9F8F : FE;
 9F90 : FE;
 9F91 : FE;
 9F92 : FE;
 9F93 : FE;
 9F94 : FE;
 9F95 : FE;
 9F96 : FE;
 9F97 : FE;
 9F98 : FE;
 9F99 : FE;
 9F9A : FE;
 9F9B : FE;
 9F9C : FE;
 9F9D : FE;
 9F9E : FE;
 9F9F : FE;
 9FA0 : FE;
 9FA1 : FE;
 9FA2 : FE;
 9FA3 : FE;
 9FA4 : FE;
 9FA5 : FE;
 9FA6 : FE;
 9FA7 : FE;
 9FA8 : FE;
 9FA9 : FE;
 9FAA : FE;
 9FAB : FE;
 9FAC : FE;
 9FAD : FE;
 9FAE : FE;
 9FAF : FE;
 9FB0 : FE;
 9FB1 : FE;
 9FB2 : FE;
 9FB3 : FE;
 9FB4 : FE;
 9FB5 : FE;
 9FB6 : FE;
 9FB7 : FE;
 9FB8 : FE;
 9FB9 : FE;
 9FBA : FE;
 9FBB : FE;
 9FBC : FE;
 9FBD : FE;
 9FBE : FE;
 9FBF : FE;
 9FC0 : FE;
 9FC1 : FE;
 9FC2 : FE;
 9FC3 : FE;
 9FC4 : FE;
 9FC5 : FE;
 9FC6 : FE;
 9FC7 : FE;
 9FC8 : FE;
 9FC9 : FE;
 9FCA : FE;
 9FCB : FE;
 9FCC : FE;
 9FCD : FE;
 9FCE : FE;
 9FCF : FE;
 9FD0 : FE;
 9FD1 : FE;
 9FD2 : FE;
 9FD3 : FE;
 9FD4 : FE;
 9FD5 : FE;
 9FD6 : FE;
 9FD7 : FE;
 9FD8 : FE;
 9FD9 : FE;
 9FDA : FE;
 9FDB : FE;
 9FDC : FE;
 9FDD : FE;
 9FDE : FE;
 9FDF : FE;
 9FE0 : FE;
 9FE1 : FE;
 9FE2 : FE;
 9FE3 : FE;
 9FE4 : FE;
 9FE5 : FE;
 9FE6 : FE;
 9FE7 : FE;
 9FE8 : FE;
 9FE9 : FE;
 9FEA : FE;
 9FEB : FE;
 9FEC : FE;
 9FED : FE;
 9FEE : FE;
 9FEF : FE;
 9FF0 : FE;
 9FF1 : FE;
 9FF2 : FE;
 9FF3 : FE;
 9FF4 : FE;
 9FF5 : FE;
 9FF6 : FE;
 9FF7 : FE;
 9FF8 : FE;
 9FF9 : FE;
 9FFA : FE;
 9FFB : FE;
 9FFC : FE;
 9FFD : FE;
 9FFE : FE;
 9FFF : FE;
 A000 : FE;
 A001 : FE;
 A002 : FE;
 A003 : FE;
 A004 : FE;
 A005 : FE;
 A006 : FE;
 A007 : FE;
 A008 : FE;
 A009 : FE;
 A00A : FE;
 A00B : FE;
 A00C : FE;
 A00D : FE;
 A00E : FE;
 A00F : FE;
 A010 : FE;
 A011 : FE;
 A012 : FE;
 A013 : FE;
 A014 : FE;
 A015 : FE;
 A016 : FE;
 A017 : FE;
 A018 : FE;
 A019 : FE;
 A01A : FE;
 A01B : FE;
 A01C : FE;
 A01D : FE;
 A01E : FE;
 A01F : FE;
 A020 : FE;
 A021 : FE;
 A022 : FE;
 A023 : FE;
 A024 : FE;
 A025 : FE;
 A026 : FE;
 A027 : FE;
 A028 : FE;
 A029 : FE;
 A02A : FE;
 A02B : FE;
 A02C : FE;
 A02D : FE;
 A02E : FE;
 A02F : FE;
 A030 : FE;
 A031 : FE;
 A032 : FE;
 A033 : FE;
 A034 : FE;
 A035 : FE;
 A036 : FE;
 A037 : FE;
 A038 : FE;
 A039 : FE;
 A03A : FE;
 A03B : FE;
 A03C : FE;
 A03D : FE;
 A03E : FE;
 A03F : FE;
 A040 : FE;
 A041 : FE;
 A042 : FE;
 A043 : FE;
 A044 : FE;
 A045 : FE;
 A046 : FE;
 A047 : FE;
 A048 : FE;
 A049 : FE;
 A04A : FE;
 A04B : FE;
 A04C : FE;
 A04D : FE;
 A04E : FE;
 A04F : FE;
 A050 : FE;
 A051 : FE;
 A052 : FE;
 A053 : FE;
 A054 : FE;
 A055 : FE;
 A056 : FE;
 A057 : FE;
 A058 : FE;
 A059 : FE;
 A05A : FE;
 A05B : FE;
 A05C : FE;
 A05D : FE;
 A05E : FE;
 A05F : FE;
 A060 : FE;
 A061 : FE;
 A062 : FE;
 A063 : FE;
 A064 : FE;
 A065 : FE;
 A066 : FE;
 A067 : FE;
 A068 : FE;
 A069 : FE;
 A06A : FE;
 A06B : FE;
 A06C : FE;
 A06D : FE;
 A06E : FE;
 A06F : FE;
 A070 : FE;
 A071 : FE;
 A072 : FE;
 A073 : FE;
 A074 : FE;
 A075 : FE;
 A076 : FE;
 A077 : FE;
 A078 : FE;
 A079 : FE;
 A07A : FE;
 A07B : FE;
 A07C : FE;
 A07D : FE;
 A07E : FF;
 A07F : FE;
 A080 : FE;
 A081 : FD;
 A082 : FC;
 A083 : FB;
 A084 : FB;
 A085 : FB;
 A086 : FB;
 A087 : FB;
 A088 : FC;
 A089 : FB;
 A08A : FA;
 A08B : E3;
 A08C : 87;
 A08D : BC;
 A08E : B6;
 A08F : BF;
 A090 : AA;
 A091 : CC;
 A092 : B9;
 A093 : A6;
 A094 : C5;
 A095 : BD;
 A096 : AA;
 A097 : 36;
 A098 : 34;
 A099 : 31;
 A09A : 54;
 A09B : 73;
 A09C : AD;
 A09D : A2;
 A09E : 9F;
 A09F : AB;
 A0A0 : 9A;
 A0A1 : 93;
 A0A2 : 60;
 A0A3 : 1A;
 A0A4 : 26;
 A0A5 : 46;
 A0A6 : 30;
 A0A7 : 73;
 A0A8 : B5;
 A0A9 : C4;
 A0AA : B0;
 A0AB : BA;
 A0AC : C4;
 A0AD : BC;
 A0AE : BF;
 A0AF : C2;
 A0B0 : CC;
 A0B1 : C2;
 A0B2 : 61;
 A0B3 : E6;
 A0B4 : FD;
 A0B5 : FE;
 A0B6 : F2;
 A0B7 : FE;
 A0B8 : FF;
 A0B9 : FE;
 A0BA : FE;
 A0BB : FE;
 A0BC : FD;
 A0BD : FB;
 A0BE : FA;
 A0BF : FE;
 A0C0 : FE;
 A0C1 : FE;
 A0C2 : FE;
 A0C3 : FE;
 A0C4 : FE;
 A0C5 : FE;
 A0C6 : FE;
 A0C7 : FE;
 A0C8 : FE;
 A0C9 : FE;
 A0CA : FE;
 A0CB : FE;
 A0CC : FE;
 A0CD : FE;
 A0CE : FE;
 A0CF : FE;
 A0D0 : FE;
 A0D1 : FE;
 A0D2 : FE;
 A0D3 : FE;
 A0D4 : FE;
 A0D5 : FE;
 A0D6 : FE;
 A0D7 : FE;
 A0D8 : FE;
 A0D9 : FE;
 A0DA : FE;
 A0DB : FE;
 A0DC : FE;
 A0DD : FE;
 A0DE : FE;
 A0DF : FE;
 A0E0 : FE;
 A0E1 : FE;
 A0E2 : FE;
 A0E3 : FE;
 A0E4 : FE;
 A0E5 : FE;
 A0E6 : FE;
 A0E7 : FE;
 A0E8 : FE;
 A0E9 : FE;
 A0EA : FE;
 A0EB : FE;
 A0EC : FE;
 A0ED : FE;
 A0EE : FE;
 A0EF : FE;
 A0F0 : FE;
 A0F1 : FE;
 A0F2 : FE;
 A0F3 : FE;
 A0F4 : FE;
 A0F5 : FE;
 A0F6 : FE;
 A0F7 : FE;
 A0F8 : FE;
 A0F9 : FE;
 A0FA : FE;
 A0FB : FE;
 A0FC : FE;
 A0FD : FE;
 A0FE : FE;
 A0FF : FE;
 A100 : FE;
 A101 : FE;
 A102 : FE;
 A103 : FE;
 A104 : FE;
 A105 : FE;
 A106 : FE;
 A107 : FE;
 A108 : FE;
 A109 : FE;
 A10A : FE;
 A10B : FE;
 A10C : FE;
 A10D : FE;
 A10E : FE;
 A10F : FE;
 A110 : FE;
 A111 : FE;
 A112 : FE;
 A113 : FE;
 A114 : FE;
 A115 : FE;
 A116 : FE;
 A117 : FE;
 A118 : FE;
 A119 : FE;
 A11A : FE;
 A11B : FE;
 A11C : FE;
 A11D : FE;
 A11E : FE;
 A11F : FE;
 A120 : FE;
 A121 : FE;
 A122 : FE;
 A123 : FE;
 A124 : FE;
 A125 : FE;
 A126 : FE;
 A127 : FE;
 A128 : FE;
 A129 : FE;
 A12A : FE;
 A12B : FE;
 A12C : FE;
 A12D : FE;
 A12E : FE;
 A12F : FE;
 A130 : FE;
 A131 : FE;
 A132 : FE;
 A133 : FE;
 A134 : FE;
 A135 : FE;
 A136 : FE;
 A137 : FE;
 A138 : FE;
 A139 : FE;
 A13A : FE;
 A13B : FE;
 A13C : FE;
 A13D : FE;
 A13E : FE;
 A13F : FE;
 A140 : FE;
 A141 : FE;
 A142 : FE;
 A143 : FE;
 A144 : FE;
 A145 : FE;
 A146 : FE;
 A147 : FE;
 A148 : FE;
 A149 : FE;
 A14A : FE;
 A14B : FE;
 A14C : FE;
 A14D : FE;
 A14E : FE;
 A14F : FE;
 A150 : FE;
 A151 : FE;
 A152 : FE;
 A153 : FE;
 A154 : FE;
 A155 : FE;
 A156 : FE;
 A157 : FE;
 A158 : FE;
 A159 : FE;
 A15A : FE;
 A15B : FE;
 A15C : FE;
 A15D : FE;
 A15E : FE;
 A15F : FE;
 A160 : FE;
 A161 : FE;
 A162 : FE;
 A163 : FE;
 A164 : FE;
 A165 : FE;
 A166 : FE;
 A167 : FE;
 A168 : FE;
 A169 : FE;
 A16A : FE;
 A16B : FE;
 A16C : FE;
 A16D : FE;
 A16E : FE;
 A16F : FE;
 A170 : FE;
 A171 : FE;
 A172 : FE;
 A173 : FE;
 A174 : FE;
 A175 : FE;
 A176 : FE;
 A177 : FE;
 A178 : FE;
 A179 : FE;
 A17A : FE;
 A17B : FE;
 A17C : FE;
 A17D : FE;
 A17E : FE;
 A17F : FE;
 A180 : FE;
 A181 : FE;
 A182 : FE;
 A183 : FE;
 A184 : FE;
 A185 : FE;
 A186 : FE;
 A187 : FE;
 A188 : FE;
 A189 : FE;
 A18A : FE;
 A18B : FE;
 A18C : FE;
 A18D : FE;
 A18E : FE;
 A18F : FE;
 A190 : FE;
 A191 : FE;
 A192 : FE;
 A193 : FE;
 A194 : FE;
 A195 : FE;
 A196 : FE;
 A197 : FE;
 A198 : FE;
 A199 : FE;
 A19A : FE;
 A19B : FE;
 A19C : FE;
 A19D : FE;
 A19E : FE;
 A19F : FE;
 A1A0 : FE;
 A1A1 : FE;
 A1A2 : FE;
 A1A3 : FE;
 A1A4 : FE;
 A1A5 : FE;
 A1A6 : FE;
 A1A7 : FE;
 A1A8 : FE;
 A1A9 : FE;
 A1AA : FE;
 A1AB : FE;
 A1AC : FE;
 A1AD : FE;
 A1AE : FE;
 A1AF : FE;
 A1B0 : FE;
 A1B1 : FE;
 A1B2 : FE;
 A1B3 : FE;
 A1B4 : FE;
 A1B5 : FE;
 A1B6 : FE;
 A1B7 : FE;
 A1B8 : FE;
 A1B9 : FE;
 A1BA : FE;
 A1BB : FE;
 A1BC : FE;
 A1BD : FE;
 A1BE : FF;
 A1BF : FE;
 A1C0 : FE;
 A1C1 : FD;
 A1C2 : FD;
 A1C3 : FC;
 A1C4 : FB;
 A1C5 : FB;
 A1C6 : FC;
 A1C7 : FE;
 A1C8 : FE;
 A1C9 : FB;
 A1CA : F6;
 A1CB : DF;
 A1CC : 8A;
 A1CD : C9;
 A1CE : CB;
 A1CF : B8;
 A1D0 : C6;
 A1D1 : B3;
 A1D2 : B8;
 A1D3 : B8;
 A1D4 : BF;
 A1D5 : BD;
 A1D6 : 6D;
 A1D7 : 2C;
 A1D8 : 2E;
 A1D9 : 43;
 A1DA : 7E;
 A1DB : 92;
 A1DC : A5;
 A1DD : 97;
 A1DE : A7;
 A1DF : A1;
 A1E0 : 8F;
 A1E1 : 8A;
 A1E2 : 6B;
 A1E3 : 32;
 A1E4 : 26;
 A1E5 : 38;
 A1E6 : 35;
 A1E7 : 4E;
 A1E8 : 84;
 A1E9 : B9;
 A1EA : C3;
 A1EB : B5;
 A1EC : B8;
 A1ED : BD;
 A1EE : B6;
 A1EF : BC;
 A1F0 : C3;
 A1F1 : B2;
 A1F2 : 5D;
 A1F3 : F3;
 A1F4 : FE;
 A1F5 : FE;
 A1F6 : F2;
 A1F7 : FD;
 A1F8 : FD;
 A1F9 : FD;
 A1FA : FB;
 A1FB : FA;
 A1FC : FC;
 A1FD : FF;
 A1FE : FF;
 A1FF : FE;
 A200 : FE;
 A201 : FE;
 A202 : FE;
 A203 : FE;
 A204 : FE;
 A205 : FE;
 A206 : FE;
 A207 : FE;
 A208 : FE;
 A209 : FE;
 A20A : FE;
 A20B : FE;
 A20C : FE;
 A20D : FE;
 A20E : FE;
 A20F : FE;
 A210 : FE;
 A211 : FE;
 A212 : FE;
 A213 : FE;
 A214 : FE;
 A215 : FE;
 A216 : FE;
 A217 : FE;
 A218 : FE;
 A219 : FE;
 A21A : FE;
 A21B : FE;
 A21C : FE;
 A21D : FE;
 A21E : FE;
 A21F : FE;
 A220 : FE;
 A221 : FE;
 A222 : FE;
 A223 : FE;
 A224 : FE;
 A225 : FE;
 A226 : FE;
 A227 : FE;
 A228 : FE;
 A229 : FE;
 A22A : FE;
 A22B : FE;
 A22C : FE;
 A22D : FE;
 A22E : FE;
 A22F : FE;
 A230 : FE;
 A231 : FE;
 A232 : FE;
 A233 : FE;
 A234 : FE;
 A235 : FE;
 A236 : FE;
 A237 : FE;
 A238 : FE;
 A239 : FE;
 A23A : FE;
 A23B : FE;
 A23C : FE;
 A23D : FE;
 A23E : FE;
 A23F : FE;
 A240 : FE;
 A241 : FE;
 A242 : FE;
 A243 : FE;
 A244 : FE;
 A245 : FE;
 A246 : FE;
 A247 : FE;
 A248 : FE;
 A249 : FE;
 A24A : FE;
 A24B : FE;
 A24C : FE;
 A24D : FE;
 A24E : FE;
 A24F : FE;
 A250 : FE;
 A251 : FE;
 A252 : FE;
 A253 : FE;
 A254 : FE;
 A255 : FE;
 A256 : FE;
 A257 : FE;
 A258 : FE;
 A259 : FE;
 A25A : FE;
 A25B : FE;
 A25C : FE;
 A25D : FE;
 A25E : FE;
 A25F : FE;
 A260 : FE;
 A261 : FE;
 A262 : FE;
 A263 : FE;
 A264 : FE;
 A265 : FE;
 A266 : FE;
 A267 : FE;
 A268 : FE;
 A269 : FE;
 A26A : FE;
 A26B : FE;
 A26C : FE;
 A26D : FE;
 A26E : FE;
 A26F : FE;
 A270 : FE;
 A271 : FE;
 A272 : FE;
 A273 : FE;
 A274 : FE;
 A275 : FE;
 A276 : FE;
 A277 : FE;
 A278 : FE;
 A279 : FE;
 A27A : FE;
 A27B : FE;
 A27C : FE;
 A27D : FE;
 A27E : FE;
 A27F : FE;
 A280 : FE;
 A281 : FE;
 A282 : FE;
 A283 : FE;
 A284 : FE;
 A285 : FE;
 A286 : FE;
 A287 : FE;
 A288 : FE;
 A289 : FE;
 A28A : FE;
 A28B : FE;
 A28C : FE;
 A28D : FE;
 A28E : FE;
 A28F : FE;
 A290 : FE;
 A291 : FE;
 A292 : FE;
 A293 : FE;
 A294 : FE;
 A295 : FE;
 A296 : FE;
 A297 : FE;
 A298 : FE;
 A299 : FE;
 A29A : FE;
 A29B : FE;
 A29C : FE;
 A29D : FE;
 A29E : FE;
 A29F : FE;
 A2A0 : FE;
 A2A1 : FE;
 A2A2 : FE;
 A2A3 : FE;
 A2A4 : FE;
 A2A5 : FE;
 A2A6 : FE;
 A2A7 : FE;
 A2A8 : FE;
 A2A9 : FE;
 A2AA : FE;
 A2AB : FE;
 A2AC : FE;
 A2AD : FE;
 A2AE : FE;
 A2AF : FE;
 A2B0 : FE;
 A2B1 : FE;
 A2B2 : FE;
 A2B3 : FE;
 A2B4 : FE;
 A2B5 : FE;
 A2B6 : FE;
 A2B7 : FE;
 A2B8 : FE;
 A2B9 : FE;
 A2BA : FE;
 A2BB : FE;
 A2BC : FE;
 A2BD : FE;
 A2BE : FE;
 A2BF : FE;
 A2C0 : FE;
 A2C1 : FE;
 A2C2 : FE;
 A2C3 : FE;
 A2C4 : FE;
 A2C5 : FE;
 A2C6 : FE;
 A2C7 : FE;
 A2C8 : FE;
 A2C9 : FE;
 A2CA : FE;
 A2CB : FE;
 A2CC : FE;
 A2CD : FE;
 A2CE : FE;
 A2CF : FE;
 A2D0 : FE;
 A2D1 : FE;
 A2D2 : FE;
 A2D3 : FE;
 A2D4 : FE;
 A2D5 : FE;
 A2D6 : FE;
 A2D7 : FE;
 A2D8 : FE;
 A2D9 : FE;
 A2DA : FE;
 A2DB : FE;
 A2DC : FE;
 A2DD : FE;
 A2DE : FE;
 A2DF : FE;
 A2E0 : FE;
 A2E1 : FE;
 A2E2 : FE;
 A2E3 : FE;
 A2E4 : FE;
 A2E5 : FE;
 A2E6 : FE;
 A2E7 : FE;
 A2E8 : FE;
 A2E9 : FE;
 A2EA : FE;
 A2EB : FE;
 A2EC : FE;
 A2ED : FE;
 A2EE : FE;
 A2EF : FE;
 A2F0 : FE;
 A2F1 : FE;
 A2F2 : FE;
 A2F3 : FE;
 A2F4 : FE;
 A2F5 : FE;
 A2F6 : FE;
 A2F7 : FE;
 A2F8 : FE;
 A2F9 : FE;
 A2FA : FE;
 A2FB : FE;
 A2FC : FE;
 A2FD : FE;
 A2FE : FF;
 A2FF : FE;
 A300 : FE;
 A301 : FE;
 A302 : FD;
 A303 : FE;
 A304 : FD;
 A305 : FE;
 A306 : FD;
 A307 : F8;
 A308 : FB;
 A309 : FB;
 A30A : F7;
 A30B : DC;
 A30C : 81;
 A30D : BB;
 A30E : BB;
 A30F : B8;
 A310 : CC;
 A311 : B0;
 A312 : B8;
 A313 : C9;
 A314 : C0;
 A315 : 95;
 A316 : 33;
 A317 : 22;
 A318 : 35;
 A319 : 59;
 A31A : 93;
 A31B : 9E;
 A31C : 9D;
 A31D : 98;
 A31E : A9;
 A31F : 9B;
 A320 : 8B;
 A321 : 81;
 A322 : 73;
 A323 : 4C;
 A324 : 27;
 A325 : 25;
 A326 : 37;
 A327 : 33;
 A328 : 54;
 A329 : A0;
 A32A : C9;
 A32B : B3;
 A32C : B0;
 A32D : C0;
 A32E : B4;
 A32F : C2;
 A330 : CA;
 A331 : AF;
 A332 : 5A;
 A333 : F7;
 A334 : FC;
 A335 : F4;
 A336 : F3;
 A337 : FE;
 A338 : FE;
 A339 : FE;
 A33A : FE;
 A33B : FD;
 A33C : FB;
 A33D : FC;
 A33E : FE;
 A33F : FE;
 A340 : FE;
 A341 : FE;
 A342 : FE;
 A343 : FE;
 A344 : FE;
 A345 : FE;
 A346 : FE;
 A347 : FE;
 A348 : FE;
 A349 : FE;
 A34A : FE;
 A34B : FE;
 A34C : FE;
 A34D : FE;
 A34E : FE;
 A34F : FE;
 A350 : FE;
 A351 : FE;
 A352 : FE;
 A353 : FE;
 A354 : FE;
 A355 : FE;
 A356 : FE;
 A357 : FE;
 A358 : FE;
 A359 : FE;
 A35A : FE;
 A35B : FE;
 A35C : FE;
 A35D : FE;
 A35E : FE;
 A35F : FE;
 A360 : FE;
 A361 : FE;
 A362 : FE;
 A363 : FE;
 A364 : FE;
 A365 : FE;
 A366 : FE;
 A367 : FE;
 A368 : FE;
 A369 : FE;
 A36A : FE;
 A36B : FE;
 A36C : FE;
 A36D : FE;
 A36E : FE;
 A36F : FE;
 A370 : FE;
 A371 : FE;
 A372 : FE;
 A373 : FE;
 A374 : FE;
 A375 : FE;
 A376 : FE;
 A377 : FE;
 A378 : FE;
 A379 : FE;
 A37A : FE;
 A37B : FE;
 A37C : FE;
 A37D : FE;
 A37E : FE;
 A37F : FE;
 A380 : FE;
 A381 : FE;
 A382 : FE;
 A383 : FE;
 A384 : FE;
 A385 : FE;
 A386 : FE;
 A387 : FE;
 A388 : FE;
 A389 : FE;
 A38A : FE;
 A38B : FE;
 A38C : FE;
 A38D : FE;
 A38E : FE;
 A38F : FE;
 A390 : FE;
 A391 : FE;
 A392 : FE;
 A393 : FE;
 A394 : FE;
 A395 : FE;
 A396 : FE;
 A397 : FE;
 A398 : FE;
 A399 : FE;
 A39A : FE;
 A39B : FE;
 A39C : FE;
 A39D : FE;
 A39E : FE;
 A39F : FE;
 A3A0 : FE;
 A3A1 : FE;
 A3A2 : FE;
 A3A3 : FE;
 A3A4 : FE;
 A3A5 : FE;
 A3A6 : FE;
 A3A7 : FE;
 A3A8 : FE;
 A3A9 : FE;
 A3AA : FE;
 A3AB : FE;
 A3AC : FE;
 A3AD : FE;
 A3AE : FE;
 A3AF : FE;
 A3B0 : FE;
 A3B1 : FE;
 A3B2 : FE;
 A3B3 : FE;
 A3B4 : FE;
 A3B5 : FE;
 A3B6 : FE;
 A3B7 : FE;
 A3B8 : FE;
 A3B9 : FE;
 A3BA : FE;
 A3BB : FE;
 A3BC : FE;
 A3BD : FE;
 A3BE : FE;
 A3BF : FE;
 A3C0 : FE;
 A3C1 : FE;
 A3C2 : FE;
 A3C3 : FE;
 A3C4 : FE;
 A3C5 : FE;
 A3C6 : FE;
 A3C7 : FE;
 A3C8 : FE;
 A3C9 : FE;
 A3CA : FE;
 A3CB : FE;
 A3CC : FE;
 A3CD : FE;
 A3CE : FE;
 A3CF : FE;
 A3D0 : FE;
 A3D1 : FE;
 A3D2 : FE;
 A3D3 : FE;
 A3D4 : FE;
 A3D5 : FE;
 A3D6 : FE;
 A3D7 : FE;
 A3D8 : FE;
 A3D9 : FE;
 A3DA : FE;
 A3DB : FE;
 A3DC : FE;
 A3DD : FE;
 A3DE : FE;
 A3DF : FE;
 A3E0 : FE;
 A3E1 : FE;
 A3E2 : FE;
 A3E3 : FE;
 A3E4 : FE;
 A3E5 : FE;
 A3E6 : FE;
 A3E7 : FE;
 A3E8 : FE;
 A3E9 : FE;
 A3EA : FE;
 A3EB : FE;
 A3EC : FE;
 A3ED : FE;
 A3EE : FE;
 A3EF : FE;
 A3F0 : FE;
 A3F1 : FE;
 A3F2 : FE;
 A3F3 : FE;
 A3F4 : FE;
 A3F5 : FE;
 A3F6 : FE;
 A3F7 : FE;
 A3F8 : FE;
 A3F9 : FE;
 A3FA : FE;
 A3FB : FE;
 A3FC : FE;
 A3FD : FE;
 A3FE : FE;
 A3FF : FE;
 A400 : FE;
 A401 : FE;
 A402 : FE;
 A403 : FE;
 A404 : FE;
 A405 : FE;
 A406 : FE;
 A407 : FE;
 A408 : FE;
 A409 : FE;
 A40A : FE;
 A40B : FE;
 A40C : FE;
 A40D : FE;
 A40E : FE;
 A40F : FE;
 A410 : FE;
 A411 : FE;
 A412 : FE;
 A413 : FE;
 A414 : FE;
 A415 : FE;
 A416 : FE;
 A417 : FE;
 A418 : FE;
 A419 : FE;
 A41A : FE;
 A41B : FE;
 A41C : FE;
 A41D : FE;
 A41E : FE;
 A41F : FE;
 A420 : FE;
 A421 : FE;
 A422 : FE;
 A423 : FE;
 A424 : FE;
 A425 : FE;
 A426 : FE;
 A427 : FE;
 A428 : FE;
 A429 : FE;
 A42A : FE;
 A42B : FE;
 A42C : FE;
 A42D : FE;
 A42E : FE;
 A42F : FE;
 A430 : FE;
 A431 : FE;
 A432 : FE;
 A433 : FE;
 A434 : FE;
 A435 : FE;
 A436 : FE;
 A437 : FE;
 A438 : FE;
 A439 : FE;
 A43A : FE;
 A43B : FE;
 A43C : FE;
 A43D : FE;
 A43E : FE;
 A43F : FE;
 A440 : FE;
 A441 : FE;
 A442 : FE;
 A443 : FE;
 A444 : FE;
 A445 : FE;
 A446 : FE;
 A447 : FC;
 A448 : FF;
 A449 : FE;
 A44A : FE;
 A44B : E5;
 A44C : 87;
 A44D : C2;
 A44E : C1;
 A44F : C3;
 A450 : B5;
 A451 : C4;
 A452 : C0;
 A453 : C9;
 A454 : B3;
 A455 : 53;
 A456 : 28;
 A457 : 40;
 A458 : 63;
 A459 : 77;
 A45A : 8D;
 A45B : 93;
 A45C : 99;
 A45D : A0;
 A45E : 98;
 A45F : 9B;
 A460 : 94;
 A461 : 7F;
 A462 : 6E;
 A463 : 56;
 A464 : 2D;
 A465 : 20;
 A466 : 38;
 A467 : 35;
 A468 : 42;
 A469 : 78;
 A46A : AD;
 A46B : B5;
 A46C : B6;
 A46D : BF;
 A46E : BB;
 A46F : BB;
 A470 : C8;
 A471 : AD;
 A472 : 5B;
 A473 : FE;
 A474 : FD;
 A475 : FA;
 A476 : FE;
 A477 : FA;
 A478 : FC;
 A479 : FE;
 A47A : FE;
 A47B : FE;
 A47C : FF;
 A47D : FB;
 A47E : F9;
 A47F : FD;
 A480 : FE;
 A481 : FE;
 A482 : FE;
 A483 : FE;
 A484 : FE;
 A485 : FE;
 A486 : FE;
 A487 : FE;
 A488 : FE;
 A489 : FE;
 A48A : FE;
 A48B : FE;
 A48C : FE;
 A48D : FE;
 A48E : FE;
 A48F : FE;
 A490 : FE;
 A491 : FE;
 A492 : FE;
 A493 : FE;
 A494 : FE;
 A495 : FE;
 A496 : FE;
 A497 : FE;
 A498 : FE;
 A499 : FE;
 A49A : FE;
 A49B : FE;
 A49C : FE;
 A49D : FE;
 A49E : FE;
 A49F : FE;
 A4A0 : FE;
 A4A1 : FE;
 A4A2 : FE;
 A4A3 : FE;
 A4A4 : FE;
 A4A5 : FE;
 A4A6 : FE;
 A4A7 : FE;
 A4A8 : FE;
 A4A9 : FE;
 A4AA : FE;
 A4AB : FE;
 A4AC : FE;
 A4AD : FE;
 A4AE : FE;
 A4AF : FE;
 A4B0 : FE;
 A4B1 : FE;
 A4B2 : FE;
 A4B3 : FE;
 A4B4 : FE;
 A4B5 : FE;
 A4B6 : FE;
 A4B7 : FE;
 A4B8 : FE;
 A4B9 : FE;
 A4BA : FE;
 A4BB : FE;
 A4BC : FE;
 A4BD : FE;
 A4BE : FE;
 A4BF : FE;
 A4C0 : FE;
 A4C1 : FE;
 A4C2 : FE;
 A4C3 : FE;
 A4C4 : FE;
 A4C5 : FE;
 A4C6 : FE;
 A4C7 : FE;
 A4C8 : FE;
 A4C9 : FE;
 A4CA : FE;
 A4CB : FE;
 A4CC : FE;
 A4CD : FE;
 A4CE : FE;
 A4CF : FE;
 A4D0 : FE;
 A4D1 : FE;
 A4D2 : FE;
 A4D3 : FE;
 A4D4 : FE;
 A4D5 : FE;
 A4D6 : FE;
 A4D7 : FE;
 A4D8 : FE;
 A4D9 : FE;
 A4DA : FE;
 A4DB : FE;
 A4DC : FE;
 A4DD : FE;
 A4DE : FE;
 A4DF : FE;
 A4E0 : FE;
 A4E1 : FE;
 A4E2 : FE;
 A4E3 : FE;
 A4E4 : FE;
 A4E5 : FE;
 A4E6 : FE;
 A4E7 : FE;
 A4E8 : FE;
 A4E9 : FE;
 A4EA : FE;
 A4EB : FE;
 A4EC : FE;
 A4ED : FE;
 A4EE : FE;
 A4EF : FE;
 A4F0 : FE;
 A4F1 : FE;
 A4F2 : FE;
 A4F3 : FE;
 A4F4 : FE;
 A4F5 : FE;
 A4F6 : FE;
 A4F7 : FE;
 A4F8 : FE;
 A4F9 : FE;
 A4FA : FE;
 A4FB : FE;
 A4FC : FE;
 A4FD : FE;
 A4FE : FE;
 A4FF : FE;
 A500 : FE;
 A501 : FE;
 A502 : FE;
 A503 : FE;
 A504 : FE;
 A505 : FE;
 A506 : FE;
 A507 : FE;
 A508 : FE;
 A509 : FE;
 A50A : FE;
 A50B : FE;
 A50C : FE;
 A50D : FE;
 A50E : FE;
 A50F : FE;
 A510 : FE;
 A511 : FE;
 A512 : FE;
 A513 : FE;
 A514 : FE;
 A515 : FE;
 A516 : FE;
 A517 : FE;
 A518 : FE;
 A519 : FE;
 A51A : FE;
 A51B : FE;
 A51C : FE;
 A51D : FE;
 A51E : FE;
 A51F : FE;
 A520 : FE;
 A521 : FE;
 A522 : FE;
 A523 : FE;
 A524 : FE;
 A525 : FE;
 A526 : FE;
 A527 : FE;
 A528 : FE;
 A529 : FE;
 A52A : FE;
 A52B : FE;
 A52C : FE;
 A52D : FE;
 A52E : FE;
 A52F : FE;
 A530 : FE;
 A531 : FE;
 A532 : FE;
 A533 : FE;
 A534 : FE;
 A535 : FE;
 A536 : FE;
 A537 : FE;
 A538 : FE;
 A539 : FE;
 A53A : FE;
 A53B : FE;
 A53C : FE;
 A53D : FE;
 A53E : FE;
 A53F : FE;
 A540 : FE;
 A541 : FE;
 A542 : FE;
 A543 : FE;
 A544 : FE;
 A545 : FE;
 A546 : FE;
 A547 : FE;
 A548 : FE;
 A549 : FE;
 A54A : FE;
 A54B : FE;
 A54C : FE;
 A54D : FE;
 A54E : FE;
 A54F : FE;
 A550 : FE;
 A551 : FE;
 A552 : FE;
 A553 : FE;
 A554 : FE;
 A555 : FE;
 A556 : FE;
 A557 : FE;
 A558 : FE;
 A559 : FE;
 A55A : FE;
 A55B : FE;
 A55C : FE;
 A55D : FE;
 A55E : FE;
 A55F : FE;
 A560 : FE;
 A561 : FE;
 A562 : FE;
 A563 : FE;
 A564 : FE;
 A565 : FE;
 A566 : FE;
 A567 : FE;
 A568 : FE;
 A569 : FE;
 A56A : FE;
 A56B : FE;
 A56C : FE;
 A56D : FE;
 A56E : FE;
 A56F : FE;
 A570 : FE;
 A571 : FE;
 A572 : FE;
 A573 : FE;
 A574 : FE;
 A575 : FE;
 A576 : FE;
 A577 : FE;
 A578 : FE;
 A579 : FE;
 A57A : FE;
 A57B : FE;
 A57C : FE;
 A57D : FE;
 A57E : FE;
 A57F : FE;
 A580 : FD;
 A581 : FE;
 A582 : FE;
 A583 : FE;
 A584 : FE;
 A585 : FE;
 A586 : FE;
 A587 : FD;
 A588 : FD;
 A589 : FC;
 A58A : F6;
 A58B : DE;
 A58C : 8A;
 A58D : CA;
 A58E : CF;
 A58F : C7;
 A590 : AE;
 A591 : C9;
 A592 : D0;
 A593 : BA;
 A594 : 7A;
 A595 : 2D;
 A596 : 39;
 A597 : 73;
 A598 : 88;
 A599 : 88;
 A59A : 90;
 A59B : 97;
 A59C : 91;
 A59D : 9E;
 A59E : 8A;
 A59F : 94;
 A5A0 : 99;
 A5A1 : 7D;
 A5A2 : 5C;
 A5A3 : 52;
 A5A4 : 39;
 A5A5 : 2A;
 A5A6 : 3D;
 A5A7 : 36;
 A5A8 : 3E;
 A5A9 : 4C;
 A5AA : 7C;
 A5AB : B7;
 A5AC : C3;
 A5AD : B8;
 A5AE : BE;
 A5AF : BD;
 A5B0 : C2;
 A5B1 : A3;
 A5B2 : 56;
 A5B3 : FD;
 A5B4 : F9;
 A5B5 : EB;
 A5B6 : FB;
 A5B7 : FB;
 A5B8 : FA;
 A5B9 : F8;
 A5BA : FA;
 A5BB : FE;
 A5BC : FF;
 A5BD : FE;
 A5BE : FD;
 A5BF : FD;
 A5C0 : FE;
 A5C1 : FE;
 A5C2 : FE;
 A5C3 : FE;
 A5C4 : FE;
 A5C5 : FE;
 A5C6 : FE;
 A5C7 : FE;
 A5C8 : FE;
 A5C9 : FE;
 A5CA : FE;
 A5CB : FE;
 A5CC : FE;
 A5CD : FE;
 A5CE : FE;
 A5CF : FE;
 A5D0 : FE;
 A5D1 : FE;
 A5D2 : FE;
 A5D3 : FE;
 A5D4 : FE;
 A5D5 : FE;
 A5D6 : FE;
 A5D7 : FE;
 A5D8 : FE;
 A5D9 : FE;
 A5DA : FE;
 A5DB : FE;
 A5DC : FE;
 A5DD : FE;
 A5DE : FE;
 A5DF : FE;
 A5E0 : FE;
 A5E1 : FE;
 A5E2 : FE;
 A5E3 : FE;
 A5E4 : FE;
 A5E5 : FE;
 A5E6 : FE;
 A5E7 : FE;
 A5E8 : FE;
 A5E9 : FE;
 A5EA : FE;
 A5EB : FE;
 A5EC : FE;
 A5ED : FE;
 A5EE : FE;
 A5EF : FE;
 A5F0 : FE;
 A5F1 : FE;
 A5F2 : FE;
 A5F3 : FE;
 A5F4 : FE;
 A5F5 : FE;
 A5F6 : FE;
 A5F7 : FE;
 A5F8 : FE;
 A5F9 : FE;
 A5FA : FE;
 A5FB : FE;
 A5FC : FE;
 A5FD : FE;
 A5FE : FE;
 A5FF : FE;
 A600 : FE;
 A601 : FE;
 A602 : FE;
 A603 : FE;
 A604 : FE;
 A605 : FE;
 A606 : FE;
 A607 : FE;
 A608 : FE;
 A609 : FE;
 A60A : FE;
 A60B : FE;
 A60C : FE;
 A60D : FE;
 A60E : FE;
 A60F : FE;
 A610 : FE;
 A611 : FE;
 A612 : FE;
 A613 : FE;
 A614 : FE;
 A615 : FE;
 A616 : FE;
 A617 : FE;
 A618 : FE;
 A619 : FE;
 A61A : FE;
 A61B : FE;
 A61C : FE;
 A61D : FE;
 A61E : FE;
 A61F : FE;
 A620 : FE;
 A621 : FE;
 A622 : FE;
 A623 : FE;
 A624 : FE;
 A625 : FE;
 A626 : FE;
 A627 : FE;
 A628 : FE;
 A629 : FE;
 A62A : FE;
 A62B : FE;
 A62C : FE;
 A62D : FE;
 A62E : FE;
 A62F : FE;
 A630 : FE;
 A631 : FE;
 A632 : FE;
 A633 : FE;
 A634 : FE;
 A635 : FE;
 A636 : FE;
 A637 : FE;
 A638 : FE;
 A639 : FE;
 A63A : FE;
 A63B : FE;
 A63C : FE;
 A63D : FE;
 A63E : FE;
 A63F : FE;
 A640 : FE;
 A641 : FE;
 A642 : FE;
 A643 : FE;
 A644 : FE;
 A645 : FE;
 A646 : FE;
 A647 : FE;
 A648 : FE;
 A649 : FE;
 A64A : FE;
 A64B : FE;
 A64C : FE;
 A64D : FE;
 A64E : FE;
 A64F : FE;
 A650 : FE;
 A651 : FE;
 A652 : FE;
 A653 : FE;
 A654 : FE;
 A655 : FE;
 A656 : FE;
 A657 : FE;
 A658 : FE;
 A659 : FE;
 A65A : FE;
 A65B : FE;
 A65C : FE;
 A65D : FE;
 A65E : FE;
 A65F : FE;
 A660 : FE;
 A661 : FE;
 A662 : FE;
 A663 : FE;
 A664 : FE;
 A665 : FE;
 A666 : FE;
 A667 : FE;
 A668 : FE;
 A669 : FE;
 A66A : FE;
 A66B : FE;
 A66C : FE;
 A66D : FE;
 A66E : FE;
 A66F : FE;
 A670 : FE;
 A671 : FE;
 A672 : FE;
 A673 : FE;
 A674 : FE;
 A675 : FE;
 A676 : FE;
 A677 : FE;
 A678 : FE;
 A679 : FE;
 A67A : FE;
 A67B : FE;
 A67C : FE;
 A67D : FE;
 A67E : FE;
 A67F : FE;
 A680 : FE;
 A681 : FE;
 A682 : FE;
 A683 : FE;
 A684 : FE;
 A685 : FE;
 A686 : FE;
 A687 : FE;
 A688 : FE;
 A689 : FE;
 A68A : FE;
 A68B : FE;
 A68C : FE;
 A68D : FE;
 A68E : FE;
 A68F : FE;
 A690 : FE;
 A691 : FE;
 A692 : FE;
 A693 : FE;
 A694 : FE;
 A695 : FE;
 A696 : FE;
 A697 : FE;
 A698 : FE;
 A699 : FE;
 A69A : FE;
 A69B : FE;
 A69C : FE;
 A69D : FE;
 A69E : FE;
 A69F : FE;
 A6A0 : FE;
 A6A1 : FE;
 A6A2 : FE;
 A6A3 : FE;
 A6A4 : FE;
 A6A5 : FE;
 A6A6 : FE;
 A6A7 : FE;
 A6A8 : FE;
 A6A9 : FE;
 A6AA : FE;
 A6AB : FE;
 A6AC : FE;
 A6AD : FE;
 A6AE : FE;
 A6AF : FE;
 A6B0 : FE;
 A6B1 : FE;
 A6B2 : FE;
 A6B3 : FE;
 A6B4 : FE;
 A6B5 : FE;
 A6B6 : FE;
 A6B7 : FE;
 A6B8 : FE;
 A6B9 : FE;
 A6BA : FE;
 A6BB : FE;
 A6BC : FE;
 A6BD : FE;
 A6BE : FE;
 A6BF : FE;
 A6C0 : FD;
 A6C1 : FE;
 A6C2 : FE;
 A6C3 : FD;
 A6C4 : FC;
 A6C5 : FB;
 A6C6 : FB;
 A6C7 : F8;
 A6C8 : FA;
 A6C9 : FD;
 A6CA : FC;
 A6CB : E6;
 A6CC : 89;
 A6CD : BE;
 A6CE : B8;
 A6CF : BF;
 A6D0 : C3;
 A6D1 : BA;
 A6D2 : CE;
 A6D3 : 94;
 A6D4 : 36;
 A6D5 : 36;
 A6D6 : 43;
 A6D7 : 71;
 A6D8 : 75;
 A6D9 : 73;
 A6DA : 94;
 A6DB : A6;
 A6DC : 83;
 A6DD : 97;
 A6DE : 8C;
 A6DF : 89;
 A6E0 : 91;
 A6E1 : 74;
 A6E2 : 50;
 A6E3 : 4B;
 A6E4 : 44;
 A6E5 : 3C;
 A6E6 : 43;
 A6E7 : 2B;
 A6E8 : 36;
 A6E9 : 2F;
 A6EA : 52;
 A6EB : A0;
 A6EC : BF;
 A6ED : B2;
 A6EE : B8;
 A6EF : C1;
 A6F0 : BD;
 A6F1 : A2;
 A6F2 : 5B;
 A6F3 : FE;
 A6F4 : FE;
 A6F5 : F8;
 A6F6 : F5;
 A6F7 : FE;
 A6F8 : FD;
 A6F9 : FD;
 A6FA : FB;
 A6FB : FC;
 A6FC : FE;
 A6FD : FE;
 A6FE : FE;
 A6FF : FD;
 A700 : FE;
 A701 : FE;
 A702 : FE;
 A703 : FE;
 A704 : FE;
 A705 : FE;
 A706 : FE;
 A707 : FE;
 A708 : FE;
 A709 : FE;
 A70A : FE;
 A70B : FE;
 A70C : FE;
 A70D : FE;
 A70E : FE;
 A70F : FE;
 A710 : FE;
 A711 : FE;
 A712 : FE;
 A713 : FE;
 A714 : FE;
 A715 : FE;
 A716 : FE;
 A717 : FE;
 A718 : FE;
 A719 : FE;
 A71A : FE;
 A71B : FE;
 A71C : FE;
 A71D : FE;
 A71E : FE;
 A71F : FE;
 A720 : FE;
 A721 : FE;
 A722 : FE;
 A723 : FE;
 A724 : FE;
 A725 : FE;
 A726 : FE;
 A727 : FE;
 A728 : FE;
 A729 : FE;
 A72A : FE;
 A72B : FE;
 A72C : FE;
 A72D : FE;
 A72E : FE;
 A72F : FE;
 A730 : FE;
 A731 : FE;
 A732 : FE;
 A733 : FE;
 A734 : FE;
 A735 : FE;
 A736 : FE;
 A737 : FE;
 A738 : FE;
 A739 : FE;
 A73A : FE;
 A73B : FE;
 A73C : FE;
 A73D : FE;
 A73E : FE;
 A73F : FE;
 A740 : FE;
 A741 : FE;
 A742 : FE;
 A743 : FE;
 A744 : FE;
 A745 : FE;
 A746 : FE;
 A747 : FE;
 A748 : FE;
 A749 : FE;
 A74A : FE;
 A74B : FE;
 A74C : FE;
 A74D : FE;
 A74E : FE;
 A74F : FE;
 A750 : FE;
 A751 : FE;
 A752 : FE;
 A753 : FE;
 A754 : FE;
 A755 : FE;
 A756 : FE;
 A757 : FE;
 A758 : FE;
 A759 : FE;
 A75A : FE;
 A75B : FE;
 A75C : FE;
 A75D : FE;
 A75E : FE;
 A75F : FE;
 A760 : FE;
 A761 : FE;
 A762 : FE;
 A763 : FE;
 A764 : FE;
 A765 : FE;
 A766 : FE;
 A767 : FE;
 A768 : FE;
 A769 : FE;
 A76A : FE;
 A76B : FE;
 A76C : FE;
 A76D : FE;
 A76E : FE;
 A76F : FE;
 A770 : FE;
 A771 : FE;
 A772 : FE;
 A773 : FE;
 A774 : FE;
 A775 : FE;
 A776 : FE;
 A777 : FE;
 A778 : FE;
 A779 : FE;
 A77A : FE;
 A77B : FE;
 A77C : FE;
 A77D : FE;
 A77E : FE;
 A77F : FE;
 A780 : FE;
 A781 : FE;
 A782 : FE;
 A783 : FE;
 A784 : FE;
 A785 : FE;
 A786 : FE;
 A787 : FE;
 A788 : FE;
 A789 : FE;
 A78A : FE;
 A78B : FE;
 A78C : FE;
 A78D : FE;
 A78E : FE;
 A78F : FE;
 A790 : FE;
 A791 : FE;
 A792 : FE;
 A793 : FE;
 A794 : FE;
 A795 : FE;
 A796 : FE;
 A797 : FE;
 A798 : FE;
 A799 : FE;
 A79A : FE;
 A79B : FE;
 A79C : FE;
 A79D : FE;
 A79E : FE;
 A79F : FE;
 A7A0 : FE;
 A7A1 : FE;
 A7A2 : FE;
 A7A3 : FE;
 A7A4 : FE;
 A7A5 : FE;
 A7A6 : FE;
 A7A7 : FE;
 A7A8 : FE;
 A7A9 : FE;
 A7AA : FE;
 A7AB : FE;
 A7AC : FE;
 A7AD : FE;
 A7AE : FE;
 A7AF : FE;
 A7B0 : FE;
 A7B1 : FE;
 A7B2 : FE;
 A7B3 : FE;
 A7B4 : FE;
 A7B5 : FE;
 A7B6 : FE;
 A7B7 : FE;
 A7B8 : FE;
 A7B9 : FE;
 A7BA : FE;
 A7BB : FE;
 A7BC : FE;
 A7BD : FE;
 A7BE : FE;
 A7BF : FE;
 A7C0 : FE;
 A7C1 : FE;
 A7C2 : FE;
 A7C3 : FE;
 A7C4 : FE;
 A7C5 : FE;
 A7C6 : FE;
 A7C7 : FE;
 A7C8 : FE;
 A7C9 : FE;
 A7CA : FE;
 A7CB : FE;
 A7CC : FE;
 A7CD : FE;
 A7CE : FE;
 A7CF : FE;
 A7D0 : FE;
 A7D1 : FE;
 A7D2 : FE;
 A7D3 : FE;
 A7D4 : FE;
 A7D5 : FE;
 A7D6 : FE;
 A7D7 : FE;
 A7D8 : FE;
 A7D9 : FE;
 A7DA : FE;
 A7DB : FE;
 A7DC : FE;
 A7DD : FE;
 A7DE : FE;
 A7DF : FE;
 A7E0 : FE;
 A7E1 : FE;
 A7E2 : FE;
 A7E3 : FE;
 A7E4 : FE;
 A7E5 : FE;
 A7E6 : FE;
 A7E7 : FE;
 A7E8 : FE;
 A7E9 : FE;
 A7EA : FE;
 A7EB : FE;
 A7EC : FE;
 A7ED : FE;
 A7EE : FE;
 A7EF : FE;
 A7F0 : FE;
 A7F1 : FE;
 A7F2 : FE;
 A7F3 : FE;
 A7F4 : FE;
 A7F5 : FE;
 A7F6 : FE;
 A7F7 : FE;
 A7F8 : FE;
 A7F9 : FE;
 A7FA : FE;
 A7FB : FE;
 A7FC : FE;
 A7FD : FE;
 A7FE : FE;
 A7FF : FE;
 A800 : FE;
 A801 : FE;
 A802 : FD;
 A803 : FC;
 A804 : FA;
 A805 : F9;
 A806 : F8;
 A807 : FC;
 A808 : FA;
 A809 : F9;
 A80A : FA;
 A80B : E7;
 A80C : 8B;
 A80D : BD;
 A80E : B5;
 A80F : BE;
 A810 : CC;
 A811 : BB;
 A812 : A6;
 A813 : 57;
 A814 : 23;
 A815 : 42;
 A816 : 40;
 A817 : 4A;
 A818 : 5B;
 A819 : 66;
 A81A : 8A;
 A81B : 9E;
 A81C : 72;
 A81D : 92;
 A81E : 88;
 A81F : 81;
 A820 : 82;
 A821 : 6A;
 A822 : 50;
 A823 : 4A;
 A824 : 46;
 A825 : 40;
 A826 : 41;
 A827 : 25;
 A828 : 2F;
 A829 : 2E;
 A82A : 3A;
 A82B : 6A;
 A82C : A1;
 A82D : B5;
 A82E : B3;
 A82F : B4;
 A830 : B6;
 A831 : A6;
 A832 : 4F;
 A833 : DB;
 A834 : E7;
 A835 : F5;
 A836 : FC;
 A837 : EB;
 A838 : F5;
 A839 : FD;
 A83A : FE;
 A83B : FC;
 A83C : FB;
 A83D : FB;
 A83E : FD;
 A83F : FE;
 A840 : FE;
 A841 : FE;
 A842 : FE;
 A843 : FE;
 A844 : FE;
 A845 : FE;
 A846 : FE;
 A847 : FE;
 A848 : FE;
 A849 : FE;
 A84A : FE;
 A84B : FE;
 A84C : FE;
 A84D : FE;
 A84E : FE;
 A84F : FE;
 A850 : FE;
 A851 : FE;
 A852 : FE;
 A853 : FE;
 A854 : FE;
 A855 : FE;
 A856 : FE;
 A857 : FE;
 A858 : FE;
 A859 : FE;
 A85A : FE;
 A85B : FE;
 A85C : FE;
 A85D : FE;
 A85E : FE;
 A85F : FE;
 A860 : FE;
 A861 : FE;
 A862 : FE;
 A863 : FE;
 A864 : FE;
 A865 : FE;
 A866 : FE;
 A867 : FE;
 A868 : FE;
 A869 : FE;
 A86A : FE;
 A86B : FE;
 A86C : FE;
 A86D : FE;
 A86E : FE;
 A86F : FE;
 A870 : FE;
 A871 : FE;
 A872 : FE;
 A873 : FE;
 A874 : FE;
 A875 : FE;
 A876 : FE;
 A877 : FE;
 A878 : FE;
 A879 : FE;
 A87A : FE;
 A87B : FE;
 A87C : FE;
 A87D : FE;
 A87E : FE;
 A87F : FE;
 A880 : FE;
 A881 : FE;
 A882 : FE;
 A883 : FE;
 A884 : FE;
 A885 : FE;
 A886 : FE;
 A887 : FE;
 A888 : FE;
 A889 : FE;
 A88A : FE;
 A88B : FE;
 A88C : FE;
 A88D : FE;
 A88E : FE;
 A88F : FE;
 A890 : FE;
 A891 : FE;
 A892 : FE;
 A893 : FE;
 A894 : FE;
 A895 : FE;
 A896 : FE;
 A897 : FE;
 A898 : FE;
 A899 : FE;
 A89A : FE;
 A89B : FE;
 A89C : FE;
 A89D : FE;
 A89E : FE;
 A89F : FE;
 A8A0 : FE;
 A8A1 : FE;
 A8A2 : FE;
 A8A3 : FE;
 A8A4 : FE;
 A8A5 : FE;
 A8A6 : FE;
 A8A7 : FE;
 A8A8 : FE;
 A8A9 : FE;
 A8AA : FE;
 A8AB : FE;
 A8AC : FE;
 A8AD : FE;
 A8AE : FE;
 A8AF : FE;
 A8B0 : FE;
 A8B1 : FE;
 A8B2 : FE;
 A8B3 : FE;
 A8B4 : FE;
 A8B5 : FE;
 A8B6 : FE;
 A8B7 : FE;
 A8B8 : FE;
 A8B9 : FE;
 A8BA : FE;
 A8BB : FE;
 A8BC : FE;
 A8BD : FE;
 A8BE : FE;
 A8BF : FE;
 A8C0 : FE;
 A8C1 : FE;
 A8C2 : FE;
 A8C3 : FE;
 A8C4 : FE;
 A8C5 : FE;
 A8C6 : FE;
 A8C7 : FE;
 A8C8 : FE;
 A8C9 : FE;
 A8CA : FE;
 A8CB : FE;
 A8CC : FE;
 A8CD : FE;
 A8CE : FE;
 A8CF : FE;
 A8D0 : FE;
 A8D1 : FE;
 A8D2 : FE;
 A8D3 : FE;
 A8D4 : FE;
 A8D5 : FE;
 A8D6 : FE;
 A8D7 : FE;
 A8D8 : FE;
 A8D9 : FE;
 A8DA : FE;
 A8DB : FE;
 A8DC : FE;
 A8DD : FE;
 A8DE : FE;
 A8DF : FE;
 A8E0 : FE;
 A8E1 : FE;
 A8E2 : FE;
 A8E3 : FE;
 A8E4 : FE;
 A8E5 : FE;
 A8E6 : FE;
 A8E7 : FE;
 A8E8 : FE;
 A8E9 : FE;
 A8EA : FE;
 A8EB : FE;
 A8EC : FE;
 A8ED : FE;
 A8EE : FE;
 A8EF : FE;
 A8F0 : FE;
 A8F1 : FE;
 A8F2 : FE;
 A8F3 : FE;
 A8F4 : FE;
 A8F5 : FE;
 A8F6 : FE;
 A8F7 : FE;
 A8F8 : FE;
 A8F9 : FE;
 A8FA : FE;
 A8FB : FE;
 A8FC : FE;
 A8FD : FE;
 A8FE : FE;
 A8FF : FE;
 A900 : FE;
 A901 : FE;
 A902 : FE;
 A903 : FE;
 A904 : FE;
 A905 : FE;
 A906 : FE;
 A907 : FE;
 A908 : FE;
 A909 : FE;
 A90A : FE;
 A90B : FE;
 A90C : FE;
 A90D : FE;
 A90E : FE;
 A90F : FE;
 A910 : FE;
 A911 : FE;
 A912 : FE;
 A913 : FE;
 A914 : FE;
 A915 : FE;
 A916 : FE;
 A917 : FE;
 A918 : FE;
 A919 : FE;
 A91A : FE;
 A91B : FE;
 A91C : FE;
 A91D : FE;
 A91E : FE;
 A91F : FE;
 A920 : FE;
 A921 : FE;
 A922 : FE;
 A923 : FE;
 A924 : FE;
 A925 : FE;
 A926 : FE;
 A927 : FE;
 A928 : FE;
 A929 : FE;
 A92A : FE;
 A92B : FE;
 A92C : FE;
 A92D : FE;
 A92E : FE;
 A92F : FE;
 A930 : FE;
 A931 : FE;
 A932 : FE;
 A933 : FE;
 A934 : FE;
 A935 : FE;
 A936 : FE;
 A937 : FE;
 A938 : FE;
 A939 : FE;
 A93A : FE;
 A93B : FE;
 A93C : FE;
 A93D : FE;
 A93E : FE;
 A93F : FE;
 A940 : FE;
 A941 : FE;
 A942 : FC;
 A943 : FA;
 A944 : F8;
 A945 : F6;
 A946 : F5;
 A947 : EE;
 A948 : DE;
 A949 : C8;
 A94A : BF;
 A94B : B5;
 A94C : 71;
 A94D : BC;
 A94E : C5;
 A94F : C5;
 A950 : C1;
 A951 : CF;
 A952 : 77;
 A953 : 23;
 A954 : 36;
 A955 : 3E;
 A956 : 3B;
 A957 : 38;
 A958 : 66;
 A959 : 75;
 A95A : 80;
 A95B : 8A;
 A95C : 68;
 A95D : 8E;
 A95E : 73;
 A95F : 80;
 A960 : 76;
 A961 : 66;
 A962 : 58;
 A963 : 4C;
 A964 : 42;
 A965 : 3C;
 A966 : 3A;
 A967 : 2D;
 A968 : 2E;
 A969 : 38;
 A96A : 30;
 A96B : 38;
 A96C : 80;
 A96D : BB;
 A96E : B3;
 A96F : B5;
 A970 : BA;
 A971 : A2;
 A972 : 19;
 A973 : 61;
 A974 : 56;
 A975 : 7B;
 A976 : 93;
 A977 : A4;
 A978 : C2;
 A979 : E6;
 A97A : FC;
 A97B : FF;
 A97C : FA;
 A97D : FB;
 A97E : FF;
 A97F : FE;
 A980 : FE;
 A981 : FE;
 A982 : FE;
 A983 : FE;
 A984 : FE;
 A985 : FE;
 A986 : FE;
 A987 : FE;
 A988 : FE;
 A989 : FE;
 A98A : FE;
 A98B : FE;
 A98C : FE;
 A98D : FE;
 A98E : FE;
 A98F : FE;
 A990 : FE;
 A991 : FE;
 A992 : FE;
 A993 : FE;
 A994 : FE;
 A995 : FE;
 A996 : FE;
 A997 : FE;
 A998 : FE;
 A999 : FE;
 A99A : FE;
 A99B : FE;
 A99C : FE;
 A99D : FE;
 A99E : FE;
 A99F : FE;
 A9A0 : FE;
 A9A1 : FE;
 A9A2 : FE;
 A9A3 : FE;
 A9A4 : FE;
 A9A5 : FE;
 A9A6 : FE;
 A9A7 : FE;
 A9A8 : FE;
 A9A9 : FE;
 A9AA : FE;
 A9AB : FE;
 A9AC : FE;
 A9AD : FE;
 A9AE : FE;
 A9AF : FE;
 A9B0 : FE;
 A9B1 : FE;
 A9B2 : FE;
 A9B3 : FE;
 A9B4 : FE;
 A9B5 : FE;
 A9B6 : FE;
 A9B7 : FE;
 A9B8 : FE;
 A9B9 : FE;
 A9BA : FE;
 A9BB : FE;
 A9BC : FE;
 A9BD : FE;
 A9BE : FE;
 A9BF : FE;
 A9C0 : FE;
 A9C1 : FE;
 A9C2 : FE;
 A9C3 : FE;
 A9C4 : FE;
 A9C5 : FE;
 A9C6 : FE;
 A9C7 : FE;
 A9C8 : FE;
 A9C9 : FE;
 A9CA : FE;
 A9CB : FE;
 A9CC : FE;
 A9CD : FE;
 A9CE : FE;
 A9CF : FE;
 A9D0 : FE;
 A9D1 : FE;
 A9D2 : FE;
 A9D3 : FE;
 A9D4 : FE;
 A9D5 : FE;
 A9D6 : FE;
 A9D7 : FE;
 A9D8 : FE;
 A9D9 : FE;
 A9DA : FE;
 A9DB : FE;
 A9DC : FE;
 A9DD : FE;
 A9DE : FE;
 A9DF : FE;
 A9E0 : FE;
 A9E1 : FE;
 A9E2 : FE;
 A9E3 : FE;
 A9E4 : FE;
 A9E5 : FE;
 A9E6 : FE;
 A9E7 : FE;
 A9E8 : FE;
 A9E9 : FE;
 A9EA : FE;
 A9EB : FE;
 A9EC : FE;
 A9ED : FE;
 A9EE : FE;
 A9EF : FE;
 A9F0 : FE;
 A9F1 : FE;
 A9F2 : FE;
 A9F3 : FE;
 A9F4 : FE;
 A9F5 : FE;
 A9F6 : FE;
 A9F7 : FE;
 A9F8 : FE;
 A9F9 : FE;
 A9FA : FE;
 A9FB : FE;
 A9FC : FE;
 A9FD : FE;
 A9FE : FE;
 A9FF : FE;
 AA00 : FE;
 AA01 : FE;
 AA02 : FE;
 AA03 : FE;
 AA04 : FE;
 AA05 : FE;
 AA06 : FE;
 AA07 : FE;
 AA08 : FE;
 AA09 : FE;
 AA0A : FE;
 AA0B : FE;
 AA0C : FE;
 AA0D : FE;
 AA0E : FE;
 AA0F : FE;
 AA10 : FE;
 AA11 : FE;
 AA12 : FE;
 AA13 : FE;
 AA14 : FE;
 AA15 : FE;
 AA16 : FE;
 AA17 : FE;
 AA18 : FE;
 AA19 : FE;
 AA1A : FE;
 AA1B : FE;
 AA1C : FE;
 AA1D : FE;
 AA1E : FE;
 AA1F : FE;
 AA20 : FE;
 AA21 : FE;
 AA22 : FE;
 AA23 : FE;
 AA24 : FE;
 AA25 : FE;
 AA26 : FE;
 AA27 : FE;
 AA28 : FE;
 AA29 : FE;
 AA2A : FE;
 AA2B : FE;
 AA2C : FE;
 AA2D : FE;
 AA2E : FE;
 AA2F : FE;
 AA30 : FE;
 AA31 : FE;
 AA32 : FE;
 AA33 : FE;
 AA34 : FE;
 AA35 : FE;
 AA36 : FE;
 AA37 : FE;
 AA38 : FE;
 AA39 : FE;
 AA3A : FE;
 AA3B : FE;
 AA3C : FE;
 AA3D : FE;
 AA3E : FE;
 AA3F : FE;
 AA40 : FE;
 AA41 : FE;
 AA42 : FE;
 AA43 : FE;
 AA44 : FE;
 AA45 : FE;
 AA46 : FE;
 AA47 : FE;
 AA48 : FE;
 AA49 : FE;
 AA4A : FE;
 AA4B : FE;
 AA4C : FE;
 AA4D : FE;
 AA4E : FE;
 AA4F : FE;
 AA50 : FE;
 AA51 : FE;
 AA52 : FE;
 AA53 : FE;
 AA54 : FE;
 AA55 : FE;
 AA56 : FE;
 AA57 : FE;
 AA58 : FE;
 AA59 : FE;
 AA5A : FE;
 AA5B : FE;
 AA5C : FE;
 AA5D : FE;
 AA5E : FE;
 AA5F : FE;
 AA60 : FE;
 AA61 : FE;
 AA62 : FE;
 AA63 : FE;
 AA64 : FE;
 AA65 : FE;
 AA66 : FE;
 AA67 : FE;
 AA68 : FE;
 AA69 : FE;
 AA6A : FE;
 AA6B : FE;
 AA6C : FE;
 AA6D : FE;
 AA6E : FE;
 AA6F : FE;
 AA70 : FE;
 AA71 : FE;
 AA72 : FE;
 AA73 : FE;
 AA74 : FE;
 AA75 : FE;
 AA76 : FE;
 AA77 : FE;
 AA78 : FE;
 AA79 : FE;
 AA7A : FE;
 AA7B : FE;
 AA7C : FE;
 AA7D : FE;
 AA7E : FE;
 AA7F : F3;
 AA80 : FF;
 AA81 : F7;
 AA82 : FA;
 AA83 : FE;
 AA84 : F8;
 AA85 : CA;
 AA86 : 80;
 AA87 : 78;
 AA88 : 44;
 AA89 : 4F;
 AA8A : 40;
 AA8B : 2A;
 AA8C : 55;
 AA8D : BC;
 AA8E : C0;
 AA8F : B3;
 AA90 : D1;
 AA91 : 8C;
 AA92 : 34;
 AA93 : 35;
 AA94 : 3F;
 AA95 : 30;
 AA96 : 38;
 AA97 : 48;
 AA98 : 55;
 AA99 : 57;
 AA9A : 66;
 AA9B : 6D;
 AA9C : 5E;
 AA9D : 99;
 AA9E : 54;
 AA9F : 77;
 AAA0 : 62;
 AAA1 : 61;
 AAA2 : 42;
 AAA3 : 38;
 AAA4 : 40;
 AAA5 : 57;
 AAA6 : 10;
 AAA7 : 25;
 AAA8 : 2E;
 AAA9 : 2E;
 AAAA : 2E;
 AAAB : 35;
 AAAC : 48;
 AAAD : 7D;
 AAAE : BD;
 AAAF : BD;
 AAB0 : AC;
 AAB1 : 9F;
 AAB2 : 20;
 AAB3 : 1D;
 AAB4 : 21;
 AAB5 : 2F;
 AAB6 : 54;
 AAB7 : 4F;
 AAB8 : 4D;
 AAB9 : F2;
 AABA : FC;
 AABB : F4;
 AABC : FF;
 AABD : F5;
 AABE : FE;
 AABF : FE;
 AAC0 : FE;
 AAC1 : FE;
 AAC2 : FE;
 AAC3 : FE;
 AAC4 : FE;
 AAC5 : FE;
 AAC6 : FE;
 AAC7 : FE;
 AAC8 : FE;
 AAC9 : FE;
 AACA : FE;
 AACB : FE;
 AACC : FE;
 AACD : FE;
 AACE : FE;
 AACF : FE;
 AAD0 : FE;
 AAD1 : FE;
 AAD2 : FE;
 AAD3 : FE;
 AAD4 : FE;
 AAD5 : FE;
 AAD6 : FE;
 AAD7 : FE;
 AAD8 : FE;
 AAD9 : FE;
 AADA : FE;
 AADB : FE;
 AADC : FE;
 AADD : FE;
 AADE : FE;
 AADF : FE;
 AAE0 : FE;
 AAE1 : FE;
 AAE2 : FE;
 AAE3 : FE;
 AAE4 : FE;
 AAE5 : FE;
 AAE6 : FE;
 AAE7 : FE;
 AAE8 : FE;
 AAE9 : FE;
 AAEA : FE;
 AAEB : FE;
 AAEC : FE;
 AAED : FE;
 AAEE : FE;
 AAEF : FE;
 AAF0 : FE;
 AAF1 : FE;
 AAF2 : FE;
 AAF3 : FE;
 AAF4 : FE;
 AAF5 : FE;
 AAF6 : FE;
 AAF7 : FE;
 AAF8 : FE;
 AAF9 : FE;
 AAFA : FE;
 AAFB : FE;
 AAFC : FE;
 AAFD : FE;
 AAFE : FE;
 AAFF : FE;
 AB00 : FE;
 AB01 : FE;
 AB02 : FE;
 AB03 : FE;
 AB04 : FE;
 AB05 : FE;
 AB06 : FE;
 AB07 : FE;
 AB08 : FE;
 AB09 : FE;
 AB0A : FE;
 AB0B : FE;
 AB0C : FE;
 AB0D : FE;
 AB0E : FE;
 AB0F : FE;
 AB10 : FE;
 AB11 : FE;
 AB12 : FE;
 AB13 : FE;
 AB14 : FE;
 AB15 : FE;
 AB16 : FE;
 AB17 : FE;
 AB18 : FE;
 AB19 : FE;
 AB1A : FE;
 AB1B : FE;
 AB1C : FE;
 AB1D : FE;
 AB1E : FE;
 AB1F : FE;
 AB20 : FE;
 AB21 : FE;
 AB22 : FE;
 AB23 : FE;
 AB24 : FE;
 AB25 : FE;
 AB26 : FE;
 AB27 : FE;
 AB28 : FE;
 AB29 : FE;
 AB2A : FE;
 AB2B : FE;
 AB2C : FE;
 AB2D : FE;
 AB2E : FE;
 AB2F : FE;
 AB30 : FE;
 AB31 : FE;
 AB32 : FE;
 AB33 : FE;
 AB34 : FE;
 AB35 : FE;
 AB36 : FE;
 AB37 : FE;
 AB38 : FE;
 AB39 : FE;
 AB3A : FE;
 AB3B : FE;
 AB3C : FE;
 AB3D : FE;
 AB3E : FE;
 AB3F : FE;
 AB40 : FE;
 AB41 : FE;
 AB42 : FE;
 AB43 : FE;
 AB44 : FE;
 AB45 : FE;
 AB46 : FE;
 AB47 : FE;
 AB48 : FE;
 AB49 : FE;
 AB4A : FE;
 AB4B : FE;
 AB4C : FE;
 AB4D : FE;
 AB4E : FE;
 AB4F : FE;
 AB50 : FE;
 AB51 : FE;
 AB52 : FE;
 AB53 : FE;
 AB54 : FE;
 AB55 : FE;
 AB56 : FE;
 AB57 : FE;
 AB58 : FE;
 AB59 : FE;
 AB5A : FE;
 AB5B : FE;
 AB5C : FE;
 AB5D : FE;
 AB5E : FE;
 AB5F : FE;
 AB60 : FE;
 AB61 : FE;
 AB62 : FE;
 AB63 : FE;
 AB64 : FE;
 AB65 : FE;
 AB66 : FE;
 AB67 : FE;
 AB68 : FE;
 AB69 : FE;
 AB6A : FE;
 AB6B : FE;
 AB6C : FE;
 AB6D : FE;
 AB6E : FE;
 AB6F : FE;
 AB70 : FE;
 AB71 : FE;
 AB72 : FE;
 AB73 : FE;
 AB74 : FE;
 AB75 : FE;
 AB76 : FE;
 AB77 : FE;
 AB78 : FE;
 AB79 : FE;
 AB7A : FE;
 AB7B : FE;
 AB7C : FE;
 AB7D : FE;
 AB7E : FE;
 AB7F : FE;
 AB80 : FE;
 AB81 : FE;
 AB82 : FE;
 AB83 : FE;
 AB84 : FE;
 AB85 : FE;
 AB86 : FE;
 AB87 : FE;
 AB88 : FE;
 AB89 : FE;
 AB8A : FE;
 AB8B : FE;
 AB8C : FE;
 AB8D : FE;
 AB8E : FE;
 AB8F : FE;
 AB90 : FE;
 AB91 : FE;
 AB92 : FE;
 AB93 : FE;
 AB94 : FE;
 AB95 : FE;
 AB96 : FE;
 AB97 : FE;
 AB98 : FE;
 AB99 : FE;
 AB9A : FE;
 AB9B : FE;
 AB9C : FE;
 AB9D : FE;
 AB9E : FE;
 AB9F : FE;
 ABA0 : FE;
 ABA1 : FE;
 ABA2 : FE;
 ABA3 : FE;
 ABA4 : FE;
 ABA5 : FE;
 ABA6 : FE;
 ABA7 : FE;
 ABA8 : FE;
 ABA9 : FE;
 ABAA : FE;
 ABAB : FE;
 ABAC : FE;
 ABAD : FE;
 ABAE : FE;
 ABAF : FE;
 ABB0 : FE;
 ABB1 : FE;
 ABB2 : FE;
 ABB3 : FE;
 ABB4 : FE;
 ABB5 : FE;
 ABB6 : FE;
 ABB7 : FE;
 ABB8 : FE;
 ABB9 : FE;
 ABBA : FE;
 ABBB : FE;
 ABBC : FE;
 ABBD : FE;
 ABBE : FE;
 ABBF : FE;
 ABC0 : FE;
 ABC1 : FC;
 ABC2 : FC;
 ABC3 : FD;
 ABC4 : F3;
 ABC5 : C1;
 ABC6 : 62;
 ABC7 : 19;
 ABC8 : 1A;
 ABC9 : 1F;
 ABCA : 1E;
 ABCB : 2F;
 ABCC : 55;
 ABCD : B0;
 ABCE : B5;
 ABCF : D3;
 ABD0 : 99;
 ABD1 : 52;
 ABD2 : 2F;
 ABD3 : 33;
 ABD4 : 3D;
 ABD5 : 39;
 ABD6 : 30;
 ABD7 : 29;
 ABD8 : 3C;
 ABD9 : 39;
 ABDA : 5D;
 ABDB : 4D;
 ABDC : 62;
 ABDD : 7C;
 ABDE : 4E;
 ABDF : 60;
 ABE0 : 5B;
 ABE1 : 66;
 ABE2 : 48;
 ABE3 : 43;
 ABE4 : 31;
 ABE5 : 32;
 ABE6 : 22;
 ABE7 : 27;
 ABE8 : 2D;
 ABE9 : 2C;
 ABEA : 2C;
 ABEB : 2F;
 ABEC : 3B;
 ABED : 63;
 ABEE : 9A;
 ABEF : B0;
 ABF0 : BA;
 ABF1 : A8;
 ABF2 : 1E;
 ABF3 : 26;
 ABF4 : 33;
 ABF5 : 35;
 ABF6 : 48;
 ABF7 : 46;
 ABF8 : 6A;
 ABF9 : F5;
 ABFA : FB;
 ABFB : F8;
 ABFC : FE;
 ABFD : F9;
 ABFE : FE;
 ABFF : FE;
 AC00 : FE;
 AC01 : FE;
 AC02 : FE;
 AC03 : FE;
 AC04 : FE;
 AC05 : FE;
 AC06 : FE;
 AC07 : FE;
 AC08 : FE;
 AC09 : FE;
 AC0A : FE;
 AC0B : FE;
 AC0C : FE;
 AC0D : FE;
 AC0E : FE;
 AC0F : FE;
 AC10 : FE;
 AC11 : FE;
 AC12 : FE;
 AC13 : FE;
 AC14 : FE;
 AC15 : FE;
 AC16 : FE;
 AC17 : FE;
 AC18 : FE;
 AC19 : FE;
 AC1A : FE;
 AC1B : FE;
 AC1C : FE;
 AC1D : FE;
 AC1E : FE;
 AC1F : FE;
 AC20 : FE;
 AC21 : FE;
 AC22 : FE;
 AC23 : FE;
 AC24 : FE;
 AC25 : FE;
 AC26 : FE;
 AC27 : FE;
 AC28 : FE;
 AC29 : FE;
 AC2A : FE;
 AC2B : FE;
 AC2C : FE;
 AC2D : FE;
 AC2E : FE;
 AC2F : FE;
 AC30 : FE;
 AC31 : FE;
 AC32 : FE;
 AC33 : FE;
 AC34 : FE;
 AC35 : FE;
 AC36 : FE;
 AC37 : FE;
 AC38 : FE;
 AC39 : FE;
 AC3A : FE;
 AC3B : FE;
 AC3C : FE;
 AC3D : FE;
 AC3E : FE;
 AC3F : FE;
 AC40 : FE;
 AC41 : FE;
 AC42 : FE;
 AC43 : FE;
 AC44 : FE;
 AC45 : FE;
 AC46 : FE;
 AC47 : FE;
 AC48 : FE;
 AC49 : FE;
 AC4A : FE;
 AC4B : FE;
 AC4C : FE;
 AC4D : FE;
 AC4E : FE;
 AC4F : FE;
 AC50 : FE;
 AC51 : FE;
 AC52 : FE;
 AC53 : FE;
 AC54 : FE;
 AC55 : FE;
 AC56 : FE;
 AC57 : FE;
 AC58 : FE;
 AC59 : FE;
 AC5A : FE;
 AC5B : FE;
 AC5C : FE;
 AC5D : FE;
 AC5E : FE;
 AC5F : FE;
 AC60 : FE;
 AC61 : FE;
 AC62 : FE;
 AC63 : FE;
 AC64 : FE;
 AC65 : FE;
 AC66 : FE;
 AC67 : FE;
 AC68 : FE;
 AC69 : FE;
 AC6A : FE;
 AC6B : FE;
 AC6C : FE;
 AC6D : FE;
 AC6E : FE;
 AC6F : FE;
 AC70 : FE;
 AC71 : FE;
 AC72 : FE;
 AC73 : FE;
 AC74 : FE;
 AC75 : FE;
 AC76 : FE;
 AC77 : FE;
 AC78 : FE;
 AC79 : FE;
 AC7A : FE;
 AC7B : FE;
 AC7C : FE;
 AC7D : FE;
 AC7E : FE;
 AC7F : FE;
 AC80 : FE;
 AC81 : FE;
 AC82 : FE;
 AC83 : FE;
 AC84 : FE;
 AC85 : FE;
 AC86 : FE;
 AC87 : FE;
 AC88 : FE;
 AC89 : FE;
 AC8A : FE;
 AC8B : FE;
 AC8C : FE;
 AC8D : FE;
 AC8E : FE;
 AC8F : FE;
 AC90 : FE;
 AC91 : FE;
 AC92 : FE;
 AC93 : FE;
 AC94 : FE;
 AC95 : FE;
 AC96 : FE;
 AC97 : FE;
 AC98 : FE;
 AC99 : FE;
 AC9A : FE;
 AC9B : FE;
 AC9C : FE;
 AC9D : FE;
 AC9E : FE;
 AC9F : FE;
 ACA0 : FE;
 ACA1 : FE;
 ACA2 : FE;
 ACA3 : FE;
 ACA4 : FE;
 ACA5 : FE;
 ACA6 : FE;
 ACA7 : FE;
 ACA8 : FE;
 ACA9 : FE;
 ACAA : FE;
 ACAB : FE;
 ACAC : FE;
 ACAD : FE;
 ACAE : FE;
 ACAF : FE;
 ACB0 : FE;
 ACB1 : FE;
 ACB2 : FE;
 ACB3 : FE;
 ACB4 : FE;
 ACB5 : FE;
 ACB6 : FE;
 ACB7 : FE;
 ACB8 : FE;
 ACB9 : FE;
 ACBA : FE;
 ACBB : FE;
 ACBC : FE;
 ACBD : FE;
 ACBE : FE;
 ACBF : FE;
 ACC0 : FE;
 ACC1 : FE;
 ACC2 : FE;
 ACC3 : FE;
 ACC4 : FE;
 ACC5 : FE;
 ACC6 : FE;
 ACC7 : FE;
 ACC8 : FE;
 ACC9 : FE;
 ACCA : FE;
 ACCB : FE;
 ACCC : FE;
 ACCD : FE;
 ACCE : FE;
 ACCF : FE;
 ACD0 : FE;
 ACD1 : FE;
 ACD2 : FE;
 ACD3 : FE;
 ACD4 : FE;
 ACD5 : FE;
 ACD6 : FE;
 ACD7 : FE;
 ACD8 : FE;
 ACD9 : FE;
 ACDA : FE;
 ACDB : FE;
 ACDC : FE;
 ACDD : FE;
 ACDE : FE;
 ACDF : FE;
 ACE0 : FE;
 ACE1 : FE;
 ACE2 : FE;
 ACE3 : FE;
 ACE4 : FE;
 ACE5 : FE;
 ACE6 : FE;
 ACE7 : FE;
 ACE8 : FE;
 ACE9 : FE;
 ACEA : FE;
 ACEB : FE;
 ACEC : FE;
 ACED : FE;
 ACEE : FE;
 ACEF : FE;
 ACF0 : FE;
 ACF1 : FE;
 ACF2 : FE;
 ACF3 : FE;
 ACF4 : FE;
 ACF5 : FE;
 ACF6 : FE;
 ACF7 : FE;
 ACF8 : FE;
 ACF9 : FE;
 ACFA : FE;
 ACFB : FE;
 ACFC : FE;
 ACFD : FE;
 ACFE : FE;
 ACFF : FE;
 AD00 : FE;
 AD01 : FA;
 AD02 : FE;
 AD03 : FB;
 AD04 : FC;
 AD05 : D1;
 AD06 : 5F;
 AD07 : 0B;
 AD08 : 30;
 AD09 : 2A;
 AD0A : 38;
 AD0B : 57;
 AD0C : 59;
 AD0D : B2;
 AD0E : CE;
 AD0F : CB;
 AD10 : 55;
 AD11 : 23;
 AD12 : 38;
 AD13 : 33;
 AD14 : 32;
 AD15 : 3B;
 AD16 : 2D;
 AD17 : 2B;
 AD18 : 3A;
 AD19 : 31;
 AD1A : 5E;
 AD1B : 36;
 AD1C : 6A;
 AD1D : 5A;
 AD1E : 49;
 AD1F : 63;
 AD20 : 4D;
 AD21 : 54;
 AD22 : 43;
 AD23 : 56;
 AD24 : 3D;
 AD25 : 15;
 AD26 : 24;
 AD27 : 2A;
 AD28 : 30;
 AD29 : 2E;
 AD2A : 2C;
 AD2B : 2E;
 AD2C : 2F;
 AD2D : 45;
 AD2E : 6A;
 AD2F : A6;
 AD30 : BD;
 AD31 : 9F;
 AD32 : 12;
 AD33 : 25;
 AD34 : 2C;
 AD35 : 2C;
 AD36 : 44;
 AD37 : 3B;
 AD38 : 97;
 AD39 : FA;
 AD3A : F9;
 AD3B : FC;
 AD3C : FE;
 AD3D : FE;
 AD3E : FD;
 AD3F : FE;
 AD40 : FE;
 AD41 : FE;
 AD42 : FE;
 AD43 : FE;
 AD44 : FE;
 AD45 : FE;
 AD46 : FE;
 AD47 : FE;
 AD48 : FE;
 AD49 : FE;
 AD4A : FE;
 AD4B : FE;
 AD4C : FE;
 AD4D : FE;
 AD4E : FE;
 AD4F : FE;
 AD50 : FE;
 AD51 : FE;
 AD52 : FE;
 AD53 : FE;
 AD54 : FE;
 AD55 : FE;
 AD56 : FE;
 AD57 : FE;
 AD58 : FE;
 AD59 : FE;
 AD5A : FE;
 AD5B : FE;
 AD5C : FE;
 AD5D : FE;
 AD5E : FE;
 AD5F : FE;
 AD60 : FE;
 AD61 : FE;
 AD62 : FE;
 AD63 : FE;
 AD64 : FE;
 AD65 : FE;
 AD66 : FE;
 AD67 : FE;
 AD68 : FE;
 AD69 : FE;
 AD6A : FE;
 AD6B : FE;
 AD6C : FE;
 AD6D : FE;
 AD6E : FE;
 AD6F : FE;
 AD70 : FE;
 AD71 : FE;
 AD72 : FE;
 AD73 : FE;
 AD74 : FE;
 AD75 : FE;
 AD76 : FE;
 AD77 : FE;
 AD78 : FE;
 AD79 : FE;
 AD7A : FE;
 AD7B : FE;
 AD7C : FE;
 AD7D : FE;
 AD7E : FE;
 AD7F : FE;
 AD80 : FE;
 AD81 : FE;
 AD82 : FE;
 AD83 : FE;
 AD84 : FE;
 AD85 : FE;
 AD86 : FE;
 AD87 : FE;
 AD88 : FE;
 AD89 : FE;
 AD8A : FE;
 AD8B : FE;
 AD8C : FE;
 AD8D : FE;
 AD8E : FE;
 AD8F : FE;
 AD90 : FE;
 AD91 : FE;
 AD92 : FE;
 AD93 : FE;
 AD94 : FE;
 AD95 : FE;
 AD96 : FE;
 AD97 : FE;
 AD98 : FE;
 AD99 : FE;
 AD9A : FE;
 AD9B : FE;
 AD9C : FE;
 AD9D : FE;
 AD9E : FE;
 AD9F : FE;
 ADA0 : FE;
 ADA1 : FE;
 ADA2 : FE;
 ADA3 : FE;
 ADA4 : FE;
 ADA5 : FE;
 ADA6 : FE;
 ADA7 : FE;
 ADA8 : FE;
 ADA9 : FE;
 ADAA : FE;
 ADAB : FE;
 ADAC : FE;
 ADAD : FE;
 ADAE : FE;
 ADAF : FE;
 ADB0 : FE;
 ADB1 : FE;
 ADB2 : FE;
 ADB3 : FE;
 ADB4 : FE;
 ADB5 : FE;
 ADB6 : FE;
 ADB7 : FE;
 ADB8 : FE;
 ADB9 : FE;
 ADBA : FE;
 ADBB : FE;
 ADBC : FE;
 ADBD : FE;
 ADBE : FE;
 ADBF : FE;
 ADC0 : FE;
 ADC1 : FE;
 ADC2 : FE;
 ADC3 : FE;
 ADC4 : FE;
 ADC5 : FE;
 ADC6 : FE;
 ADC7 : FE;
 ADC8 : FE;
 ADC9 : FE;
 ADCA : FE;
 ADCB : FE;
 ADCC : FE;
 ADCD : FE;
 ADCE : FE;
 ADCF : FE;
 ADD0 : FE;
 ADD1 : FE;
 ADD2 : FE;
 ADD3 : FE;
 ADD4 : FE;
 ADD5 : FE;
 ADD6 : FE;
 ADD7 : FE;
 ADD8 : FE;
 ADD9 : FE;
 ADDA : FE;
 ADDB : FE;
 ADDC : FE;
 ADDD : FE;
 ADDE : FE;
 ADDF : FE;
 ADE0 : FE;
 ADE1 : FE;
 ADE2 : FE;
 ADE3 : FE;
 ADE4 : FE;
 ADE5 : FE;
 ADE6 : FE;
 ADE7 : FE;
 ADE8 : FE;
 ADE9 : FE;
 ADEA : FE;
 ADEB : FE;
 ADEC : FE;
 ADED : FE;
 ADEE : FE;
 ADEF : FE;
 ADF0 : FE;
 ADF1 : FE;
 ADF2 : FE;
 ADF3 : FE;
 ADF4 : FE;
 ADF5 : FE;
 ADF6 : FE;
 ADF7 : FE;
 ADF8 : FE;
 ADF9 : FE;
 ADFA : FE;
 ADFB : FE;
 ADFC : FE;
 ADFD : FE;
 ADFE : FE;
 ADFF : FE;
 AE00 : FE;
 AE01 : FE;
 AE02 : FE;
 AE03 : FE;
 AE04 : FE;
 AE05 : FE;
 AE06 : FE;
 AE07 : FE;
 AE08 : FE;
 AE09 : FE;
 AE0A : FE;
 AE0B : FE;
 AE0C : FE;
 AE0D : FE;
 AE0E : FE;
 AE0F : FE;
 AE10 : FE;
 AE11 : FE;
 AE12 : FE;
 AE13 : FE;
 AE14 : FE;
 AE15 : FE;
 AE16 : FE;
 AE17 : FE;
 AE18 : FE;
 AE19 : FE;
 AE1A : FE;
 AE1B : FE;
 AE1C : FE;
 AE1D : FE;
 AE1E : FE;
 AE1F : FE;
 AE20 : FE;
 AE21 : FE;
 AE22 : FE;
 AE23 : FE;
 AE24 : FE;
 AE25 : FE;
 AE26 : FE;
 AE27 : FE;
 AE28 : FE;
 AE29 : FE;
 AE2A : FE;
 AE2B : FE;
 AE2C : FE;
 AE2D : FE;
 AE2E : FE;
 AE2F : FE;
 AE30 : FE;
 AE31 : FE;
 AE32 : FE;
 AE33 : FE;
 AE34 : FE;
 AE35 : FE;
 AE36 : FE;
 AE37 : FE;
 AE38 : FE;
 AE39 : FE;
 AE3A : FE;
 AE3B : FE;
 AE3C : FE;
 AE3D : FE;
 AE3E : FE;
 AE3F : FC;
 AE40 : F8;
 AE41 : FC;
 AE42 : FE;
 AE43 : F9;
 AE44 : FE;
 AE45 : EC;
 AE46 : 7A;
 AE47 : 24;
 AE48 : 3F;
 AE49 : 34;
 AE4A : 53;
 AE4B : 5E;
 AE4C : 3F;
 AE4D : A8;
 AE4E : D0;
 AE4F : 83;
 AE50 : 31;
 AE51 : 24;
 AE52 : 45;
 AE53 : 36;
 AE54 : 27;
 AE55 : 34;
 AE56 : 32;
 AE57 : 39;
 AE58 : 3D;
 AE59 : 3B;
 AE5A : 59;
 AE5B : 32;
 AE5C : 70;
 AE5D : 4C;
 AE5E : 4F;
 AE5F : 70;
 AE60 : 44;
 AE61 : 4E;
 AE62 : 3F;
 AE63 : 49;
 AE64 : 45;
 AE65 : 16;
 AE66 : 27;
 AE67 : 2C;
 AE68 : 33;
 AE69 : 30;
 AE6A : 30;
 AE6B : 32;
 AE6C : 2E;
 AE6D : 32;
 AE6E : 49;
 AE6F : 92;
 AE70 : B0;
 AE71 : 8E;
 AE72 : 0E;
 AE73 : 23;
 AE74 : 18;
 AE75 : 19;
 AE76 : 43;
 AE77 : 37;
 AE78 : C2;
 AE79 : FB;
 AE7A : F6;
 AE7B : FE;
 AE7C : FD;
 AE7D : FE;
 AE7E : FC;
 AE7F : FE;
 AE80 : FE;
 AE81 : FE;
 AE82 : FE;
 AE83 : FE;
 AE84 : FE;
 AE85 : FE;
 AE86 : FE;
 AE87 : FE;
 AE88 : FE;
 AE89 : FE;
 AE8A : FE;
 AE8B : FE;
 AE8C : FE;
 AE8D : FE;
 AE8E : FE;
 AE8F : FE;
 AE90 : FE;
 AE91 : FE;
 AE92 : FE;
 AE93 : FE;
 AE94 : FE;
 AE95 : FE;
 AE96 : FE;
 AE97 : FE;
 AE98 : FE;
 AE99 : FE;
 AE9A : FE;
 AE9B : FE;
 AE9C : FE;
 AE9D : FE;
 AE9E : FE;
 AE9F : FE;
 AEA0 : FE;
 AEA1 : FE;
 AEA2 : FE;
 AEA3 : FE;
 AEA4 : FE;
 AEA5 : FE;
 AEA6 : FE;
 AEA7 : FE;
 AEA8 : FE;
 AEA9 : FE;
 AEAA : FE;
 AEAB : FE;
 AEAC : FE;
 AEAD : FE;
 AEAE : FE;
 AEAF : FE;
 AEB0 : FE;
 AEB1 : FE;
 AEB2 : FE;
 AEB3 : FE;
 AEB4 : FE;
 AEB5 : FE;
 AEB6 : FE;
 AEB7 : FE;
 AEB8 : FE;
 AEB9 : FE;
 AEBA : FE;
 AEBB : FE;
 AEBC : FE;
 AEBD : FE;
 AEBE : FE;
 AEBF : FE;
 AEC0 : FE;
 AEC1 : FE;
 AEC2 : FE;
 AEC3 : FE;
 AEC4 : FE;
 AEC5 : FE;
 AEC6 : FE;
 AEC7 : FE;
 AEC8 : FE;
 AEC9 : FE;
 AECA : FE;
 AECB : FE;
 AECC : FE;
 AECD : FE;
 AECE : FE;
 AECF : FE;
 AED0 : FE;
 AED1 : FE;
 AED2 : FE;
 AED3 : FE;
 AED4 : FE;
 AED5 : FE;
 AED6 : FE;
 AED7 : FE;
 AED8 : FE;
 AED9 : FE;
 AEDA : FE;
 AEDB : FE;
 AEDC : FE;
 AEDD : FE;
 AEDE : FE;
 AEDF : FE;
 AEE0 : FE;
 AEE1 : FE;
 AEE2 : FE;
 AEE3 : FE;
 AEE4 : FE;
 AEE5 : FE;
 AEE6 : FE;
 AEE7 : FE;
 AEE8 : FE;
 AEE9 : FE;
 AEEA : FE;
 AEEB : FE;
 AEEC : FE;
 AEED : FE;
 AEEE : FE;
 AEEF : FE;
 AEF0 : FE;
 AEF1 : FE;
 AEF2 : FE;
 AEF3 : FE;
 AEF4 : FE;
 AEF5 : FE;
 AEF6 : FE;
 AEF7 : FE;
 AEF8 : FE;
 AEF9 : FE;
 AEFA : FE;
 AEFB : FE;
 AEFC : FE;
 AEFD : FE;
 AEFE : FE;
 AEFF : FE;
 AF00 : FE;
 AF01 : FE;
 AF02 : FE;
 AF03 : FE;
 AF04 : FE;
 AF05 : FE;
 AF06 : FE;
 AF07 : FE;
 AF08 : FE;
 AF09 : FE;
 AF0A : FE;
 AF0B : FE;
 AF0C : FE;
 AF0D : FE;
 AF0E : FE;
 AF0F : FE;
 AF10 : FE;
 AF11 : FE;
 AF12 : FE;
 AF13 : FE;
 AF14 : FE;
 AF15 : FE;
 AF16 : FE;
 AF17 : FE;
 AF18 : FE;
 AF19 : FE;
 AF1A : FE;
 AF1B : FE;
 AF1C : FE;
 AF1D : FE;
 AF1E : FE;
 AF1F : FE;
 AF20 : FE;
 AF21 : FE;
 AF22 : FE;
 AF23 : FE;
 AF24 : FE;
 AF25 : FE;
 AF26 : FE;
 AF27 : FE;
 AF28 : FE;
 AF29 : FE;
 AF2A : FE;
 AF2B : FE;
 AF2C : FE;
 AF2D : FE;
 AF2E : FE;
 AF2F : FE;
 AF30 : FE;
 AF31 : FE;
 AF32 : FE;
 AF33 : FE;
 AF34 : FE;
 AF35 : FE;
 AF36 : FE;
 AF37 : FE;
 AF38 : FE;
 AF39 : FE;
 AF3A : FE;
 AF3B : FE;
 AF3C : FE;
 AF3D : FE;
 AF3E : FE;
 AF3F : FE;
 AF40 : FE;
 AF41 : FE;
 AF42 : FE;
 AF43 : FE;
 AF44 : FE;
 AF45 : FE;
 AF46 : FE;
 AF47 : FE;
 AF48 : FE;
 AF49 : FE;
 AF4A : FE;
 AF4B : FE;
 AF4C : FE;
 AF4D : FE;
 AF4E : FE;
 AF4F : FE;
 AF50 : FE;
 AF51 : FE;
 AF52 : FE;
 AF53 : FE;
 AF54 : FE;
 AF55 : FE;
 AF56 : FE;
 AF57 : FE;
 AF58 : FE;
 AF59 : FE;
 AF5A : FE;
 AF5B : FE;
 AF5C : FE;
 AF5D : FE;
 AF5E : FE;
 AF5F : FE;
 AF60 : FE;
 AF61 : FE;
 AF62 : FE;
 AF63 : FE;
 AF64 : FE;
 AF65 : FE;
 AF66 : FE;
 AF67 : FE;
 AF68 : FE;
 AF69 : FE;
 AF6A : FE;
 AF6B : FE;
 AF6C : FE;
 AF6D : FE;
 AF6E : FE;
 AF6F : FE;
 AF70 : FE;
 AF71 : FE;
 AF72 : FE;
 AF73 : FE;
 AF74 : FE;
 AF75 : FE;
 AF76 : FE;
 AF77 : FE;
 AF78 : FE;
 AF79 : FE;
 AF7A : FE;
 AF7B : FE;
 AF7C : FE;
 AF7D : FE;
 AF7E : FE;
 AF7F : FE;
 AF80 : FD;
 AF81 : FF;
 AF82 : FE;
 AF83 : F5;
 AF84 : FE;
 AF85 : F6;
 AF86 : 94;
 AF87 : 26;
 AF88 : 2F;
 AF89 : 2C;
 AF8A : 52;
 AF8B : 59;
 AF8C : 4A;
 AF8D : AE;
 AF8E : A8;
 AF8F : 39;
 AF90 : 34;
 AF91 : 37;
 AF92 : 3D;
 AF93 : 37;
 AF94 : 2E;
 AF95 : 31;
 AF96 : 38;
 AF97 : 34;
 AF98 : 2D;
 AF99 : 38;
 AF9A : 3D;
 AF9B : 32;
 AF9C : 61;
 AF9D : 46;
 AF9E : 51;
 AF9F : 68;
 AFA0 : 3E;
 AFA1 : 59;
 AFA2 : 42;
 AFA3 : 1E;
 AFA4 : 33;
 AFA5 : 26;
 AFA6 : 34;
 AFA7 : 2A;
 AFA8 : 31;
 AFA9 : 2F;
 AFAA : 30;
 AFAB : 35;
 AFAC : 31;
 AFAD : 2D;
 AFAE : 38;
 AFAF : 61;
 AFB0 : A1;
 AFB1 : 95;
 AFB2 : 24;
 AFB3 : 3F;
 AFB4 : 2A;
 AFB5 : 24;
 AFB6 : 37;
 AFB7 : 41;
 AFB8 : E0;
 AFB9 : FA;
 AFBA : F5;
 AFBB : FF;
 AFBC : FB;
 AFBD : FE;
 AFBE : FC;
 AFBF : FE;
 AFC0 : FE;
 AFC1 : FE;
 AFC2 : FE;
 AFC3 : FE;
 AFC4 : FE;
 AFC5 : FE;
 AFC6 : FE;
 AFC7 : FE;
 AFC8 : FE;
 AFC9 : FE;
 AFCA : FE;
 AFCB : FE;
 AFCC : FE;
 AFCD : FE;
 AFCE : FE;
 AFCF : FE;
 AFD0 : FE;
 AFD1 : FE;
 AFD2 : FE;
 AFD3 : FE;
 AFD4 : FE;
 AFD5 : FE;
 AFD6 : FE;
 AFD7 : FE;
 AFD8 : FE;
 AFD9 : FE;
 AFDA : FE;
 AFDB : FE;
 AFDC : FE;
 AFDD : FE;
 AFDE : FE;
 AFDF : FE;
 AFE0 : FE;
 AFE1 : FE;
 AFE2 : FE;
 AFE3 : FE;
 AFE4 : FE;
 AFE5 : FE;
 AFE6 : FE;
 AFE7 : FE;
 AFE8 : FE;
 AFE9 : FE;
 AFEA : FE;
 AFEB : FE;
 AFEC : FE;
 AFED : FE;
 AFEE : FE;
 AFEF : FE;
 AFF0 : FE;
 AFF1 : FE;
 AFF2 : FE;
 AFF3 : FE;
 AFF4 : FE;
 AFF5 : FE;
 AFF6 : FE;
 AFF7 : FE;
 AFF8 : FE;
 AFF9 : FE;
 AFFA : FE;
 AFFB : FE;
 AFFC : FE;
 AFFD : FE;
 AFFE : FE;
 AFFF : FE;
 B000 : FE;
 B001 : FE;
 B002 : FE;
 B003 : FE;
 B004 : FE;
 B005 : FE;
 B006 : FE;
 B007 : FE;
 B008 : FE;
 B009 : FE;
 B00A : FE;
 B00B : FE;
 B00C : FE;
 B00D : FE;
 B00E : FE;
 B00F : FE;
 B010 : FE;
 B011 : FE;
 B012 : FE;
 B013 : FE;
 B014 : FE;
 B015 : FE;
 B016 : FE;
 B017 : FE;
 B018 : FE;
 B019 : FE;
 B01A : FE;
 B01B : FE;
 B01C : FE;
 B01D : FE;
 B01E : FE;
 B01F : FE;
 B020 : FE;
 B021 : FE;
 B022 : FE;
 B023 : FE;
 B024 : FE;
 B025 : FE;
 B026 : FE;
 B027 : FE;
 B028 : FE;
 B029 : FE;
 B02A : FE;
 B02B : FE;
 B02C : FE;
 B02D : FE;
 B02E : FE;
 B02F : FE;
 B030 : FE;
 B031 : FE;
 B032 : FE;
 B033 : FE;
 B034 : FE;
 B035 : FE;
 B036 : FE;
 B037 : FE;
 B038 : FE;
 B039 : FE;
 B03A : FE;
 B03B : FE;
 B03C : FE;
 B03D : FE;
 B03E : FE;
 B03F : FE;
 B040 : FE;
 B041 : FE;
 B042 : FE;
 B043 : FE;
 B044 : FE;
 B045 : FE;
 B046 : FE;
 B047 : FE;
 B048 : FE;
 B049 : FE;
 B04A : FE;
 B04B : FE;
 B04C : FE;
 B04D : FE;
 B04E : FE;
 B04F : FE;
 B050 : FE;
 B051 : FE;
 B052 : FE;
 B053 : FE;
 B054 : FE;
 B055 : FE;
 B056 : FE;
 B057 : FE;
 B058 : FE;
 B059 : FE;
 B05A : FE;
 B05B : FE;
 B05C : FE;
 B05D : FE;
 B05E : FE;
 B05F : FE;
 B060 : FE;
 B061 : FE;
 B062 : FE;
 B063 : FE;
 B064 : FE;
 B065 : FE;
 B066 : FE;
 B067 : FE;
 B068 : FE;
 B069 : FE;
 B06A : FE;
 B06B : FE;
 B06C : FE;
 B06D : FE;
 B06E : FE;
 B06F : FE;
 B070 : FE;
 B071 : FE;
 B072 : FE;
 B073 : FE;
 B074 : FE;
 B075 : FE;
 B076 : FE;
 B077 : FE;
 B078 : FE;
 B079 : FE;
 B07A : FE;
 B07B : FE;
 B07C : FE;
 B07D : FE;
 B07E : FE;
 B07F : FE;
 B080 : FE;
 B081 : FE;
 B082 : FE;
 B083 : FE;
 B084 : FE;
 B085 : FE;
 B086 : FE;
 B087 : FE;
 B088 : FE;
 B089 : FE;
 B08A : FE;
 B08B : FE;
 B08C : FE;
 B08D : FE;
 B08E : FE;
 B08F : FE;
 B090 : FE;
 B091 : FE;
 B092 : FE;
 B093 : FE;
 B094 : FE;
 B095 : FE;
 B096 : FE;
 B097 : FE;
 B098 : FE;
 B099 : FE;
 B09A : FE;
 B09B : FE;
 B09C : FE;
 B09D : FE;
 B09E : FE;
 B09F : FE;
 B0A0 : FE;
 B0A1 : FE;
 B0A2 : FE;
 B0A3 : FE;
 B0A4 : FE;
 B0A5 : FE;
 B0A6 : FE;
 B0A7 : FE;
 B0A8 : FE;
 B0A9 : FE;
 B0AA : FE;
 B0AB : FE;
 B0AC : FE;
 B0AD : FE;
 B0AE : FE;
 B0AF : FE;
 B0B0 : FE;
 B0B1 : FE;
 B0B2 : FE;
 B0B3 : FE;
 B0B4 : FE;
 B0B5 : FE;
 B0B6 : FE;
 B0B7 : FE;
 B0B8 : FE;
 B0B9 : FE;
 B0BA : FE;
 B0BB : FE;
 B0BC : FE;
 B0BD : FE;
 B0BE : FE;
 B0BF : FB;
 B0C0 : FE;
 B0C1 : FE;
 B0C2 : FE;
 B0C3 : F4;
 B0C4 : FD;
 B0C5 : F9;
 B0C6 : B0;
 B0C7 : 33;
 B0C8 : 40;
 B0C9 : 47;
 B0CA : 64;
 B0CB : 7B;
 B0CC : 83;
 B0CD : B3;
 B0CE : 6F;
 B0CF : 24;
 B0D0 : 42;
 B0D1 : 3B;
 B0D2 : 2A;
 B0D3 : 39;
 B0D4 : 3E;
 B0D5 : 34;
 B0D6 : 38;
 B0D7 : 36;
 B0D8 : 2B;
 B0D9 : 36;
 B0DA : 2A;
 B0DB : 31;
 B0DC : 47;
 B0DD : 37;
 B0DE : 3F;
 B0DF : 5D;
 B0E0 : 33;
 B0E1 : 44;
 B0E2 : 38;
 B0E3 : 0D;
 B0E4 : 32;
 B0E5 : 34;
 B0E6 : 2A;
 B0E7 : 27;
 B0E8 : 2E;
 B0E9 : 2B;
 B0EA : 2B;
 B0EB : 34;
 B0EC : 32;
 B0ED : 2D;
 B0EE : 35;
 B0EF : 30;
 B0F0 : 86;
 B0F1 : 96;
 B0F2 : 45;
 B0F3 : 70;
 B0F4 : 65;
 B0F5 : 52;
 B0F6 : 37;
 B0F7 : 5C;
 B0F8 : F2;
 B0F9 : F9;
 B0FA : F6;
 B0FB : FF;
 B0FC : FC;
 B0FD : FE;
 B0FE : FE;
 B0FF : FE;
 B100 : FE;
 B101 : FE;
 B102 : FE;
 B103 : FE;
 B104 : FE;
 B105 : FE;
 B106 : FE;
 B107 : FE;
 B108 : FE;
 B109 : FE;
 B10A : FE;
 B10B : FE;
 B10C : FE;
 B10D : FE;
 B10E : FE;
 B10F : FE;
 B110 : FE;
 B111 : FE;
 B112 : FE;
 B113 : FE;
 B114 : FE;
 B115 : FE;
 B116 : FE;
 B117 : FE;
 B118 : FE;
 B119 : FE;
 B11A : FE;
 B11B : FE;
 B11C : FE;
 B11D : FE;
 B11E : FE;
 B11F : FE;
 B120 : FE;
 B121 : FE;
 B122 : FE;
 B123 : FE;
 B124 : FE;
 B125 : FE;
 B126 : FE;
 B127 : FE;
 B128 : FE;
 B129 : FE;
 B12A : FE;
 B12B : FE;
 B12C : FE;
 B12D : FE;
 B12E : FE;
 B12F : FE;
 B130 : FE;
 B131 : FE;
 B132 : FE;
 B133 : FE;
 B134 : FE;
 B135 : FE;
 B136 : FE;
 B137 : FE;
 B138 : FE;
 B139 : FE;
 B13A : FE;
 B13B : FE;
 B13C : FE;
 B13D : FE;
 B13E : FE;
 B13F : FE;
 B140 : FE;
 B141 : FE;
 B142 : FE;
 B143 : FE;
 B144 : FE;
 B145 : FE;
 B146 : FE;
 B147 : FE;
 B148 : FE;
 B149 : FE;
 B14A : FE;
 B14B : FE;
 B14C : FE;
 B14D : FE;
 B14E : FE;
 B14F : FE;
 B150 : FE;
 B151 : FE;
 B152 : FE;
 B153 : FE;
 B154 : FE;
 B155 : FE;
 B156 : FE;
 B157 : FE;
 B158 : FE;
 B159 : FE;
 B15A : FE;
 B15B : FE;
 B15C : FE;
 B15D : FE;
 B15E : FE;
 B15F : FE;
 B160 : FE;
 B161 : FE;
 B162 : FE;
 B163 : FE;
 B164 : FE;
 B165 : FE;
 B166 : FE;
 B167 : FE;
 B168 : FE;
 B169 : FE;
 B16A : FE;
 B16B : FE;
 B16C : FE;
 B16D : FE;
 B16E : FE;
 B16F : FE;
 B170 : FE;
 B171 : FE;
 B172 : FE;
 B173 : FE;
 B174 : FE;
 B175 : FE;
 B176 : FE;
 B177 : FE;
 B178 : FE;
 B179 : FE;
 B17A : FE;
 B17B : FE;
 B17C : FE;
 B17D : FE;
 B17E : FE;
 B17F : FE;
 B180 : FE;
 B181 : FE;
 B182 : FE;
 B183 : FE;
 B184 : FE;
 B185 : FE;
 B186 : FE;
 B187 : FE;
 B188 : FE;
 B189 : FE;
 B18A : FE;
 B18B : FE;
 B18C : FE;
 B18D : FE;
 B18E : FE;
 B18F : FE;
 B190 : FE;
 B191 : FE;
 B192 : FE;
 B193 : FE;
 B194 : FE;
 B195 : FE;
 B196 : FE;
 B197 : FE;
 B198 : FE;
 B199 : FE;
 B19A : FE;
 B19B : FE;
 B19C : FE;
 B19D : FE;
 B19E : FE;
 B19F : FE;
 B1A0 : FE;
 B1A1 : FE;
 B1A2 : FE;
 B1A3 : FE;
 B1A4 : FE;
 B1A5 : FE;
 B1A6 : FE;
 B1A7 : FE;
 B1A8 : FE;
 B1A9 : FE;
 B1AA : FE;
 B1AB : FE;
 B1AC : FE;
 B1AD : FE;
 B1AE : FE;
 B1AF : FE;
 B1B0 : FE;
 B1B1 : FE;
 B1B2 : FE;
 B1B3 : FE;
 B1B4 : FE;
 B1B5 : FE;
 B1B6 : FE;
 B1B7 : FE;
 B1B8 : FE;
 B1B9 : FE;
 B1BA : FE;
 B1BB : FE;
 B1BC : FE;
 B1BD : FE;
 B1BE : FE;
 B1BF : FE;
 B1C0 : FE;
 B1C1 : FE;
 B1C2 : FE;
 B1C3 : FE;
 B1C4 : FE;
 B1C5 : FE;
 B1C6 : FE;
 B1C7 : FE;
 B1C8 : FE;
 B1C9 : FE;
 B1CA : FE;
 B1CB : FE;
 B1CC : FE;
 B1CD : FE;
 B1CE : FE;
 B1CF : FE;
 B1D0 : FE;
 B1D1 : FE;
 B1D2 : FE;
 B1D3 : FE;
 B1D4 : FE;
 B1D5 : FE;
 B1D6 : FE;
 B1D7 : FE;
 B1D8 : FE;
 B1D9 : FE;
 B1DA : FE;
 B1DB : FE;
 B1DC : FE;
 B1DD : FE;
 B1DE : FE;
 B1DF : FE;
 B1E0 : FE;
 B1E1 : FE;
 B1E2 : FE;
 B1E3 : FE;
 B1E4 : FE;
 B1E5 : FE;
 B1E6 : FE;
 B1E7 : FE;
 B1E8 : FE;
 B1E9 : FE;
 B1EA : FE;
 B1EB : FE;
 B1EC : FE;
 B1ED : FE;
 B1EE : FE;
 B1EF : FE;
 B1F0 : FE;
 B1F1 : FE;
 B1F2 : FE;
 B1F3 : FE;
 B1F4 : FE;
 B1F5 : FE;
 B1F6 : FE;
 B1F7 : FE;
 B1F8 : FE;
 B1F9 : FE;
 B1FA : FE;
 B1FB : FE;
 B1FC : FE;
 B1FD : FE;
 B1FE : FE;
 B1FF : F5;
 B200 : FB;
 B201 : F6;
 B202 : FC;
 B203 : FC;
 B204 : FD;
 B205 : F9;
 B206 : C8;
 B207 : 4F;
 B208 : 62;
 B209 : 74;
 B20A : 8B;
 B20B : A8;
 B20C : 89;
 B20D : 75;
 B20E : 41;
 B20F : 35;
 B210 : 41;
 B211 : 39;
 B212 : 2F;
 B213 : 3A;
 B214 : 3E;
 B215 : 35;
 B216 : 35;
 B217 : 3D;
 B218 : 3A;
 B219 : 36;
 B21A : 30;
 B21B : 33;
 B21C : 39;
 B21D : 2A;
 B21E : 2D;
 B21F : 44;
 B220 : 30;
 B221 : 23;
 B222 : 31;
 B223 : 21;
 B224 : 3B;
 B225 : 30;
 B226 : 24;
 B227 : 2B;
 B228 : 31;
 B229 : 2B;
 B22A : 29;
 B22B : 31;
 B22C : 34;
 B22D : 31;
 B22E : 39;
 B22F : 2B;
 B230 : 52;
 B231 : 60;
 B232 : 4A;
 B233 : 95;
 B234 : 8C;
 B235 : 82;
 B236 : 62;
 B237 : 81;
 B238 : FC;
 B239 : F8;
 B23A : FA;
 B23B : FE;
 B23C : FD;
 B23D : F8;
 B23E : FE;
 B23F : FD;
 B240 : FE;
 B241 : FE;
 B242 : FE;
 B243 : FE;
 B244 : FE;
 B245 : FE;
 B246 : FE;
 B247 : FE;
 B248 : FE;
 B249 : FE;
 B24A : FE;
 B24B : FE;
 B24C : FE;
 B24D : FE;
 B24E : FE;
 B24F : FE;
 B250 : FE;
 B251 : FE;
 B252 : FE;
 B253 : FE;
 B254 : FE;
 B255 : FE;
 B256 : FE;
 B257 : FE;
 B258 : FE;
 B259 : FE;
 B25A : FE;
 B25B : FE;
 B25C : FE;
 B25D : FE;
 B25E : FE;
 B25F : FE;
 B260 : FE;
 B261 : FE;
 B262 : FE;
 B263 : FE;
 B264 : FE;
 B265 : FE;
 B266 : FE;
 B267 : FE;
 B268 : FE;
 B269 : FE;
 B26A : FE;
 B26B : FE;
 B26C : FE;
 B26D : FE;
 B26E : FE;
 B26F : FE;
 B270 : FE;
 B271 : FE;
 B272 : FE;
 B273 : FE;
 B274 : FE;
 B275 : FE;
 B276 : FE;
 B277 : FE;
 B278 : FE;
 B279 : FE;
 B27A : FE;
 B27B : FE;
 B27C : FE;
 B27D : FE;
 B27E : FE;
 B27F : FE;
 B280 : FE;
 B281 : FE;
 B282 : FE;
 B283 : FE;
 B284 : FE;
 B285 : FE;
 B286 : FE;
 B287 : FE;
 B288 : FE;
 B289 : FE;
 B28A : FE;
 B28B : FE;
 B28C : FE;
 B28D : FE;
 B28E : FE;
 B28F : FE;
 B290 : FE;
 B291 : FE;
 B292 : FE;
 B293 : FE;
 B294 : FE;
 B295 : FE;
 B296 : FE;
 B297 : FE;
 B298 : FE;
 B299 : FE;
 B29A : FE;
 B29B : FE;
 B29C : FE;
 B29D : FE;
 B29E : FE;
 B29F : FE;
 B2A0 : FE;
 B2A1 : FE;
 B2A2 : FE;
 B2A3 : FE;
 B2A4 : FE;
 B2A5 : FE;
 B2A6 : FE;
 B2A7 : FE;
 B2A8 : FE;
 B2A9 : FE;
 B2AA : FE;
 B2AB : FE;
 B2AC : FE;
 B2AD : FE;
 B2AE : FE;
 B2AF : FE;
 B2B0 : FE;
 B2B1 : FE;
 B2B2 : FE;
 B2B3 : FE;
 B2B4 : FE;
 B2B5 : FE;
 B2B6 : FE;
 B2B7 : FE;
 B2B8 : FE;
 B2B9 : FE;
 B2BA : FE;
 B2BB : FE;
 B2BC : FE;
 B2BD : FE;
 B2BE : FE;
 B2BF : FE;
 B2C0 : FE;
 B2C1 : FE;
 B2C2 : FE;
 B2C3 : FE;
 B2C4 : FE;
 B2C5 : FE;
 B2C6 : FE;
 B2C7 : FE;
 B2C8 : FE;
 B2C9 : FE;
 B2CA : FE;
 B2CB : FE;
 B2CC : FE;
 B2CD : FE;
 B2CE : FE;
 B2CF : FE;
 B2D0 : FE;
 B2D1 : FE;
 B2D2 : FE;
 B2D3 : FE;
 B2D4 : FE;
 B2D5 : FE;
 B2D6 : FE;
 B2D7 : FE;
 B2D8 : FE;
 B2D9 : FE;
 B2DA : FE;
 B2DB : FE;
 B2DC : FE;
 B2DD : FE;
 B2DE : FE;
 B2DF : FE;
 B2E0 : FE;
 B2E1 : FE;
 B2E2 : FE;
 B2E3 : FE;
 B2E4 : FE;
 B2E5 : FE;
 B2E6 : FE;
 B2E7 : FE;
 B2E8 : FE;
 B2E9 : FE;
 B2EA : FE;
 B2EB : FE;
 B2EC : FE;
 B2ED : FE;
 B2EE : FE;
 B2EF : FE;
 B2F0 : FE;
 B2F1 : FE;
 B2F2 : FE;
 B2F3 : FE;
 B2F4 : FE;
 B2F5 : FE;
 B2F6 : FE;
 B2F7 : FE;
 B2F8 : FE;
 B2F9 : FE;
 B2FA : FE;
 B2FB : FE;
 B2FC : FE;
 B2FD : FE;
 B2FE : FE;
 B2FF : FE;
 B300 : FE;
 B301 : FE;
 B302 : FE;
 B303 : FE;
 B304 : FE;
 B305 : FE;
 B306 : FE;
 B307 : FE;
 B308 : FE;
 B309 : FE;
 B30A : FE;
 B30B : FE;
 B30C : FE;
 B30D : FE;
 B30E : FE;
 B30F : FE;
 B310 : FE;
 B311 : FE;
 B312 : FE;
 B313 : FE;
 B314 : FE;
 B315 : FE;
 B316 : FE;
 B317 : FE;
 B318 : FE;
 B319 : FE;
 B31A : FE;
 B31B : FE;
 B31C : FE;
 B31D : FE;
 B31E : FE;
 B31F : FE;
 B320 : FE;
 B321 : FE;
 B322 : FE;
 B323 : FE;
 B324 : FE;
 B325 : FE;
 B326 : FE;
 B327 : FE;
 B328 : FE;
 B329 : FE;
 B32A : FE;
 B32B : FE;
 B32C : FE;
 B32D : FE;
 B32E : FE;
 B32F : FE;
 B330 : FE;
 B331 : FE;
 B332 : FE;
 B333 : FE;
 B334 : FE;
 B335 : FE;
 B336 : FE;
 B337 : FE;
 B338 : FE;
 B339 : FE;
 B33A : FE;
 B33B : FE;
 B33C : FE;
 B33D : FE;
 B33E : FE;
 B33F : FF;
 B340 : FF;
 B341 : F7;
 B342 : FD;
 B343 : FE;
 B344 : FE;
 B345 : F2;
 B346 : CA;
 B347 : 6C;
 B348 : 82;
 B349 : 9C;
 B34A : B8;
 B34B : CF;
 B34C : 6F;
 B34D : 37;
 B34E : 41;
 B34F : 43;
 B350 : 38;
 B351 : 3C;
 B352 : 42;
 B353 : 3B;
 B354 : 33;
 B355 : 32;
 B356 : 32;
 B357 : 33;
 B358 : 3E;
 B359 : 2E;
 B35A : 39;
 B35B : 36;
 B35C : 3E;
 B35D : 2B;
 B35E : 2E;
 B35F : 1D;
 B360 : 34;
 B361 : 22;
 B362 : 3B;
 B363 : 32;
 B364 : 2D;
 B365 : 22;
 B366 : 35;
 B367 : 31;
 B368 : 37;
 B369 : 2F;
 B36A : 29;
 B36B : 32;
 B36C : 36;
 B36D : 37;
 B36E : 3E;
 B36F : 44;
 B370 : 1F;
 B371 : 19;
 B372 : 39;
 B373 : 9E;
 B374 : 8E;
 B375 : 97;
 B376 : 99;
 B377 : 9A;
 B378 : FD;
 B379 : F8;
 B37A : FD;
 B37B : FE;
 B37C : FD;
 B37D : F3;
 B37E : FD;
 B37F : FD;
 B380 : FE;
 B381 : FE;
 B382 : FE;
 B383 : FE;
 B384 : FE;
 B385 : FE;
 B386 : FE;
 B387 : FE;
 B388 : FE;
 B389 : FE;
 B38A : FE;
 B38B : FE;
 B38C : FE;
 B38D : FE;
 B38E : FE;
 B38F : FE;
 B390 : FE;
 B391 : FE;
 B392 : FE;
 B393 : FE;
 B394 : FE;
 B395 : FE;
 B396 : FE;
 B397 : FE;
 B398 : FE;
 B399 : FE;
 B39A : FE;
 B39B : FE;
 B39C : FE;
 B39D : FE;
 B39E : FE;
 B39F : FE;
 B3A0 : FE;
 B3A1 : FE;
 B3A2 : FE;
 B3A3 : FE;
 B3A4 : FE;
 B3A5 : FE;
 B3A6 : FE;
 B3A7 : FE;
 B3A8 : FE;
 B3A9 : FE;
 B3AA : FE;
 B3AB : FE;
 B3AC : FE;
 B3AD : FE;
 B3AE : FE;
 B3AF : FE;
 B3B0 : FE;
 B3B1 : FE;
 B3B2 : FE;
 B3B3 : FE;
 B3B4 : FE;
 B3B5 : FE;
 B3B6 : FE;
 B3B7 : FE;
 B3B8 : FE;
 B3B9 : FE;
 B3BA : FE;
 B3BB : FE;
 B3BC : FE;
 B3BD : FE;
 B3BE : FE;
 B3BF : FE;
 B3C0 : FE;
 B3C1 : FE;
 B3C2 : FE;
 B3C3 : FE;
 B3C4 : FE;
 B3C5 : FE;
 B3C6 : FE;
 B3C7 : FE;
 B3C8 : FE;
 B3C9 : FE;
 B3CA : FE;
 B3CB : FE;
 B3CC : FE;
 B3CD : FE;
 B3CE : FE;
 B3CF : FE;
 B3D0 : FE;
 B3D1 : FE;
 B3D2 : FE;
 B3D3 : FE;
 B3D4 : FE;
 B3D5 : FE;
 B3D6 : FE;
 B3D7 : FE;
 B3D8 : FE;
 B3D9 : FE;
 B3DA : FE;
 B3DB : FE;
 B3DC : FE;
 B3DD : FE;
 B3DE : FE;
 B3DF : FE;
 B3E0 : FE;
 B3E1 : FE;
 B3E2 : FE;
 B3E3 : FE;
 B3E4 : FE;
 B3E5 : FE;
 B3E6 : FE;
 B3E7 : FE;
 B3E8 : FE;
 B3E9 : FE;
 B3EA : FE;
 B3EB : FE;
 B3EC : FE;
 B3ED : FE;
 B3EE : FE;
 B3EF : FE;
 B3F0 : FE;
 B3F1 : FE;
 B3F2 : FE;
 B3F3 : FE;
 B3F4 : FE;
 B3F5 : FE;
 B3F6 : FE;
 B3F7 : FE;
 B3F8 : FE;
 B3F9 : FE;
 B3FA : FE;
 B3FB : FE;
 B3FC : FE;
 B3FD : FE;
 B3FE : FE;
 B3FF : FE;
 B400 : FE;
 B401 : FE;
 B402 : FE;
 B403 : FE;
 B404 : FE;
 B405 : FE;
 B406 : FE;
 B407 : FE;
 B408 : FE;
 B409 : FE;
 B40A : FE;
 B40B : FE;
 B40C : FE;
 B40D : FE;
 B40E : FE;
 B40F : FE;
 B410 : FE;
 B411 : FE;
 B412 : FE;
 B413 : FE;
 B414 : FE;
 B415 : FE;
 B416 : FE;
 B417 : FE;
 B418 : FE;
 B419 : FE;
 B41A : FE;
 B41B : FE;
 B41C : FE;
 B41D : FE;
 B41E : FE;
 B41F : FE;
 B420 : FE;
 B421 : FE;
 B422 : FE;
 B423 : FE;
 B424 : FE;
 B425 : FE;
 B426 : FE;
 B427 : FE;
 B428 : FE;
 B429 : FE;
 B42A : FE;
 B42B : FE;
 B42C : FE;
 B42D : FE;
 B42E : FE;
 B42F : FE;
 B430 : FE;
 B431 : FE;
 B432 : FE;
 B433 : FE;
 B434 : FE;
 B435 : FE;
 B436 : FE;
 B437 : FE;
 B438 : FE;
 B439 : FE;
 B43A : FE;
 B43B : FE;
 B43C : FE;
 B43D : FE;
 B43E : FE;
 B43F : FE;
 B440 : FE;
 B441 : FE;
 B442 : FE;
 B443 : FE;
 B444 : FE;
 B445 : FE;
 B446 : FE;
 B447 : FE;
 B448 : FE;
 B449 : FE;
 B44A : FE;
 B44B : FE;
 B44C : FE;
 B44D : FE;
 B44E : FE;
 B44F : FE;
 B450 : FE;
 B451 : FE;
 B452 : FE;
 B453 : FE;
 B454 : FE;
 B455 : FE;
 B456 : FE;
 B457 : FE;
 B458 : FE;
 B459 : FE;
 B45A : FE;
 B45B : FE;
 B45C : FE;
 B45D : FE;
 B45E : FE;
 B45F : FE;
 B460 : FE;
 B461 : FE;
 B462 : FE;
 B463 : FE;
 B464 : FE;
 B465 : FE;
 B466 : FE;
 B467 : FE;
 B468 : FE;
 B469 : FE;
 B46A : FE;
 B46B : FE;
 B46C : FE;
 B46D : FE;
 B46E : FE;
 B46F : FE;
 B470 : FE;
 B471 : FE;
 B472 : FE;
 B473 : FE;
 B474 : FE;
 B475 : FE;
 B476 : FE;
 B477 : FE;
 B478 : FE;
 B479 : FE;
 B47A : FE;
 B47B : FE;
 B47C : FE;
 B47D : FE;
 B47E : FE;
 B47F : F9;
 B480 : FE;
 B481 : F9;
 B482 : E8;
 B483 : FE;
 B484 : FC;
 B485 : C0;
 B486 : 83;
 B487 : 80;
 B488 : 97;
 B489 : C5;
 B48A : C7;
 B48B : C2;
 B48C : 9D;
 B48D : 41;
 B48E : 1C;
 B48F : 30;
 B490 : 35;
 B491 : 44;
 B492 : 37;
 B493 : 4D;
 B494 : 36;
 B495 : 39;
 B496 : 39;
 B497 : 37;
 B498 : 31;
 B499 : 3A;
 B49A : 2D;
 B49B : 34;
 B49C : 28;
 B49D : 42;
 B49E : 30;
 B49F : 32;
 B4A0 : 2D;
 B4A1 : 2E;
 B4A2 : 28;
 B4A3 : 36;
 B4A4 : 35;
 B4A5 : 2E;
 B4A6 : 39;
 B4A7 : 37;
 B4A8 : 2D;
 B4A9 : 36;
 B4AA : 2E;
 B4AB : 39;
 B4AC : 3F;
 B4AD : 2A;
 B4AE : 1D;
 B4AF : 04;
 B4B0 : 23;
 B4B1 : 52;
 B4B2 : 7A;
 B4B3 : 8C;
 B4B4 : 97;
 B4B5 : AC;
 B4B6 : C3;
 B4B7 : 9C;
 B4B8 : BA;
 B4B9 : F6;
 B4BA : FE;
 B4BB : F6;
 B4BC : FE;
 B4BD : FE;
 B4BE : F7;
 B4BF : FE;
 B4C0 : FE;
 B4C1 : FE;
 B4C2 : FE;
 B4C3 : FE;
 B4C4 : FE;
 B4C5 : FE;
 B4C6 : FE;
 B4C7 : FE;
 B4C8 : FE;
 B4C9 : FE;
 B4CA : FE;
 B4CB : FE;
 B4CC : FE;
 B4CD : FE;
 B4CE : FE;
 B4CF : FE;
 B4D0 : FE;
 B4D1 : FE;
 B4D2 : FE;
 B4D3 : FE;
 B4D4 : FE;
 B4D5 : FE;
 B4D6 : FE;
 B4D7 : FE;
 B4D8 : FE;
 B4D9 : FE;
 B4DA : FE;
 B4DB : FE;
 B4DC : FE;
 B4DD : FE;
 B4DE : FE;
 B4DF : FE;
 B4E0 : FE;
 B4E1 : FE;
 B4E2 : FE;
 B4E3 : FE;
 B4E4 : FE;
 B4E5 : FE;
 B4E6 : FE;
 B4E7 : FE;
 B4E8 : FE;
 B4E9 : FE;
 B4EA : FE;
 B4EB : FE;
 B4EC : FE;
 B4ED : FE;
 B4EE : FE;
 B4EF : FE;
 B4F0 : FE;
 B4F1 : FE;
 B4F2 : FE;
 B4F3 : FE;
 B4F4 : FE;
 B4F5 : FE;
 B4F6 : FE;
 B4F7 : FE;
 B4F8 : FE;
 B4F9 : FE;
 B4FA : FE;
 B4FB : FE;
 B4FC : FE;
 B4FD : FE;
 B4FE : FE;
 B4FF : FE;
 B500 : FE;
 B501 : FE;
 B502 : FE;
 B503 : FE;
 B504 : FE;
 B505 : FE;
 B506 : FE;
 B507 : FE;
 B508 : FE;
 B509 : FE;
 B50A : FE;
 B50B : FE;
 B50C : FE;
 B50D : FE;
 B50E : FE;
 B50F : FE;
 B510 : FE;
 B511 : FE;
 B512 : FE;
 B513 : FE;
 B514 : FE;
 B515 : FE;
 B516 : FE;
 B517 : FE;
 B518 : FE;
 B519 : FE;
 B51A : FE;
 B51B : FE;
 B51C : FE;
 B51D : FE;
 B51E : FE;
 B51F : FE;
 B520 : FE;
 B521 : FE;
 B522 : FE;
 B523 : FE;
 B524 : FE;
 B525 : FE;
 B526 : FE;
 B527 : FE;
 B528 : FE;
 B529 : FE;
 B52A : FE;
 B52B : FE;
 B52C : FE;
 B52D : FE;
 B52E : FE;
 B52F : FE;
 B530 : FE;
 B531 : FE;
 B532 : FE;
 B533 : FE;
 B534 : FE;
 B535 : FE;
 B536 : FE;
 B537 : FE;
 B538 : FE;
 B539 : FE;
 B53A : FE;
 B53B : FE;
 B53C : FE;
 B53D : FE;
 B53E : FE;
 B53F : FE;
 B540 : FE;
 B541 : FE;
 B542 : FE;
 B543 : FE;
 B544 : FE;
 B545 : FE;
 B546 : FE;
 B547 : FE;
 B548 : FE;
 B549 : FE;
 B54A : FE;
 B54B : FE;
 B54C : FE;
 B54D : FE;
 B54E : FE;
 B54F : FE;
 B550 : FE;
 B551 : FE;
 B552 : FE;
 B553 : FE;
 B554 : FE;
 B555 : FE;
 B556 : FE;
 B557 : FE;
 B558 : FE;
 B559 : FE;
 B55A : FE;
 B55B : FE;
 B55C : FE;
 B55D : FE;
 B55E : FE;
 B55F : FE;
 B560 : FE;
 B561 : FE;
 B562 : FE;
 B563 : FE;
 B564 : FE;
 B565 : FE;
 B566 : FE;
 B567 : FE;
 B568 : FE;
 B569 : FE;
 B56A : FE;
 B56B : FE;
 B56C : FE;
 B56D : FE;
 B56E : FE;
 B56F : FE;
 B570 : FE;
 B571 : FE;
 B572 : FE;
 B573 : FE;
 B574 : FE;
 B575 : FE;
 B576 : FE;
 B577 : FE;
 B578 : FE;
 B579 : FE;
 B57A : FE;
 B57B : FE;
 B57C : FE;
 B57D : FE;
 B57E : FE;
 B57F : FE;
 B580 : FE;
 B581 : FE;
 B582 : FE;
 B583 : FE;
 B584 : FE;
 B585 : FE;
 B586 : FE;
 B587 : FE;
 B588 : FE;
 B589 : FE;
 B58A : FE;
 B58B : FE;
 B58C : FE;
 B58D : FE;
 B58E : FE;
 B58F : FE;
 B590 : FE;
 B591 : FE;
 B592 : FE;
 B593 : FE;
 B594 : FE;
 B595 : FE;
 B596 : FE;
 B597 : FE;
 B598 : FE;
 B599 : FE;
 B59A : FE;
 B59B : FE;
 B59C : FE;
 B59D : FE;
 B59E : FE;
 B59F : FE;
 B5A0 : FE;
 B5A1 : FE;
 B5A2 : FE;
 B5A3 : FE;
 B5A4 : FE;
 B5A5 : FE;
 B5A6 : FE;
 B5A7 : FE;
 B5A8 : FE;
 B5A9 : FE;
 B5AA : FE;
 B5AB : FE;
 B5AC : FE;
 B5AD : FE;
 B5AE : FE;
 B5AF : FE;
 B5B0 : FE;
 B5B1 : FE;
 B5B2 : FE;
 B5B3 : FE;
 B5B4 : FE;
 B5B5 : FE;
 B5B6 : FE;
 B5B7 : FE;
 B5B8 : FE;
 B5B9 : FE;
 B5BA : FE;
 B5BB : FE;
 B5BC : FE;
 B5BD : FE;
 B5BE : FE;
 B5BF : FB;
 B5C0 : FE;
 B5C1 : FF;
 B5C2 : F5;
 B5C3 : FD;
 B5C4 : CE;
 B5C5 : 8E;
 B5C6 : 65;
 B5C7 : 96;
 B5C8 : AD;
 B5C9 : C2;
 B5CA : BC;
 B5CB : BC;
 B5CC : B5;
 B5CD : 95;
 B5CE : 89;
 B5CF : 42;
 B5D0 : 2F;
 B5D1 : 2C;
 B5D2 : 20;
 B5D3 : 37;
 B5D4 : 2C;
 B5D5 : 39;
 B5D6 : 3C;
 B5D7 : 3A;
 B5D8 : 30;
 B5D9 : 36;
 B5DA : 2E;
 B5DB : 3E;
 B5DC : 37;
 B5DD : 41;
 B5DE : 29;
 B5DF : 2A;
 B5E0 : 2D;
 B5E1 : 32;
 B5E2 : 34;
 B5E3 : 3D;
 B5E4 : 38;
 B5E5 : 2C;
 B5E6 : 30;
 B5E7 : 36;
 B5E8 : 32;
 B5E9 : 44;
 B5EA : 39;
 B5EB : 2A;
 B5EC : 21;
 B5ED : 12;
 B5EE : 17;
 B5EF : 4B;
 B5F0 : 5A;
 B5F1 : 73;
 B5F2 : 8B;
 B5F3 : 97;
 B5F4 : 9D;
 B5F5 : AA;
 B5F6 : B8;
 B5F7 : B1;
 B5F8 : B9;
 B5F9 : D6;
 B5FA : FE;
 B5FB : F1;
 B5FC : FF;
 B5FD : FD;
 B5FE : FE;
 B5FF : FE;
 B600 : FE;
 B601 : FE;
 B602 : FE;
 B603 : FE;
 B604 : FE;
 B605 : FE;
 B606 : FE;
 B607 : FE;
 B608 : FE;
 B609 : FE;
 B60A : FE;
 B60B : FE;
 B60C : FE;
 B60D : FE;
 B60E : FE;
 B60F : FE;
 B610 : FE;
 B611 : FE;
 B612 : FE;
 B613 : FE;
 B614 : FE;
 B615 : FE;
 B616 : FE;
 B617 : FE;
 B618 : FE;
 B619 : FE;
 B61A : FE;
 B61B : FE;
 B61C : FE;
 B61D : FE;
 B61E : FE;
 B61F : FE;
 B620 : FE;
 B621 : FE;
 B622 : FE;
 B623 : FE;
 B624 : FE;
 B625 : FE;
 B626 : FE;
 B627 : FE;
 B628 : FE;
 B629 : FE;
 B62A : FE;
 B62B : FE;
 B62C : FE;
 B62D : FE;
 B62E : FE;
 B62F : FE;
 B630 : FE;
 B631 : FE;
 B632 : FE;
 B633 : FE;
 B634 : FE;
 B635 : FE;
 B636 : FE;
 B637 : FE;
 B638 : FE;
 B639 : FE;
 B63A : FE;
 B63B : FE;
 B63C : FE;
 B63D : FE;
 B63E : FE;
 B63F : FE;
 B640 : FE;
 B641 : FE;
 B642 : FE;
 B643 : FE;
 B644 : FE;
 B645 : FE;
 B646 : FE;
 B647 : FE;
 B648 : FE;
 B649 : FE;
 B64A : FE;
 B64B : FE;
 B64C : FE;
 B64D : FE;
 B64E : FE;
 B64F : FE;
 B650 : FE;
 B651 : FE;
 B652 : FE;
 B653 : FE;
 B654 : FE;
 B655 : FE;
 B656 : FE;
 B657 : FE;
 B658 : FE;
 B659 : FE;
 B65A : FE;
 B65B : FE;
 B65C : FE;
 B65D : FE;
 B65E : FE;
 B65F : FE;
 B660 : FE;
 B661 : FE;
 B662 : FE;
 B663 : FE;
 B664 : FE;
 B665 : FE;
 B666 : FE;
 B667 : FE;
 B668 : FE;
 B669 : FE;
 B66A : FE;
 B66B : FE;
 B66C : FE;
 B66D : FE;
 B66E : FE;
 B66F : FE;
 B670 : FE;
 B671 : FE;
 B672 : FE;
 B673 : FE;
 B674 : FE;
 B675 : FE;
 B676 : FE;
 B677 : FE;
 B678 : FE;
 B679 : FE;
 B67A : FE;
 B67B : FE;
 B67C : FE;
 B67D : FE;
 B67E : FE;
 B67F : FE;
 B680 : FE;
 B681 : FE;
 B682 : FE;
 B683 : FE;
 B684 : FE;
 B685 : FE;
 B686 : FE;
 B687 : FE;
 B688 : FE;
 B689 : FE;
 B68A : FE;
 B68B : FE;
 B68C : FE;
 B68D : FE;
 B68E : FE;
 B68F : FE;
 B690 : FE;
 B691 : FE;
 B692 : FE;
 B693 : FE;
 B694 : FE;
 B695 : FE;
 B696 : FE;
 B697 : FE;
 B698 : FE;
 B699 : FE;
 B69A : FE;
 B69B : FE;
 B69C : FE;
 B69D : FE;
 B69E : FE;
 B69F : FE;
 B6A0 : FE;
 B6A1 : FE;
 B6A2 : FE;
 B6A3 : FE;
 B6A4 : FE;
 B6A5 : FE;
 B6A6 : FE;
 B6A7 : FE;
 B6A8 : FE;
 B6A9 : FE;
 B6AA : FE;
 B6AB : FE;
 B6AC : FE;
 B6AD : FE;
 B6AE : FE;
 B6AF : FE;
 B6B0 : FE;
 B6B1 : FE;
 B6B2 : FE;
 B6B3 : FE;
 B6B4 : FE;
 B6B5 : FE;
 B6B6 : FE;
 B6B7 : FE;
 B6B8 : FE;
 B6B9 : FE;
 B6BA : FE;
 B6BB : FE;
 B6BC : FE;
 B6BD : FE;
 B6BE : FE;
 B6BF : FE;
 B6C0 : FE;
 B6C1 : FE;
 B6C2 : FE;
 B6C3 : FE;
 B6C4 : FE;
 B6C5 : FE;
 B6C6 : FE;
 B6C7 : FE;
 B6C8 : FE;
 B6C9 : FE;
 B6CA : FE;
 B6CB : FE;
 B6CC : FE;
 B6CD : FE;
 B6CE : FE;
 B6CF : FE;
 B6D0 : FE;
 B6D1 : FE;
 B6D2 : FE;
 B6D3 : FE;
 B6D4 : FE;
 B6D5 : FE;
 B6D6 : FE;
 B6D7 : FE;
 B6D8 : FE;
 B6D9 : FE;
 B6DA : FE;
 B6DB : FE;
 B6DC : FE;
 B6DD : FE;
 B6DE : FE;
 B6DF : FE;
 B6E0 : FE;
 B6E1 : FE;
 B6E2 : FE;
 B6E3 : FE;
 B6E4 : FE;
 B6E5 : FE;
 B6E6 : FE;
 B6E7 : FE;
 B6E8 : FE;
 B6E9 : FE;
 B6EA : FE;
 B6EB : FE;
 B6EC : FE;
 B6ED : FE;
 B6EE : FE;
 B6EF : FE;
 B6F0 : FE;
 B6F1 : FE;
 B6F2 : FE;
 B6F3 : FE;
 B6F4 : FE;
 B6F5 : FE;
 B6F6 : FE;
 B6F7 : FE;
 B6F8 : FE;
 B6F9 : FE;
 B6FA : FE;
 B6FB : FE;
 B6FC : FE;
 B6FD : FE;
 B6FE : FE;
 B6FF : FE;
 B700 : F9;
 B701 : FF;
 B702 : FD;
 B703 : F3;
 B704 : 93;
 B705 : 5C;
 B706 : 5A;
 B707 : 9A;
 B708 : C3;
 B709 : C9;
 B70A : C3;
 B70B : C3;
 B70C : C2;
 B70D : C6;
 B70E : C1;
 B70F : AD;
 B710 : 7F;
 B711 : 56;
 B712 : 2D;
 B713 : 23;
 B714 : 1D;
 B715 : 30;
 B716 : 31;
 B717 : 3E;
 B718 : 3B;
 B719 : 41;
 B71A : 36;
 B71B : 3D;
 B71C : 32;
 B71D : 2D;
 B71E : 1D;
 B71F : 3E;
 B720 : 39;
 B721 : 2E;
 B722 : 30;
 B723 : 30;
 B724 : 37;
 B725 : 39;
 B726 : 3F;
 B727 : 3B;
 B728 : 28;
 B729 : 28;
 B72A : 1A;
 B72B : 0B;
 B72C : 29;
 B72D : 48;
 B72E : 70;
 B72F : 74;
 B730 : 75;
 B731 : 7C;
 B732 : 8B;
 B733 : 9A;
 B734 : A6;
 B735 : B3;
 B736 : BC;
 B737 : C8;
 B738 : BA;
 B739 : B4;
 B73A : FE;
 B73B : EF;
 B73C : FF;
 B73D : F2;
 B73E : FE;
 B73F : FE;
 B740 : FE;
 B741 : FE;
 B742 : FE;
 B743 : FE;
 B744 : FE;
 B745 : FE;
 B746 : FE;
 B747 : FE;
 B748 : FE;
 B749 : FE;
 B74A : FE;
 B74B : FE;
 B74C : FE;
 B74D : FE;
 B74E : FE;
 B74F : FE;
 B750 : FE;
 B751 : FE;
 B752 : FE;
 B753 : FE;
 B754 : FE;
 B755 : FE;
 B756 : FE;
 B757 : FE;
 B758 : FE;
 B759 : FE;
 B75A : FE;
 B75B : FE;
 B75C : FE;
 B75D : FE;
 B75E : FE;
 B75F : FE;
 B760 : FE;
 B761 : FE;
 B762 : FE;
 B763 : FE;
 B764 : FE;
 B765 : FE;
 B766 : FE;
 B767 : FE;
 B768 : FE;
 B769 : FE;
 B76A : FE;
 B76B : FE;
 B76C : FE;
 B76D : FE;
 B76E : FE;
 B76F : FE;
 B770 : FE;
 B771 : FE;
 B772 : FE;
 B773 : FE;
 B774 : FE;
 B775 : FE;
 B776 : FE;
 B777 : FE;
 B778 : FE;
 B779 : FE;
 B77A : FE;
 B77B : FE;
 B77C : FE;
 B77D : FE;
 B77E : FE;
 B77F : FE;
 B780 : FE;
 B781 : FE;
 B782 : FE;
 B783 : FE;
 B784 : FE;
 B785 : FE;
 B786 : FE;
 B787 : FE;
 B788 : FE;
 B789 : FE;
 B78A : FE;
 B78B : FE;
 B78C : FE;
 B78D : FE;
 B78E : FE;
 B78F : FE;
 B790 : FE;
 B791 : FE;
 B792 : FE;
 B793 : FE;
 B794 : FE;
 B795 : FE;
 B796 : FE;
 B797 : FE;
 B798 : FE;
 B799 : FE;
 B79A : FE;
 B79B : FE;
 B79C : FE;
 B79D : FE;
 B79E : FE;
 B79F : FE;
 B7A0 : FE;
 B7A1 : FE;
 B7A2 : FE;
 B7A3 : FE;
 B7A4 : FE;
 B7A5 : FE;
 B7A6 : FE;
 B7A7 : FE;
 B7A8 : FE;
 B7A9 : FE;
 B7AA : FE;
 B7AB : FE;
 B7AC : FE;
 B7AD : FE;
 B7AE : FE;
 B7AF : FE;
 B7B0 : FE;
 B7B1 : FE;
 B7B2 : FE;
 B7B3 : FE;
 B7B4 : FE;
 B7B5 : FE;
 B7B6 : FE;
 B7B7 : FE;
 B7B8 : FE;
 B7B9 : FE;
 B7BA : FE;
 B7BB : FE;
 B7BC : FE;
 B7BD : FE;
 B7BE : FE;
 B7BF : FE;
 B7C0 : FE;
 B7C1 : FE;
 B7C2 : FE;
 B7C3 : FE;
 B7C4 : FE;
 B7C5 : FE;
 B7C6 : FE;
 B7C7 : FE;
 B7C8 : FE;
 B7C9 : FE;
 B7CA : FE;
 B7CB : FE;
 B7CC : FE;
 B7CD : FE;
 B7CE : FE;
 B7CF : FE;
 B7D0 : FE;
 B7D1 : FE;
 B7D2 : FE;
 B7D3 : FE;
 B7D4 : FE;
 B7D5 : FE;
 B7D6 : FE;
 B7D7 : FE;
 B7D8 : FE;
 B7D9 : FE;
 B7DA : FE;
 B7DB : FE;
 B7DC : FE;
 B7DD : FE;
 B7DE : FE;
 B7DF : FE;
 B7E0 : FE;
 B7E1 : FE;
 B7E2 : FE;
 B7E3 : FE;
 B7E4 : FE;
 B7E5 : FE;
 B7E6 : FE;
 B7E7 : FE;
 B7E8 : FE;
 B7E9 : FE;
 B7EA : FE;
 B7EB : FE;
 B7EC : FE;
 B7ED : FE;
 B7EE : FE;
 B7EF : FE;
 B7F0 : FE;
 B7F1 : FE;
 B7F2 : FE;
 B7F3 : FE;
 B7F4 : FE;
 B7F5 : FE;
 B7F6 : FE;
 B7F7 : FE;
 B7F8 : FE;
 B7F9 : FE;
 B7FA : FE;
 B7FB : FE;
 B7FC : FE;
 B7FD : FE;
 B7FE : FE;
 B7FF : FE;
 B800 : FE;
 B801 : FE;
 B802 : FE;
 B803 : FE;
 B804 : FE;
 B805 : FE;
 B806 : FE;
 B807 : FE;
 B808 : FE;
 B809 : FE;
 B80A : FE;
 B80B : FE;
 B80C : FE;
 B80D : FE;
 B80E : FE;
 B80F : FE;
 B810 : FE;
 B811 : FE;
 B812 : FE;
 B813 : FE;
 B814 : FE;
 B815 : FE;
 B816 : FE;
 B817 : FE;
 B818 : FE;
 B819 : FE;
 B81A : FE;
 B81B : FE;
 B81C : FE;
 B81D : FE;
 B81E : FE;
 B81F : FE;
 B820 : FE;
 B821 : FE;
 B822 : FE;
 B823 : FE;
 B824 : FE;
 B825 : FE;
 B826 : FE;
 B827 : FE;
 B828 : FE;
 B829 : FE;
 B82A : FE;
 B82B : FE;
 B82C : FE;
 B82D : FE;
 B82E : FE;
 B82F : FE;
 B830 : FE;
 B831 : FE;
 B832 : FE;
 B833 : FE;
 B834 : FE;
 B835 : FE;
 B836 : FE;
 B837 : FE;
 B838 : FE;
 B839 : FE;
 B83A : FE;
 B83B : FE;
 B83C : FE;
 B83D : FE;
 B83E : FE;
 B83F : FE;
 B840 : F3;
 B841 : FA;
 B842 : FB;
 B843 : E0;
 B844 : 68;
 B845 : 43;
 B846 : 6A;
 B847 : 8E;
 B848 : C6;
 B849 : C7;
 B84A : C5;
 B84B : C1;
 B84C : B9;
 B84D : C7;
 B84E : B9;
 B84F : D4;
 B850 : C6;
 B851 : BA;
 B852 : 8C;
 B853 : 57;
 B854 : 45;
 B855 : 40;
 B856 : 1D;
 B857 : 13;
 B858 : 1D;
 B859 : 2B;
 B85A : 1E;
 B85B : 24;
 B85C : 2F;
 B85D : 38;
 B85E : 4B;
 B85F : 2E;
 B860 : 2E;
 B861 : 25;
 B862 : 3B;
 B863 : 2B;
 B864 : 25;
 B865 : 1C;
 B866 : 13;
 B867 : 0E;
 B868 : 11;
 B869 : 2E;
 B86A : 41;
 B86B : 3D;
 B86C : 6D;
 B86D : 7E;
 B86E : 8C;
 B86F : 6E;
 B870 : 6D;
 B871 : 72;
 B872 : 83;
 B873 : 99;
 B874 : AE;
 B875 : BF;
 B876 : C8;
 B877 : D1;
 B878 : BE;
 B879 : AB;
 B87A : F1;
 B87B : F5;
 B87C : FF;
 B87D : F5;
 B87E : FF;
 B87F : FE;
 B880 : FE;
 B881 : FE;
 B882 : FE;
 B883 : FE;
 B884 : FE;
 B885 : FE;
 B886 : FE;
 B887 : FE;
 B888 : FE;
 B889 : FE;
 B88A : FE;
 B88B : FE;
 B88C : FE;
 B88D : FE;
 B88E : FE;
 B88F : FE;
 B890 : FE;
 B891 : FE;
 B892 : FE;
 B893 : FE;
 B894 : FE;
 B895 : FE;
 B896 : FE;
 B897 : FE;
 B898 : FE;
 B899 : FE;
 B89A : FE;
 B89B : FE;
 B89C : FE;
 B89D : FE;
 B89E : FE;
 B89F : FE;
 B8A0 : FE;
 B8A1 : FE;
 B8A2 : FE;
 B8A3 : FE;
 B8A4 : FE;
 B8A5 : FE;
 B8A6 : FE;
 B8A7 : FE;
 B8A8 : FE;
 B8A9 : FE;
 B8AA : FE;
 B8AB : FE;
 B8AC : FE;
 B8AD : FE;
 B8AE : FE;
 B8AF : FE;
 B8B0 : FE;
 B8B1 : FE;
 B8B2 : FE;
 B8B3 : FE;
 B8B4 : FE;
 B8B5 : FE;
 B8B6 : FE;
 B8B7 : FE;
 B8B8 : FE;
 B8B9 : FE;
 B8BA : FE;
 B8BB : FE;
 B8BC : FE;
 B8BD : FE;
 B8BE : FE;
 B8BF : FE;
 B8C0 : FE;
 B8C1 : FE;
 B8C2 : FE;
 B8C3 : FE;
 B8C4 : FE;
 B8C5 : FE;
 B8C6 : FE;
 B8C7 : FE;
 B8C8 : FE;
 B8C9 : FE;
 B8CA : FE;
 B8CB : FE;
 B8CC : FE;
 B8CD : FE;
 B8CE : FE;
 B8CF : FE;
 B8D0 : FE;
 B8D1 : FE;
 B8D2 : FE;
 B8D3 : FE;
 B8D4 : FE;
 B8D5 : FE;
 B8D6 : FE;
 B8D7 : FE;
 B8D8 : FE;
 B8D9 : FE;
 B8DA : FE;
 B8DB : FE;
 B8DC : FE;
 B8DD : FE;
 B8DE : FE;
 B8DF : FE;
 B8E0 : FE;
 B8E1 : FE;
 B8E2 : FE;
 B8E3 : FE;
 B8E4 : FE;
 B8E5 : FE;
 B8E6 : FE;
 B8E7 : FE;
 B8E8 : FE;
 B8E9 : FE;
 B8EA : FE;
 B8EB : FE;
 B8EC : FE;
 B8ED : FE;
 B8EE : FE;
 B8EF : FE;
 B8F0 : FE;
 B8F1 : FE;
 B8F2 : FE;
 B8F3 : FE;
 B8F4 : FE;
 B8F5 : FE;
 B8F6 : FE;
 B8F7 : FE;
 B8F8 : FE;
 B8F9 : FE;
 B8FA : FE;
 B8FB : FE;
 B8FC : FE;
 B8FD : FE;
 B8FE : FE;
 B8FF : FE;
 B900 : FE;
 B901 : FE;
 B902 : FE;
 B903 : FE;
 B904 : FE;
 B905 : FE;
 B906 : FE;
 B907 : FE;
 B908 : FE;
 B909 : FE;
 B90A : FE;
 B90B : FE;
 B90C : FE;
 B90D : FE;
 B90E : FE;
 B90F : FE;
 B910 : FE;
 B911 : FE;
 B912 : FE;
 B913 : FE;
 B914 : FE;
 B915 : FE;
 B916 : FE;
 B917 : FE;
 B918 : FE;
 B919 : FE;
 B91A : FE;
 B91B : FE;
 B91C : FE;
 B91D : FE;
 B91E : FE;
 B91F : FE;
 B920 : FE;
 B921 : FE;
 B922 : FE;
 B923 : FE;
 B924 : FE;
 B925 : FE;
 B926 : FE;
 B927 : FE;
 B928 : FE;
 B929 : FE;
 B92A : FE;
 B92B : FE;
 B92C : FE;
 B92D : FE;
 B92E : FE;
 B92F : FE;
 B930 : FE;
 B931 : FE;
 B932 : FE;
 B933 : FE;
 B934 : FE;
 B935 : FE;
 B936 : FE;
 B937 : FE;
 B938 : FE;
 B939 : FE;
 B93A : FE;
 B93B : FE;
 B93C : FE;
 B93D : FE;
 B93E : FE;
 B93F : FE;
 B940 : FE;
 B941 : FE;
 B942 : FE;
 B943 : FE;
 B944 : FE;
 B945 : FE;
 B946 : FE;
 B947 : FE;
 B948 : FE;
 B949 : FE;
 B94A : FE;
 B94B : FE;
 B94C : FE;
 B94D : FE;
 B94E : FE;
 B94F : FE;
 B950 : FE;
 B951 : FE;
 B952 : FE;
 B953 : FE;
 B954 : FE;
 B955 : FE;
 B956 : FE;
 B957 : FE;
 B958 : FE;
 B959 : FE;
 B95A : FE;
 B95B : FE;
 B95C : FE;
 B95D : FE;
 B95E : FE;
 B95F : FE;
 B960 : FE;
 B961 : FE;
 B962 : FE;
 B963 : FE;
 B964 : FE;
 B965 : FE;
 B966 : FE;
 B967 : FE;
 B968 : FE;
 B969 : FE;
 B96A : FE;
 B96B : FE;
 B96C : FE;
 B96D : FE;
 B96E : FE;
 B96F : FE;
 B970 : FE;
 B971 : FE;
 B972 : FE;
 B973 : FE;
 B974 : FE;
 B975 : FE;
 B976 : FE;
 B977 : FE;
 B978 : FE;
 B979 : FE;
 B97A : FE;
 B97B : FE;
 B97C : FE;
 B97D : FE;
 B97E : FE;
 B97F : FE;
 B980 : F2;
 B981 : F9;
 B982 : FB;
 B983 : D8;
 B984 : 58;
 B985 : 39;
 B986 : 6C;
 B987 : 8C;
 B988 : BE;
 B989 : BB;
 B98A : BA;
 B98B : BB;
 B98C : B6;
 B98D : CA;
 B98E : C1;
 B98F : AC;
 B990 : BB;
 B991 : C9;
 B992 : A4;
 B993 : 73;
 B994 : A5;
 B995 : D8;
 B996 : C1;
 B997 : 96;
 B998 : 8F;
 B999 : 7C;
 B99A : 4E;
 B99B : 34;
 B99C : 24;
 B99D : 02;
 B99E : 03;
 B99F : 1C;
 B9A0 : 0B;
 B9A1 : 03;
 B9A2 : 26;
 B9A3 : 28;
 B9A4 : 48;
 B9A5 : 6E;
 B9A6 : 80;
 B9A7 : B9;
 B9A8 : C9;
 B9A9 : DD;
 B9AA : C9;
 B9AB : 80;
 B9AC : 85;
 B9AD : 65;
 B9AE : 4B;
 B9AF : 67;
 B9B0 : 6C;
 B9B1 : 77;
 B9B2 : 87;
 B9B3 : 9B;
 B9B4 : B3;
 B9B5 : C4;
 B9B6 : CD;
 B9B7 : CB;
 B9B8 : C4;
 B9B9 : B5;
 B9BA : E3;
 B9BB : FF;
 B9BC : FA;
 B9BD : FF;
 B9BE : FD;
 B9BF : FE;
 B9C0 : FE;
 B9C1 : FE;
 B9C2 : FE;
 B9C3 : FE;
 B9C4 : FE;
 B9C5 : FE;
 B9C6 : FE;
 B9C7 : FE;
 B9C8 : FE;
 B9C9 : FE;
 B9CA : FE;
 B9CB : FE;
 B9CC : FE;
 B9CD : FE;
 B9CE : FE;
 B9CF : FE;
 B9D0 : FE;
 B9D1 : FE;
 B9D2 : FE;
 B9D3 : FE;
 B9D4 : FE;
 B9D5 : FE;
 B9D6 : FE;
 B9D7 : FE;
 B9D8 : FE;
 B9D9 : FE;
 B9DA : FE;
 B9DB : FE;
 B9DC : FE;
 B9DD : FE;
 B9DE : FE;
 B9DF : FE;
 B9E0 : FE;
 B9E1 : FE;
 B9E2 : FE;
 B9E3 : FE;
 B9E4 : FE;
 B9E5 : FE;
 B9E6 : FE;
 B9E7 : FE;
 B9E8 : FE;
 B9E9 : FE;
 B9EA : FE;
 B9EB : FE;
 B9EC : FE;
 B9ED : FE;
 B9EE : FE;
 B9EF : FE;
 B9F0 : FE;
 B9F1 : FE;
 B9F2 : FE;
 B9F3 : FE;
 B9F4 : FE;
 B9F5 : FE;
 B9F6 : FE;
 B9F7 : FE;
 B9F8 : FE;
 B9F9 : FE;
 B9FA : FE;
 B9FB : FE;
 B9FC : FE;
 B9FD : FE;
 B9FE : FE;
 B9FF : FE;
 BA00 : FE;
 BA01 : FE;
 BA02 : FE;
 BA03 : FE;
 BA04 : FE;
 BA05 : FE;
 BA06 : FE;
 BA07 : FE;
 BA08 : FE;
 BA09 : FE;
 BA0A : FE;
 BA0B : FE;
 BA0C : FE;
 BA0D : FE;
 BA0E : FE;
 BA0F : FE;
 BA10 : FE;
 BA11 : FE;
 BA12 : FE;
 BA13 : FE;
 BA14 : FE;
 BA15 : FE;
 BA16 : FE;
 BA17 : FE;
 BA18 : FE;
 BA19 : FE;
 BA1A : FE;
 BA1B : FE;
 BA1C : FE;
 BA1D : FE;
 BA1E : FE;
 BA1F : FE;
 BA20 : FE;
 BA21 : FE;
 BA22 : FE;
 BA23 : FE;
 BA24 : FE;
 BA25 : FE;
 BA26 : FE;
 BA27 : FE;
 BA28 : FE;
 BA29 : FE;
 BA2A : FE;
 BA2B : FE;
 BA2C : FE;
 BA2D : FE;
 BA2E : FE;
 BA2F : FE;
 BA30 : FE;
 BA31 : FE;
 BA32 : FE;
 BA33 : FE;
 BA34 : FE;
 BA35 : FE;
 BA36 : FE;
 BA37 : FE;
 BA38 : FE;
 BA39 : FE;
 BA3A : FE;
 BA3B : FE;
 BA3C : FE;
 BA3D : FE;
 BA3E : FE;
 BA3F : FE;
 BA40 : FE;
 BA41 : FE;
 BA42 : FE;
 BA43 : FE;
 BA44 : FE;
 BA45 : FE;
 BA46 : FE;
 BA47 : FE;
 BA48 : FE;
 BA49 : FE;
 BA4A : FE;
 BA4B : FE;
 BA4C : FE;
 BA4D : FE;
 BA4E : FE;
 BA4F : FE;
 BA50 : FE;
 BA51 : FE;
 BA52 : FE;
 BA53 : FE;
 BA54 : FE;
 BA55 : FE;
 BA56 : FE;
 BA57 : FE;
 BA58 : FE;
 BA59 : FE;
 BA5A : FE;
 BA5B : FE;
 BA5C : FE;
 BA5D : FE;
 BA5E : FE;
 BA5F : FE;
 BA60 : FE;
 BA61 : FE;
 BA62 : FE;
 BA63 : FE;
 BA64 : FE;
 BA65 : FE;
 BA66 : FE;
 BA67 : FE;
 BA68 : FE;
 BA69 : FE;
 BA6A : FE;
 BA6B : FE;
 BA6C : FE;
 BA6D : FE;
 BA6E : FE;
 BA6F : FE;
 BA70 : FE;
 BA71 : FE;
 BA72 : FE;
 BA73 : FE;
 BA74 : FE;
 BA75 : FE;
 BA76 : FE;
 BA77 : FE;
 BA78 : FE;
 BA79 : FE;
 BA7A : FE;
 BA7B : FE;
 BA7C : FE;
 BA7D : FE;
 BA7E : FE;
 BA7F : FE;
 BA80 : FE;
 BA81 : FE;
 BA82 : FE;
 BA83 : FE;
 BA84 : FE;
 BA85 : FE;
 BA86 : FE;
 BA87 : FE;
 BA88 : FE;
 BA89 : FE;
 BA8A : FE;
 BA8B : FE;
 BA8C : FE;
 BA8D : FE;
 BA8E : FE;
 BA8F : FE;
 BA90 : FE;
 BA91 : FE;
 BA92 : FE;
 BA93 : FE;
 BA94 : FE;
 BA95 : FE;
 BA96 : FE;
 BA97 : FE;
 BA98 : FE;
 BA99 : FE;
 BA9A : FE;
 BA9B : FE;
 BA9C : FE;
 BA9D : FE;
 BA9E : FE;
 BA9F : FE;
 BAA0 : FE;
 BAA1 : FE;
 BAA2 : FE;
 BAA3 : FE;
 BAA4 : FE;
 BAA5 : FE;
 BAA6 : FE;
 BAA7 : FE;
 BAA8 : FE;
 BAA9 : FE;
 BAAA : FE;
 BAAB : FE;
 BAAC : FE;
 BAAD : FE;
 BAAE : FE;
 BAAF : FE;
 BAB0 : FE;
 BAB1 : FE;
 BAB2 : FE;
 BAB3 : FE;
 BAB4 : FE;
 BAB5 : FE;
 BAB6 : FE;
 BAB7 : FE;
 BAB8 : FE;
 BAB9 : FE;
 BABA : FE;
 BABB : FE;
 BABC : FE;
 BABD : FE;
 BABE : FE;
 BABF : FE;
 BAC0 : F5;
 BAC1 : FF;
 BAC2 : FF;
 BAC3 : E0;
 BAC4 : 63;
 BAC5 : 37;
 BAC6 : 5A;
 BAC7 : 87;
 BAC8 : B2;
 BAC9 : BF;
 BACA : C5;
 BACB : C6;
 BACC : BE;
 BACD : C1;
 BACE : C0;
 BACF : D0;
 BAD0 : BA;
 BAD1 : 9A;
 BAD2 : 5B;
 BAD3 : 21;
 BAD4 : 91;
 BAD5 : FE;
 BAD6 : FE;
 BAD7 : FE;
 BAD8 : FE;
 BAD9 : F9;
 BADA : E8;
 BADB : DD;
 BADC : BB;
 BADD : 44;
 BADE : 20;
 BADF : 05;
 BAE0 : 12;
 BAE1 : 36;
 BAE2 : C5;
 BAE3 : E2;
 BAE4 : F3;
 BAE5 : FD;
 BAE6 : FE;
 BAE7 : EF;
 BAE8 : FE;
 BAE9 : FF;
 BAEA : D2;
 BAEB : 5E;
 BAEC : 67;
 BAED : 63;
 BAEE : 63;
 BAEF : 5E;
 BAF0 : 6C;
 BAF1 : 7D;
 BAF2 : 8E;
 BAF3 : A3;
 BAF4 : B9;
 BAF5 : C8;
 BAF6 : CD;
 BAF7 : C0;
 BAF8 : CA;
 BAF9 : BB;
 BAFA : DC;
 BAFB : FE;
 BAFC : F8;
 BAFD : FE;
 BAFE : FA;
 BAFF : FE;
 BB00 : FE;
 BB01 : FE;
 BB02 : FE;
 BB03 : FE;
 BB04 : FE;
 BB05 : FE;
 BB06 : FE;
 BB07 : FE;
 BB08 : FE;
 BB09 : FE;
 BB0A : FE;
 BB0B : FE;
 BB0C : FE;
 BB0D : FE;
 BB0E : FE;
 BB0F : FE;
 BB10 : FE;
 BB11 : FE;
 BB12 : FE;
 BB13 : FE;
 BB14 : FE;
 BB15 : FE;
 BB16 : FE;
 BB17 : FE;
 BB18 : FE;
 BB19 : FE;
 BB1A : FE;
 BB1B : FE;
 BB1C : FE;
 BB1D : FE;
 BB1E : FE;
 BB1F : FE;
 BB20 : FE;
 BB21 : FE;
 BB22 : FE;
 BB23 : FE;
 BB24 : FE;
 BB25 : FE;
 BB26 : FE;
 BB27 : FE;
 BB28 : FE;
 BB29 : FE;
 BB2A : FE;
 BB2B : FE;
 BB2C : FE;
 BB2D : FE;
 BB2E : FE;
 BB2F : FE;
 BB30 : FE;
 BB31 : FE;
 BB32 : FE;
 BB33 : FE;
 BB34 : FE;
 BB35 : FE;
 BB36 : FE;
 BB37 : FE;
 BB38 : FE;
 BB39 : FE;
 BB3A : FE;
 BB3B : FE;
 BB3C : FE;
 BB3D : FE;
 BB3E : FE;
 BB3F : FE;
 BB40 : FE;
 BB41 : FE;
 BB42 : FE;
 BB43 : FE;
 BB44 : FE;
 BB45 : FE;
 BB46 : FE;
 BB47 : FE;
 BB48 : FE;
 BB49 : FE;
 BB4A : FE;
 BB4B : FE;
 BB4C : FE;
 BB4D : FE;
 BB4E : FE;
 BB4F : FE;
 BB50 : FE;
 BB51 : FE;
 BB52 : FE;
 BB53 : FE;
 BB54 : FE;
 BB55 : FE;
 BB56 : FE;
 BB57 : FE;
 BB58 : FE;
 BB59 : FE;
 BB5A : FE;
 BB5B : FE;
 BB5C : FE;
 BB5D : FE;
 BB5E : FE;
 BB5F : FE;
 BB60 : FE;
 BB61 : FE;
 BB62 : FE;
 BB63 : FE;
 BB64 : FE;
 BB65 : FE;
 BB66 : FE;
 BB67 : FE;
 BB68 : FE;
 BB69 : FE;
 BB6A : FE;
 BB6B : FE;
 BB6C : FE;
 BB6D : FE;
 BB6E : FE;
 BB6F : FE;
 BB70 : FE;
 BB71 : FE;
 BB72 : FE;
 BB73 : FE;
 BB74 : FE;
 BB75 : FE;
 BB76 : FE;
 BB77 : FE;
 BB78 : FE;
 BB79 : FE;
 BB7A : FE;
 BB7B : FE;
 BB7C : FE;
 BB7D : FE;
 BB7E : FE;
 BB7F : FE;
 BB80 : FE;
 BB81 : FE;
 BB82 : FE;
 BB83 : FE;
 BB84 : FE;
 BB85 : FE;
 BB86 : FE;
 BB87 : FE;
 BB88 : FE;
 BB89 : FE;
 BB8A : FE;
 BB8B : FE;
 BB8C : FE;
 BB8D : FE;
 BB8E : FE;
 BB8F : FE;
 BB90 : FE;
 BB91 : FE;
 BB92 : FE;
 BB93 : FE;
 BB94 : FE;
 BB95 : FE;
 BB96 : FE;
 BB97 : FE;
 BB98 : FE;
 BB99 : FE;
 BB9A : FE;
 BB9B : FE;
 BB9C : FE;
 BB9D : FE;
 BB9E : FE;
 BB9F : FE;
 BBA0 : FE;
 BBA1 : FE;
 BBA2 : FE;
 BBA3 : FE;
 BBA4 : FE;
 BBA5 : FE;
 BBA6 : FE;
 BBA7 : FE;
 BBA8 : FE;
 BBA9 : FE;
 BBAA : FE;
 BBAB : FE;
 BBAC : FE;
 BBAD : FE;
 BBAE : FE;
 BBAF : FE;
 BBB0 : FE;
 BBB1 : FE;
 BBB2 : FE;
 BBB3 : FE;
 BBB4 : FE;
 BBB5 : FE;
 BBB6 : FE;
 BBB7 : FE;
 BBB8 : FE;
 BBB9 : FE;
 BBBA : FE;
 BBBB : FE;
 BBBC : FE;
 BBBD : FE;
 BBBE : FE;
 BBBF : FE;
 BBC0 : FE;
 BBC1 : FE;
 BBC2 : FE;
 BBC3 : FE;
 BBC4 : FE;
 BBC5 : FE;
 BBC6 : FE;
 BBC7 : FE;
 BBC8 : FE;
 BBC9 : FE;
 BBCA : FE;
 BBCB : FE;
 BBCC : FE;
 BBCD : FE;
 BBCE : FE;
 BBCF : FE;
 BBD0 : FE;
 BBD1 : FE;
 BBD2 : FE;
 BBD3 : FE;
 BBD4 : FE;
 BBD5 : FE;
 BBD6 : FE;
 BBD7 : FE;
 BBD8 : FE;
 BBD9 : FE;
 BBDA : FE;
 BBDB : FE;
 BBDC : FE;
 BBDD : FE;
 BBDE : FE;
 BBDF : FE;
 BBE0 : FE;
 BBE1 : FE;
 BBE2 : FE;
 BBE3 : FE;
 BBE4 : FE;
 BBE5 : FE;
 BBE6 : FE;
 BBE7 : FE;
 BBE8 : FE;
 BBE9 : FE;
 BBEA : FE;
 BBEB : FE;
 BBEC : FE;
 BBED : FE;
 BBEE : FE;
 BBEF : FE;
 BBF0 : FE;
 BBF1 : FE;
 BBF2 : FE;
 BBF3 : FE;
 BBF4 : FE;
 BBF5 : FE;
 BBF6 : FE;
 BBF7 : FE;
 BBF8 : FE;
 BBF9 : FE;
 BBFA : FE;
 BBFB : FE;
 BBFC : FE;
 BBFD : FE;
 BBFE : FE;
 BBFF : FF;
 BC00 : F9;
 BC01 : FF;
 BC02 : FE;
 BC03 : EC;
 BC04 : 81;
 BC05 : 4C;
 BC06 : 53;
 BC07 : 75;
 BC08 : 96;
 BC09 : BF;
 BC0A : C9;
 BC0B : C8;
 BC0C : B8;
 BC0D : A1;
 BC0E : AD;
 BC0F : 7E;
 BC10 : 4E;
 BC11 : 33;
 BC12 : 1F;
 BC13 : 03;
 BC14 : 8B;
 BC15 : FE;
 BC16 : FE;
 BC17 : F0;
 BC18 : F3;
 BC19 : F9;
 BC1A : FE;
 BC1B : FE;
 BC1C : EA;
 BC1D : 4D;
 BC1E : 19;
 BC1F : 24;
 BC20 : 22;
 BC21 : 40;
 BC22 : E5;
 BC23 : F9;
 BC24 : FA;
 BC25 : FE;
 BC26 : F9;
 BC27 : F4;
 BC28 : F9;
 BC29 : FF;
 BC2A : E8;
 BC2B : 5F;
 BC2C : 54;
 BC2D : 48;
 BC2E : 53;
 BC2F : 59;
 BC30 : 6A;
 BC31 : 7D;
 BC32 : 92;
 BC33 : A9;
 BC34 : C0;
 BC35 : CB;
 BC36 : CB;
 BC37 : BC;
 BC38 : CF;
 BC39 : AE;
 BC3A : E4;
 BC3B : FF;
 BC3C : FC;
 BC3D : FF;
 BC3E : FD;
 BC3F : FE;
 BC40 : FE;
 BC41 : FE;
 BC42 : FE;
 BC43 : FE;
 BC44 : FE;
 BC45 : FE;
 BC46 : FE;
 BC47 : FE;
 BC48 : FE;
 BC49 : FE;
 BC4A : FE;
 BC4B : FE;
 BC4C : FE;
 BC4D : FE;
 BC4E : FE;
 BC4F : FE;
 BC50 : FE;
 BC51 : FE;
 BC52 : FE;
 BC53 : FE;
 BC54 : FE;
 BC55 : FE;
 BC56 : FE;
 BC57 : FE;
 BC58 : FE;
 BC59 : FE;
 BC5A : FE;
 BC5B : FE;
 BC5C : FE;
 BC5D : FE;
 BC5E : FE;
 BC5F : FE;
 BC60 : FE;
 BC61 : FE;
 BC62 : FE;
 BC63 : FE;
 BC64 : FE;
 BC65 : FE;
 BC66 : FE;
 BC67 : FE;
 BC68 : FE;
 BC69 : FE;
 BC6A : FE;
 BC6B : FE;
 BC6C : FE;
 BC6D : FE;
 BC6E : FE;
 BC6F : FE;
 BC70 : FE;
 BC71 : FE;
 BC72 : FE;
 BC73 : FE;
 BC74 : FE;
 BC75 : FE;
 BC76 : FE;
 BC77 : FE;
 BC78 : FE;
 BC79 : FE;
 BC7A : FE;
 BC7B : FE;
 BC7C : FE;
 BC7D : FE;
 BC7E : FE;
 BC7F : FE;
 BC80 : FE;
 BC81 : FE;
 BC82 : FE;
 BC83 : FE;
 BC84 : FE;
 BC85 : FE;
 BC86 : FE;
 BC87 : FE;
 BC88 : FE;
 BC89 : FE;
 BC8A : FE;
 BC8B : FE;
 BC8C : FE;
 BC8D : FE;
 BC8E : FE;
 BC8F : FE;
 BC90 : FE;
 BC91 : FE;
 BC92 : FE;
 BC93 : FE;
 BC94 : FE;
 BC95 : FE;
 BC96 : FE;
 BC97 : FE;
 BC98 : FE;
 BC99 : FE;
 BC9A : FE;
 BC9B : FE;
 BC9C : FE;
 BC9D : FE;
 BC9E : FE;
 BC9F : FE;
 BCA0 : FE;
 BCA1 : FE;
 BCA2 : FE;
 BCA3 : FE;
 BCA4 : FE;
 BCA5 : FE;
 BCA6 : FE;
 BCA7 : FE;
 BCA8 : FE;
 BCA9 : FE;
 BCAA : FE;
 BCAB : FE;
 BCAC : FE;
 BCAD : FE;
 BCAE : FE;
 BCAF : FE;
 BCB0 : FE;
 BCB1 : FE;
 BCB2 : FE;
 BCB3 : FE;
 BCB4 : FE;
 BCB5 : FE;
 BCB6 : FE;
 BCB7 : FE;
 BCB8 : FE;
 BCB9 : FE;
 BCBA : FE;
 BCBB : FE;
 BCBC : FE;
 BCBD : FE;
 BCBE : FE;
 BCBF : FE;
 BCC0 : FE;
 BCC1 : FE;
 BCC2 : FE;
 BCC3 : FE;
 BCC4 : FE;
 BCC5 : FE;
 BCC6 : FE;
 BCC7 : FE;
 BCC8 : FE;
 BCC9 : FE;
 BCCA : FE;
 BCCB : FE;
 BCCC : FE;
 BCCD : FE;
 BCCE : FE;
 BCCF : FE;
 BCD0 : FE;
 BCD1 : FE;
 BCD2 : FE;
 BCD3 : FE;
 BCD4 : FE;
 BCD5 : FE;
 BCD6 : FE;
 BCD7 : FE;
 BCD8 : FE;
 BCD9 : FE;
 BCDA : FE;
 BCDB : FE;
 BCDC : FE;
 BCDD : FE;
 BCDE : FE;
 BCDF : FE;
 BCE0 : FE;
 BCE1 : FE;
 BCE2 : FE;
 BCE3 : FE;
 BCE4 : FE;
 BCE5 : FE;
 BCE6 : FE;
 BCE7 : FE;
 BCE8 : FE;
 BCE9 : FE;
 BCEA : FE;
 BCEB : FE;
 BCEC : FE;
 BCED : FE;
 BCEE : FE;
 BCEF : FE;
 BCF0 : FE;
 BCF1 : FE;
 BCF2 : FE;
 BCF3 : FE;
 BCF4 : FE;
 BCF5 : FE;
 BCF6 : FE;
 BCF7 : FE;
 BCF8 : FE;
 BCF9 : FE;
 BCFA : FE;
 BCFB : FE;
 BCFC : FE;
 BCFD : FE;
 BCFE : FE;
 BCFF : FE;
 BD00 : FE;
 BD01 : FE;
 BD02 : FE;
 BD03 : FE;
 BD04 : FE;
 BD05 : FE;
 BD06 : FE;
 BD07 : FE;
 BD08 : FE;
 BD09 : FE;
 BD0A : FE;
 BD0B : FE;
 BD0C : FE;
 BD0D : FE;
 BD0E : FE;
 BD0F : FE;
 BD10 : FE;
 BD11 : FE;
 BD12 : FE;
 BD13 : FE;
 BD14 : FE;
 BD15 : FE;
 BD16 : FE;
 BD17 : FE;
 BD18 : FE;
 BD19 : FE;
 BD1A : FE;
 BD1B : FE;
 BD1C : FE;
 BD1D : FE;
 BD1E : FE;
 BD1F : FE;
 BD20 : FE;
 BD21 : FE;
 BD22 : FE;
 BD23 : FE;
 BD24 : FE;
 BD25 : FE;
 BD26 : FE;
 BD27 : FE;
 BD28 : FE;
 BD29 : FE;
 BD2A : FE;
 BD2B : FE;
 BD2C : FE;
 BD2D : FE;
 BD2E : FE;
 BD2F : FE;
 BD30 : FE;
 BD31 : FE;
 BD32 : FE;
 BD33 : FE;
 BD34 : FE;
 BD35 : FE;
 BD36 : FE;
 BD37 : FE;
 BD38 : FE;
 BD39 : FE;
 BD3A : FE;
 BD3B : FE;
 BD3C : FE;
 BD3D : FE;
 BD3E : FE;
 BD3F : FB;
 BD40 : F9;
 BD41 : FF;
 BD42 : F8;
 BD43 : F4;
 BD44 : 9E;
 BD45 : 68;
 BD46 : 5E;
 BD47 : 62;
 BD48 : 78;
 BD49 : AC;
 BD4A : B1;
 BD4B : AD;
 BD4C : A2;
 BD4D : 8A;
 BD4E : AA;
 BD4F : 91;
 BD50 : 3E;
 BD51 : 18;
 BD52 : 21;
 BD53 : 14;
 BD54 : 99;
 BD55 : FD;
 BD56 : F3;
 BD57 : FE;
 BD58 : FB;
 BD59 : F2;
 BD5A : EA;
 BD5B : ED;
 BD5C : DD;
 BD5D : 52;
 BD5E : 33;
 BD5F : 41;
 BD60 : 2F;
 BD61 : 3F;
 BD62 : E9;
 BD63 : F5;
 BD64 : EE;
 BD65 : F3;
 BD66 : EF;
 BD67 : FE;
 BD68 : EB;
 BD69 : F0;
 BD6A : E8;
 BD6B : 5F;
 BD6C : 42;
 BD6D : 25;
 BD6E : 32;
 BD6F : 65;
 BD70 : 72;
 BD71 : 83;
 BD72 : 96;
 BD73 : AE;
 BD74 : C4;
 BD75 : C9;
 BD76 : C3;
 BD77 : BD;
 BD78 : D1;
 BD79 : 9C;
 BD7A : ED;
 BD7B : FF;
 BD7C : FE;
 BD7D : F8;
 BD7E : FE;
 BD7F : FD;
 BD80 : FE;
 BD81 : FE;
 BD82 : FE;
 BD83 : FE;
 BD84 : FE;
 BD85 : FE;
 BD86 : FE;
 BD87 : FE;
 BD88 : FE;
 BD89 : FE;
 BD8A : FE;
 BD8B : FE;
 BD8C : FE;
 BD8D : FE;
 BD8E : FE;
 BD8F : FE;
 BD90 : FE;
 BD91 : FE;
 BD92 : FE;
 BD93 : FE;
 BD94 : FE;
 BD95 : FE;
 BD96 : FE;
 BD97 : FE;
 BD98 : FE;
 BD99 : FE;
 BD9A : FE;
 BD9B : FE;
 BD9C : FE;
 BD9D : FE;
 BD9E : FE;
 BD9F : FE;
 BDA0 : FE;
 BDA1 : FE;
 BDA2 : FE;
 BDA3 : FE;
 BDA4 : FE;
 BDA5 : FE;
 BDA6 : FE;
 BDA7 : FE;
 BDA8 : FE;
 BDA9 : FE;
 BDAA : FE;
 BDAB : FE;
 BDAC : FE;
 BDAD : FE;
 BDAE : FE;
 BDAF : FE;
 BDB0 : FE;
 BDB1 : FE;
 BDB2 : FE;
 BDB3 : FE;
 BDB4 : FE;
 BDB5 : FE;
 BDB6 : FE;
 BDB7 : FE;
 BDB8 : FE;
 BDB9 : FE;
 BDBA : FE;
 BDBB : FE;
 BDBC : FE;
 BDBD : FE;
 BDBE : FE;
 BDBF : FE;
 BDC0 : FE;
 BDC1 : FE;
 BDC2 : FE;
 BDC3 : FE;
 BDC4 : FE;
 BDC5 : FE;
 BDC6 : FE;
 BDC7 : FE;
 BDC8 : FE;
 BDC9 : FE;
 BDCA : FE;
 BDCB : FE;
 BDCC : FE;
 BDCD : FE;
 BDCE : FE;
 BDCF : FE;
 BDD0 : FE;
 BDD1 : FE;
 BDD2 : FE;
 BDD3 : FE;
 BDD4 : FE;
 BDD5 : FE;
 BDD6 : FE;
 BDD7 : FE;
 BDD8 : FE;
 BDD9 : FE;
 BDDA : FE;
 BDDB : FE;
 BDDC : FE;
 BDDD : FE;
 BDDE : FE;
 BDDF : FE;
 BDE0 : FE;
 BDE1 : FE;
 BDE2 : FE;
 BDE3 : FE;
 BDE4 : FE;
 BDE5 : FE;
 BDE6 : FE;
 BDE7 : FE;
 BDE8 : FE;
 BDE9 : FE;
 BDEA : FE;
 BDEB : FE;
 BDEC : FE;
 BDED : FE;
 BDEE : FE;
 BDEF : FE;
 BDF0 : FE;
 BDF1 : FE;
 BDF2 : FE;
 BDF3 : FE;
 BDF4 : FE;
 BDF5 : FE;
 BDF6 : FE;
 BDF7 : FE;
 BDF8 : FE;
 BDF9 : FE;
 BDFA : FE;
 BDFB : FE;
 BDFC : FE;
 BDFD : FE;
 BDFE : FE;
 BDFF : FE;
 BE00 : FE;
 BE01 : FE;
 BE02 : FE;
 BE03 : FE;
 BE04 : FE;
 BE05 : FE;
 BE06 : FE;
 BE07 : FE;
 BE08 : FE;
 BE09 : FE;
 BE0A : FE;
 BE0B : FE;
 BE0C : FE;
 BE0D : FE;
 BE0E : FE;
 BE0F : FE;
 BE10 : FE;
 BE11 : FE;
 BE12 : FE;
 BE13 : FE;
 BE14 : FE;
 BE15 : FE;
 BE16 : FE;
 BE17 : FE;
 BE18 : FE;
 BE19 : FE;
 BE1A : FE;
 BE1B : FE;
 BE1C : FE;
 BE1D : FE;
 BE1E : FE;
 BE1F : FE;
 BE20 : FE;
 BE21 : FE;
 BE22 : FE;
 BE23 : FE;
 BE24 : FE;
 BE25 : FE;
 BE26 : FE;
 BE27 : FE;
 BE28 : FE;
 BE29 : FE;
 BE2A : FE;
 BE2B : FE;
 BE2C : FE;
 BE2D : FE;
 BE2E : FE;
 BE2F : FE;
 BE30 : FE;
 BE31 : FE;
 BE32 : FE;
 BE33 : FE;
 BE34 : FE;
 BE35 : FE;
 BE36 : FE;
 BE37 : FE;
 BE38 : FE;
 BE39 : FE;
 BE3A : FE;
 BE3B : FE;
 BE3C : FE;
 BE3D : FE;
 BE3E : FE;
 BE3F : FE;
 BE40 : FE;
 BE41 : FE;
 BE42 : FE;
 BE43 : FE;
 BE44 : FE;
 BE45 : FE;
 BE46 : FE;
 BE47 : FE;
 BE48 : FE;
 BE49 : FE;
 BE4A : FE;
 BE4B : FE;
 BE4C : FE;
 BE4D : FE;
 BE4E : FE;
 BE4F : FE;
 BE50 : FE;
 BE51 : FE;
 BE52 : FE;
 BE53 : FE;
 BE54 : FE;
 BE55 : FE;
 BE56 : FE;
 BE57 : FE;
 BE58 : FE;
 BE59 : FE;
 BE5A : FE;
 BE5B : FE;
 BE5C : FE;
 BE5D : FE;
 BE5E : FE;
 BE5F : FE;
 BE60 : FE;
 BE61 : FE;
 BE62 : FE;
 BE63 : FE;
 BE64 : FE;
 BE65 : FE;
 BE66 : FE;
 BE67 : FE;
 BE68 : FE;
 BE69 : FE;
 BE6A : FE;
 BE6B : FE;
 BE6C : FE;
 BE6D : FE;
 BE6E : FE;
 BE6F : FE;
 BE70 : FE;
 BE71 : FE;
 BE72 : FE;
 BE73 : FE;
 BE74 : FE;
 BE75 : FE;
 BE76 : FE;
 BE77 : FE;
 BE78 : FE;
 BE79 : FE;
 BE7A : FE;
 BE7B : FE;
 BE7C : FE;
 BE7D : FE;
 BE7E : FE;
 BE7F : F7;
 BE80 : FC;
 BE81 : FF;
 BE82 : F6;
 BE83 : FE;
 BE84 : 95;
 BE85 : 4E;
 BE86 : 77;
 BE87 : 6D;
 BE88 : 5D;
 BE89 : 83;
 BE8A : A6;
 BE8B : 90;
 BE8C : 94;
 BE8D : DC;
 BE8E : F9;
 BE8F : B8;
 BE90 : 3C;
 BE91 : 49;
 BE92 : 2E;
 BE93 : 29;
 BE94 : 6A;
 BE95 : 99;
 BE96 : 79;
 BE97 : 76;
 BE98 : 62;
 BE99 : 59;
 BE9A : 55;
 BE9B : 3A;
 BE9C : 4C;
 BE9D : 11;
 BE9E : 2E;
 BE9F : 2C;
 BEA0 : 2A;
 BEA1 : 36;
 BEA2 : 35;
 BEA3 : 38;
 BEA4 : 67;
 BEA5 : 5A;
 BEA6 : 71;
 BEA7 : 64;
 BEA8 : 8F;
 BEA9 : 79;
 BEAA : 94;
 BEAB : 5C;
 BEAC : 41;
 BEAD : 3A;
 BEAE : 32;
 BEAF : A9;
 BEB0 : FD;
 BEB1 : CF;
 BEB2 : AE;
 BEB3 : 9D;
 BEB4 : AF;
 BEB5 : DF;
 BEB6 : BE;
 BEB7 : D4;
 BEB8 : 78;
 BEB9 : 92;
 BEBA : F7;
 BEBB : F4;
 BEBC : FE;
 BEBD : FD;
 BEBE : FE;
 BEBF : FD;
 BEC0 : FE;
 BEC1 : FE;
 BEC2 : FE;
 BEC3 : FE;
 BEC4 : FE;
 BEC5 : FE;
 BEC6 : FE;
 BEC7 : FE;
 BEC8 : FE;
 BEC9 : FE;
 BECA : FE;
 BECB : FE;
 BECC : FE;
 BECD : FE;
 BECE : FE;
 BECF : FE;
 BED0 : FE;
 BED1 : FE;
 BED2 : FE;
 BED3 : FE;
 BED4 : FE;
 BED5 : FE;
 BED6 : FE;
 BED7 : FE;
 BED8 : FE;
 BED9 : FE;
 BEDA : FE;
 BEDB : FE;
 BEDC : FE;
 BEDD : FE;
 BEDE : FE;
 BEDF : FE;
 BEE0 : FE;
 BEE1 : FE;
 BEE2 : FE;
 BEE3 : FE;
 BEE4 : FE;
 BEE5 : FE;
 BEE6 : FE;
 BEE7 : FE;
 BEE8 : FE;
 BEE9 : FE;
 BEEA : FE;
 BEEB : FE;
 BEEC : FE;
 BEED : FE;
 BEEE : FE;
 BEEF : FE;
 BEF0 : FE;
 BEF1 : FE;
 BEF2 : FE;
 BEF3 : FE;
 BEF4 : FE;
 BEF5 : FE;
 BEF6 : FE;
 BEF7 : FE;
 BEF8 : FE;
 BEF9 : FE;
 BEFA : FE;
 BEFB : FE;
 BEFC : FE;
 BEFD : FE;
 BEFE : FE;
 BEFF : FE;
 BF00 : FE;
 BF01 : FE;
 BF02 : FE;
 BF03 : FE;
 BF04 : FE;
 BF05 : FE;
 BF06 : FE;
 BF07 : FE;
 BF08 : FE;
 BF09 : FE;
 BF0A : FE;
 BF0B : FE;
 BF0C : FE;
 BF0D : FE;
 BF0E : FE;
 BF0F : FE;
 BF10 : FE;
 BF11 : FE;
 BF12 : FE;
 BF13 : FE;
 BF14 : FE;
 BF15 : FE;
 BF16 : FE;
 BF17 : FE;
 BF18 : FE;
 BF19 : FE;
 BF1A : FE;
 BF1B : FE;
 BF1C : FE;
 BF1D : FE;
 BF1E : FE;
 BF1F : FE;
 BF20 : FE;
 BF21 : FE;
 BF22 : FE;
 BF23 : FE;
 BF24 : FE;
 BF25 : FE;
 BF26 : FE;
 BF27 : FE;
 BF28 : FE;
 BF29 : FE;
 BF2A : FE;
 BF2B : FE;
 BF2C : FE;
 BF2D : FE;
 BF2E : FE;
 BF2F : FE;
 BF30 : FE;
 BF31 : FE;
 BF32 : FE;
 BF33 : FE;
 BF34 : FE;
 BF35 : FE;
 BF36 : FE;
 BF37 : FE;
 BF38 : FE;
 BF39 : FE;
 BF3A : FE;
 BF3B : FE;
 BF3C : FE;
 BF3D : FE;
 BF3E : FE;
 BF3F : FE;
 BF40 : FE;
 BF41 : FE;
 BF42 : FE;
 BF43 : FE;
 BF44 : FE;
 BF45 : FE;
 BF46 : FE;
 BF47 : FE;
 BF48 : FE;
 BF49 : FE;
 BF4A : FE;
 BF4B : FE;
 BF4C : FE;
 BF4D : FE;
 BF4E : FE;
 BF4F : FE;
 BF50 : FE;
 BF51 : FE;
 BF52 : FE;
 BF53 : FE;
 BF54 : FE;
 BF55 : FE;
 BF56 : FE;
 BF57 : FE;
 BF58 : FE;
 BF59 : FE;
 BF5A : FE;
 BF5B : FE;
 BF5C : FE;
 BF5D : FE;
 BF5E : FE;
 BF5F : FE;
 BF60 : FE;
 BF61 : FE;
 BF62 : FE;
 BF63 : FE;
 BF64 : FE;
 BF65 : FE;
 BF66 : FE;
 BF67 : FE;
 BF68 : FE;
 BF69 : FE;
 BF6A : FE;
 BF6B : FE;
 BF6C : FE;
 BF6D : FE;
 BF6E : FE;
 BF6F : FE;
 BF70 : FE;
 BF71 : FE;
 BF72 : FE;
 BF73 : FE;
 BF74 : FE;
 BF75 : FE;
 BF76 : FE;
 BF77 : FE;
 BF78 : FE;
 BF79 : FE;
 BF7A : FE;
 BF7B : FE;
 BF7C : FE;
 BF7D : FE;
 BF7E : FE;
 BF7F : FE;
 BF80 : FE;
 BF81 : FE;
 BF82 : FE;
 BF83 : FE;
 BF84 : FE;
 BF85 : FE;
 BF86 : FE;
 BF87 : FE;
 BF88 : FE;
 BF89 : FE;
 BF8A : FE;
 BF8B : FE;
 BF8C : FE;
 BF8D : FE;
 BF8E : FE;
 BF8F : FE;
 BF90 : FE;
 BF91 : FE;
 BF92 : FE;
 BF93 : FE;
 BF94 : FE;
 BF95 : FE;
 BF96 : FE;
 BF97 : FE;
 BF98 : FE;
 BF99 : FE;
 BF9A : FE;
 BF9B : FE;
 BF9C : FE;
 BF9D : FE;
 BF9E : FE;
 BF9F : FE;
 BFA0 : FE;
 BFA1 : FE;
 BFA2 : FE;
 BFA3 : FE;
 BFA4 : FE;
 BFA5 : FE;
 BFA6 : FE;
 BFA7 : FE;
 BFA8 : FE;
 BFA9 : FE;
 BFAA : FE;
 BFAB : FE;
 BFAC : FE;
 BFAD : FE;
 BFAE : FE;
 BFAF : FE;
 BFB0 : FE;
 BFB1 : FE;
 BFB2 : FE;
 BFB3 : FE;
 BFB4 : FE;
 BFB5 : FE;
 BFB6 : FE;
 BFB7 : FE;
 BFB8 : FE;
 BFB9 : FE;
 BFBA : FE;
 BFBB : FE;
 BFBC : FE;
 BFBD : FE;
 BFBE : FE;
 BFBF : FF;
 BFC0 : F7;
 BFC1 : F9;
 BFC2 : F7;
 BFC3 : FF;
 BFC4 : BF;
 BFC5 : 57;
 BFC6 : 5F;
 BFC7 : 5D;
 BFC8 : 69;
 BFC9 : 67;
 BFCA : 56;
 BFCB : 7C;
 BFCC : 91;
 BFCD : 7F;
 BFCE : 37;
 BFCF : 31;
 BFD0 : 25;
 BFD1 : 36;
 BFD2 : 24;
 BFD3 : 35;
 BFD4 : 26;
 BFD5 : 1E;
 BFD6 : 27;
 BFD7 : 0E;
 BFD8 : 44;
 BFD9 : 44;
 BFDA : 60;
 BFDB : 48;
 BFDC : 5A;
 BFDD : 3E;
 BFDE : 28;
 BFDF : 3E;
 BFE0 : 4C;
 BFE1 : 54;
 BFE2 : 68;
 BFE3 : 63;
 BFE4 : 68;
 BFE5 : 4F;
 BFE6 : 57;
 BFE7 : 4E;
 BFE8 : 4D;
 BFE9 : 4F;
 BFEA : 48;
 BFEB : 3E;
 BFEC : 3B;
 BFED : 4C;
 BFEE : 45;
 BFEF : 5E;
 BFF0 : C8;
 BFF1 : BF;
 BFF2 : CE;
 BFF3 : 89;
 BFF4 : BD;
 BFF5 : A5;
 BFF6 : BB;
 BFF7 : 74;
 BFF8 : 43;
 BFF9 : 9C;
 BFFA : FB;
 BFFB : F5;
 BFFC : FE;
 BFFD : F9;
 BFFE : F9;
 BFFF : FD;
 C000 : FE;
 C001 : FE;
 C002 : FE;
 C003 : FE;
 C004 : FE;
 C005 : FE;
 C006 : FE;
 C007 : FE;
 C008 : FE;
 C009 : FE;
 C00A : FE;
 C00B : FE;
 C00C : FE;
 C00D : FE;
 C00E : FE;
 C00F : FE;
 C010 : FE;
 C011 : FE;
 C012 : FE;
 C013 : FE;
 C014 : FE;
 C015 : FE;
 C016 : FE;
 C017 : FE;
 C018 : FE;
 C019 : FE;
 C01A : FE;
 C01B : FE;
 C01C : FE;
 C01D : FE;
 C01E : FE;
 C01F : FE;
 C020 : FE;
 C021 : FE;
 C022 : FE;
 C023 : FE;
 C024 : FE;
 C025 : FE;
 C026 : FE;
 C027 : FE;
 C028 : FE;
 C029 : FE;
 C02A : FE;
 C02B : FE;
 C02C : FE;
 C02D : FE;
 C02E : FE;
 C02F : FE;
 C030 : FE;
 C031 : FE;
 C032 : FE;
 C033 : FE;
 C034 : FE;
 C035 : FE;
 C036 : FE;
 C037 : FE;
 C038 : FE;
 C039 : FE;
 C03A : FE;
 C03B : FE;
 C03C : FE;
 C03D : FE;
 C03E : FE;
 C03F : FE;
 C040 : FE;
 C041 : FE;
 C042 : FE;
 C043 : FE;
 C044 : FE;
 C045 : FE;
 C046 : FE;
 C047 : FE;
 C048 : FE;
 C049 : FE;
 C04A : FE;
 C04B : FE;
 C04C : FE;
 C04D : FE;
 C04E : FE;
 C04F : FE;
 C050 : FE;
 C051 : FE;
 C052 : FE;
 C053 : FE;
 C054 : FE;
 C055 : FE;
 C056 : FE;
 C057 : FE;
 C058 : FE;
 C059 : FE;
 C05A : FE;
 C05B : FE;
 C05C : FE;
 C05D : FE;
 C05E : FE;
 C05F : FE;
 C060 : FE;
 C061 : FE;
 C062 : FE;
 C063 : FE;
 C064 : FE;
 C065 : FE;
 C066 : FE;
 C067 : FE;
 C068 : FE;
 C069 : FE;
 C06A : FE;
 C06B : FE;
 C06C : FE;
 C06D : FE;
 C06E : FE;
 C06F : FE;
 C070 : FE;
 C071 : FE;
 C072 : FE;
 C073 : FE;
 C074 : FE;
 C075 : FE;
 C076 : FE;
 C077 : FE;
 C078 : FE;
 C079 : FE;
 C07A : FE;
 C07B : FE;
 C07C : FE;
 C07D : FE;
 C07E : FE;
 C07F : FE;
 C080 : FE;
 C081 : FE;
 C082 : FE;
 C083 : FE;
 C084 : FE;
 C085 : FE;
 C086 : FE;
 C087 : FE;
 C088 : FE;
 C089 : FE;
 C08A : FE;
 C08B : FE;
 C08C : FE;
 C08D : FE;
 C08E : FE;
 C08F : FE;
 C090 : FE;
 C091 : FE;
 C092 : FE;
 C093 : FE;
 C094 : FE;
 C095 : FE;
 C096 : FE;
 C097 : FE;
 C098 : FE;
 C099 : FE;
 C09A : FE;
 C09B : FE;
 C09C : FE;
 C09D : FE;
 C09E : FE;
 C09F : FE;
 C0A0 : FE;
 C0A1 : FE;
 C0A2 : FE;
 C0A3 : FE;
 C0A4 : FE;
 C0A5 : FE;
 C0A6 : FE;
 C0A7 : FE;
 C0A8 : FE;
 C0A9 : FE;
 C0AA : FE;
 C0AB : FE;
 C0AC : FE;
 C0AD : FE;
 C0AE : FE;
 C0AF : FE;
 C0B0 : FE;
 C0B1 : FE;
 C0B2 : FE;
 C0B3 : FE;
 C0B4 : FE;
 C0B5 : FE;
 C0B6 : FE;
 C0B7 : FE;
 C0B8 : FE;
 C0B9 : FE;
 C0BA : FE;
 C0BB : FE;
 C0BC : FE;
 C0BD : FE;
 C0BE : FE;
 C0BF : FE;
 C0C0 : FE;
 C0C1 : FE;
 C0C2 : FE;
 C0C3 : FE;
 C0C4 : FE;
 C0C5 : FE;
 C0C6 : FE;
 C0C7 : FE;
 C0C8 : FE;
 C0C9 : FE;
 C0CA : FE;
 C0CB : FE;
 C0CC : FE;
 C0CD : FE;
 C0CE : FE;
 C0CF : FE;
 C0D0 : FE;
 C0D1 : FE;
 C0D2 : FE;
 C0D3 : FE;
 C0D4 : FE;
 C0D5 : FE;
 C0D6 : FE;
 C0D7 : FE;
 C0D8 : FE;
 C0D9 : FE;
 C0DA : FE;
 C0DB : FE;
 C0DC : FE;
 C0DD : FE;
 C0DE : FE;
 C0DF : FE;
 C0E0 : FE;
 C0E1 : FE;
 C0E2 : FE;
 C0E3 : FE;
 C0E4 : FE;
 C0E5 : FE;
 C0E6 : FE;
 C0E7 : FE;
 C0E8 : FE;
 C0E9 : FE;
 C0EA : FE;
 C0EB : FE;
 C0EC : FE;
 C0ED : FE;
 C0EE : FE;
 C0EF : FE;
 C0F0 : FE;
 C0F1 : FE;
 C0F2 : FE;
 C0F3 : FE;
 C0F4 : FE;
 C0F5 : FE;
 C0F6 : FE;
 C0F7 : FE;
 C0F8 : FE;
 C0F9 : FE;
 C0FA : FE;
 C0FB : FE;
 C0FC : FE;
 C0FD : FE;
 C0FE : FE;
 C0FF : FF;
 C100 : F7;
 C101 : F9;
 C102 : F7;
 C103 : FF;
 C104 : E9;
 C105 : 6E;
 C106 : 61;
 C107 : 4A;
 C108 : 54;
 C109 : 3B;
 C10A : 14;
 C10B : 26;
 C10C : 1D;
 C10D : 18;
 C10E : 27;
 C10F : 21;
 C110 : 42;
 C111 : 5B;
 C112 : 6E;
 C113 : 80;
 C114 : 5A;
 C115 : 64;
 C116 : 7F;
 C117 : 58;
 C118 : 9B;
 C119 : 57;
 C11A : 6D;
 C11B : 5F;
 C11C : 83;
 C11D : 73;
 C11E : 18;
 C11F : 6D;
 C120 : 80;
 C121 : 6C;
 C122 : 98;
 C123 : 94;
 C124 : 7E;
 C125 : 81;
 C126 : 8E;
 C127 : 5E;
 C128 : A4;
 C129 : AB;
 C12A : 92;
 C12B : 5A;
 C12C : 5B;
 C12D : 71;
 C12E : 38;
 C12F : 56;
 C130 : 54;
 C131 : 3D;
 C132 : 32;
 C133 : 49;
 C134 : 38;
 C135 : 31;
 C136 : 34;
 C137 : 22;
 C138 : 27;
 C139 : C1;
 C13A : FC;
 C13B : F8;
 C13C : FE;
 C13D : FC;
 C13E : FD;
 C13F : FD;
 C140 : FE;
 C141 : FE;
 C142 : FE;
 C143 : FE;
 C144 : FE;
 C145 : FE;
 C146 : FE;
 C147 : FE;
 C148 : FE;
 C149 : FE;
 C14A : FE;
 C14B : FE;
 C14C : FE;
 C14D : FE;
 C14E : FE;
 C14F : FE;
 C150 : FE;
 C151 : FE;
 C152 : FE;
 C153 : FE;
 C154 : FE;
 C155 : FE;
 C156 : FE;
 C157 : FE;
 C158 : FE;
 C159 : FE;
 C15A : FE;
 C15B : FE;
 C15C : FE;
 C15D : FE;
 C15E : FE;
 C15F : FE;
 C160 : FE;
 C161 : FE;
 C162 : FE;
 C163 : FE;
 C164 : FE;
 C165 : FE;
 C166 : FE;
 C167 : FE;
 C168 : FE;
 C169 : FE;
 C16A : FE;
 C16B : FE;
 C16C : FE;
 C16D : FE;
 C16E : FE;
 C16F : FE;
 C170 : FE;
 C171 : FE;
 C172 : FE;
 C173 : FE;
 C174 : FE;
 C175 : FE;
 C176 : FE;
 C177 : FE;
 C178 : FE;
 C179 : FE;
 C17A : FE;
 C17B : FE;
 C17C : FE;
 C17D : FE;
 C17E : FE;
 C17F : FE;
 C180 : FE;
 C181 : FE;
 C182 : FE;
 C183 : FE;
 C184 : FE;
 C185 : FE;
 C186 : FE;
 C187 : FE;
 C188 : FE;
 C189 : FE;
 C18A : FE;
 C18B : FE;
 C18C : FE;
 C18D : FE;
 C18E : FE;
 C18F : FE;
 C190 : FE;
 C191 : FE;
 C192 : FE;
 C193 : FE;
 C194 : FE;
 C195 : FE;
 C196 : FE;
 C197 : FE;
 C198 : FE;
 C199 : FE;
 C19A : FE;
 C19B : FE;
 C19C : FE;
 C19D : FE;
 C19E : FE;
 C19F : FE;
 C1A0 : FE;
 C1A1 : FE;
 C1A2 : FE;
 C1A3 : FE;
 C1A4 : FE;
 C1A5 : FE;
 C1A6 : FE;
 C1A7 : FE;
 C1A8 : FE;
 C1A9 : FE;
 C1AA : FE;
 C1AB : FE;
 C1AC : FE;
 C1AD : FE;
 C1AE : FE;
 C1AF : FE;
 C1B0 : FE;
 C1B1 : FE;
 C1B2 : FE;
 C1B3 : FE;
 C1B4 : FE;
 C1B5 : FE;
 C1B6 : FE;
 C1B7 : FE;
 C1B8 : FE;
 C1B9 : FE;
 C1BA : FE;
 C1BB : FE;
 C1BC : FE;
 C1BD : FE;
 C1BE : FE;
 C1BF : FE;
 C1C0 : FE;
 C1C1 : FE;
 C1C2 : FE;
 C1C3 : FE;
 C1C4 : FE;
 C1C5 : FE;
 C1C6 : FE;
 C1C7 : FE;
 C1C8 : FE;
 C1C9 : FE;
 C1CA : FE;
 C1CB : FE;
 C1CC : FE;
 C1CD : FE;
 C1CE : FE;
 C1CF : FE;
 C1D0 : FE;
 C1D1 : FE;
 C1D2 : FE;
 C1D3 : FE;
 C1D4 : FE;
 C1D5 : FE;
 C1D6 : FE;
 C1D7 : FE;
 C1D8 : FE;
 C1D9 : FE;
 C1DA : FE;
 C1DB : FE;
 C1DC : FE;
 C1DD : FE;
 C1DE : FE;
 C1DF : FE;
 C1E0 : FE;
 C1E1 : FE;
 C1E2 : FE;
 C1E3 : FE;
 C1E4 : FE;
 C1E5 : FE;
 C1E6 : FE;
 C1E7 : FE;
 C1E8 : FE;
 C1E9 : FE;
 C1EA : FE;
 C1EB : FE;
 C1EC : FE;
 C1ED : FE;
 C1EE : FE;
 C1EF : FE;
 C1F0 : FE;
 C1F1 : FE;
 C1F2 : FE;
 C1F3 : FE;
 C1F4 : FE;
 C1F5 : FE;
 C1F6 : FE;
 C1F7 : FE;
 C1F8 : FE;
 C1F9 : FE;
 C1FA : FE;
 C1FB : FE;
 C1FC : FE;
 C1FD : FE;
 C1FE : FE;
 C1FF : FE;
 C200 : FE;
 C201 : FE;
 C202 : FE;
 C203 : FE;
 C204 : FE;
 C205 : FE;
 C206 : FE;
 C207 : FE;
 C208 : FE;
 C209 : FE;
 C20A : FE;
 C20B : FE;
 C20C : FE;
 C20D : FE;
 C20E : FE;
 C20F : FE;
 C210 : FE;
 C211 : FE;
 C212 : FE;
 C213 : FE;
 C214 : FE;
 C215 : FE;
 C216 : FE;
 C217 : FE;
 C218 : FE;
 C219 : FE;
 C21A : FE;
 C21B : FE;
 C21C : FE;
 C21D : FE;
 C21E : FE;
 C21F : FE;
 C220 : FE;
 C221 : FE;
 C222 : FE;
 C223 : FE;
 C224 : FE;
 C225 : FE;
 C226 : FE;
 C227 : FE;
 C228 : FE;
 C229 : FE;
 C22A : FE;
 C22B : FE;
 C22C : FE;
 C22D : FE;
 C22E : FE;
 C22F : FE;
 C230 : FE;
 C231 : FE;
 C232 : FE;
 C233 : FE;
 C234 : FE;
 C235 : FE;
 C236 : FE;
 C237 : FE;
 C238 : FE;
 C239 : FE;
 C23A : FE;
 C23B : FE;
 C23C : FE;
 C23D : FE;
 C23E : FE;
 C23F : FF;
 C240 : FB;
 C241 : FF;
 C242 : FB;
 C243 : F8;
 C244 : FB;
 C245 : 8B;
 C246 : 7B;
 C247 : 8A;
 C248 : 69;
 C249 : 4F;
 C24A : 75;
 C24B : 71;
 C24C : 52;
 C24D : 38;
 C24E : 7F;
 C24F : 8E;
 C250 : 6A;
 C251 : 78;
 C252 : A1;
 C253 : 63;
 C254 : 3E;
 C255 : 7E;
 C256 : 66;
 C257 : 2F;
 C258 : 72;
 C259 : 15;
 C25A : 27;
 C25B : 2C;
 C25C : 81;
 C25D : 8C;
 C25E : 3C;
 C25F : 53;
 C260 : 60;
 C261 : 2E;
 C262 : 75;
 C263 : 73;
 C264 : 50;
 C265 : 7D;
 C266 : 91;
 C267 : 31;
 C268 : 83;
 C269 : 3F;
 C26A : 80;
 C26B : 50;
 C26C : 85;
 C26D : 94;
 C26E : 3B;
 C26F : 7D;
 C270 : 76;
 C271 : 4F;
 C272 : 76;
 C273 : 6C;
 C274 : 2C;
 C275 : 12;
 C276 : 1C;
 C277 : 11;
 C278 : 3C;
 C279 : E8;
 C27A : FC;
 C27B : F5;
 C27C : FE;
 C27D : FE;
 C27E : FE;
 C27F : FD;
 C280 : FE;
 C281 : FE;
 C282 : FE;
 C283 : FE;
 C284 : FE;
 C285 : FE;
 C286 : FE;
 C287 : FE;
 C288 : FE;
 C289 : FE;
 C28A : FE;
 C28B : FE;
 C28C : FE;
 C28D : FE;
 C28E : FE;
 C28F : FE;
 C290 : FE;
 C291 : FE;
 C292 : FE;
 C293 : FE;
 C294 : FE;
 C295 : FE;
 C296 : FE;
 C297 : FE;
 C298 : FE;
 C299 : FE;
 C29A : FE;
 C29B : FE;
 C29C : FE;
 C29D : FE;
 C29E : FE;
 C29F : FE;
 C2A0 : FE;
 C2A1 : FE;
 C2A2 : FE;
 C2A3 : FE;
 C2A4 : FE;
 C2A5 : FE;
 C2A6 : FE;
 C2A7 : FE;
 C2A8 : FE;
 C2A9 : FE;
 C2AA : FE;
 C2AB : FE;
 C2AC : FE;
 C2AD : FE;
 C2AE : FE;
 C2AF : FE;
 C2B0 : FE;
 C2B1 : FE;
 C2B2 : FE;
 C2B3 : FE;
 C2B4 : FE;
 C2B5 : FE;
 C2B6 : FE;
 C2B7 : FE;
 C2B8 : FE;
 C2B9 : FE;
 C2BA : FE;
 C2BB : FE;
 C2BC : FE;
 C2BD : FE;
 C2BE : FE;
 C2BF : FE;
 C2C0 : FE;
 C2C1 : FE;
 C2C2 : FE;
 C2C3 : FE;
 C2C4 : FE;
 C2C5 : FE;
 C2C6 : FE;
 C2C7 : FE;
 C2C8 : FE;
 C2C9 : FE;
 C2CA : FE;
 C2CB : FE;
 C2CC : FE;
 C2CD : FE;
 C2CE : FE;
 C2CF : FE;
 C2D0 : FE;
 C2D1 : FE;
 C2D2 : FE;
 C2D3 : FE;
 C2D4 : FE;
 C2D5 : FE;
 C2D6 : FE;
 C2D7 : FE;
 C2D8 : FE;
 C2D9 : FE;
 C2DA : FE;
 C2DB : FE;
 C2DC : FE;
 C2DD : FE;
 C2DE : FE;
 C2DF : FE;
 C2E0 : FE;
 C2E1 : FE;
 C2E2 : FE;
 C2E3 : FE;
 C2E4 : FE;
 C2E5 : FE;
 C2E6 : FE;
 C2E7 : FE;
 C2E8 : FE;
 C2E9 : FE;
 C2EA : FE;
 C2EB : FE;
 C2EC : FE;
 C2ED : FE;
 C2EE : FE;
 C2EF : FE;
 C2F0 : FE;
 C2F1 : FE;
 C2F2 : FE;
 C2F3 : FE;
 C2F4 : FE;
 C2F5 : FE;
 C2F6 : FE;
 C2F7 : FE;
 C2F8 : FE;
 C2F9 : FE;
 C2FA : FE;
 C2FB : FE;
 C2FC : FE;
 C2FD : FE;
 C2FE : FE;
 C2FF : FE;
 C300 : FE;
 C301 : FE;
 C302 : FE;
 C303 : FE;
 C304 : FE;
 C305 : FE;
 C306 : FE;
 C307 : FE;
 C308 : FE;
 C309 : FE;
 C30A : FE;
 C30B : FE;
 C30C : FE;
 C30D : FE;
 C30E : FE;
 C30F : FE;
 C310 : FE;
 C311 : FE;
 C312 : FE;
 C313 : FE;
 C314 : FE;
 C315 : FE;
 C316 : FE;
 C317 : FE;
 C318 : FE;
 C319 : FE;
 C31A : FE;
 C31B : FE;
 C31C : FE;
 C31D : FE;
 C31E : FE;
 C31F : FE;
 C320 : FE;
 C321 : FE;
 C322 : FE;
 C323 : FE;
 C324 : FE;
 C325 : FE;
 C326 : FE;
 C327 : FE;
 C328 : FE;
 C329 : FE;
 C32A : FE;
 C32B : FE;
 C32C : FE;
 C32D : FE;
 C32E : FE;
 C32F : FE;
 C330 : FE;
 C331 : FE;
 C332 : FE;
 C333 : FE;
 C334 : FE;
 C335 : FE;
 C336 : FE;
 C337 : FE;
 C338 : FE;
 C339 : FE;
 C33A : FE;
 C33B : FE;
 C33C : FE;
 C33D : FE;
 C33E : FE;
 C33F : FE;
 C340 : FE;
 C341 : FE;
 C342 : FE;
 C343 : FE;
 C344 : FE;
 C345 : FE;
 C346 : FE;
 C347 : FE;
 C348 : FE;
 C349 : FE;
 C34A : FE;
 C34B : FE;
 C34C : FE;
 C34D : FE;
 C34E : FE;
 C34F : FE;
 C350 : FE;
 C351 : FE;
 C352 : FE;
 C353 : FE;
 C354 : FE;
 C355 : FE;
 C356 : FE;
 C357 : FE;
 C358 : FE;
 C359 : FE;
 C35A : FE;
 C35B : FE;
 C35C : FE;
 C35D : FE;
 C35E : FE;
 C35F : FE;
 C360 : FE;
 C361 : FE;
 C362 : FE;
 C363 : FE;
 C364 : FE;
 C365 : FE;
 C366 : FE;
 C367 : FE;
 C368 : FE;
 C369 : FE;
 C36A : FE;
 C36B : FE;
 C36C : FE;
 C36D : FE;
 C36E : FE;
 C36F : FE;
 C370 : FE;
 C371 : FE;
 C372 : FE;
 C373 : FE;
 C374 : FE;
 C375 : FE;
 C376 : FE;
 C377 : FE;
 C378 : FE;
 C379 : FE;
 C37A : FE;
 C37B : FE;
 C37C : FE;
 C37D : FE;
 C37E : FE;
 C37F : FD;
 C380 : FC;
 C381 : FF;
 C382 : FC;
 C383 : F1;
 C384 : FE;
 C385 : A4;
 C386 : 7B;
 C387 : 80;
 C388 : 62;
 C389 : 52;
 C38A : 8C;
 C38B : 56;
 C38C : 5D;
 C38D : 33;
 C38E : 70;
 C38F : 62;
 C390 : 1D;
 C391 : 3C;
 C392 : 8F;
 C393 : 2F;
 C394 : 1A;
 C395 : 83;
 C396 : 5A;
 C397 : 31;
 C398 : 93;
 C399 : 61;
 C39A : 51;
 C39B : 24;
 C39C : 6C;
 C39D : 6A;
 C39E : 65;
 C39F : 58;
 C3A0 : 5D;
 C3A1 : 27;
 C3A2 : 87;
 C3A3 : 78;
 C3A4 : 44;
 C3A5 : 7F;
 C3A6 : 85;
 C3A7 : 5C;
 C3A8 : 8B;
 C3A9 : 4F;
 C3AA : 9C;
 C3AB : 5B;
 C3AC : 86;
 C3AD : 67;
 C3AE : 3F;
 C3AF : 7D;
 C3B0 : 61;
 C3B1 : 81;
 C3B2 : 78;
 C3B3 : 76;
 C3B4 : 3D;
 C3B5 : 1C;
 C3B6 : 1F;
 C3B7 : 14;
 C3B8 : 62;
 C3B9 : F5;
 C3BA : F6;
 C3BB : F1;
 C3BC : FD;
 C3BD : FC;
 C3BE : F8;
 C3BF : FE;
 C3C0 : FE;
 C3C1 : FE;
 C3C2 : FE;
 C3C3 : FE;
 C3C4 : FE;
 C3C5 : FE;
 C3C6 : FE;
 C3C7 : FE;
 C3C8 : FE;
 C3C9 : FE;
 C3CA : FE;
 C3CB : FE;
 C3CC : FE;
 C3CD : FE;
 C3CE : FE;
 C3CF : FE;
 C3D0 : FE;
 C3D1 : FE;
 C3D2 : FE;
 C3D3 : FE;
 C3D4 : FE;
 C3D5 : FE;
 C3D6 : FE;
 C3D7 : FE;
 C3D8 : FE;
 C3D9 : FE;
 C3DA : FE;
 C3DB : FE;
 C3DC : FE;
 C3DD : FE;
 C3DE : FE;
 C3DF : FE;
 C3E0 : FE;
 C3E1 : FE;
 C3E2 : FE;
 C3E3 : FE;
 C3E4 : FE;
 C3E5 : FE;
 C3E6 : FE;
 C3E7 : FE;
 C3E8 : FE;
 C3E9 : FE;
 C3EA : FE;
 C3EB : FE;
 C3EC : FE;
 C3ED : FE;
 C3EE : FE;
 C3EF : FE;
 C3F0 : FE;
 C3F1 : FE;
 C3F2 : FE;
 C3F3 : FE;
 C3F4 : FE;
 C3F5 : FE;
 C3F6 : FE;
 C3F7 : FE;
 C3F8 : FE;
 C3F9 : FE;
 C3FA : FE;
 C3FB : FE;
 C3FC : FE;
 C3FD : FE;
 C3FE : FE;
 C3FF : FE;
 C400 : FE;
 C401 : FE;
 C402 : FE;
 C403 : FE;
 C404 : FE;
 C405 : FE;
 C406 : FE;
 C407 : FE;
 C408 : FE;
 C409 : FE;
 C40A : FE;
 C40B : FE;
 C40C : FE;
 C40D : FE;
 C40E : FE;
 C40F : FE;
 C410 : FE;
 C411 : FE;
 C412 : FE;
 C413 : FE;
 C414 : FE;
 C415 : FE;
 C416 : FE;
 C417 : FE;
 C418 : FE;
 C419 : FE;
 C41A : FE;
 C41B : FE;
 C41C : FE;
 C41D : FE;
 C41E : FE;
 C41F : FE;
 C420 : FE;
 C421 : FE;
 C422 : FE;
 C423 : FE;
 C424 : FE;
 C425 : FE;
 C426 : FE;
 C427 : FE;
 C428 : FE;
 C429 : FE;
 C42A : FE;
 C42B : FE;
 C42C : FE;
 C42D : FE;
 C42E : FE;
 C42F : FE;
 C430 : FE;
 C431 : FE;
 C432 : FE;
 C433 : FE;
 C434 : FE;
 C435 : FE;
 C436 : FE;
 C437 : FE;
 C438 : FE;
 C439 : FE;
 C43A : FE;
 C43B : FE;
 C43C : FE;
 C43D : FE;
 C43E : FE;
 C43F : FE;
 C440 : FE;
 C441 : FE;
 C442 : FE;
 C443 : FE;
 C444 : FE;
 C445 : FE;
 C446 : FE;
 C447 : FE;
 C448 : FE;
 C449 : FE;
 C44A : FE;
 C44B : FE;
 C44C : FE;
 C44D : FE;
 C44E : FE;
 C44F : FE;
 C450 : FE;
 C451 : FE;
 C452 : FE;
 C453 : FE;
 C454 : FE;
 C455 : FE;
 C456 : FE;
 C457 : FE;
 C458 : FE;
 C459 : FE;
 C45A : FE;
 C45B : FE;
 C45C : FE;
 C45D : FE;
 C45E : FE;
 C45F : FE;
 C460 : FE;
 C461 : FE;
 C462 : FE;
 C463 : FE;
 C464 : FE;
 C465 : FE;
 C466 : FE;
 C467 : FE;
 C468 : FE;
 C469 : FE;
 C46A : FE;
 C46B : FE;
 C46C : FE;
 C46D : FE;
 C46E : FE;
 C46F : FE;
 C470 : FE;
 C471 : FE;
 C472 : FE;
 C473 : FE;
 C474 : FE;
 C475 : FE;
 C476 : FE;
 C477 : FE;
 C478 : FE;
 C479 : FE;
 C47A : FE;
 C47B : FE;
 C47C : FE;
 C47D : FE;
 C47E : FE;
 C47F : FE;
 C480 : FE;
 C481 : FE;
 C482 : FE;
 C483 : FE;
 C484 : FE;
 C485 : FE;
 C486 : FE;
 C487 : FE;
 C488 : FE;
 C489 : FE;
 C48A : FE;
 C48B : FE;
 C48C : FE;
 C48D : FE;
 C48E : FE;
 C48F : FE;
 C490 : FE;
 C491 : FE;
 C492 : FE;
 C493 : FE;
 C494 : FE;
 C495 : FE;
 C496 : FE;
 C497 : FE;
 C498 : FE;
 C499 : FE;
 C49A : FE;
 C49B : FE;
 C49C : FE;
 C49D : FE;
 C49E : FE;
 C49F : FE;
 C4A0 : FE;
 C4A1 : FE;
 C4A2 : FE;
 C4A3 : FE;
 C4A4 : FE;
 C4A5 : FE;
 C4A6 : FE;
 C4A7 : FE;
 C4A8 : FE;
 C4A9 : FE;
 C4AA : FE;
 C4AB : FE;
 C4AC : FE;
 C4AD : FE;
 C4AE : FE;
 C4AF : FE;
 C4B0 : FE;
 C4B1 : FE;
 C4B2 : FE;
 C4B3 : FE;
 C4B4 : FE;
 C4B5 : FE;
 C4B6 : FE;
 C4B7 : FE;
 C4B8 : FE;
 C4B9 : FE;
 C4BA : FE;
 C4BB : FE;
 C4BC : FE;
 C4BD : FE;
 C4BE : FE;
 C4BF : FF;
 C4C0 : FA;
 C4C1 : FE;
 C4C2 : FD;
 C4C3 : FB;
 C4C4 : FE;
 C4C5 : B9;
 C4C6 : 66;
 C4C7 : 7B;
 C4C8 : 68;
 C4C9 : 60;
 C4CA : 7E;
 C4CB : 1B;
 C4CC : 2A;
 C4CD : 22;
 C4CE : 89;
 C4CF : 60;
 C4D0 : 2A;
 C4D1 : 41;
 C4D2 : 92;
 C4D3 : 32;
 C4D4 : 10;
 C4D5 : 6C;
 C4D6 : 70;
 C4D7 : 1B;
 C4D8 : 8F;
 C4D9 : 72;
 C4DA : 59;
 C4DB : 28;
 C4DC : 6B;
 C4DD : 4C;
 C4DE : 7A;
 C4DF : 6F;
 C4E0 : 59;
 C4E1 : 25;
 C4E2 : 8A;
 C4E3 : 6B;
 C4E4 : 3A;
 C4E5 : 86;
 C4E6 : 7C;
 C4E7 : 47;
 C4E8 : 8C;
 C4E9 : A1;
 C4EA : 91;
 C4EB : 51;
 C4EC : 90;
 C4ED : 53;
 C4EE : 52;
 C4EF : 8F;
 C4F0 : 38;
 C4F1 : 99;
 C4F2 : 28;
 C4F3 : 41;
 C4F4 : 2D;
 C4F5 : 23;
 C4F6 : 1F;
 C4F7 : 12;
 C4F8 : 8D;
 C4F9 : F5;
 C4FA : F2;
 C4FB : F9;
 C4FC : FF;
 C4FD : FB;
 C4FE : F7;
 C4FF : FE;
 C500 : FE;
 C501 : FE;
 C502 : FE;
 C503 : FE;
 C504 : FE;
 C505 : FE;
 C506 : FE;
 C507 : FE;
 C508 : FE;
 C509 : FE;
 C50A : FE;
 C50B : FE;
 C50C : FE;
 C50D : FE;
 C50E : FE;
 C50F : FE;
 C510 : FE;
 C511 : FE;
 C512 : FE;
 C513 : FE;
 C514 : FE;
 C515 : FE;
 C516 : FE;
 C517 : FE;
 C518 : FE;
 C519 : FE;
 C51A : FE;
 C51B : FE;
 C51C : FE;
 C51D : FE;
 C51E : FE;
 C51F : FE;
 C520 : FE;
 C521 : FE;
 C522 : FE;
 C523 : FE;
 C524 : FE;
 C525 : FE;
 C526 : FE;
 C527 : FE;
 C528 : FE;
 C529 : FE;
 C52A : FE;
 C52B : FE;
 C52C : FE;
 C52D : FE;
 C52E : FE;
 C52F : FE;
 C530 : FE;
 C531 : FE;
 C532 : FE;
 C533 : FE;
 C534 : FE;
 C535 : FE;
 C536 : FE;
 C537 : FE;
 C538 : FE;
 C539 : FE;
 C53A : FE;
 C53B : FE;
 C53C : FE;
 C53D : FE;
 C53E : FE;
 C53F : FE;
 C540 : FE;
 C541 : FE;
 C542 : FE;
 C543 : FE;
 C544 : FE;
 C545 : FE;
 C546 : FE;
 C547 : FE;
 C548 : FE;
 C549 : FE;
 C54A : FE;
 C54B : FE;
 C54C : FE;
 C54D : FE;
 C54E : FE;
 C54F : FE;
 C550 : FE;
 C551 : FE;
 C552 : FE;
 C553 : FE;
 C554 : FE;
 C555 : FE;
 C556 : FE;
 C557 : FE;
 C558 : FE;
 C559 : FE;
 C55A : FE;
 C55B : FE;
 C55C : FE;
 C55D : FE;
 C55E : FE;
 C55F : FE;
 C560 : FE;
 C561 : FE;
 C562 : FE;
 C563 : FE;
 C564 : FE;
 C565 : FE;
 C566 : FE;
 C567 : FE;
 C568 : FE;
 C569 : FE;
 C56A : FE;
 C56B : FE;
 C56C : FE;
 C56D : FE;
 C56E : FE;
 C56F : FE;
 C570 : FE;
 C571 : FE;
 C572 : FE;
 C573 : FE;
 C574 : FE;
 C575 : FE;
 C576 : FE;
 C577 : FE;
 C578 : FE;
 C579 : FE;
 C57A : FE;
 C57B : FE;
 C57C : FE;
 C57D : FE;
 C57E : FE;
 C57F : FE;
 C580 : FE;
 C581 : FE;
 C582 : FE;
 C583 : FE;
 C584 : FE;
 C585 : FE;
 C586 : FE;
 C587 : FE;
 C588 : FE;
 C589 : FE;
 C58A : FE;
 C58B : FE;
 C58C : FE;
 C58D : FE;
 C58E : FE;
 C58F : FE;
 C590 : FE;
 C591 : FE;
 C592 : FE;
 C593 : FE;
 C594 : FE;
 C595 : FE;
 C596 : FE;
 C597 : FE;
 C598 : FE;
 C599 : FE;
 C59A : FE;
 C59B : FE;
 C59C : FE;
 C59D : FE;
 C59E : FE;
 C59F : FE;
 C5A0 : FE;
 C5A1 : FE;
 C5A2 : FE;
 C5A3 : FE;
 C5A4 : FE;
 C5A5 : FE;
 C5A6 : FE;
 C5A7 : FE;
 C5A8 : FE;
 C5A9 : FE;
 C5AA : FE;
 C5AB : FE;
 C5AC : FE;
 C5AD : FE;
 C5AE : FE;
 C5AF : FE;
 C5B0 : FE;
 C5B1 : FE;
 C5B2 : FE;
 C5B3 : FE;
 C5B4 : FE;
 C5B5 : FE;
 C5B6 : FE;
 C5B7 : FE;
 C5B8 : FE;
 C5B9 : FE;
 C5BA : FE;
 C5BB : FE;
 C5BC : FE;
 C5BD : FE;
 C5BE : FE;
 C5BF : FE;
 C5C0 : FE;
 C5C1 : FE;
 C5C2 : FE;
 C5C3 : FE;
 C5C4 : FE;
 C5C5 : FE;
 C5C6 : FE;
 C5C7 : FE;
 C5C8 : FE;
 C5C9 : FE;
 C5CA : FE;
 C5CB : FE;
 C5CC : FE;
 C5CD : FE;
 C5CE : FE;
 C5CF : FE;
 C5D0 : FE;
 C5D1 : FE;
 C5D2 : FE;
 C5D3 : FE;
 C5D4 : FE;
 C5D5 : FE;
 C5D6 : FE;
 C5D7 : FE;
 C5D8 : FE;
 C5D9 : FE;
 C5DA : FE;
 C5DB : FE;
 C5DC : FE;
 C5DD : FE;
 C5DE : FE;
 C5DF : FE;
 C5E0 : FE;
 C5E1 : FE;
 C5E2 : FE;
 C5E3 : FE;
 C5E4 : FE;
 C5E5 : FE;
 C5E6 : FE;
 C5E7 : FE;
 C5E8 : FE;
 C5E9 : FE;
 C5EA : FE;
 C5EB : FE;
 C5EC : FE;
 C5ED : FE;
 C5EE : FE;
 C5EF : FE;
 C5F0 : FE;
 C5F1 : FE;
 C5F2 : FE;
 C5F3 : FE;
 C5F4 : FE;
 C5F5 : FE;
 C5F6 : FE;
 C5F7 : FE;
 C5F8 : FE;
 C5F9 : FE;
 C5FA : FE;
 C5FB : FE;
 C5FC : FE;
 C5FD : FE;
 C5FE : FE;
 C5FF : FF;
 C600 : FC;
 C601 : F9;
 C602 : FD;
 C603 : FF;
 C604 : FD;
 C605 : D7;
 C606 : 6A;
 C607 : 85;
 C608 : 5A;
 C609 : 4D;
 C60A : 6C;
 C60B : 59;
 C60C : 4B;
 C60D : 22;
 C60E : 80;
 C60F : 63;
 C610 : 27;
 C611 : 3F;
 C612 : 90;
 C613 : 35;
 C614 : 14;
 C615 : 5E;
 C616 : 7D;
 C617 : 27;
 C618 : 8F;
 C619 : 44;
 C61A : 30;
 C61B : 2A;
 C61C : 70;
 C61D : 2B;
 C61E : 4B;
 C61F : 93;
 C620 : 5C;
 C621 : 2B;
 C622 : 8C;
 C623 : 5A;
 C624 : 3D;
 C625 : 98;
 C626 : 84;
 C627 : 6B;
 C628 : A8;
 C629 : 6B;
 C62A : 5D;
 C62B : 43;
 C62C : 9B;
 C62D : 5B;
 C62E : 45;
 C62F : 73;
 C630 : 44;
 C631 : 7B;
 C632 : 80;
 C633 : 20;
 C634 : 23;
 C635 : 0D;
 C636 : 22;
 C637 : 13;
 C638 : BE;
 C639 : F7;
 C63A : F6;
 C63B : FF;
 C63C : FE;
 C63D : F9;
 C63E : FE;
 C63F : FE;
 C640 : FE;
 C641 : FE;
 C642 : FE;
 C643 : FE;
 C644 : FE;
 C645 : FE;
 C646 : FE;
 C647 : FE;
 C648 : FE;
 C649 : FE;
 C64A : FE;
 C64B : FE;
 C64C : FE;
 C64D : FE;
 C64E : FE;
 C64F : FE;
 C650 : FE;
 C651 : FE;
 C652 : FE;
 C653 : FE;
 C654 : FE;
 C655 : FE;
 C656 : FE;
 C657 : FE;
 C658 : FE;
 C659 : FE;
 C65A : FE;
 C65B : FE;
 C65C : FE;
 C65D : FE;
 C65E : FE;
 C65F : FE;
 C660 : FE;
 C661 : FE;
 C662 : FE;
 C663 : FE;
 C664 : FE;
 C665 : FE;
 C666 : FE;
 C667 : FE;
 C668 : FE;
 C669 : FE;
 C66A : FE;
 C66B : FE;
 C66C : FE;
 C66D : FE;
 C66E : FE;
 C66F : FE;
 C670 : FE;
 C671 : FE;
 C672 : FE;
 C673 : FE;
 C674 : FE;
 C675 : FE;
 C676 : FE;
 C677 : FE;
 C678 : FE;
 C679 : FE;
 C67A : FE;
 C67B : FE;
 C67C : FE;
 C67D : FE;
 C67E : FE;
 C67F : FE;
 C680 : FE;
 C681 : FE;
 C682 : FE;
 C683 : FE;
 C684 : FE;
 C685 : FE;
 C686 : FE;
 C687 : FE;
 C688 : FE;
 C689 : FE;
 C68A : FE;
 C68B : FE;
 C68C : FE;
 C68D : FE;
 C68E : FE;
 C68F : FE;
 C690 : FE;
 C691 : FE;
 C692 : FE;
 C693 : FE;
 C694 : FE;
 C695 : FE;
 C696 : FE;
 C697 : FE;
 C698 : FE;
 C699 : FE;
 C69A : FE;
 C69B : FE;
 C69C : FE;
 C69D : FE;
 C69E : FE;
 C69F : FE;
 C6A0 : FE;
 C6A1 : FE;
 C6A2 : FE;
 C6A3 : FE;
 C6A4 : FE;
 C6A5 : FE;
 C6A6 : FE;
 C6A7 : FE;
 C6A8 : FE;
 C6A9 : FE;
 C6AA : FE;
 C6AB : FE;
 C6AC : FE;
 C6AD : FE;
 C6AE : FE;
 C6AF : FE;
 C6B0 : FE;
 C6B1 : FE;
 C6B2 : FE;
 C6B3 : FE;
 C6B4 : FE;
 C6B5 : FE;
 C6B6 : FE;
 C6B7 : FE;
 C6B8 : FE;
 C6B9 : FE;
 C6BA : FE;
 C6BB : FE;
 C6BC : FE;
 C6BD : FE;
 C6BE : FE;
 C6BF : FE;
 C6C0 : FE;
 C6C1 : FE;
 C6C2 : FE;
 C6C3 : FE;
 C6C4 : FE;
 C6C5 : FE;
 C6C6 : FE;
 C6C7 : FE;
 C6C8 : FE;
 C6C9 : FE;
 C6CA : FE;
 C6CB : FE;
 C6CC : FE;
 C6CD : FE;
 C6CE : FE;
 C6CF : FE;
 C6D0 : FE;
 C6D1 : FE;
 C6D2 : FE;
 C6D3 : FE;
 C6D4 : FE;
 C6D5 : FE;
 C6D6 : FE;
 C6D7 : FE;
 C6D8 : FE;
 C6D9 : FE;
 C6DA : FE;
 C6DB : FE;
 C6DC : FE;
 C6DD : FE;
 C6DE : FE;
 C6DF : FE;
 C6E0 : FE;
 C6E1 : FE;
 C6E2 : FE;
 C6E3 : FE;
 C6E4 : FE;
 C6E5 : FE;
 C6E6 : FE;
 C6E7 : FE;
 C6E8 : FE;
 C6E9 : FE;
 C6EA : FE;
 C6EB : FE;
 C6EC : FE;
 C6ED : FE;
 C6EE : FE;
 C6EF : FE;
 C6F0 : FE;
 C6F1 : FE;
 C6F2 : FE;
 C6F3 : FE;
 C6F4 : FE;
 C6F5 : FE;
 C6F6 : FE;
 C6F7 : FE;
 C6F8 : FE;
 C6F9 : FE;
 C6FA : FE;
 C6FB : FE;
 C6FC : FE;
 C6FD : FE;
 C6FE : FE;
 C6FF : FE;
 C700 : FE;
 C701 : FE;
 C702 : FE;
 C703 : FE;
 C704 : FE;
 C705 : FE;
 C706 : FE;
 C707 : FE;
 C708 : FE;
 C709 : FE;
 C70A : FE;
 C70B : FE;
 C70C : FE;
 C70D : FE;
 C70E : FE;
 C70F : FE;
 C710 : FE;
 C711 : FE;
 C712 : FE;
 C713 : FE;
 C714 : FE;
 C715 : FE;
 C716 : FE;
 C717 : FE;
 C718 : FE;
 C719 : FE;
 C71A : FE;
 C71B : FE;
 C71C : FE;
 C71D : FE;
 C71E : FE;
 C71F : FE;
 C720 : FE;
 C721 : FE;
 C722 : FE;
 C723 : FE;
 C724 : FE;
 C725 : FE;
 C726 : FE;
 C727 : FE;
 C728 : FE;
 C729 : FE;
 C72A : FE;
 C72B : FE;
 C72C : FE;
 C72D : FE;
 C72E : FE;
 C72F : FE;
 C730 : FE;
 C731 : FE;
 C732 : FE;
 C733 : FE;
 C734 : FE;
 C735 : FE;
 C736 : FE;
 C737 : FE;
 C738 : FE;
 C739 : FE;
 C73A : FE;
 C73B : FE;
 C73C : FE;
 C73D : FE;
 C73E : FE;
 C73F : FF;
 C740 : FE;
 C741 : FE;
 C742 : FD;
 C743 : FE;
 C744 : F1;
 C745 : F3;
 C746 : 87;
 C747 : 77;
 C748 : 5B;
 C749 : 47;
 C74A : 3D;
 C74B : 72;
 C74C : 64;
 C74D : 2E;
 C74E : 7A;
 C74F : 74;
 C750 : 15;
 C751 : 3F;
 C752 : A2;
 C753 : 3A;
 C754 : 20;
 C755 : 5C;
 C756 : 60;
 C757 : 20;
 C758 : 91;
 C759 : 24;
 C75A : 21;
 C75B : 3D;
 C75C : 82;
 C75D : 2C;
 C75E : 33;
 C75F : 98;
 C760 : 51;
 C761 : 2C;
 C762 : 8B;
 C763 : 4C;
 C764 : 33;
 C765 : 8B;
 C766 : 69;
 C767 : 44;
 C768 : 98;
 C769 : 0C;
 C76A : 91;
 C76B : 65;
 C76C : 76;
 C76D : 4C;
 C76E : 4F;
 C76F : 82;
 C770 : 2C;
 C771 : 20;
 C772 : 95;
 C773 : 65;
 C774 : 11;
 C775 : 37;
 C776 : 0E;
 C777 : 19;
 C778 : E0;
 C779 : FA;
 C77A : F9;
 C77B : FD;
 C77C : F8;
 C77D : F2;
 C77E : FE;
 C77F : FE;
 C780 : FE;
 C781 : FE;
 C782 : FE;
 C783 : FE;
 C784 : FE;
 C785 : FE;
 C786 : FE;
 C787 : FE;
 C788 : FE;
 C789 : FE;
 C78A : FE;
 C78B : FE;
 C78C : FE;
 C78D : FE;
 C78E : FE;
 C78F : FE;
 C790 : FE;
 C791 : FE;
 C792 : FE;
 C793 : FE;
 C794 : FE;
 C795 : FE;
 C796 : FE;
 C797 : FE;
 C798 : FE;
 C799 : FE;
 C79A : FE;
 C79B : FE;
 C79C : FE;
 C79D : FE;
 C79E : FE;
 C79F : FE;
 C7A0 : FE;
 C7A1 : FE;
 C7A2 : FE;
 C7A3 : FE;
 C7A4 : FE;
 C7A5 : FE;
 C7A6 : FE;
 C7A7 : FE;
 C7A8 : FE;
 C7A9 : FE;
 C7AA : FE;
 C7AB : FE;
 C7AC : FE;
 C7AD : FE;
 C7AE : FE;
 C7AF : FE;
 C7B0 : FE;
 C7B1 : FE;
 C7B2 : FE;
 C7B3 : FE;
 C7B4 : FE;
 C7B5 : FE;
 C7B6 : FE;
 C7B7 : FE;
 C7B8 : FE;
 C7B9 : FE;
 C7BA : FE;
 C7BB : FE;
 C7BC : FE;
 C7BD : FE;
 C7BE : FE;
 C7BF : FE;
 C7C0 : FE;
 C7C1 : FE;
 C7C2 : FE;
 C7C3 : FE;
 C7C4 : FE;
 C7C5 : FE;
 C7C6 : FE;
 C7C7 : FE;
 C7C8 : FE;
 C7C9 : FE;
 C7CA : FE;
 C7CB : FE;
 C7CC : FE;
 C7CD : FE;
 C7CE : FE;
 C7CF : FE;
 C7D0 : FE;
 C7D1 : FE;
 C7D2 : FE;
 C7D3 : FE;
 C7D4 : FE;
 C7D5 : FE;
 C7D6 : FE;
 C7D7 : FE;
 C7D8 : FE;
 C7D9 : FE;
 C7DA : FE;
 C7DB : FE;
 C7DC : FE;
 C7DD : FE;
 C7DE : FE;
 C7DF : FE;
 C7E0 : FE;
 C7E1 : FE;
 C7E2 : FE;
 C7E3 : FE;
 C7E4 : FE;
 C7E5 : FE;
 C7E6 : FE;
 C7E7 : FE;
 C7E8 : FE;
 C7E9 : FE;
 C7EA : FE;
 C7EB : FE;
 C7EC : FE;
 C7ED : FE;
 C7EE : FE;
 C7EF : FE;
 C7F0 : FE;
 C7F1 : FE;
 C7F2 : FE;
 C7F3 : FE;
 C7F4 : FE;
 C7F5 : FE;
 C7F6 : FE;
 C7F7 : FE;
 C7F8 : FE;
 C7F9 : FE;
 C7FA : FE;
 C7FB : FE;
 C7FC : FE;
 C7FD : FE;
 C7FE : FE;
 C7FF : FE;
 C800 : FE;
 C801 : FE;
 C802 : FE;
 C803 : FE;
 C804 : FE;
 C805 : FE;
 C806 : FE;
 C807 : FE;
 C808 : FE;
 C809 : FE;
 C80A : FE;
 C80B : FE;
 C80C : FE;
 C80D : FE;
 C80E : FE;
 C80F : FE;
 C810 : FE;
 C811 : FE;
 C812 : FE;
 C813 : FE;
 C814 : FE;
 C815 : FE;
 C816 : FE;
 C817 : FE;
 C818 : FE;
 C819 : FE;
 C81A : FE;
 C81B : FE;
 C81C : FE;
 C81D : FE;
 C81E : FE;
 C81F : FE;
 C820 : FE;
 C821 : FE;
 C822 : FE;
 C823 : FE;
 C824 : FE;
 C825 : FE;
 C826 : FE;
 C827 : FE;
 C828 : FE;
 C829 : FE;
 C82A : FE;
 C82B : FE;
 C82C : FE;
 C82D : FE;
 C82E : FE;
 C82F : FE;
 C830 : FE;
 C831 : FE;
 C832 : FE;
 C833 : FE;
 C834 : FE;
 C835 : FE;
 C836 : FE;
 C837 : FE;
 C838 : FE;
 C839 : FE;
 C83A : FE;
 C83B : FE;
 C83C : FE;
 C83D : FE;
 C83E : FE;
 C83F : FE;
 C840 : FE;
 C841 : FE;
 C842 : FE;
 C843 : FE;
 C844 : FE;
 C845 : FE;
 C846 : FE;
 C847 : FE;
 C848 : FE;
 C849 : FE;
 C84A : FE;
 C84B : FE;
 C84C : FE;
 C84D : FE;
 C84E : FE;
 C84F : FE;
 C850 : FE;
 C851 : FE;
 C852 : FE;
 C853 : FE;
 C854 : FE;
 C855 : FE;
 C856 : FE;
 C857 : FE;
 C858 : FE;
 C859 : FE;
 C85A : FE;
 C85B : FE;
 C85C : FE;
 C85D : FE;
 C85E : FE;
 C85F : FE;
 C860 : FE;
 C861 : FE;
 C862 : FE;
 C863 : FE;
 C864 : FE;
 C865 : FE;
 C866 : FE;
 C867 : FE;
 C868 : FE;
 C869 : FE;
 C86A : FE;
 C86B : FE;
 C86C : FE;
 C86D : FE;
 C86E : FE;
 C86F : FE;
 C870 : FE;
 C871 : FE;
 C872 : FE;
 C873 : FE;
 C874 : FE;
 C875 : FE;
 C876 : FE;
 C877 : FE;
 C878 : FE;
 C879 : FE;
 C87A : FE;
 C87B : FE;
 C87C : FE;
 C87D : FE;
 C87E : FE;
 C87F : FE;
 C880 : F8;
 C881 : FE;
 C882 : FC;
 C883 : F9;
 C884 : FE;
 C885 : F5;
 C886 : 9F;
 C887 : 70;
 C888 : 88;
 C889 : 54;
 C88A : 36;
 C88B : 24;
 C88C : 7E;
 C88D : 3E;
 C88E : 64;
 C88F : 5E;
 C890 : 37;
 C891 : 3A;
 C892 : 93;
 C893 : 38;
 C894 : 0E;
 C895 : 69;
 C896 : 83;
 C897 : 3A;
 C898 : 88;
 C899 : 75;
 C89A : 67;
 C89B : 77;
 C89C : 84;
 C89D : 50;
 C89E : 2F;
 C89F : 61;
 C8A0 : 40;
 C8A1 : 49;
 C8A2 : 8A;
 C8A3 : 5E;
 C8A4 : 63;
 C8A5 : 93;
 C8A6 : 83;
 C8A7 : 64;
 C8A8 : 95;
 C8A9 : 6A;
 C8AA : 96;
 C8AB : 5E;
 C8AC : 84;
 C8AD : 47;
 C8AE : 62;
 C8AF : 63;
 C8B0 : 53;
 C8B1 : 08;
 C8B2 : 52;
 C8B3 : 8B;
 C8B4 : 1B;
 C8B5 : 25;
 C8B6 : 0B;
 C8B7 : 4C;
 C8B8 : E6;
 C8B9 : FD;
 C8BA : FA;
 C8BB : FF;
 C8BC : F3;
 C8BD : FE;
 C8BE : FE;
 C8BF : FE;
 C8C0 : FE;
 C8C1 : FE;
 C8C2 : FE;
 C8C3 : FE;
 C8C4 : FE;
 C8C5 : FE;
 C8C6 : FE;
 C8C7 : FE;
 C8C8 : FE;
 C8C9 : FE;
 C8CA : FE;
 C8CB : FE;
 C8CC : FE;
 C8CD : FE;
 C8CE : FE;
 C8CF : FE;
 C8D0 : FE;
 C8D1 : FE;
 C8D2 : FE;
 C8D3 : FE;
 C8D4 : FE;
 C8D5 : FE;
 C8D6 : FE;
 C8D7 : FE;
 C8D8 : FE;
 C8D9 : FE;
 C8DA : FE;
 C8DB : FE;
 C8DC : FE;
 C8DD : FE;
 C8DE : FE;
 C8DF : FE;
 C8E0 : FE;
 C8E1 : FE;
 C8E2 : FE;
 C8E3 : FE;
 C8E4 : FE;
 C8E5 : FE;
 C8E6 : FE;
 C8E7 : FE;
 C8E8 : FE;
 C8E9 : FE;
 C8EA : FE;
 C8EB : FE;
 C8EC : FE;
 C8ED : FE;
 C8EE : FE;
 C8EF : FE;
 C8F0 : FE;
 C8F1 : FE;
 C8F2 : FE;
 C8F3 : FE;
 C8F4 : FE;
 C8F5 : FE;
 C8F6 : FE;
 C8F7 : FE;
 C8F8 : FE;
 C8F9 : FE;
 C8FA : FE;
 C8FB : FE;
 C8FC : FE;
 C8FD : FE;
 C8FE : FE;
 C8FF : FE;
 C900 : FE;
 C901 : FE;
 C902 : FE;
 C903 : FE;
 C904 : FE;
 C905 : FE;
 C906 : FE;
 C907 : FE;
 C908 : FE;
 C909 : FE;
 C90A : FE;
 C90B : FE;
 C90C : FE;
 C90D : FE;
 C90E : FE;
 C90F : FE;
 C910 : FE;
 C911 : FE;
 C912 : FE;
 C913 : FE;
 C914 : FE;
 C915 : FE;
 C916 : FE;
 C917 : FE;
 C918 : FE;
 C919 : FE;
 C91A : FE;
 C91B : FE;
 C91C : FE;
 C91D : FE;
 C91E : FE;
 C91F : FE;
 C920 : FE;
 C921 : FE;
 C922 : FE;
 C923 : FE;
 C924 : FE;
 C925 : FE;
 C926 : FE;
 C927 : FE;
 C928 : FE;
 C929 : FE;
 C92A : FE;
 C92B : FE;
 C92C : FE;
 C92D : FE;
 C92E : FE;
 C92F : FE;
 C930 : FE;
 C931 : FE;
 C932 : FE;
 C933 : FE;
 C934 : FE;
 C935 : FE;
 C936 : FE;
 C937 : FE;
 C938 : FE;
 C939 : FE;
 C93A : FE;
 C93B : FE;
 C93C : FE;
 C93D : FE;
 C93E : FE;
 C93F : FE;
 C940 : FE;
 C941 : FE;
 C942 : FE;
 C943 : FE;
 C944 : FE;
 C945 : FE;
 C946 : FE;
 C947 : FE;
 C948 : FE;
 C949 : FE;
 C94A : FE;
 C94B : FE;
 C94C : FE;
 C94D : FE;
 C94E : FE;
 C94F : FE;
 C950 : FE;
 C951 : FE;
 C952 : FE;
 C953 : FE;
 C954 : FE;
 C955 : FE;
 C956 : FE;
 C957 : FE;
 C958 : FE;
 C959 : FE;
 C95A : FE;
 C95B : FE;
 C95C : FE;
 C95D : FE;
 C95E : FE;
 C95F : FE;
 C960 : FE;
 C961 : FE;
 C962 : FE;
 C963 : FE;
 C964 : FE;
 C965 : FE;
 C966 : FE;
 C967 : FE;
 C968 : FE;
 C969 : FE;
 C96A : FE;
 C96B : FE;
 C96C : FE;
 C96D : FE;
 C96E : FE;
 C96F : FE;
 C970 : FE;
 C971 : FE;
 C972 : FE;
 C973 : FE;
 C974 : FE;
 C975 : FE;
 C976 : FE;
 C977 : FE;
 C978 : FE;
 C979 : FE;
 C97A : FE;
 C97B : FE;
 C97C : FE;
 C97D : FE;
 C97E : FE;
 C97F : FE;
 C980 : FE;
 C981 : FE;
 C982 : FE;
 C983 : FE;
 C984 : FE;
 C985 : FE;
 C986 : FE;
 C987 : FE;
 C988 : FE;
 C989 : FE;
 C98A : FE;
 C98B : FE;
 C98C : FE;
 C98D : FE;
 C98E : FE;
 C98F : FE;
 C990 : FE;
 C991 : FE;
 C992 : FE;
 C993 : FE;
 C994 : FE;
 C995 : FE;
 C996 : FE;
 C997 : FE;
 C998 : FE;
 C999 : FE;
 C99A : FE;
 C99B : FE;
 C99C : FE;
 C99D : FE;
 C99E : FE;
 C99F : FE;
 C9A0 : FE;
 C9A1 : FE;
 C9A2 : FE;
 C9A3 : FE;
 C9A4 : FE;
 C9A5 : FE;
 C9A6 : FE;
 C9A7 : FE;
 C9A8 : FE;
 C9A9 : FE;
 C9AA : FE;
 C9AB : FE;
 C9AC : FE;
 C9AD : FE;
 C9AE : FE;
 C9AF : FE;
 C9B0 : FE;
 C9B1 : FE;
 C9B2 : FE;
 C9B3 : FE;
 C9B4 : FE;
 C9B5 : FE;
 C9B6 : FE;
 C9B7 : FE;
 C9B8 : FE;
 C9B9 : FE;
 C9BA : FE;
 C9BB : FE;
 C9BC : FE;
 C9BD : FE;
 C9BE : FE;
 C9BF : FE;
 C9C0 : F8;
 C9C1 : FE;
 C9C2 : FE;
 C9C3 : F6;
 C9C4 : FE;
 C9C5 : FC;
 C9C6 : BD;
 C9C7 : 65;
 C9C8 : 72;
 C9C9 : 6D;
 C9CA : 90;
 C9CB : 22;
 C9CC : 88;
 C9CD : 54;
 C9CE : 67;
 C9CF : 8D;
 C9D0 : 2E;
 C9D1 : 2D;
 C9D2 : 8A;
 C9D3 : 70;
 C9D4 : 28;
 C9D5 : 5C;
 C9D6 : 73;
 C9D7 : 20;
 C9D8 : 5D;
 C9D9 : 4F;
 C9DA : 3D;
 C9DB : 34;
 C9DC : 42;
 C9DD : 30;
 C9DE : 34;
 C9DF : 3F;
 C9E0 : 36;
 C9E1 : 36;
 C9E2 : 56;
 C9E3 : 39;
 C9E4 : 42;
 C9E5 : 52;
 C9E6 : 4C;
 C9E7 : 46;
 C9E8 : 74;
 C9E9 : 59;
 C9EA : 52;
 C9EB : 38;
 C9EC : 6D;
 C9ED : 69;
 C9EE : 7E;
 C9EF : 70;
 C9F0 : 71;
 C9F1 : 58;
 C9F2 : 6D;
 C9F3 : 7F;
 C9F4 : 2B;
 C9F5 : 1A;
 C9F6 : 0D;
 C9F7 : 80;
 C9F8 : F3;
 C9F9 : FD;
 C9FA : FA;
 C9FB : FF;
 C9FC : F7;
 C9FD : FE;
 C9FE : FE;
 C9FF : FE;
 CA00 : FE;
 CA01 : FE;
 CA02 : FE;
 CA03 : FE;
 CA04 : FE;
 CA05 : FE;
 CA06 : FE;
 CA07 : FE;
 CA08 : FE;
 CA09 : FE;
 CA0A : FE;
 CA0B : FE;
 CA0C : FE;
 CA0D : FE;
 CA0E : FE;
 CA0F : FE;
 CA10 : FE;
 CA11 : FE;
 CA12 : FE;
 CA13 : FE;
 CA14 : FE;
 CA15 : FE;
 CA16 : FE;
 CA17 : FE;
 CA18 : FE;
 CA19 : FE;
 CA1A : FE;
 CA1B : FE;
 CA1C : FE;
 CA1D : FE;
 CA1E : FE;
 CA1F : FE;
 CA20 : FE;
 CA21 : FE;
 CA22 : FE;
 CA23 : FE;
 CA24 : FE;
 CA25 : FE;
 CA26 : FE;
 CA27 : FE;
 CA28 : FE;
 CA29 : FE;
 CA2A : FE;
 CA2B : FE;
 CA2C : FE;
 CA2D : FE;
 CA2E : FE;
 CA2F : FE;
 CA30 : FE;
 CA31 : FE;
 CA32 : FE;
 CA33 : FE;
 CA34 : FE;
 CA35 : FE;
 CA36 : FE;
 CA37 : FE;
 CA38 : FE;
 CA39 : FE;
 CA3A : FE;
 CA3B : FE;
 CA3C : FE;
 CA3D : FE;
 CA3E : FE;
 CA3F : FE;
 CA40 : FE;
 CA41 : FE;
 CA42 : FE;
 CA43 : FE;
 CA44 : FE;
 CA45 : FE;
 CA46 : FE;
 CA47 : FE;
 CA48 : FE;
 CA49 : FE;
 CA4A : FE;
 CA4B : FE;
 CA4C : FE;
 CA4D : FE;
 CA4E : FE;
 CA4F : FE;
 CA50 : FE;
 CA51 : FE;
 CA52 : FE;
 CA53 : FE;
 CA54 : FE;
 CA55 : FE;
 CA56 : FE;
 CA57 : FE;
 CA58 : FE;
 CA59 : FE;
 CA5A : FE;
 CA5B : FE;
 CA5C : FE;
 CA5D : FE;
 CA5E : FE;
 CA5F : FE;
 CA60 : FE;
 CA61 : FE;
 CA62 : FE;
 CA63 : FE;
 CA64 : FE;
 CA65 : FE;
 CA66 : FE;
 CA67 : FE;
 CA68 : FE;
 CA69 : FE;
 CA6A : FE;
 CA6B : FE;
 CA6C : FE;
 CA6D : FE;
 CA6E : FE;
 CA6F : FE;
 CA70 : FE;
 CA71 : FE;
 CA72 : FE;
 CA73 : FE;
 CA74 : FE;
 CA75 : FE;
 CA76 : FE;
 CA77 : FE;
 CA78 : FE;
 CA79 : FE;
 CA7A : FE;
 CA7B : FE;
 CA7C : FE;
 CA7D : FE;
 CA7E : FE;
 CA7F : FE;
 CA80 : FE;
 CA81 : FE;
 CA82 : FE;
 CA83 : FE;
 CA84 : FE;
 CA85 : FE;
 CA86 : FE;
 CA87 : FE;
 CA88 : FE;
 CA89 : FE;
 CA8A : FE;
 CA8B : FE;
 CA8C : FE;
 CA8D : FE;
 CA8E : FE;
 CA8F : FE;
 CA90 : FE;
 CA91 : FE;
 CA92 : FE;
 CA93 : FE;
 CA94 : FE;
 CA95 : FE;
 CA96 : FE;
 CA97 : FE;
 CA98 : FE;
 CA99 : FE;
 CA9A : FE;
 CA9B : FE;
 CA9C : FE;
 CA9D : FE;
 CA9E : FE;
 CA9F : FE;
 CAA0 : FE;
 CAA1 : FE;
 CAA2 : FE;
 CAA3 : FE;
 CAA4 : FE;
 CAA5 : FE;
 CAA6 : FE;
 CAA7 : FE;
 CAA8 : FE;
 CAA9 : FE;
 CAAA : FE;
 CAAB : FE;
 CAAC : FE;
 CAAD : FE;
 CAAE : FE;
 CAAF : FE;
 CAB0 : FE;
 CAB1 : FE;
 CAB2 : FE;
 CAB3 : FE;
 CAB4 : FE;
 CAB5 : FE;
 CAB6 : FE;
 CAB7 : FE;
 CAB8 : FE;
 CAB9 : FE;
 CABA : FE;
 CABB : FE;
 CABC : FE;
 CABD : FE;
 CABE : FE;
 CABF : FE;
 CAC0 : FE;
 CAC1 : FE;
 CAC2 : FE;
 CAC3 : FE;
 CAC4 : FE;
 CAC5 : FE;
 CAC6 : FE;
 CAC7 : FE;
 CAC8 : FE;
 CAC9 : FE;
 CACA : FE;
 CACB : FE;
 CACC : FE;
 CACD : FE;
 CACE : FE;
 CACF : FE;
 CAD0 : FE;
 CAD1 : FE;
 CAD2 : FE;
 CAD3 : FE;
 CAD4 : FE;
 CAD5 : FE;
 CAD6 : FE;
 CAD7 : FE;
 CAD8 : FE;
 CAD9 : FE;
 CADA : FE;
 CADB : FE;
 CADC : FE;
 CADD : FE;
 CADE : FE;
 CADF : FE;
 CAE0 : FE;
 CAE1 : FE;
 CAE2 : FE;
 CAE3 : FE;
 CAE4 : FE;
 CAE5 : FE;
 CAE6 : FE;
 CAE7 : FE;
 CAE8 : FE;
 CAE9 : FE;
 CAEA : FE;
 CAEB : FE;
 CAEC : FE;
 CAED : FE;
 CAEE : FE;
 CAEF : FE;
 CAF0 : FE;
 CAF1 : FE;
 CAF2 : FE;
 CAF3 : FE;
 CAF4 : FE;
 CAF5 : FE;
 CAF6 : FE;
 CAF7 : FE;
 CAF8 : FE;
 CAF9 : FE;
 CAFA : FE;
 CAFB : FE;
 CAFC : FE;
 CAFD : FE;
 CAFE : FD;
 CAFF : FD;
 CB00 : F9;
 CB01 : FE;
 CB02 : FE;
 CB03 : F4;
 CB04 : FE;
 CB05 : FE;
 CB06 : E2;
 CB07 : 81;
 CB08 : 7F;
 CB09 : 65;
 CB0A : 61;
 CB0B : 6D;
 CB0C : 7F;
 CB0D : 38;
 CB0E : 4D;
 CB0F : 5B;
 CB10 : 2D;
 CB11 : 34;
 CB12 : 35;
 CB13 : 3D;
 CB14 : 23;
 CB15 : 2B;
 CB16 : 0B;
 CB17 : 0F;
 CB18 : 23;
 CB19 : 0E;
 CB1A : 05;
 CB1B : 04;
 CB1C : 1D;
 CB1D : 27;
 CB1E : 40;
 CB1F : 2B;
 CB20 : 35;
 CB21 : 3C;
 CB22 : 44;
 CB23 : 34;
 CB24 : 44;
 CB25 : 34;
 CB26 : 3D;
 CB27 : 42;
 CB28 : 3B;
 CB29 : 3C;
 CB2A : 48;
 CB2B : 55;
 CB2C : 4E;
 CB2D : 49;
 CB2E : 4A;
 CB2F : 27;
 CB30 : 2F;
 CB31 : 57;
 CB32 : 5C;
 CB33 : 55;
 CB34 : 22;
 CB35 : 0D;
 CB36 : 27;
 CB37 : C4;
 CB38 : FD;
 CB39 : F9;
 CB3A : FA;
 CB3B : FF;
 CB3C : F9;
 CB3D : FE;
 CB3E : F9;
 CB3F : FE;
 CB40 : FE;
 CB41 : FE;
 CB42 : FE;
 CB43 : FE;
 CB44 : FE;
 CB45 : FE;
 CB46 : FE;
 CB47 : FE;
 CB48 : FE;
 CB49 : FE;
 CB4A : FE;
 CB4B : FE;
 CB4C : FE;
 CB4D : FE;
 CB4E : FE;
 CB4F : FE;
 CB50 : FE;
 CB51 : FE;
 CB52 : FE;
 CB53 : FE;
 CB54 : FE;
 CB55 : FE;
 CB56 : FE;
 CB57 : FE;
 CB58 : FE;
 CB59 : FE;
 CB5A : FE;
 CB5B : FE;
 CB5C : FE;
 CB5D : FE;
 CB5E : FE;
 CB5F : FE;
 CB60 : FE;
 CB61 : FE;
 CB62 : FE;
 CB63 : FE;
 CB64 : FE;
 CB65 : FE;
 CB66 : FE;
 CB67 : FE;
 CB68 : FE;
 CB69 : FE;
 CB6A : FE;
 CB6B : FE;
 CB6C : FE;
 CB6D : FE;
 CB6E : FE;
 CB6F : FE;
 CB70 : FE;
 CB71 : FE;
 CB72 : FE;
 CB73 : FE;
 CB74 : FE;
 CB75 : FE;
 CB76 : FE;
 CB77 : FE;
 CB78 : FE;
 CB79 : FE;
 CB7A : FE;
 CB7B : FE;
 CB7C : FE;
 CB7D : FE;
 CB7E : FE;
 CB7F : FE;
 CB80 : FE;
 CB81 : FE;
 CB82 : FE;
 CB83 : FE;
 CB84 : FE;
 CB85 : FE;
 CB86 : FE;
 CB87 : FE;
 CB88 : FE;
 CB89 : FE;
 CB8A : FE;
 CB8B : FE;
 CB8C : FE;
 CB8D : FE;
 CB8E : FE;
 CB8F : FE;
 CB90 : FE;
 CB91 : FE;
 CB92 : FE;
 CB93 : FE;
 CB94 : FE;
 CB95 : FE;
 CB96 : FE;
 CB97 : FE;
 CB98 : FE;
 CB99 : FE;
 CB9A : FE;
 CB9B : FE;
 CB9C : FE;
 CB9D : FE;
 CB9E : FE;
 CB9F : FE;
 CBA0 : FE;
 CBA1 : FE;
 CBA2 : FE;
 CBA3 : FE;
 CBA4 : FE;
 CBA5 : FE;
 CBA6 : FE;
 CBA7 : FE;
 CBA8 : FE;
 CBA9 : FE;
 CBAA : FE;
 CBAB : FE;
 CBAC : FE;
 CBAD : FE;
 CBAE : FE;
 CBAF : FE;
 CBB0 : FE;
 CBB1 : FE;
 CBB2 : FE;
 CBB3 : FE;
 CBB4 : FE;
 CBB5 : FE;
 CBB6 : FE;
 CBB7 : FE;
 CBB8 : FE;
 CBB9 : FE;
 CBBA : FE;
 CBBB : FE;
 CBBC : FE;
 CBBD : FE;
 CBBE : FE;
 CBBF : FE;
 CBC0 : FE;
 CBC1 : FE;
 CBC2 : FE;
 CBC3 : FE;
 CBC4 : FE;
 CBC5 : FE;
 CBC6 : FE;
 CBC7 : FE;
 CBC8 : FE;
 CBC9 : FE;
 CBCA : FE;
 CBCB : FE;
 CBCC : FE;
 CBCD : FE;
 CBCE : FE;
 CBCF : FE;
 CBD0 : FE;
 CBD1 : FE;
 CBD2 : FE;
 CBD3 : FE;
 CBD4 : FE;
 CBD5 : FE;
 CBD6 : FE;
 CBD7 : FE;
 CBD8 : FE;
 CBD9 : FE;
 CBDA : FE;
 CBDB : FE;
 CBDC : FE;
 CBDD : FE;
 CBDE : FE;
 CBDF : FE;
 CBE0 : FE;
 CBE1 : FE;
 CBE2 : FE;
 CBE3 : FE;
 CBE4 : FE;
 CBE5 : FE;
 CBE6 : FE;
 CBE7 : FE;
 CBE8 : FE;
 CBE9 : FE;
 CBEA : FE;
 CBEB : FE;
 CBEC : FE;
 CBED : FE;
 CBEE : FE;
 CBEF : FE;
 CBF0 : FE;
 CBF1 : FE;
 CBF2 : FE;
 CBF3 : FE;
 CBF4 : FE;
 CBF5 : FE;
 CBF6 : FE;
 CBF7 : FE;
 CBF8 : FE;
 CBF9 : FE;
 CBFA : FE;
 CBFB : FE;
 CBFC : FE;
 CBFD : FE;
 CBFE : FE;
 CBFF : FE;
 CC00 : FE;
 CC01 : FE;
 CC02 : FE;
 CC03 : FE;
 CC04 : FE;
 CC05 : FE;
 CC06 : FE;
 CC07 : FE;
 CC08 : FE;
 CC09 : FE;
 CC0A : FE;
 CC0B : FE;
 CC0C : FE;
 CC0D : FE;
 CC0E : FE;
 CC0F : FE;
 CC10 : FE;
 CC11 : FE;
 CC12 : FE;
 CC13 : FE;
 CC14 : FE;
 CC15 : FE;
 CC16 : FE;
 CC17 : FE;
 CC18 : FE;
 CC19 : FE;
 CC1A : FE;
 CC1B : FE;
 CC1C : FE;
 CC1D : FE;
 CC1E : FE;
 CC1F : FE;
 CC20 : FE;
 CC21 : FE;
 CC22 : FE;
 CC23 : FE;
 CC24 : FE;
 CC25 : FE;
 CC26 : FE;
 CC27 : FE;
 CC28 : FE;
 CC29 : FE;
 CC2A : FE;
 CC2B : FE;
 CC2C : FE;
 CC2D : FE;
 CC2E : FE;
 CC2F : FE;
 CC30 : FE;
 CC31 : FE;
 CC32 : FE;
 CC33 : FE;
 CC34 : FE;
 CC35 : FE;
 CC36 : FE;
 CC37 : FE;
 CC38 : FE;
 CC39 : FE;
 CC3A : FE;
 CC3B : FE;
 CC3C : FE;
 CC3D : FE;
 CC3E : FE;
 CC3F : FD;
 CC40 : F9;
 CC41 : FE;
 CC42 : FE;
 CC43 : F8;
 CC44 : FB;
 CC45 : FE;
 CC46 : F9;
 CC47 : 98;
 CC48 : 53;
 CC49 : 65;
 CC4A : 49;
 CC4B : 33;
 CC4C : 24;
 CC4D : 39;
 CC4E : 38;
 CC4F : 27;
 CC50 : 0A;
 CC51 : 21;
 CC52 : 15;
 CC53 : 17;
 CC54 : 14;
 CC55 : 15;
 CC56 : 20;
 CC57 : 1A;
 CC58 : 24;
 CC59 : 2F;
 CC5A : 4E;
 CC5B : 5F;
 CC5C : 73;
 CC5D : 38;
 CC5E : 0F;
 CC5F : 04;
 CC60 : 14;
 CC61 : 56;
 CC62 : 85;
 CC63 : 7A;
 CC64 : 87;
 CC65 : 67;
 CC66 : 6E;
 CC67 : 5D;
 CC68 : 54;
 CC69 : 5C;
 CC6A : 4E;
 CC6B : 4C;
 CC6C : 45;
 CC6D : 48;
 CC6E : 30;
 CC6F : 3A;
 CC70 : 24;
 CC71 : 28;
 CC72 : 1E;
 CC73 : 0C;
 CC74 : 03;
 CC75 : 2D;
 CC76 : 8A;
 CC77 : F3;
 CC78 : FE;
 CC79 : F7;
 CC7A : FC;
 CC7B : FA;
 CC7C : F9;
 CC7D : FE;
 CC7E : F8;
 CC7F : FE;
 CC80 : FE;
 CC81 : FE;
 CC82 : FE;
 CC83 : FE;
 CC84 : FE;
 CC85 : FE;
 CC86 : FE;
 CC87 : FE;
 CC88 : FE;
 CC89 : FE;
 CC8A : FE;
 CC8B : FE;
 CC8C : FE;
 CC8D : FE;
 CC8E : FE;
 CC8F : FE;
 CC90 : FE;
 CC91 : FE;
 CC92 : FE;
 CC93 : FE;
 CC94 : FE;
 CC95 : FE;
 CC96 : FE;
 CC97 : FE;
 CC98 : FE;
 CC99 : FE;
 CC9A : FE;
 CC9B : FE;
 CC9C : FE;
 CC9D : FE;
 CC9E : FE;
 CC9F : FE;
 CCA0 : FE;
 CCA1 : FE;
 CCA2 : FE;
 CCA3 : FE;
 CCA4 : FE;
 CCA5 : FE;
 CCA6 : FE;
 CCA7 : FE;
 CCA8 : FE;
 CCA9 : FE;
 CCAA : FE;
 CCAB : FE;
 CCAC : FE;
 CCAD : FE;
 CCAE : FE;
 CCAF : FE;
 CCB0 : FE;
 CCB1 : FE;
 CCB2 : FE;
 CCB3 : FE;
 CCB4 : FE;
 CCB5 : FE;
 CCB6 : FE;
 CCB7 : FE;
 CCB8 : FE;
 CCB9 : FE;
 CCBA : FE;
 CCBB : FE;
 CCBC : FE;
 CCBD : FE;
 CCBE : FE;
 CCBF : FE;
 CCC0 : FE;
 CCC1 : FE;
 CCC2 : FE;
 CCC3 : FE;
 CCC4 : FE;
 CCC5 : FE;
 CCC6 : FE;
 CCC7 : FE;
 CCC8 : FE;
 CCC9 : FE;
 CCCA : FE;
 CCCB : FE;
 CCCC : FE;
 CCCD : FE;
 CCCE : FE;
 CCCF : FE;
 CCD0 : FE;
 CCD1 : FE;
 CCD2 : FE;
 CCD3 : FE;
 CCD4 : FE;
 CCD5 : FE;
 CCD6 : FE;
 CCD7 : FE;
 CCD8 : FE;
 CCD9 : FE;
 CCDA : FE;
 CCDB : FE;
 CCDC : FE;
 CCDD : FE;
 CCDE : FE;
 CCDF : FE;
 CCE0 : FE;
 CCE1 : FE;
 CCE2 : FE;
 CCE3 : FE;
 CCE4 : FE;
 CCE5 : FE;
 CCE6 : FE;
 CCE7 : FE;
 CCE8 : FE;
 CCE9 : FE;
 CCEA : FE;
 CCEB : FE;
 CCEC : FE;
 CCED : FE;
 CCEE : FE;
 CCEF : FE;
 CCF0 : FE;
 CCF1 : FE;
 CCF2 : FE;
 CCF3 : FE;
 CCF4 : FE;
 CCF5 : FE;
 CCF6 : FE;
 CCF7 : FE;
 CCF8 : FE;
 CCF9 : FE;
 CCFA : FE;
 CCFB : FE;
 CCFC : FE;
 CCFD : FE;
 CCFE : FE;
 CCFF : FE;
 CD00 : FE;
 CD01 : FE;
 CD02 : FE;
 CD03 : FE;
 CD04 : FE;
 CD05 : FE;
 CD06 : FE;
 CD07 : FE;
 CD08 : FE;
 CD09 : FE;
 CD0A : FE;
 CD0B : FE;
 CD0C : FE;
 CD0D : FE;
 CD0E : FE;
 CD0F : FE;
 CD10 : FE;
 CD11 : FE;
 CD12 : FE;
 CD13 : FE;
 CD14 : FE;
 CD15 : FE;
 CD16 : FE;
 CD17 : FE;
 CD18 : FE;
 CD19 : FE;
 CD1A : FE;
 CD1B : FE;
 CD1C : FE;
 CD1D : FE;
 CD1E : FE;
 CD1F : FE;
 CD20 : FE;
 CD21 : FE;
 CD22 : FE;
 CD23 : FE;
 CD24 : FE;
 CD25 : FE;
 CD26 : FE;
 CD27 : FE;
 CD28 : FE;
 CD29 : FE;
 CD2A : FE;
 CD2B : FE;
 CD2C : FE;
 CD2D : FE;
 CD2E : FE;
 CD2F : FE;
 CD30 : FE;
 CD31 : FE;
 CD32 : FE;
 CD33 : FE;
 CD34 : FE;
 CD35 : FE;
 CD36 : FE;
 CD37 : FE;
 CD38 : FE;
 CD39 : FE;
 CD3A : FE;
 CD3B : FE;
 CD3C : FE;
 CD3D : FE;
 CD3E : FE;
 CD3F : FE;
 CD40 : FE;
 CD41 : FE;
 CD42 : FE;
 CD43 : FE;
 CD44 : FE;
 CD45 : FE;
 CD46 : FE;
 CD47 : FE;
 CD48 : FE;
 CD49 : FE;
 CD4A : FE;
 CD4B : FE;
 CD4C : FE;
 CD4D : FE;
 CD4E : FE;
 CD4F : FE;
 CD50 : FE;
 CD51 : FE;
 CD52 : FE;
 CD53 : FE;
 CD54 : FE;
 CD55 : FE;
 CD56 : FE;
 CD57 : FE;
 CD58 : FE;
 CD59 : FE;
 CD5A : FE;
 CD5B : FE;
 CD5C : FE;
 CD5D : FE;
 CD5E : FE;
 CD5F : FE;
 CD60 : FE;
 CD61 : FE;
 CD62 : FE;
 CD63 : FE;
 CD64 : FE;
 CD65 : FE;
 CD66 : FE;
 CD67 : FE;
 CD68 : FE;
 CD69 : FE;
 CD6A : FE;
 CD6B : FE;
 CD6C : FE;
 CD6D : FE;
 CD6E : FE;
 CD6F : FE;
 CD70 : FE;
 CD71 : FE;
 CD72 : FE;
 CD73 : FE;
 CD74 : FE;
 CD75 : FE;
 CD76 : FE;
 CD77 : FE;
 CD78 : FE;
 CD79 : FE;
 CD7A : FE;
 CD7B : FE;
 CD7C : FE;
 CD7D : FE;
 CD7E : FE;
 CD7F : FE;
 CD80 : F8;
 CD81 : FD;
 CD82 : FE;
 CD83 : FE;
 CD84 : FC;
 CD85 : FE;
 CD86 : FD;
 CD87 : E7;
 CD88 : 8A;
 CD89 : 59;
 CD8A : 59;
 CD8B : 2E;
 CD8C : 36;
 CD8D : 28;
 CD8E : 1C;
 CD8F : 32;
 CD90 : 1F;
 CD91 : 28;
 CD92 : 1A;
 CD93 : 22;
 CD94 : 7F;
 CD95 : 9A;
 CD96 : AB;
 CD97 : BF;
 CD98 : C1;
 CD99 : CE;
 CD9A : EA;
 CD9B : FC;
 CD9C : FC;
 CD9D : 8A;
 CD9E : 2E;
 CD9F : 10;
 CDA0 : 12;
 CDA1 : 92;
 CDA2 : FD;
 CDA3 : FB;
 CDA4 : FD;
 CDA5 : E7;
 CDA6 : E3;
 CDA7 : D3;
 CDA8 : BF;
 CDA9 : D1;
 CDAA : CE;
 CDAB : 71;
 CDAC : 2F;
 CDAD : 2B;
 CDAE : 3C;
 CDAF : 2A;
 CDB0 : 42;
 CDB1 : 30;
 CDB2 : 3F;
 CDB3 : 45;
 CDB4 : 56;
 CDB5 : AD;
 CDB6 : FD;
 CDB7 : FE;
 CDB8 : FA;
 CDB9 : F7;
 CDBA : FE;
 CDBB : F7;
 CDBC : F8;
 CDBD : FE;
 CDBE : FA;
 CDBF : FE;
 CDC0 : FE;
 CDC1 : FE;
 CDC2 : FE;
 CDC3 : FE;
 CDC4 : FE;
 CDC5 : FE;
 CDC6 : FE;
 CDC7 : FE;
 CDC8 : FE;
 CDC9 : FE;
 CDCA : FE;
 CDCB : FE;
 CDCC : FE;
 CDCD : FE;
 CDCE : FE;
 CDCF : FE;
 CDD0 : FE;
 CDD1 : FE;
 CDD2 : FE;
 CDD3 : FE;
 CDD4 : FE;
 CDD5 : FE;
 CDD6 : FE;
 CDD7 : FE;
 CDD8 : FE;
 CDD9 : FE;
 CDDA : FE;
 CDDB : FE;
 CDDC : FE;
 CDDD : FE;
 CDDE : FE;
 CDDF : FE;
 CDE0 : FE;
 CDE1 : FE;
 CDE2 : FE;
 CDE3 : FE;
 CDE4 : FE;
 CDE5 : FE;
 CDE6 : FE;
 CDE7 : FE;
 CDE8 : FE;
 CDE9 : FE;
 CDEA : FE;
 CDEB : FE;
 CDEC : FE;
 CDED : FE;
 CDEE : FE;
 CDEF : FE;
 CDF0 : FE;
 CDF1 : FE;
 CDF2 : FE;
 CDF3 : FE;
 CDF4 : FE;
 CDF5 : FE;
 CDF6 : FE;
 CDF7 : FE;
 CDF8 : FE;
 CDF9 : FE;
 CDFA : FE;
 CDFB : FE;
 CDFC : FE;
 CDFD : FE;
 CDFE : FE;
 CDFF : FE;
 CE00 : FE;
 CE01 : FE;
 CE02 : FE;
 CE03 : FE;
 CE04 : FE;
 CE05 : FE;
 CE06 : FE;
 CE07 : FE;
 CE08 : FE;
 CE09 : FE;
 CE0A : FE;
 CE0B : FE;
 CE0C : FE;
 CE0D : FE;
 CE0E : FE;
 CE0F : FE;
 CE10 : FE;
 CE11 : FE;
 CE12 : FE;
 CE13 : FE;
 CE14 : FE;
 CE15 : FE;
 CE16 : FE;
 CE17 : FE;
 CE18 : FE;
 CE19 : FE;
 CE1A : FE;
 CE1B : FE;
 CE1C : FE;
 CE1D : FE;
 CE1E : FE;
 CE1F : FE;
 CE20 : FE;
 CE21 : FE;
 CE22 : FE;
 CE23 : FE;
 CE24 : FE;
 CE25 : FE;
 CE26 : FE;
 CE27 : FE;
 CE28 : FE;
 CE29 : FE;
 CE2A : FE;
 CE2B : FE;
 CE2C : FE;
 CE2D : FE;
 CE2E : FE;
 CE2F : FE;
 CE30 : FE;
 CE31 : FE;
 CE32 : FE;
 CE33 : FE;
 CE34 : FE;
 CE35 : FE;
 CE36 : FE;
 CE37 : FE;
 CE38 : FE;
 CE39 : FE;
 CE3A : FE;
 CE3B : FE;
 CE3C : FE;
 CE3D : FE;
 CE3E : FE;
 CE3F : FE;
 CE40 : FE;
 CE41 : FE;
 CE42 : FE;
 CE43 : FE;
 CE44 : FE;
 CE45 : FE;
 CE46 : FE;
 CE47 : FE;
 CE48 : FE;
 CE49 : FE;
 CE4A : FE;
 CE4B : FE;
 CE4C : FE;
 CE4D : FE;
 CE4E : FE;
 CE4F : FE;
 CE50 : FE;
 CE51 : FE;
 CE52 : FE;
 CE53 : FE;
 CE54 : FE;
 CE55 : FE;
 CE56 : FE;
 CE57 : FE;
 CE58 : FE;
 CE59 : FE;
 CE5A : FE;
 CE5B : FE;
 CE5C : FE;
 CE5D : FE;
 CE5E : FE;
 CE5F : FE;
 CE60 : FE;
 CE61 : FE;
 CE62 : FE;
 CE63 : FE;
 CE64 : FE;
 CE65 : FE;
 CE66 : FE;
 CE67 : FE;
 CE68 : FE;
 CE69 : FE;
 CE6A : FE;
 CE6B : FE;
 CE6C : FE;
 CE6D : FE;
 CE6E : FE;
 CE6F : FE;
 CE70 : FE;
 CE71 : FE;
 CE72 : FE;
 CE73 : FE;
 CE74 : FE;
 CE75 : FE;
 CE76 : FE;
 CE77 : FE;
 CE78 : FE;
 CE79 : FE;
 CE7A : FE;
 CE7B : FE;
 CE7C : FE;
 CE7D : FE;
 CE7E : FE;
 CE7F : FE;
 CE80 : FE;
 CE81 : FE;
 CE82 : FE;
 CE83 : FE;
 CE84 : FE;
 CE85 : FE;
 CE86 : FE;
 CE87 : FE;
 CE88 : FE;
 CE89 : FE;
 CE8A : FE;
 CE8B : FE;
 CE8C : FE;
 CE8D : FE;
 CE8E : FE;
 CE8F : FE;
 CE90 : FE;
 CE91 : FE;
 CE92 : FE;
 CE93 : FE;
 CE94 : FE;
 CE95 : FE;
 CE96 : FE;
 CE97 : FE;
 CE98 : FE;
 CE99 : FE;
 CE9A : FE;
 CE9B : FE;
 CE9C : FE;
 CE9D : FE;
 CE9E : FE;
 CE9F : FE;
 CEA0 : FE;
 CEA1 : FE;
 CEA2 : FE;
 CEA3 : FE;
 CEA4 : FE;
 CEA5 : FE;
 CEA6 : FE;
 CEA7 : FE;
 CEA8 : FE;
 CEA9 : FE;
 CEAA : FE;
 CEAB : FE;
 CEAC : FE;
 CEAD : FE;
 CEAE : FE;
 CEAF : FE;
 CEB0 : FE;
 CEB1 : FE;
 CEB2 : FE;
 CEB3 : FE;
 CEB4 : FE;
 CEB5 : FE;
 CEB6 : FE;
 CEB7 : FE;
 CEB8 : FE;
 CEB9 : FE;
 CEBA : FE;
 CEBB : FE;
 CEBC : FE;
 CEBD : FE;
 CEBE : FE;
 CEBF : FE;
 CEC0 : FD;
 CEC1 : FB;
 CEC2 : FE;
 CEC3 : FE;
 CEC4 : FE;
 CEC5 : FB;
 CEC6 : FB;
 CEC7 : F3;
 CEC8 : F9;
 CEC9 : E0;
 CECA : B4;
 CECB : A0;
 CECC : 6D;
 CECD : 6B;
 CECE : A0;
 CECF : 70;
 CED0 : 46;
 CED1 : 2B;
 CED2 : 0D;
 CED3 : 1C;
 CED4 : CE;
 CED5 : FD;
 CED6 : EE;
 CED7 : FD;
 CED8 : FD;
 CED9 : FA;
 CEDA : F2;
 CEDB : F8;
 CEDC : F6;
 CEDD : 77;
 CEDE : 2E;
 CEDF : 1E;
 CEE0 : 01;
 CEE1 : 6F;
 CEE2 : FE;
 CEE3 : FC;
 CEE4 : FD;
 CEE5 : FE;
 CEE6 : FE;
 CEE7 : FE;
 CEE8 : FE;
 CEE9 : FE;
 CEEA : FE;
 CEEB : 76;
 CEEC : 2A;
 CEED : 13;
 CEEE : 10;
 CEEF : 7C;
 CEF0 : EE;
 CEF1 : DE;
 CEF2 : E5;
 CEF3 : E3;
 CEF4 : DC;
 CEF5 : FA;
 CEF6 : FB;
 CEF7 : FE;
 CEF8 : F7;
 CEF9 : F9;
 CEFA : FD;
 CEFB : F8;
 CEFC : F9;
 CEFD : FF;
 CEFE : FD;
 CEFF : FE;
 CF00 : FE;
 CF01 : FE;
 CF02 : FE;
 CF03 : FE;
 CF04 : FE;
 CF05 : FE;
 CF06 : FE;
 CF07 : FE;
 CF08 : FE;
 CF09 : FE;
 CF0A : FE;
 CF0B : FE;
 CF0C : FE;
 CF0D : FE;
 CF0E : FE;
 CF0F : FE;
 CF10 : FE;
 CF11 : FE;
 CF12 : FE;
 CF13 : FE;
 CF14 : FE;
 CF15 : FE;
 CF16 : FE;
 CF17 : FE;
 CF18 : FE;
 CF19 : FE;
 CF1A : FE;
 CF1B : FE;
 CF1C : FE;
 CF1D : FE;
 CF1E : FE;
 CF1F : FE;
 CF20 : FE;
 CF21 : FE;
 CF22 : FE;
 CF23 : FE;
 CF24 : FE;
 CF25 : FE;
 CF26 : FE;
 CF27 : FE;
 CF28 : FE;
 CF29 : FE;
 CF2A : FE;
 CF2B : FE;
 CF2C : FE;
 CF2D : FE;
 CF2E : FE;
 CF2F : FE;
 CF30 : FE;
 CF31 : FE;
 CF32 : FE;
 CF33 : FE;
 CF34 : FE;
 CF35 : FE;
 CF36 : FE;
 CF37 : FE;
 CF38 : FE;
 CF39 : FE;
 CF3A : FE;
 CF3B : FE;
 CF3C : FE;
 CF3D : FE;
 CF3E : FE;
 CF3F : FE;
 CF40 : FE;
 CF41 : FE;
 CF42 : FE;
 CF43 : FE;
 CF44 : FE;
 CF45 : FE;
 CF46 : FE;
 CF47 : FE;
 CF48 : FE;
 CF49 : FE;
 CF4A : FE;
 CF4B : FE;
 CF4C : FE;
 CF4D : FE;
 CF4E : FE;
 CF4F : FE;
 CF50 : FE;
 CF51 : FE;
 CF52 : FE;
 CF53 : FE;
 CF54 : FE;
 CF55 : FE;
 CF56 : FE;
 CF57 : FE;
 CF58 : FE;
 CF59 : FE;
 CF5A : FE;
 CF5B : FE;
 CF5C : FE;
 CF5D : FE;
 CF5E : FE;
 CF5F : FE;
 CF60 : FE;
 CF61 : FE;
 CF62 : FE;
 CF63 : FE;
 CF64 : FE;
 CF65 : FE;
 CF66 : FE;
 CF67 : FE;
 CF68 : FE;
 CF69 : FE;
 CF6A : FE;
 CF6B : FE;
 CF6C : FE;
 CF6D : FE;
 CF6E : FE;
 CF6F : FE;
 CF70 : FE;
 CF71 : FE;
 CF72 : FE;
 CF73 : FE;
 CF74 : FE;
 CF75 : FE;
 CF76 : FE;
 CF77 : FE;
 CF78 : FE;
 CF79 : FE;
 CF7A : FE;
 CF7B : FE;
 CF7C : FE;
 CF7D : FE;
 CF7E : FE;
 CF7F : FE;
 CF80 : FE;
 CF81 : FE;
 CF82 : FE;
 CF83 : FE;
 CF84 : FE;
 CF85 : FE;
 CF86 : FE;
 CF87 : FE;
 CF88 : FE;
 CF89 : FE;
 CF8A : FE;
 CF8B : FE;
 CF8C : FE;
 CF8D : FE;
 CF8E : FE;
 CF8F : FE;
 CF90 : FE;
 CF91 : FE;
 CF92 : FE;
 CF93 : FE;
 CF94 : FE;
 CF95 : FE;
 CF96 : FE;
 CF97 : FE;
 CF98 : FE;
 CF99 : FE;
 CF9A : FE;
 CF9B : FE;
 CF9C : FE;
 CF9D : FE;
 CF9E : FE;
 CF9F : FE;
 CFA0 : FE;
 CFA1 : FE;
 CFA2 : FE;
 CFA3 : FE;
 CFA4 : FE;
 CFA5 : FE;
 CFA6 : FE;
 CFA7 : FE;
 CFA8 : FE;
 CFA9 : FE;
 CFAA : FE;
 CFAB : FE;
 CFAC : FE;
 CFAD : FE;
 CFAE : FE;
 CFAF : FE;
 CFB0 : FE;
 CFB1 : FE;
 CFB2 : FE;
 CFB3 : FE;
 CFB4 : FE;
 CFB5 : FE;
 CFB6 : FE;
 CFB7 : FE;
 CFB8 : FE;
 CFB9 : FE;
 CFBA : FE;
 CFBB : FE;
 CFBC : FE;
 CFBD : FE;
 CFBE : FE;
 CFBF : FE;
 CFC0 : FE;
 CFC1 : FE;
 CFC2 : FE;
 CFC3 : FE;
 CFC4 : FE;
 CFC5 : FE;
 CFC6 : FE;
 CFC7 : FE;
 CFC8 : FE;
 CFC9 : FE;
 CFCA : FE;
 CFCB : FE;
 CFCC : FE;
 CFCD : FE;
 CFCE : FE;
 CFCF : FE;
 CFD0 : FE;
 CFD1 : FE;
 CFD2 : FE;
 CFD3 : FE;
 CFD4 : FE;
 CFD5 : FE;
 CFD6 : FE;
 CFD7 : FE;
 CFD8 : FE;
 CFD9 : FE;
 CFDA : FE;
 CFDB : FE;
 CFDC : FE;
 CFDD : FE;
 CFDE : FE;
 CFDF : FE;
 CFE0 : FE;
 CFE1 : FE;
 CFE2 : FE;
 CFE3 : FE;
 CFE4 : FE;
 CFE5 : FE;
 CFE6 : FE;
 CFE7 : FE;
 CFE8 : FE;
 CFE9 : FE;
 CFEA : FE;
 CFEB : FE;
 CFEC : FE;
 CFED : FE;
 CFEE : FE;
 CFEF : FE;
 CFF0 : FE;
 CFF1 : FE;
 CFF2 : FE;
 CFF3 : FE;
 CFF4 : FE;
 CFF5 : FE;
 CFF6 : FE;
 CFF7 : FE;
 CFF8 : FE;
 CFF9 : FE;
 CFFA : FE;
 CFFB : FE;
 CFFC : FE;
 CFFD : FE;
 CFFE : FE;
 CFFF : FE;
 D000 : FE;
 D001 : FC;
 D002 : F9;
 D003 : FE;
 D004 : FE;
 D005 : FB;
 D006 : FC;
 D007 : FE;
 D008 : E5;
 D009 : FD;
 D00A : F7;
 D00B : FB;
 D00C : E4;
 D00D : FB;
 D00E : EE;
 D00F : A6;
 D010 : 25;
 D011 : 0D;
 D012 : 1D;
 D013 : 16;
 D014 : 85;
 D015 : F6;
 D016 : FC;
 D017 : EF;
 D018 : F7;
 D019 : FC;
 D01A : F7;
 D01B : F5;
 D01C : D5;
 D01D : 43;
 D01E : 16;
 D01F : 37;
 D020 : 10;
 D021 : 46;
 D022 : D8;
 D023 : F2;
 D024 : F1;
 D025 : FC;
 D026 : FF;
 D027 : E9;
 D028 : FA;
 D029 : FB;
 D02A : AA;
 D02B : 2F;
 D02C : 3D;
 D02D : 42;
 D02E : 01;
 D02F : 6A;
 D030 : FE;
 D031 : F8;
 D032 : F1;
 D033 : F8;
 D034 : FB;
 D035 : FE;
 D036 : FD;
 D037 : FD;
 D038 : F9;
 D039 : FE;
 D03A : FB;
 D03B : FC;
 D03C : FD;
 D03D : FA;
 D03E : FD;
 D03F : FE;
 D040 : FE;
 D041 : FE;
 D042 : FE;
 D043 : FE;
 D044 : FE;
 D045 : FE;
 D046 : FE;
 D047 : FE;
 D048 : FE;
 D049 : FE;
 D04A : FE;
 D04B : FE;
 D04C : FE;
 D04D : FE;
 D04E : FE;
 D04F : FE;
 D050 : FE;
 D051 : FE;
 D052 : FE;
 D053 : FE;
 D054 : FE;
 D055 : FE;
 D056 : FE;
 D057 : FE;
 D058 : FE;
 D059 : FE;
 D05A : FE;
 D05B : FE;
 D05C : FE;
 D05D : FE;
 D05E : FE;
 D05F : FE;
 D060 : FE;
 D061 : FE;
 D062 : FE;
 D063 : FE;
 D064 : FE;
 D065 : FE;
 D066 : FE;
 D067 : FE;
 D068 : FE;
 D069 : FE;
 D06A : FE;
 D06B : FE;
 D06C : FE;
 D06D : FE;
 D06E : FE;
 D06F : FE;
 D070 : FE;
 D071 : FE;
 D072 : FE;
 D073 : FE;
 D074 : FE;
 D075 : FE;
 D076 : FE;
 D077 : FE;
 D078 : FE;
 D079 : FE;
 D07A : FE;
 D07B : FE;
 D07C : FE;
 D07D : FE;
 D07E : FE;
 D07F : FE;
 D080 : FE;
 D081 : FE;
 D082 : FE;
 D083 : FE;
 D084 : FE;
 D085 : FE;
 D086 : FE;
 D087 : FE;
 D088 : FE;
 D089 : FE;
 D08A : FE;
 D08B : FE;
 D08C : FE;
 D08D : FE;
 D08E : FE;
 D08F : FE;
 D090 : FE;
 D091 : FE;
 D092 : FE;
 D093 : FE;
 D094 : FE;
 D095 : FE;
 D096 : FE;
 D097 : FE;
 D098 : FE;
 D099 : FE;
 D09A : FE;
 D09B : FE;
 D09C : FE;
 D09D : FE;
 D09E : FE;
 D09F : FE;
 D0A0 : FE;
 D0A1 : FE;
 D0A2 : FE;
 D0A3 : FE;
 D0A4 : FE;
 D0A5 : FE;
 D0A6 : FE;
 D0A7 : FE;
 D0A8 : FE;
 D0A9 : FE;
 D0AA : FE;
 D0AB : FE;
 D0AC : FE;
 D0AD : FE;
 D0AE : FE;
 D0AF : FE;
 D0B0 : FE;
 D0B1 : FE;
 D0B2 : FE;
 D0B3 : FE;
 D0B4 : FE;
 D0B5 : FE;
 D0B6 : FE;
 D0B7 : FE;
 D0B8 : FE;
 D0B9 : FE;
 D0BA : FE;
 D0BB : FE;
 D0BC : FE;
 D0BD : FE;
 D0BE : FE;
 D0BF : FE;
 D0C0 : FE;
 D0C1 : FE;
 D0C2 : FE;
 D0C3 : FE;
 D0C4 : FE;
 D0C5 : FE;
 D0C6 : FE;
 D0C7 : FE;
 D0C8 : FE;
 D0C9 : FE;
 D0CA : FE;
 D0CB : FE;
 D0CC : FE;
 D0CD : FE;
 D0CE : FE;
 D0CF : FE;
 D0D0 : FE;
 D0D1 : FE;
 D0D2 : FE;
 D0D3 : FE;
 D0D4 : FE;
 D0D5 : FE;
 D0D6 : FE;
 D0D7 : FE;
 D0D8 : FE;
 D0D9 : FE;
 D0DA : FE;
 D0DB : FE;
 D0DC : FE;
 D0DD : FE;
 D0DE : FE;
 D0DF : FE;
 D0E0 : FE;
 D0E1 : FE;
 D0E2 : FE;
 D0E3 : FE;
 D0E4 : FE;
 D0E5 : FE;
 D0E6 : FE;
 D0E7 : FE;
 D0E8 : FE;
 D0E9 : FE;
 D0EA : FE;
 D0EB : FE;
 D0EC : FE;
 D0ED : FE;
 D0EE : FE;
 D0EF : FE;
 D0F0 : FE;
 D0F1 : FE;
 D0F2 : FE;
 D0F3 : FE;
 D0F4 : FE;
 D0F5 : FE;
 D0F6 : FE;
 D0F7 : FE;
 D0F8 : FE;
 D0F9 : FE;
 D0FA : FE;
 D0FB : FE;
 D0FC : FE;
 D0FD : FE;
 D0FE : FE;
 D0FF : FE;
 D100 : FE;
 D101 : FE;
 D102 : FE;
 D103 : FE;
 D104 : FE;
 D105 : FE;
 D106 : FE;
 D107 : FE;
 D108 : FE;
 D109 : FE;
 D10A : FE;
 D10B : FE;
 D10C : FE;
 D10D : FE;
 D10E : FE;
 D10F : FE;
 D110 : FE;
 D111 : FE;
 D112 : FE;
 D113 : FE;
 D114 : FE;
 D115 : FE;
 D116 : FE;
 D117 : FE;
 D118 : FE;
 D119 : FE;
 D11A : FE;
 D11B : FE;
 D11C : FE;
 D11D : FE;
 D11E : FE;
 D11F : FE;
 D120 : FE;
 D121 : FE;
 D122 : FE;
 D123 : FE;
 D124 : FE;
 D125 : FE;
 D126 : FE;
 D127 : FE;
 D128 : FE;
 D129 : FE;
 D12A : FE;
 D12B : FE;
 D12C : FE;
 D12D : FE;
 D12E : FE;
 D12F : FE;
 D130 : FE;
 D131 : FE;
 D132 : FE;
 D133 : FE;
 D134 : FE;
 D135 : FE;
 D136 : FE;
 D137 : FE;
 D138 : FE;
 D139 : FE;
 D13A : FE;
 D13B : FE;
 D13C : FE;
 D13D : FE;
 D13E : FE;
 D13F : FC;
 D140 : FE;
 D141 : FE;
 D142 : F6;
 D143 : FE;
 D144 : FE;
 D145 : FD;
 D146 : FF;
 D147 : F1;
 D148 : FE;
 D149 : F3;
 D14A : F3;
 D14B : FC;
 D14C : FD;
 D14D : E8;
 D14E : F5;
 D14F : 83;
 D150 : 16;
 D151 : 29;
 D152 : 23;
 D153 : 01;
 D154 : 56;
 D155 : FA;
 D156 : F6;
 D157 : F9;
 D158 : F9;
 D159 : F9;
 D15A : F5;
 D15B : F7;
 D15C : CA;
 D15D : 39;
 D15E : 29;
 D15F : 1E;
 D160 : 13;
 D161 : 31;
 D162 : CD;
 D163 : FF;
 D164 : FF;
 D165 : F6;
 D166 : F8;
 D167 : FF;
 D168 : E2;
 D169 : FF;
 D16A : F3;
 D16B : 72;
 D16C : 21;
 D16D : 2D;
 D16E : 26;
 D16F : 4D;
 D170 : EF;
 D171 : F8;
 D172 : F9;
 D173 : FF;
 D174 : FF;
 D175 : EE;
 D176 : FF;
 D177 : FE;
 D178 : FF;
 D179 : FE;
 D17A : F9;
 D17B : FE;
 D17C : FE;
 D17D : F7;
 D17E : FC;
 D17F : FE;
 D180 : FE;
 D181 : FE;
 D182 : FE;
 D183 : FE;
 D184 : FE;
 D185 : FE;
 D186 : FE;
 D187 : FE;
 D188 : FE;
 D189 : FE;
 D18A : FE;
 D18B : FE;
 D18C : FE;
 D18D : FE;
 D18E : FE;
 D18F : FE;
 D190 : FE;
 D191 : FE;
 D192 : FE;
 D193 : FE;
 D194 : FE;
 D195 : FE;
 D196 : FE;
 D197 : FE;
 D198 : FE;
 D199 : FE;
 D19A : FE;
 D19B : FE;
 D19C : FE;
 D19D : FE;
 D19E : FE;
 D19F : FE;
 D1A0 : FE;
 D1A1 : FE;
 D1A2 : FE;
 D1A3 : FE;
 D1A4 : FE;
 D1A5 : FE;
 D1A6 : FE;
 D1A7 : FE;
 D1A8 : FE;
 D1A9 : FE;
 D1AA : FE;
 D1AB : FE;
 D1AC : FE;
 D1AD : FE;
 D1AE : FE;
 D1AF : FE;
 D1B0 : FE;
 D1B1 : FE;
 D1B2 : FE;
 D1B3 : FE;
 D1B4 : FE;
 D1B5 : FE;
 D1B6 : FE;
 D1B7 : FE;
 D1B8 : FE;
 D1B9 : FE;
 D1BA : FE;
 D1BB : FE;
 D1BC : FE;
 D1BD : FE;
 D1BE : FE;
 D1BF : FE;
 D1C0 : FE;
 D1C1 : FE;
 D1C2 : FE;
 D1C3 : FE;
 D1C4 : FE;
 D1C5 : FE;
 D1C6 : FE;
 D1C7 : FE;
 D1C8 : FE;
 D1C9 : FE;
 D1CA : FE;
 D1CB : FE;
 D1CC : FE;
 D1CD : FE;
 D1CE : FE;
 D1CF : FE;
 D1D0 : FE;
 D1D1 : FE;
 D1D2 : FE;
 D1D3 : FE;
 D1D4 : FE;
 D1D5 : FE;
 D1D6 : FE;
 D1D7 : FE;
 D1D8 : FE;
 D1D9 : FE;
 D1DA : FE;
 D1DB : FE;
 D1DC : FE;
 D1DD : FE;
 D1DE : FE;
 D1DF : FE;
 D1E0 : FE;
 D1E1 : FE;
 D1E2 : FE;
 D1E3 : FE;
 D1E4 : FE;
 D1E5 : FE;
 D1E6 : FE;
 D1E7 : FE;
 D1E8 : FE;
 D1E9 : FE;
 D1EA : FE;
 D1EB : FE;
 D1EC : FE;
 D1ED : FE;
 D1EE : FE;
 D1EF : FE;
 D1F0 : FE;
 D1F1 : FE;
 D1F2 : FE;
 D1F3 : FE;
 D1F4 : FE;
 D1F5 : FE;
 D1F6 : FE;
 D1F7 : FE;
 D1F8 : FE;
 D1F9 : FE;
 D1FA : FE;
 D1FB : FE;
 D1FC : FE;
 D1FD : FE;
 D1FE : FE;
 D1FF : FE;
 D200 : FE;
 D201 : FE;
 D202 : FE;
 D203 : FE;
 D204 : FE;
 D205 : FE;
 D206 : FE;
 D207 : FE;
 D208 : FE;
 D209 : FE;
 D20A : FE;
 D20B : FE;
 D20C : FE;
 D20D : FE;
 D20E : FE;
 D20F : FE;
 D210 : FE;
 D211 : FE;
 D212 : FE;
 D213 : FE;
 D214 : FE;
 D215 : FE;
 D216 : FE;
 D217 : FE;
 D218 : FE;
 D219 : FE;
 D21A : FE;
 D21B : FE;
 D21C : FE;
 D21D : FE;
 D21E : FE;
 D21F : FE;
 D220 : FE;
 D221 : FE;
 D222 : FE;
 D223 : FE;
 D224 : FE;
 D225 : FE;
 D226 : FE;
 D227 : FE;
 D228 : FE;
 D229 : FE;
 D22A : FE;
 D22B : FE;
 D22C : FE;
 D22D : FE;
 D22E : FE;
 D22F : FE;
 D230 : FE;
 D231 : FE;
 D232 : FE;
 D233 : FE;
 D234 : FE;
 D235 : FE;
 D236 : FE;
 D237 : FE;
 D238 : FE;
 D239 : FE;
 D23A : FE;
 D23B : FE;
 D23C : FE;
 D23D : FE;
 D23E : FE;
 D23F : FE;
 D240 : FE;
 D241 : FE;
 D242 : FE;
 D243 : FE;
 D244 : FE;
 D245 : FE;
 D246 : FE;
 D247 : FE;
 D248 : FE;
 D249 : FE;
 D24A : FE;
 D24B : FE;
 D24C : FE;
 D24D : FE;
 D24E : FE;
 D24F : FE;
 D250 : FE;
 D251 : FE;
 D252 : FE;
 D253 : FE;
 D254 : FE;
 D255 : FE;
 D256 : FE;
 D257 : FE;
 D258 : FE;
 D259 : FE;
 D25A : FE;
 D25B : FE;
 D25C : FE;
 D25D : FE;
 D25E : FE;
 D25F : FE;
 D260 : FE;
 D261 : FE;
 D262 : FE;
 D263 : FE;
 D264 : FE;
 D265 : FE;
 D266 : FE;
 D267 : FE;
 D268 : FE;
 D269 : FE;
 D26A : FE;
 D26B : FE;
 D26C : FE;
 D26D : FE;
 D26E : FE;
 D26F : FE;
 D270 : FE;
 D271 : FE;
 D272 : FE;
 D273 : FE;
 D274 : FE;
 D275 : FE;
 D276 : FE;
 D277 : FE;
 D278 : FE;
 D279 : FE;
 D27A : FE;
 D27B : FE;
 D27C : FE;
 D27D : FE;
 D27E : FE;
 D27F : FD;
 D280 : FE;
 D281 : FF;
 D282 : FE;
 D283 : FE;
 D284 : FE;
 D285 : FE;
 D286 : FE;
 D287 : FC;
 D288 : FB;
 D289 : FB;
 D28A : FB;
 D28B : FB;
 D28C : FB;
 D28D : FB;
 D28E : FC;
 D28F : D1;
 D290 : 49;
 D291 : 40;
 D292 : 36;
 D293 : 0F;
 D294 : 90;
 D295 : FE;
 D296 : EE;
 D297 : FE;
 D298 : F4;
 D299 : F6;
 D29A : FE;
 D29B : ED;
 D29C : FE;
 D29D : 71;
 D29E : 4D;
 D29F : 59;
 D2A0 : 1A;
 D2A1 : 6B;
 D2A2 : FD;
 D2A3 : ED;
 D2A4 : FB;
 D2A5 : FE;
 D2A6 : F7;
 D2A7 : F6;
 D2A8 : FF;
 D2A9 : F5;
 D2AA : F9;
 D2AB : A9;
 D2AC : 4A;
 D2AD : 4F;
 D2AE : 27;
 D2AF : 9C;
 D2B0 : FE;
 D2B1 : FE;
 D2B2 : FB;
 D2B3 : FF;
 D2B4 : F5;
 D2B5 : FF;
 D2B6 : F4;
 D2B7 : FE;
 D2B8 : FE;
 D2B9 : FE;
 D2BA : FE;
 D2BB : FD;
 D2BC : FD;
 D2BD : FD;
 D2BE : FD;
 D2BF : FE;
 D2C0 : FE;
 D2C1 : FE;
 D2C2 : FE;
 D2C3 : FE;
 D2C4 : FE;
 D2C5 : FE;
 D2C6 : FE;
 D2C7 : FE;
 D2C8 : FE;
 D2C9 : FE;
 D2CA : FE;
 D2CB : FE;
 D2CC : FE;
 D2CD : FE;
 D2CE : FE;
 D2CF : FE;
 D2D0 : FE;
 D2D1 : FE;
 D2D2 : FE;
 D2D3 : FE;
 D2D4 : FE;
 D2D5 : FE;
 D2D6 : FE;
 D2D7 : FE;
 D2D8 : FE;
 D2D9 : FE;
 D2DA : FE;
 D2DB : FE;
 D2DC : FE;
 D2DD : FE;
 D2DE : FE;
 D2DF : FE;
 D2E0 : FE;
 D2E1 : FE;
 D2E2 : FE;
 D2E3 : FE;
 D2E4 : FE;
 D2E5 : FE;
 D2E6 : FE;
 D2E7 : FE;
 D2E8 : FE;
 D2E9 : FE;
 D2EA : FE;
 D2EB : FE;
 D2EC : FE;
 D2ED : FE;
 D2EE : FE;
 D2EF : FE;
 D2F0 : FE;
 D2F1 : FE;
 D2F2 : FE;
 D2F3 : FE;
 D2F4 : FE;
 D2F5 : FE;
 D2F6 : FE;
 D2F7 : FE;
 D2F8 : FE;
 D2F9 : FE;
 D2FA : FE;
 D2FB : FE;
 D2FC : FE;
 D2FD : FE;
 D2FE : FE;
 D2FF : FE;
 D300 : FE;
 D301 : FE;
 D302 : FE;
 D303 : FE;
 D304 : FE;
 D305 : FE;
 D306 : FE;
 D307 : FE;
 D308 : FE;
 D309 : FE;
 D30A : FE;
 D30B : FE;
 D30C : FE;
 D30D : FE;
 D30E : FE;
 D30F : FE;
 D310 : FE;
 D311 : FE;
 D312 : FE;
 D313 : FE;
 D314 : FE;
 D315 : FE;
 D316 : FE;
 D317 : FE;
 D318 : FE;
 D319 : FE;
 D31A : FE;
 D31B : FE;
 D31C : FE;
 D31D : FE;
 D31E : FE;
 D31F : FE;
 D320 : FE;
 D321 : FE;
 D322 : FE;
 D323 : FE;
 D324 : FE;
 D325 : FE;
 D326 : FE;
 D327 : FE;
 D328 : FE;
 D329 : FE;
 D32A : FE;
 D32B : FE;
 D32C : FE;
 D32D : FE;
 D32E : FE;
 D32F : FE;
 D330 : FE;
 D331 : FE;
 D332 : FE;
 D333 : FE;
 D334 : FE;
 D335 : FE;
 D336 : FE;
 D337 : FE;
 D338 : FE;
 D339 : FE;
 D33A : FE;
 D33B : FE;
 D33C : FE;
 D33D : FE;
 D33E : FE;
 D33F : FE;
 D340 : FE;
 D341 : FE;
 D342 : FE;
 D343 : FE;
 D344 : FE;
 D345 : FE;
 D346 : FE;
 D347 : FE;
 D348 : FE;
 D349 : FE;
 D34A : FE;
 D34B : FE;
 D34C : FE;
 D34D : FE;
 D34E : FE;
 D34F : FE;
 D350 : FE;
 D351 : FE;
 D352 : FE;
 D353 : FE;
 D354 : FE;
 D355 : FE;
 D356 : FE;
 D357 : FE;
 D358 : FE;
 D359 : FE;
 D35A : FE;
 D35B : FE;
 D35C : FE;
 D35D : FE;
 D35E : FE;
 D35F : FE;
 D360 : FE;
 D361 : FE;
 D362 : FE;
 D363 : FE;
 D364 : FE;
 D365 : FE;
 D366 : FE;
 D367 : FE;
 D368 : FE;
 D369 : FE;
 D36A : FE;
 D36B : FE;
 D36C : FE;
 D36D : FE;
 D36E : FE;
 D36F : FE;
 D370 : FE;
 D371 : FE;
 D372 : FE;
 D373 : FE;
 D374 : FE;
 D375 : FE;
 D376 : FE;
 D377 : FE;
 D378 : FE;
 D379 : FE;
 D37A : FE;
 D37B : FE;
 D37C : FE;
 D37D : FE;
 D37E : FE;
 D37F : FE;
 D380 : FE;
 D381 : FE;
 D382 : FE;
 D383 : FE;
 D384 : FE;
 D385 : FE;
 D386 : FE;
 D387 : FE;
 D388 : FE;
 D389 : FE;
 D38A : FE;
 D38B : FE;
 D38C : FE;
 D38D : FE;
 D38E : FE;
 D38F : FE;
 D390 : FE;
 D391 : FE;
 D392 : FE;
 D393 : FE;
 D394 : FE;
 D395 : FE;
 D396 : FE;
 D397 : FE;
 D398 : FE;
 D399 : FE;
 D39A : FE;
 D39B : FE;
 D39C : FE;
 D39D : FE;
 D39E : FE;
 D39F : FE;
 D3A0 : FE;
 D3A1 : FE;
 D3A2 : FE;
 D3A3 : FE;
 D3A4 : FE;
 D3A5 : FE;
 D3A6 : FE;
 D3A7 : FE;
 D3A8 : FE;
 D3A9 : FE;
 D3AA : FE;
 D3AB : FE;
 D3AC : FE;
 D3AD : FE;
 D3AE : FE;
 D3AF : FE;
 D3B0 : FE;
 D3B1 : FE;
 D3B2 : FE;
 D3B3 : FE;
 D3B4 : FE;
 D3B5 : FE;
 D3B6 : FE;
 D3B7 : FE;
 D3B8 : FE;
 D3B9 : FE;
 D3BA : FE;
 D3BB : FE;
 D3BC : FE;
 D3BD : FE;
 D3BE : FE;
 D3BF : FD;
 D3C0 : FE;
 D3C1 : FF;
 D3C2 : FE;
 D3C3 : FE;
 D3C4 : FE;
 D3C5 : FE;
 D3C6 : FE;
 D3C7 : FC;
 D3C8 : FC;
 D3C9 : FB;
 D3CA : FB;
 D3CB : FB;
 D3CC : FC;
 D3CD : FC;
 D3CE : FC;
 D3CF : D2;
 D3D0 : 61;
 D3D1 : 31;
 D3D2 : 39;
 D3D3 : 27;
 D3D4 : 90;
 D3D5 : E6;
 D3D6 : FE;
 D3D7 : FB;
 D3D8 : F6;
 D3D9 : F9;
 D3DA : FC;
 D3DB : F7;
 D3DC : FE;
 D3DD : 8B;
 D3DE : 3A;
 D3DF : 3F;
 D3E0 : 0A;
 D3E1 : 5F;
 D3E2 : F8;
 D3E3 : FB;
 D3E4 : FA;
 D3E5 : FF;
 D3E6 : FA;
 D3E7 : FE;
 D3E8 : F5;
 D3E9 : FB;
 D3EA : F9;
 D3EB : 8E;
 D3EC : 3E;
 D3ED : 4C;
 D3EE : 24;
 D3EF : A5;
 D3F0 : FA;
 D3F1 : F7;
 D3F2 : F9;
 D3F3 : FE;
 D3F4 : F6;
 D3F5 : FE;
 D3F6 : FB;
 D3F7 : FE;
 D3F8 : FE;
 D3F9 : FE;
 D3FA : FE;
 D3FB : FD;
 D3FC : FD;
 D3FD : FD;
 D3FE : FD;
 D3FF : FD;
 D400 : FE;
 D401 : FE;
 D402 : FE;
 D403 : FE;
 D404 : FE;
 D405 : FE;
 D406 : FE;
 D407 : FE;
 D408 : FE;
 D409 : FE;
 D40A : FE;
 D40B : FE;
 D40C : FE;
 D40D : FE;
 D40E : FE;
 D40F : FE;
 D410 : FE;
 D411 : FE;
 D412 : FE;
 D413 : FE;
 D414 : FE;
 D415 : FE;
 D416 : FE;
 D417 : FE;
 D418 : FE;
 D419 : FE;
 D41A : FE;
 D41B : FE;
 D41C : FE;
 D41D : FE;
 D41E : FE;
 D41F : FE;
 D420 : FE;
 D421 : FE;
 D422 : FE;
 D423 : FE;
 D424 : FE;
 D425 : FE;
 D426 : FE;
 D427 : FE;
 D428 : FE;
 D429 : FE;
 D42A : FE;
 D42B : FE;
 D42C : FE;
 D42D : FE;
 D42E : FE;
 D42F : FE;
 D430 : FE;
 D431 : FE;
 D432 : FE;
 D433 : FE;
 D434 : FE;
 D435 : FE;
 D436 : FE;
 D437 : FE;
 D438 : FE;
 D439 : FE;
 D43A : FE;
 D43B : FE;
 D43C : FE;
 D43D : FE;
 D43E : FE;
 D43F : FE;
 D440 : FE;
 D441 : FE;
 D442 : FE;
 D443 : FE;
 D444 : FE;
 D445 : FE;
 D446 : FE;
 D447 : FE;
 D448 : FE;
 D449 : FE;
 D44A : FE;
 D44B : FE;
 D44C : FE;
 D44D : FE;
 D44E : FE;
 D44F : FE;
 D450 : FE;
 D451 : FE;
 D452 : FE;
 D453 : FE;
 D454 : FE;
 D455 : FE;
 D456 : FE;
 D457 : FE;
 D458 : FE;
 D459 : FE;
 D45A : FE;
 D45B : FE;
 D45C : FE;
 D45D : FE;
 D45E : FE;
 D45F : FE;
 D460 : FE;
 D461 : FE;
 D462 : FE;
 D463 : FE;
 D464 : FE;
 D465 : FE;
 D466 : FE;
 D467 : FE;
 D468 : FE;
 D469 : FE;
 D46A : FE;
 D46B : FE;
 D46C : FE;
 D46D : FE;
 D46E : FE;
 D46F : FE;
 D470 : FE;
 D471 : FE;
 D472 : FE;
 D473 : FE;
 D474 : FE;
 D475 : FE;
 D476 : FE;
 D477 : FE;
 D478 : FE;
 D479 : FE;
 D47A : FE;
 D47B : FE;
 D47C : FE;
 D47D : FE;
 D47E : FE;
 D47F : FE;
 D480 : FE;
 D481 : FE;
 D482 : FE;
 D483 : FE;
 D484 : FE;
 D485 : FE;
 D486 : FE;
 D487 : FE;
 D488 : FE;
 D489 : FE;
 D48A : FE;
 D48B : FE;
 D48C : FE;
 D48D : FE;
 D48E : FE;
 D48F : FE;
 D490 : FE;
 D491 : FE;
 D492 : FE;
 D493 : FE;
 D494 : FE;
 D495 : FE;
 D496 : FE;
 D497 : FE;
 D498 : FE;
 D499 : FE;
 D49A : FE;
 D49B : FE;
 D49C : FE;
 D49D : FE;
 D49E : FE;
 D49F : FE;
 D4A0 : FE;
 D4A1 : FE;
 D4A2 : FE;
 D4A3 : FE;
 D4A4 : FE;
 D4A5 : FE;
 D4A6 : FE;
 D4A7 : FE;
 D4A8 : FE;
 D4A9 : FE;
 D4AA : FE;
 D4AB : FE;
 D4AC : FE;
 D4AD : FE;
 D4AE : FE;
 D4AF : FE;
 D4B0 : FE;
 D4B1 : FE;
 D4B2 : FE;
 D4B3 : FE;
 D4B4 : FE;
 D4B5 : FE;
 D4B6 : FE;
 D4B7 : FE;
 D4B8 : FE;
 D4B9 : FE;
 D4BA : FE;
 D4BB : FE;
 D4BC : FE;
 D4BD : FE;
 D4BE : FE;
 D4BF : FE;
 D4C0 : FE;
 D4C1 : FE;
 D4C2 : FE;
 D4C3 : FE;
 D4C4 : FE;
 D4C5 : FE;
 D4C6 : FE;
 D4C7 : FE;
 D4C8 : FE;
 D4C9 : FE;
 D4CA : FE;
 D4CB : FE;
 D4CC : FE;
 D4CD : FE;
 D4CE : FE;
 D4CF : FE;
 D4D0 : FE;
 D4D1 : FE;
 D4D2 : FE;
 D4D3 : FE;
 D4D4 : FE;
 D4D5 : FE;
 D4D6 : FE;
 D4D7 : FE;
 D4D8 : FE;
 D4D9 : FE;
 D4DA : FE;
 D4DB : FE;
 D4DC : FE;
 D4DD : FE;
 D4DE : FE;
 D4DF : FE;
 D4E0 : FE;
 D4E1 : FE;
 D4E2 : FE;
 D4E3 : FE;
 D4E4 : FE;
 D4E5 : FE;
 D4E6 : FE;
 D4E7 : FE;
 D4E8 : FE;
 D4E9 : FE;
 D4EA : FE;
 D4EB : FE;
 D4EC : FE;
 D4ED : FE;
 D4EE : FE;
 D4EF : FE;
 D4F0 : FE;
 D4F1 : FE;
 D4F2 : FE;
 D4F3 : FE;
 D4F4 : FE;
 D4F5 : FE;
 D4F6 : FE;
 D4F7 : FE;
 D4F8 : FE;
 D4F9 : FE;
 D4FA : FE;
 D4FB : FE;
 D4FC : FE;
 D4FD : FE;
 D4FE : FE;
 D4FF : FE;
 D500 : FE;
 D501 : FE;
 D502 : FE;
 D503 : FE;
 D504 : FE;
 D505 : FE;
 D506 : FE;
 D507 : FC;
 D508 : FB;
 D509 : FB;
 D50A : FC;
 D50B : FC;
 D50C : FC;
 D50D : FD;
 D50E : FC;
 D50F : ED;
 D510 : 63;
 D511 : 21;
 D512 : 30;
 D513 : 14;
 D514 : 9E;
 D515 : F3;
 D516 : FE;
 D517 : FC;
 D518 : FC;
 D519 : FB;
 D51A : F5;
 D51B : F9;
 D51C : FD;
 D51D : A5;
 D51E : 27;
 D51F : 0E;
 D520 : 17;
 D521 : 7B;
 D522 : F8;
 D523 : FD;
 D524 : FB;
 D525 : FC;
 D526 : FC;
 D527 : FE;
 D528 : ED;
 D529 : FD;
 D52A : FD;
 D52B : AD;
 D52C : 3F;
 D52D : 1E;
 D52E : 2D;
 D52F : C0;
 D530 : F9;
 D531 : F2;
 D532 : F9;
 D533 : FE;
 D534 : F8;
 D535 : FE;
 D536 : FE;
 D537 : FE;
 D538 : FE;
 D539 : FE;
 D53A : FE;
 D53B : FE;
 D53C : FE;
 D53D : FD;
 D53E : FE;
 D53F : FE;
 D540 : FE;
 D541 : FE;
 D542 : FE;
 D543 : FE;
 D544 : FE;
 D545 : FE;
 D546 : FE;
 D547 : FE;
 D548 : FE;
 D549 : FE;
 D54A : FE;
 D54B : FE;
 D54C : FE;
 D54D : FE;
 D54E : FE;
 D54F : FE;
 D550 : FE;
 D551 : FE;
 D552 : FE;
 D553 : FE;
 D554 : FE;
 D555 : FE;
 D556 : FE;
 D557 : FE;
 D558 : FE;
 D559 : FE;
 D55A : FE;
 D55B : FE;
 D55C : FE;
 D55D : FE;
 D55E : FE;
 D55F : FE;
 D560 : FE;
 D561 : FE;
 D562 : FE;
 D563 : FE;
 D564 : FE;
 D565 : FE;
 D566 : FE;
 D567 : FE;
 D568 : FE;
 D569 : FE;
 D56A : FE;
 D56B : FE;
 D56C : FE;
 D56D : FE;
 D56E : FE;
 D56F : FE;
 D570 : FE;
 D571 : FE;
 D572 : FE;
 D573 : FE;
 D574 : FE;
 D575 : FE;
 D576 : FE;
 D577 : FE;
 D578 : FE;
 D579 : FE;
 D57A : FE;
 D57B : FE;
 D57C : FE;
 D57D : FE;
 D57E : FE;
 D57F : FE;
 D580 : FE;
 D581 : FE;
 D582 : FE;
 D583 : FE;
 D584 : FE;
 D585 : FE;
 D586 : FE;
 D587 : FE;
 D588 : FE;
 D589 : FE;
 D58A : FE;
 D58B : FE;
 D58C : FE;
 D58D : FE;
 D58E : FE;
 D58F : FE;
 D590 : FE;
 D591 : FE;
 D592 : FE;
 D593 : FE;
 D594 : FE;
 D595 : FE;
 D596 : FE;
 D597 : FE;
 D598 : FE;
 D599 : FE;
 D59A : FE;
 D59B : FE;
 D59C : FE;
 D59D : FE;
 D59E : FE;
 D59F : FE;
 D5A0 : FE;
 D5A1 : FE;
 D5A2 : FE;
 D5A3 : FE;
 D5A4 : FE;
 D5A5 : FE;
 D5A6 : FE;
 D5A7 : FE;
 D5A8 : FE;
 D5A9 : FE;
 D5AA : FE;
 D5AB : FE;
 D5AC : FE;
 D5AD : FE;
 D5AE : FE;
 D5AF : FE;
 D5B0 : FE;
 D5B1 : FE;
 D5B2 : FE;
 D5B3 : FE;
 D5B4 : FE;
 D5B5 : FE;
 D5B6 : FE;
 D5B7 : FE;
 D5B8 : FE;
 D5B9 : FE;
 D5BA : FE;
 D5BB : FE;
 D5BC : FE;
 D5BD : FE;
 D5BE : FE;
 D5BF : FE;
 D5C0 : FE;
 D5C1 : FE;
 D5C2 : FE;
 D5C3 : FE;
 D5C4 : FE;
 D5C5 : FE;
 D5C6 : FE;
 D5C7 : FE;
 D5C8 : FE;
 D5C9 : FE;
 D5CA : FE;
 D5CB : FE;
 D5CC : FE;
 D5CD : FE;
 D5CE : FE;
 D5CF : FE;
 D5D0 : FE;
 D5D1 : FE;
 D5D2 : FE;
 D5D3 : FE;
 D5D4 : FE;
 D5D5 : FE;
 D5D6 : FE;
 D5D7 : FE;
 D5D8 : FE;
 D5D9 : FE;
 D5DA : FE;
 D5DB : FE;
 D5DC : FE;
 D5DD : FE;
 D5DE : FE;
 D5DF : FE;
 D5E0 : FE;
 D5E1 : FE;
 D5E2 : FE;
 D5E3 : FE;
 D5E4 : FE;
 D5E5 : FE;
 D5E6 : FE;
 D5E7 : FE;
 D5E8 : FE;
 D5E9 : FE;
 D5EA : FE;
 D5EB : FE;
 D5EC : FE;
 D5ED : FE;
 D5EE : FE;
 D5EF : FE;
 D5F0 : FE;
 D5F1 : FE;
 D5F2 : FE;
 D5F3 : FE;
 D5F4 : FE;
 D5F5 : FE;
 D5F6 : FE;
 D5F7 : FE;
 D5F8 : FE;
 D5F9 : FE;
 D5FA : FE;
 D5FB : FE;
 D5FC : FE;
 D5FD : FE;
 D5FE : FE;
 D5FF : FE;
 D600 : FE;
 D601 : FE;
 D602 : FE;
 D603 : FE;
 D604 : FE;
 D605 : FE;
 D606 : FE;
 D607 : FE;
 D608 : FE;
 D609 : FE;
 D60A : FE;
 D60B : FE;
 D60C : FE;
 D60D : FE;
 D60E : FE;
 D60F : FE;
 D610 : FE;
 D611 : FE;
 D612 : FE;
 D613 : FE;
 D614 : FE;
 D615 : FE;
 D616 : FE;
 D617 : FE;
 D618 : FE;
 D619 : FE;
 D61A : FE;
 D61B : FE;
 D61C : FE;
 D61D : FE;
 D61E : FE;
 D61F : FE;
 D620 : FE;
 D621 : FE;
 D622 : FE;
 D623 : FE;
 D624 : FE;
 D625 : FE;
 D626 : FE;
 D627 : FE;
 D628 : FE;
 D629 : FE;
 D62A : FE;
 D62B : FE;
 D62C : FE;
 D62D : FE;
 D62E : FE;
 D62F : FE;
 D630 : FE;
 D631 : FE;
 D632 : FE;
 D633 : FE;
 D634 : FE;
 D635 : FE;
 D636 : FE;
 D637 : FE;
 D638 : FE;
 D639 : FE;
 D63A : FE;
 D63B : FE;
 D63C : FE;
 D63D : FE;
 D63E : FE;
 D63F : FE;
 D640 : FE;
 D641 : FE;
 D642 : FE;
 D643 : FE;
 D644 : FE;
 D645 : FE;
 D646 : FE;
 D647 : FD;
 D648 : FD;
 D649 : FD;
 D64A : FD;
 D64B : FD;
 D64C : FD;
 D64D : FD;
 D64E : FE;
 D64F : FE;
 D650 : 96;
 D651 : 37;
 D652 : 0F;
 D653 : 2C;
 D654 : CC;
 D655 : FE;
 D656 : F2;
 D657 : FE;
 D658 : FD;
 D659 : FC;
 D65A : F5;
 D65B : FC;
 D65C : F2;
 D65D : D2;
 D65E : 55;
 D65F : 01;
 D660 : 58;
 D661 : C5;
 D662 : FD;
 D663 : FA;
 D664 : FC;
 D665 : FE;
 D666 : FC;
 D667 : FC;
 D668 : FB;
 D669 : F7;
 D66A : FE;
 D66B : F5;
 D66C : 6F;
 D66D : 19;
 D66E : 85;
 D66F : E5;
 D670 : FE;
 D671 : F6;
 D672 : FE;
 D673 : FE;
 D674 : F9;
 D675 : FF;
 D676 : FF;
 D677 : FE;
 D678 : FE;
 D679 : FE;
 D67A : FE;
 D67B : FE;
 D67C : FE;
 D67D : FE;
 D67E : FE;
 D67F : FE;
 D680 : FE;
 D681 : FE;
 D682 : FE;
 D683 : FE;
 D684 : FE;
 D685 : FE;
 D686 : FE;
 D687 : FE;
 D688 : FE;
 D689 : FE;
 D68A : FE;
 D68B : FE;
 D68C : FE;
 D68D : FE;
 D68E : FE;
 D68F : FE;
 D690 : FE;
 D691 : FE;
 D692 : FE;
 D693 : FE;
 D694 : FE;
 D695 : FE;
 D696 : FE;
 D697 : FE;
 D698 : FE;
 D699 : FE;
 D69A : FE;
 D69B : FE;
 D69C : FE;
 D69D : FE;
 D69E : FE;
 D69F : FE;
 D6A0 : FE;
 D6A1 : FE;
 D6A2 : FE;
 D6A3 : FE;
 D6A4 : FE;
 D6A5 : FE;
 D6A6 : FE;
 D6A7 : FE;
 D6A8 : FE;
 D6A9 : FE;
 D6AA : FE;
 D6AB : FE;
 D6AC : FE;
 D6AD : FE;
 D6AE : FE;
 D6AF : FE;
 D6B0 : FE;
 D6B1 : FE;
 D6B2 : FE;
 D6B3 : FE;
 D6B4 : FE;
 D6B5 : FE;
 D6B6 : FE;
 D6B7 : FE;
 D6B8 : FE;
 D6B9 : FE;
 D6BA : FE;
 D6BB : FE;
 D6BC : FE;
 D6BD : FE;
 D6BE : FE;
 D6BF : FE;
 D6C0 : FE;
 D6C1 : FE;
 D6C2 : FE;
 D6C3 : FE;
 D6C4 : FE;
 D6C5 : FE;
 D6C6 : FE;
 D6C7 : FE;
 D6C8 : FE;
 D6C9 : FE;
 D6CA : FE;
 D6CB : FE;
 D6CC : FE;
 D6CD : FE;
 D6CE : FE;
 D6CF : FE;
 D6D0 : FE;
 D6D1 : FE;
 D6D2 : FE;
 D6D3 : FE;
 D6D4 : FE;
 D6D5 : FE;
 D6D6 : FE;
 D6D7 : FE;
 D6D8 : FE;
 D6D9 : FE;
 D6DA : FE;
 D6DB : FE;
 D6DC : FE;
 D6DD : FE;
 D6DE : FE;
 D6DF : FE;
 D6E0 : FE;
 D6E1 : FE;
 D6E2 : FE;
 D6E3 : FE;
 D6E4 : FE;
 D6E5 : FE;
 D6E6 : FE;
 D6E7 : FE;
 D6E8 : FE;
 D6E9 : FE;
 D6EA : FE;
 D6EB : FE;
 D6EC : FE;
 D6ED : FE;
 D6EE : FE;
 D6EF : FE;
 D6F0 : FE;
 D6F1 : FE;
 D6F2 : FE;
 D6F3 : FE;
 D6F4 : FE;
 D6F5 : FE;
 D6F6 : FE;
 D6F7 : FE;
 D6F8 : FE;
 D6F9 : FE;
 D6FA : FE;
 D6FB : FE;
 D6FC : FE;
 D6FD : FE;
 D6FE : FE;
 D6FF : FE;
 D700 : FE;
 D701 : FE;
 D702 : FE;
 D703 : FE;
 D704 : FE;
 D705 : FE;
 D706 : FE;
 D707 : FE;
 D708 : FE;
 D709 : FE;
 D70A : FE;
 D70B : FE;
 D70C : FE;
 D70D : FE;
 D70E : FE;
 D70F : FE;
 D710 : FE;
 D711 : FE;
 D712 : FE;
 D713 : FE;
 D714 : FE;
 D715 : FE;
 D716 : FE;
 D717 : FE;
 D718 : FE;
 D719 : FE;
 D71A : FE;
 D71B : FE;
 D71C : FE;
 D71D : FE;
 D71E : FE;
 D71F : FE;
 D720 : FE;
 D721 : FE;
 D722 : FE;
 D723 : FE;
 D724 : FE;
 D725 : FE;
 D726 : FE;
 D727 : FE;
 D728 : FE;
 D729 : FE;
 D72A : FE;
 D72B : FE;
 D72C : FE;
 D72D : FE;
 D72E : FE;
 D72F : FE;
 D730 : FE;
 D731 : FE;
 D732 : FE;
 D733 : FE;
 D734 : FE;
 D735 : FE;
 D736 : FE;
 D737 : FE;
 D738 : FE;
 D739 : FE;
 D73A : FE;
 D73B : FE;
 D73C : FE;
 D73D : FE;
 D73E : FE;
 D73F : FE;
 D740 : FE;
 D741 : FE;
 D742 : FE;
 D743 : FE;
 D744 : FE;
 D745 : FE;
 D746 : FE;
 D747 : FE;
 D748 : FE;
 D749 : FE;
 D74A : FE;
 D74B : FE;
 D74C : FE;
 D74D : FE;
 D74E : FE;
 D74F : FE;
 D750 : FE;
 D751 : FE;
 D752 : FE;
 D753 : FE;
 D754 : FE;
 D755 : FE;
 D756 : FE;
 D757 : FE;
 D758 : FE;
 D759 : FE;
 D75A : FE;
 D75B : FE;
 D75C : FE;
 D75D : FE;
 D75E : FE;
 D75F : FE;
 D760 : FE;
 D761 : FE;
 D762 : FE;
 D763 : FE;
 D764 : FE;
 D765 : FE;
 D766 : FE;
 D767 : FE;
 D768 : FE;
 D769 : FE;
 D76A : FE;
 D76B : FE;
 D76C : FE;
 D76D : FE;
 D76E : FE;
 D76F : FE;
 D770 : FE;
 D771 : FE;
 D772 : FE;
 D773 : FE;
 D774 : FE;
 D775 : FE;
 D776 : FE;
 D777 : FE;
 D778 : FE;
 D779 : FE;
 D77A : FE;
 D77B : FE;
 D77C : FE;
 D77D : FE;
 D77E : FE;
 D77F : FD;
 D780 : FD;
 D781 : FE;
 D782 : FE;
 D783 : FE;
 D784 : FE;
 D785 : FE;
 D786 : FE;
 D787 : FD;
 D788 : FC;
 D789 : FC;
 D78A : FC;
 D78B : FD;
 D78C : FD;
 D78D : FE;
 D78E : FE;
 D78F : FC;
 D790 : F4;
 D791 : 84;
 D792 : 21;
 D793 : A2;
 D794 : FC;
 D795 : F8;
 D796 : FE;
 D797 : FA;
 D798 : F5;
 D799 : FA;
 D79A : FB;
 D79B : FF;
 D79C : F3;
 D79D : FF;
 D79E : BB;
 D79F : 53;
 D7A0 : AF;
 D7A1 : FA;
 D7A2 : FE;
 D7A3 : FA;
 D7A4 : F8;
 D7A5 : FE;
 D7A6 : FE;
 D7A7 : FF;
 D7A8 : FF;
 D7A9 : F4;
 D7AA : F0;
 D7AB : FD;
 D7AC : C3;
 D7AD : 81;
 D7AE : F4;
 D7AF : FD;
 D7B0 : FF;
 D7B1 : F9;
 D7B2 : FF;
 D7B3 : FF;
 D7B4 : FB;
 D7B5 : FE;
 D7B6 : FF;
 D7B7 : FE;
 D7B8 : FE;
 D7B9 : FE;
 D7BA : FF;
 D7BB : FE;
 D7BC : FF;
 D7BD : FE;
 D7BE : FE;
 D7BF : FE;
 D7C0 : FE;
 D7C1 : FE;
 D7C2 : FE;
 D7C3 : FE;
 D7C4 : FE;
 D7C5 : FE;
 D7C6 : FE;
 D7C7 : FE;
 D7C8 : FE;
 D7C9 : FE;
 D7CA : FE;
 D7CB : FE;
 D7CC : FE;
 D7CD : FE;
 D7CE : FE;
 D7CF : FE;
 D7D0 : FE;
 D7D1 : FE;
 D7D2 : FE;
 D7D3 : FE;
 D7D4 : FE;
 D7D5 : FE;
 D7D6 : FE;
 D7D7 : FE;
 D7D8 : FE;
 D7D9 : FE;
 D7DA : FE;
 D7DB : FE;
 D7DC : FE;
 D7DD : FE;
 D7DE : FE;
 D7DF : FE;
 D7E0 : FE;
 D7E1 : FE;
 D7E2 : FE;
 D7E3 : FE;
 D7E4 : FE;
 D7E5 : FE;
 D7E6 : FE;
 D7E7 : FE;
 D7E8 : FE;
 D7E9 : FE;
 D7EA : FE;
 D7EB : FE;
 D7EC : FE;
 D7ED : FE;
 D7EE : FE;
 D7EF : FE;
 D7F0 : FE;
 D7F1 : FE;
 D7F2 : FE;
 D7F3 : FE;
 D7F4 : FE;
 D7F5 : FE;
 D7F6 : FE;
 D7F7 : FE;
 D7F8 : FE;
 D7F9 : FE;
 D7FA : FE;
 D7FB : FE;
 D7FC : FE;
 D7FD : FE;
 D7FE : FE;
 D7FF : FE;
 D800 : FE;
 D801 : FE;
 D802 : FE;
 D803 : FE;
 D804 : FE;
 D805 : FE;
 D806 : FE;
 D807 : FE;
 D808 : FE;
 D809 : FE;
 D80A : FE;
 D80B : FE;
 D80C : FE;
 D80D : FE;
 D80E : FE;
 D80F : FE;
 D810 : FE;
 D811 : FE;
 D812 : FE;
 D813 : FE;
 D814 : FE;
 D815 : FE;
 D816 : FE;
 D817 : FE;
 D818 : FE;
 D819 : FE;
 D81A : FE;
 D81B : FE;
 D81C : FE;
 D81D : FE;
 D81E : FE;
 D81F : FE;
 D820 : FE;
 D821 : FE;
 D822 : FE;
 D823 : FE;
 D824 : FE;
 D825 : FE;
 D826 : FE;
 D827 : FE;
 D828 : FE;
 D829 : FE;
 D82A : FE;
 D82B : FE;
 D82C : FE;
 D82D : FE;
 D82E : FE;
 D82F : FE;
 D830 : FE;
 D831 : FE;
 D832 : FE;
 D833 : FE;
 D834 : FE;
 D835 : FE;
 D836 : FE;
 D837 : FE;
 D838 : FE;
 D839 : FE;
 D83A : FE;
 D83B : FE;
 D83C : FE;
 D83D : FE;
 D83E : FE;
 D83F : FE;
 D840 : FE;
 D841 : FE;
 D842 : FE;
 D843 : FE;
 D844 : FE;
 D845 : FE;
 D846 : FE;
 D847 : FE;
 D848 : FE;
 D849 : FE;
 D84A : FE;
 D84B : FE;
 D84C : FE;
 D84D : FE;
 D84E : FE;
 D84F : FE;
 D850 : FE;
 D851 : FE;
 D852 : FE;
 D853 : FE;
 D854 : FE;
 D855 : FE;
 D856 : FE;
 D857 : FE;
 D858 : FE;
 D859 : FE;
 D85A : FE;
 D85B : FE;
 D85C : FE;
 D85D : FE;
 D85E : FE;
 D85F : FE;
 D860 : FE;
 D861 : FE;
 D862 : FE;
 D863 : FE;
 D864 : FE;
 D865 : FE;
 D866 : FE;
 D867 : FE;
 D868 : FE;
 D869 : FE;
 D86A : FE;
 D86B : FE;
 D86C : FE;
 D86D : FE;
 D86E : FE;
 D86F : FE;
 D870 : FE;
 D871 : FE;
 D872 : FE;
 D873 : FE;
 D874 : FE;
 D875 : FE;
 D876 : FE;
 D877 : FE;
 D878 : FE;
 D879 : FE;
 D87A : FE;
 D87B : FE;
 D87C : FE;
 D87D : FE;
 D87E : FE;
 D87F : FE;
 D880 : FE;
 D881 : FE;
 D882 : FE;
 D883 : FE;
 D884 : FE;
 D885 : FE;
 D886 : FE;
 D887 : FE;
 D888 : FE;
 D889 : FE;
 D88A : FE;
 D88B : FE;
 D88C : FE;
 D88D : FE;
 D88E : FE;
 D88F : FE;
 D890 : FE;
 D891 : FE;
 D892 : FE;
 D893 : FE;
 D894 : FE;
 D895 : FE;
 D896 : FE;
 D897 : FE;
 D898 : FE;
 D899 : FE;
 D89A : FE;
 D89B : FE;
 D89C : FE;
 D89D : FE;
 D89E : FE;
 D89F : FE;
 D8A0 : FE;
 D8A1 : FE;
 D8A2 : FE;
 D8A3 : FE;
 D8A4 : FE;
 D8A5 : FE;
 D8A6 : FE;
 D8A7 : FE;
 D8A8 : FE;
 D8A9 : FE;
 D8AA : FE;
 D8AB : FE;
 D8AC : FE;
 D8AD : FE;
 D8AE : FE;
 D8AF : FE;
 D8B0 : FE;
 D8B1 : FE;
 D8B2 : FE;
 D8B3 : FE;
 D8B4 : FE;
 D8B5 : FE;
 D8B6 : FE;
 D8B7 : FE;
 D8B8 : FE;
 D8B9 : FE;
 D8BA : FE;
 D8BB : FE;
 D8BC : FE;
 D8BD : FE;
 D8BE : FE;
 D8BF : FD;
 D8C0 : FD;
 D8C1 : FE;
 D8C2 : FE;
 D8C3 : FE;
 D8C4 : FE;
 D8C5 : FE;
 D8C6 : FE;
 D8C7 : FE;
 D8C8 : FE;
 D8C9 : FD;
 D8CA : FD;
 D8CB : FE;
 D8CC : FE;
 D8CD : FD;
 D8CE : FE;
 D8CF : FB;
 D8D0 : FF;
 D8D1 : DF;
 D8D2 : 95;
 D8D3 : F8;
 D8D4 : FE;
 D8D5 : F0;
 D8D6 : FD;
 D8D7 : FB;
 D8D8 : F6;
 D8D9 : FA;
 D8DA : FD;
 D8DB : FE;
 D8DC : F0;
 D8DD : FF;
 D8DE : F9;
 D8DF : CF;
 D8E0 : E9;
 D8E1 : FE;
 D8E2 : FB;
 D8E3 : FF;
 D8E4 : F2;
 D8E5 : F8;
 D8E6 : FF;
 D8E7 : FF;
 D8E8 : F8;
 D8E9 : FF;
 D8EA : F7;
 D8EB : FA;
 D8EC : FD;
 D8ED : E9;
 D8EE : FD;
 D8EF : FE;
 D8F0 : FA;
 D8F1 : F8;
 D8F2 : FD;
 D8F3 : FE;
 D8F4 : FE;
 D8F5 : FF;
 D8F6 : FE;
 D8F7 : FE;
 D8F8 : FF;
 D8F9 : FF;
 D8FA : FF;
 D8FB : FF;
 D8FC : FE;
 D8FD : FF;
 D8FE : FF;
 D8FF : FE;
 D900 : FE;
 D901 : FE;
 D902 : FE;
 D903 : FE;
 D904 : FE;
 D905 : FE;
 D906 : FE;
 D907 : FE;
 D908 : FE;
 D909 : FE;
 D90A : FE;
 D90B : FE;
 D90C : FE;
 D90D : FE;
 D90E : FE;
 D90F : FE;
 D910 : FE;
 D911 : FE;
 D912 : FE;
 D913 : FE;
 D914 : FE;
 D915 : FE;
 D916 : FE;
 D917 : FE;
 D918 : FE;
 D919 : FE;
 D91A : FE;
 D91B : FE;
 D91C : FE;
 D91D : FE;
 D91E : FE;
 D91F : FE;
 D920 : FE;
 D921 : FE;
 D922 : FE;
 D923 : FE;
 D924 : FE;
 D925 : FE;
 D926 : FE;
 D927 : FE;
 D928 : FE;
 D929 : FE;
 D92A : FE;
 D92B : FE;
 D92C : FE;
 D92D : FE;
 D92E : FE;
 D92F : FE;
 D930 : FE;
 D931 : FE;
 D932 : FE;
 D933 : FE;
 D934 : FE;
 D935 : FE;
 D936 : FE;
 D937 : FE;
 D938 : FE;
 D939 : FE;
 D93A : FE;
 D93B : FE;
 D93C : FE;
 D93D : FE;
 D93E : FE;
 D93F : FE;
 D940 : FE;
 D941 : FE;
 D942 : FE;
 D943 : FE;
 D944 : FE;
 D945 : FE;
 D946 : FE;
 D947 : FE;
 D948 : FE;
 D949 : FE;
 D94A : FE;
 D94B : FE;
 D94C : FE;
 D94D : FE;
 D94E : FE;
 D94F : FE;
 D950 : FE;
 D951 : FE;
 D952 : FE;
 D953 : FE;
 D954 : FE;
 D955 : FE;
 D956 : FE;
 D957 : FE;
 D958 : FE;
 D959 : FE;
 D95A : FE;
 D95B : FE;
 D95C : FE;
 D95D : FE;
 D95E : FE;
 D95F : FE;
 D960 : FE;
 D961 : FE;
 D962 : FE;
 D963 : FE;
 D964 : FE;
 D965 : FE;
 D966 : FE;
 D967 : FE;
 D968 : FE;
 D969 : FE;
 D96A : FE;
 D96B : FE;
 D96C : FE;
 D96D : FE;
 D96E : FE;
 D96F : FE;
 D970 : FE;
 D971 : FE;
 D972 : FE;
 D973 : FE;
 D974 : FE;
 D975 : FE;
 D976 : FE;
 D977 : FE;
 D978 : FE;
 D979 : FE;
 D97A : FE;
 D97B : FE;
 D97C : FE;
 D97D : FE;
 D97E : FE;
 D97F : FE;
 D980 : FE;
 D981 : FE;
 D982 : FE;
 D983 : FE;
 D984 : FE;
 D985 : FE;
 D986 : FE;
 D987 : FE;
 D988 : FE;
 D989 : FE;
 D98A : FE;
 D98B : FE;
 D98C : FE;
 D98D : FE;
 D98E : FE;
 D98F : FE;
 D990 : FE;
 D991 : FE;
 D992 : FE;
 D993 : FE;
 D994 : FE;
 D995 : FE;
 D996 : FE;
 D997 : FE;
 D998 : FE;
 D999 : FE;
 D99A : FE;
 D99B : FE;
 D99C : FE;
 D99D : FE;
 D99E : FE;
 D99F : FE;
 D9A0 : FE;
 D9A1 : FE;
 D9A2 : FE;
 D9A3 : FE;
 D9A4 : FE;
 D9A5 : FE;
 D9A6 : FE;
 D9A7 : FE;
 D9A8 : FE;
 D9A9 : FE;
 D9AA : FE;
 D9AB : FE;
 D9AC : FE;
 D9AD : FE;
 D9AE : FE;
 D9AF : FE;
 D9B0 : FE;
 D9B1 : FE;
 D9B2 : FE;
 D9B3 : FE;
 D9B4 : FE;
 D9B5 : FE;
 D9B6 : FE;
 D9B7 : FE;
 D9B8 : FE;
 D9B9 : FE;
 D9BA : FE;
 D9BB : FE;
 D9BC : FE;
 D9BD : FE;
 D9BE : FE;
 D9BF : FE;
 D9C0 : FE;
 D9C1 : FE;
 D9C2 : FE;
 D9C3 : FE;
 D9C4 : FE;
 D9C5 : FE;
 D9C6 : FE;
 D9C7 : FE;
 D9C8 : FE;
 D9C9 : FE;
 D9CA : FE;
 D9CB : FE;
 D9CC : FE;
 D9CD : FE;
 D9CE : FE;
 D9CF : FE;
 D9D0 : FE;
 D9D1 : FE;
 D9D2 : FE;
 D9D3 : FE;
 D9D4 : FE;
 D9D5 : FE;
 D9D6 : FE;
 D9D7 : FE;
 D9D8 : FE;
 D9D9 : FE;
 D9DA : FE;
 D9DB : FE;
 D9DC : FE;
 D9DD : FE;
 D9DE : FE;
 D9DF : FE;
 D9E0 : FE;
 D9E1 : FE;
 D9E2 : FE;
 D9E3 : FE;
 D9E4 : FE;
 D9E5 : FE;
 D9E6 : FE;
 D9E7 : FE;
 D9E8 : FE;
 D9E9 : FE;
 D9EA : FE;
 D9EB : FE;
 D9EC : FE;
 D9ED : FE;
 D9EE : FE;
 D9EF : FE;
 D9F0 : FE;
 D9F1 : FE;
 D9F2 : FE;
 D9F3 : FE;
 D9F4 : FE;
 D9F5 : FE;
 D9F6 : FE;
 D9F7 : FE;
 D9F8 : FE;
 D9F9 : FE;
 D9FA : FE;
 D9FB : FE;
 D9FC : FE;
 D9FD : FE;
 D9FE : FE;
 D9FF : FE;
 DA00 : FE;
 DA01 : FE;
 DA02 : FE;
 DA03 : FE;
 DA04 : FE;
 DA05 : FE;
 DA06 : FE;
 DA07 : FE;
 DA08 : FD;
 DA09 : FD;
 DA0A : FE;
 DA0B : FE;
 DA0C : FE;
 DA0D : FE;
 DA0E : FD;
 DA0F : FE;
 DA10 : E9;
 DA11 : FF;
 DA12 : F5;
 DA13 : FE;
 DA14 : F9;
 DA15 : FD;
 DA16 : F0;
 DA17 : FB;
 DA18 : FC;
 DA19 : FC;
 DA1A : FA;
 DA1B : FD;
 DA1C : F2;
 DA1D : FF;
 DA1E : FB;
 DA1F : FE;
 DA20 : FC;
 DA21 : FD;
 DA22 : F1;
 DA23 : FF;
 DA24 : F5;
 DA25 : FB;
 DA26 : FE;
 DA27 : F7;
 DA28 : F4;
 DA29 : FF;
 DA2A : FE;
 DA2B : F4;
 DA2C : FE;
 DA2D : FE;
 DA2E : EB;
 DA2F : FE;
 DA30 : F6;
 DA31 : FB;
 DA32 : FC;
 DA33 : FB;
 DA34 : FF;
 DA35 : FF;
 DA36 : FD;
 DA37 : FE;
 DA38 : FE;
 DA39 : FE;
 DA3A : FE;
 DA3B : FE;
 DA3C : FE;
 DA3D : FE;
 DA3E : FE;
 DA3F : FF;
 DA40 : FE;
 DA41 : FE;
 DA42 : FE;
 DA43 : FE;
 DA44 : FE;
 DA45 : FE;
 DA46 : FE;
 DA47 : FE;
 DA48 : FE;
 DA49 : FE;
 DA4A : FE;
 DA4B : FE;
 DA4C : FE;
 DA4D : FE;
 DA4E : FE;
 DA4F : FE;
 DA50 : FE;
 DA51 : FE;
 DA52 : FE;
 DA53 : FE;
 DA54 : FE;
 DA55 : FE;
 DA56 : FE;
 DA57 : FE;
 DA58 : FE;
 DA59 : FE;
 DA5A : FE;
 DA5B : FE;
 DA5C : FE;
 DA5D : FE;
 DA5E : FE;
 DA5F : FE;
 DA60 : FE;
 DA61 : FE;
 DA62 : FE;
 DA63 : FE;
 DA64 : FE;
 DA65 : FE;
 DA66 : FE;
 DA67 : FE;
 DA68 : FE;
 DA69 : FE;
 DA6A : FE;
 DA6B : FE;
 DA6C : FE;
 DA6D : FE;
 DA6E : FE;
 DA6F : FE;
 DA70 : FE;
 DA71 : FE;
 DA72 : FE;
 DA73 : FE;
 DA74 : FE;
 DA75 : FE;
 DA76 : FE;
 DA77 : FE;
 DA78 : FE;
 DA79 : FE;
 DA7A : FE;
 DA7B : FE;
 DA7C : FE;
 DA7D : FE;
 DA7E : FE;
 DA7F : FE;
 DA80 : FE;
 DA81 : FE;
 DA82 : FE;
 DA83 : FE;
 DA84 : FE;
 DA85 : FE;
 DA86 : FE;
 DA87 : FE;
 DA88 : FE;
 DA89 : FE;
 DA8A : FE;
 DA8B : FE;
 DA8C : FE;
 DA8D : FE;
 DA8E : FE;
 DA8F : FE;
 DA90 : FE;
 DA91 : FE;
 DA92 : FE;
 DA93 : FE;
 DA94 : FE;
 DA95 : FE;
 DA96 : FE;
 DA97 : FE;
 DA98 : FE;
 DA99 : FE;
 DA9A : FE;
 DA9B : FE;
 DA9C : FE;
 DA9D : FE;
 DA9E : FE;
 DA9F : FE;
 DAA0 : FE;
 DAA1 : FE;
 DAA2 : FE;
 DAA3 : FE;
 DAA4 : FE;
 DAA5 : FE;
 DAA6 : FE;
 DAA7 : FE;
 DAA8 : FE;
 DAA9 : FE;
 DAAA : FE;
 DAAB : FE;
 DAAC : FE;
 DAAD : FE;
 DAAE : FE;
 DAAF : FE;
 DAB0 : FE;
 DAB1 : FE;
 DAB2 : FE;
 DAB3 : FE;
 DAB4 : FE;
 DAB5 : FE;
 DAB6 : FE;
 DAB7 : FE;
 DAB8 : FE;
 DAB9 : FE;
 DABA : FE;
 DABB : FE;
 DABC : FE;
 DABD : FE;
 DABE : FE;
 DABF : FE;
 DAC0 : FE;
 DAC1 : FE;
 DAC2 : FE;
 DAC3 : FE;
 DAC4 : FE;
 DAC5 : FE;
 DAC6 : FE;
 DAC7 : FE;
 DAC8 : FE;
 DAC9 : FE;
 DACA : FE;
 DACB : FE;
 DACC : FE;
 DACD : FE;
 DACE : FE;
 DACF : FE;
 DAD0 : FE;
 DAD1 : FE;
 DAD2 : FE;
 DAD3 : FE;
 DAD4 : FE;
 DAD5 : FE;
 DAD6 : FE;
 DAD7 : FE;
 DAD8 : FE;
 DAD9 : FE;
 DADA : FE;
 DADB : FE;
 DADC : FE;
 DADD : FE;
 DADE : FE;
 DADF : FE;
 DAE0 : FE;
 DAE1 : FE;
 DAE2 : FE;
 DAE3 : FE;
 DAE4 : FE;
 DAE5 : FE;
 DAE6 : FE;
 DAE7 : FE;
 DAE8 : FE;
 DAE9 : FE;
 DAEA : FE;
 DAEB : FE;
 DAEC : FE;
 DAED : FE;
 DAEE : FE;
 DAEF : FE;
 DAF0 : FE;
 DAF1 : FE;
 DAF2 : FE;
 DAF3 : FE;
 DAF4 : FE;
 DAF5 : FE;
 DAF6 : FE;
 DAF7 : FE;
 DAF8 : FE;
 DAF9 : FE;
 DAFA : FE;
 DAFB : FE;
 DAFC : FE;
 DAFD : FE;
 DAFE : FE;
 DAFF : FE;
 DB00 : FE;
 DB01 : FE;
 DB02 : FE;
 DB03 : FE;
 DB04 : FE;
 DB05 : FE;
 DB06 : FE;
 DB07 : FE;
 DB08 : FE;
 DB09 : FE;
 DB0A : FE;
 DB0B : FE;
 DB0C : FE;
 DB0D : FE;
 DB0E : FE;
 DB0F : FE;
 DB10 : FE;
 DB11 : FE;
 DB12 : FE;
 DB13 : FE;
 DB14 : FE;
 DB15 : FE;
 DB16 : FE;
 DB17 : FE;
 DB18 : FE;
 DB19 : FE;
 DB1A : FE;
 DB1B : FE;
 DB1C : FE;
 DB1D : FE;
 DB1E : FE;
 DB1F : FE;
 DB20 : FE;
 DB21 : FE;
 DB22 : FE;
 DB23 : FE;
 DB24 : FE;
 DB25 : FE;
 DB26 : FE;
 DB27 : FE;
 DB28 : FE;
 DB29 : FE;
 DB2A : FE;
 DB2B : FE;
 DB2C : FE;
 DB2D : FE;
 DB2E : FE;
 DB2F : FE;
 DB30 : FE;
 DB31 : FE;
 DB32 : FE;
 DB33 : FE;
 DB34 : FE;
 DB35 : FE;
 DB36 : FE;
 DB37 : FE;
 DB38 : FE;
 DB39 : FE;
 DB3A : FE;
 DB3B : FE;
 DB3C : FE;
 DB3D : FE;
 DB3E : FE;
 DB3F : FE;
 DB40 : FE;
 DB41 : FE;
 DB42 : FE;
 DB43 : FE;
 DB44 : FE;
 DB45 : FE;
 DB46 : FF;
 DB47 : FE;
 DB48 : FD;
 DB49 : FD;
 DB4A : FD;
 DB4B : FE;
 DB4C : FE;
 DB4D : FE;
 DB4E : FE;
 DB4F : F9;
 DB50 : F3;
 DB51 : FE;
 DB52 : F8;
 DB53 : FA;
 DB54 : FE;
 DB55 : F9;
 DB56 : FB;
 DB57 : F6;
 DB58 : FE;
 DB59 : FE;
 DB5A : F9;
 DB5B : FF;
 DB5C : FF;
 DB5D : FA;
 DB5E : F8;
 DB5F : F6;
 DB60 : FC;
 DB61 : FF;
 DB62 : EB;
 DB63 : FE;
 DB64 : FD;
 DB65 : FF;
 DB66 : F8;
 DB67 : FD;
 DB68 : FF;
 DB69 : F3;
 DB6A : F0;
 DB6B : FF;
 DB6C : F7;
 DB6D : F2;
 DB6E : FE;
 DB6F : FE;
 DB70 : F8;
 DB71 : FF;
 DB72 : FE;
 DB73 : FA;
 DB74 : FF;
 DB75 : FF;
 DB76 : FC;
 DB77 : FE;
 DB78 : FE;
 DB79 : FE;
 DB7A : FE;
 DB7B : FE;
 DB7C : FE;
 DB7D : FE;
 DB7E : FE;
 DB7F : FF;
 DB80 : FE;
 DB81 : FE;
 DB82 : FE;
 DB83 : FE;
 DB84 : FE;
 DB85 : FE;
 DB86 : FE;
 DB87 : FE;
 DB88 : FE;
 DB89 : FE;
 DB8A : FE;
 DB8B : FE;
 DB8C : FE;
 DB8D : FE;
 DB8E : FE;
 DB8F : FE;
 DB90 : FE;
 DB91 : FE;
 DB92 : FE;
 DB93 : FE;
 DB94 : FE;
 DB95 : FE;
 DB96 : FE;
 DB97 : FE;
 DB98 : FE;
 DB99 : FE;
 DB9A : FE;
 DB9B : FE;
 DB9C : FE;
 DB9D : FE;
 DB9E : FE;
 DB9F : FE;
 DBA0 : FE;
 DBA1 : FE;
 DBA2 : FE;
 DBA3 : FE;
 DBA4 : FE;
 DBA5 : FE;
 DBA6 : FE;
 DBA7 : FE;
 DBA8 : FE;
 DBA9 : FE;
 DBAA : FE;
 DBAB : FE;
 DBAC : FE;
 DBAD : FE;
 DBAE : FE;
 DBAF : FE;
 DBB0 : FE;
 DBB1 : FE;
 DBB2 : FE;
 DBB3 : FE;
 DBB4 : FE;
 DBB5 : FE;
 DBB6 : FE;
 DBB7 : FE;
 DBB8 : FE;
 DBB9 : FE;
 DBBA : FE;
 DBBB : FE;
 DBBC : FE;
 DBBD : FE;
 DBBE : FE;
 DBBF : FE;
 DBC0 : FE;
 DBC1 : FE;
 DBC2 : FE;
 DBC3 : FE;
 DBC4 : FE;
 DBC5 : FE;
 DBC6 : FE;
 DBC7 : FE;
 DBC8 : FE;
 DBC9 : FE;
 DBCA : FE;
 DBCB : FE;
 DBCC : FE;
 DBCD : FE;
 DBCE : FE;
 DBCF : FE;
 DBD0 : FE;
 DBD1 : FE;
 DBD2 : FE;
 DBD3 : FE;
 DBD4 : FE;
 DBD5 : FE;
 DBD6 : FE;
 DBD7 : FE;
 DBD8 : FE;
 DBD9 : FE;
 DBDA : FE;
 DBDB : FE;
 DBDC : FE;
 DBDD : FE;
 DBDE : FE;
 DBDF : FE;
 DBE0 : FE;
 DBE1 : FE;
 DBE2 : FE;
 DBE3 : FE;
 DBE4 : FE;
 DBE5 : FE;
 DBE6 : FE;
 DBE7 : FE;
 DBE8 : FE;
 DBE9 : FE;
 DBEA : FE;
 DBEB : FE;
 DBEC : FE;
 DBED : FE;
 DBEE : FE;
 DBEF : FE;
 DBF0 : FE;
 DBF1 : FE;
 DBF2 : FE;
 DBF3 : FE;
 DBF4 : FE;
 DBF5 : FE;
 DBF6 : FE;
 DBF7 : FE;
 DBF8 : FE;
 DBF9 : FE;
 DBFA : FE;
 DBFB : FE;
 DBFC : FE;
 DBFD : FE;
 DBFE : FE;
 DBFF : FE;
 DC00 : FE;
 DC01 : FE;
 DC02 : FE;
 DC03 : FE;
 DC04 : FE;
 DC05 : FE;
 DC06 : FE;
 DC07 : FE;
 DC08 : FE;
 DC09 : FE;
 DC0A : FE;
 DC0B : FE;
 DC0C : FE;
 DC0D : FE;
 DC0E : FE;
 DC0F : FE;
 DC10 : FE;
 DC11 : FE;
 DC12 : FE;
 DC13 : FE;
 DC14 : FE;
 DC15 : FE;
 DC16 : FE;
 DC17 : FE;
 DC18 : FE;
 DC19 : FE;
 DC1A : FE;
 DC1B : FE;
 DC1C : FE;
 DC1D : FE;
 DC1E : FE;
 DC1F : FE;
 DC20 : FE;
 DC21 : FE;
 DC22 : FE;
 DC23 : FE;
 DC24 : FE;
 DC25 : FE;
 DC26 : FE;
 DC27 : FE;
 DC28 : FE;
 DC29 : FE;
 DC2A : FE;
 DC2B : FE;
 DC2C : FE;
 DC2D : FE;
 DC2E : FE;
 DC2F : FE;
 DC30 : FE;
 DC31 : FE;
 DC32 : FE;
 DC33 : FE;
 DC34 : FE;
 DC35 : FE;
 DC36 : FE;
 DC37 : FE;
 DC38 : FE;
 DC39 : FE;
 DC3A : FE;
 DC3B : FE;
 DC3C : FE;
 DC3D : FE;
 DC3E : FE;
 DC3F : FE;
 DC40 : FE;
 DC41 : FE;
 DC42 : FE;
 DC43 : FE;
 DC44 : FE;
 DC45 : FE;
 DC46 : FE;
 DC47 : FE;
 DC48 : FE;
 DC49 : FE;
 DC4A : FE;
 DC4B : FE;
 DC4C : FE;
 DC4D : FE;
 DC4E : FE;
 DC4F : FE;
 DC50 : FE;
 DC51 : FE;
 DC52 : FE;
 DC53 : FE;
 DC54 : FE;
 DC55 : FE;
 DC56 : FE;
 DC57 : FE;
 DC58 : FE;
 DC59 : FE;
 DC5A : FE;
 DC5B : FE;
 DC5C : FE;
 DC5D : FE;
 DC5E : FE;
 DC5F : FE;
 DC60 : FE;
 DC61 : FE;
 DC62 : FE;
 DC63 : FE;
 DC64 : FE;
 DC65 : FE;
 DC66 : FE;
 DC67 : FE;
 DC68 : FE;
 DC69 : FE;
 DC6A : FE;
 DC6B : FE;
 DC6C : FE;
 DC6D : FE;
 DC6E : FE;
 DC6F : FE;
 DC70 : FE;
 DC71 : FE;
 DC72 : FE;
 DC73 : FE;
 DC74 : FE;
 DC75 : FE;
 DC76 : FE;
 DC77 : FE;
 DC78 : FE;
 DC79 : FE;
 DC7A : FE;
 DC7B : FE;
 DC7C : FE;
 DC7D : FE;
 DC7E : FE;
 DC7F : FE;
 DC80 : FE;
 DC81 : FE;
 DC82 : FE;
 DC83 : FE;
 DC84 : FE;
 DC85 : FE;
 DC86 : FE;
 DC87 : FE;
 DC88 : FE;
 DC89 : FE;
 DC8A : FE;
 DC8B : FE;
 DC8C : FF;
 DC8D : FE;
 DC8E : FE;
 DC8F : FF;
 DC90 : F8;
 DC91 : FF;
 DC92 : FD;
 DC93 : F2;
 DC94 : FA;
 DC95 : FE;
 DC96 : FB;
 DC97 : F0;
 DC98 : FE;
 DC99 : F2;
 DC9A : F8;
 DC9B : FF;
 DC9C : FF;
 DC9D : F0;
 DC9E : FF;
 DC9F : FE;
 DCA0 : E4;
 DCA1 : FF;
 DCA2 : FF;
 DCA3 : EE;
 DCA4 : FF;
 DCA5 : FF;
 DCA6 : F6;
 DCA7 : F0;
 DCA8 : EC;
 DCA9 : FF;
 DCAA : FF;
 DCAB : FD;
 DCAC : FC;
 DCAD : FC;
 DCAE : FE;
 DCAF : FE;
 DCB0 : EA;
 DCB1 : FF;
 DCB2 : FF;
 DCB3 : F5;
 DCB4 : FF;
 DCB5 : FF;
 DCB6 : F7;
 DCB7 : FE;
 DCB8 : FF;
 DCB9 : FE;
 DCBA : FF;
 DCBB : FF;
 DCBC : FF;
 DCBD : FF;
 DCBE : FF;
 DCBF : FE;
 DCC0 : FE;
 DCC1 : FE;
 DCC2 : FE;
 DCC3 : FE;
 DCC4 : FE;
 DCC5 : FE;
 DCC6 : FE;
 DCC7 : FE;
 DCC8 : FE;
 DCC9 : FE;
 DCCA : FE;
 DCCB : FE;
 DCCC : FE;
 DCCD : FE;
 DCCE : FE;
 DCCF : FE;
 DCD0 : FE;
 DCD1 : FE;
 DCD2 : FE;
 DCD3 : FE;
 DCD4 : FE;
 DCD5 : FE;
 DCD6 : FE;
 DCD7 : FE;
 DCD8 : FE;
 DCD9 : FE;
 DCDA : FE;
 DCDB : FE;
 DCDC : FE;
 DCDD : FE;
 DCDE : FE;
 DCDF : FE;
 DCE0 : FE;
 DCE1 : FE;
 DCE2 : FE;
 DCE3 : FE;
 DCE4 : FE;
 DCE5 : FE;
 DCE6 : FE;
 DCE7 : FE;
 DCE8 : FE;
 DCE9 : FE;
 DCEA : FE;
 DCEB : FE;
 DCEC : FE;
 DCED : FE;
 DCEE : FE;
 DCEF : FE;
 DCF0 : FE;
 DCF1 : FE;
 DCF2 : FE;
 DCF3 : FE;
 DCF4 : FE;
 DCF5 : FE;
 DCF6 : FE;
 DCF7 : FE;
 DCF8 : FE;
 DCF9 : FE;
 DCFA : FE;
 DCFB : FE;
 DCFC : FE;
 DCFD : FE;
 DCFE : FE;
 DCFF : FE;
 DD00 : FE;
 DD01 : FE;
 DD02 : FE;
 DD03 : FE;
 DD04 : FE;
 DD05 : FE;
 DD06 : FE;
 DD07 : FE;
 DD08 : FE;
 DD09 : FE;
 DD0A : FE;
 DD0B : FE;
 DD0C : FE;
 DD0D : FE;
 DD0E : FE;
 DD0F : FE;
 DD10 : FE;
 DD11 : FE;
 DD12 : FE;
 DD13 : FE;
 DD14 : FE;
 DD15 : FE;
 DD16 : FE;
 DD17 : FE;
 DD18 : FE;
 DD19 : FE;
 DD1A : FE;
 DD1B : FE;
 DD1C : FE;
 DD1D : FE;
 DD1E : FE;
 DD1F : FE;
 DD20 : FE;
 DD21 : FE;
 DD22 : FE;
 DD23 : FE;
 DD24 : FE;
 DD25 : FE;
 DD26 : FE;
 DD27 : FE;
 DD28 : FE;
 DD29 : FE;
 DD2A : FE;
 DD2B : FE;
 DD2C : FE;
 DD2D : FE;
 DD2E : FE;
 DD2F : FE;
 DD30 : FE;
 DD31 : FE;
 DD32 : FE;
 DD33 : FE;
 DD34 : FE;
 DD35 : FE;
 DD36 : FE;
 DD37 : FE;
 DD38 : FE;
 DD39 : FE;
 DD3A : FE;
 DD3B : FE;
 DD3C : FE;
 DD3D : FE;
 DD3E : FE;
 DD3F : FE;
 DD40 : FE;
 DD41 : FE;
 DD42 : FE;
 DD43 : FE;
 DD44 : FE;
 DD45 : FE;
 DD46 : FE;
 DD47 : FE;
 DD48 : FE;
 DD49 : FE;
 DD4A : FE;
 DD4B : FE;
 DD4C : FE;
 DD4D : FE;
 DD4E : FE;
 DD4F : FE;
 DD50 : FE;
 DD51 : FE;
 DD52 : FE;
 DD53 : FE;
 DD54 : FE;
 DD55 : FE;
 DD56 : FE;
 DD57 : FE;
 DD58 : FE;
 DD59 : FE;
 DD5A : FE;
 DD5B : FE;
 DD5C : FE;
 DD5D : FE;
 DD5E : FE;
 DD5F : FE;
 DD60 : FE;
 DD61 : FE;
 DD62 : FE;
 DD63 : FE;
 DD64 : FE;
 DD65 : FE;
 DD66 : FE;
 DD67 : FE;
 DD68 : FE;
 DD69 : FE;
 DD6A : FE;
 DD6B : FE;
 DD6C : FE;
 DD6D : FE;
 DD6E : FE;
 DD6F : FE;
 DD70 : FE;
 DD71 : FE;
 DD72 : FE;
 DD73 : FE;
 DD74 : FE;
 DD75 : FE;
 DD76 : FE;
 DD77 : FE;
 DD78 : FE;
 DD79 : FE;
 DD7A : FE;
 DD7B : FE;
 DD7C : FE;
 DD7D : FE;
 DD7E : FE;
 DD7F : FE;
 DD80 : FE;
 DD81 : FE;
 DD82 : FE;
 DD83 : FE;
 DD84 : FE;
 DD85 : FE;
 DD86 : FE;
 DD87 : FE;
 DD88 : FE;
 DD89 : FE;
 DD8A : FE;
 DD8B : FE;
 DD8C : FE;
 DD8D : FE;
 DD8E : FE;
 DD8F : FE;
 DD90 : FE;
 DD91 : FE;
 DD92 : FE;
 DD93 : FE;
 DD94 : FE;
 DD95 : FE;
 DD96 : FE;
 DD97 : FE;
 DD98 : FE;
 DD99 : FE;
 DD9A : FE;
 DD9B : FE;
 DD9C : FE;
 DD9D : FE;
 DD9E : FE;
 DD9F : FE;
 DDA0 : FE;
 DDA1 : FE;
 DDA2 : FE;
 DDA3 : FE;
 DDA4 : FE;
 DDA5 : FE;
 DDA6 : FE;
 DDA7 : FE;
 DDA8 : FE;
 DDA9 : FE;
 DDAA : FE;
 DDAB : FE;
 DDAC : FE;
 DDAD : FE;
 DDAE : FE;
 DDAF : FE;
 DDB0 : FE;
 DDB1 : FE;
 DDB2 : FE;
 DDB3 : FE;
 DDB4 : FE;
 DDB5 : FE;
 DDB6 : FE;
 DDB7 : FE;
 DDB8 : FE;
 DDB9 : FE;
 DDBA : FE;
 DDBB : FE;
 DDBC : FE;
 DDBD : FE;
 DDBE : FE;
 DDBF : FE;
 DDC0 : FE;
 DDC1 : FE;
 DDC2 : FE;
 DDC3 : FE;
 DDC4 : FE;
 DDC5 : FE;
 DDC6 : FE;
 DDC7 : FE;
 DDC8 : FE;
 DDC9 : FE;
 DDCA : FE;
 DDCB : FE;
 DDCC : FE;
 DDCD : FE;
 DDCE : FE;
 DDCF : BA;
 DDD0 : 76;
 DDD1 : 90;
 DDD2 : F1;
 DDD3 : FF;
 DDD4 : D6;
 DDD5 : 8C;
 DDD6 : 6F;
 DDD7 : D2;
 DDD8 : F4;
 DDD9 : 8C;
 DDDA : 7B;
 DDDB : 8D;
 DDDC : 8A;
 DDDD : 8D;
 DDDE : 8D;
 DDDF : A5;
 DDE0 : FF;
 DDE1 : A6;
 DDE2 : 81;
 DDE3 : 97;
 DDE4 : 82;
 DDE5 : 8D;
 DDE6 : 83;
 DDE7 : E2;
 DDE8 : F6;
 DDE9 : DF;
 DDEA : A5;
 DDEB : 5C;
 DDEC : 5E;
 DDED : 94;
 DDEE : C9;
 DDEF : FE;
 DDF0 : FF;
 DDF1 : EF;
 DDF2 : FF;
 DDF3 : FF;
 DDF4 : F7;
 DDF5 : FF;
 DDF6 : FF;
 DDF7 : FE;
 DDF8 : FE;
 DDF9 : FE;
 DDFA : FE;
 DDFB : FE;
 DDFC : FE;
 DDFD : FE;
 DDFE : FE;
 DDFF : FE;
 DE00 : FE;
 DE01 : FE;
 DE02 : FE;
 DE03 : FE;
 DE04 : FE;
 DE05 : FE;
 DE06 : FE;
 DE07 : FE;
 DE08 : FE;
 DE09 : FE;
 DE0A : FE;
 DE0B : FE;
 DE0C : FE;
 DE0D : FE;
 DE0E : FE;
 DE0F : FE;
 DE10 : FE;
 DE11 : FE;
 DE12 : FE;
 DE13 : FE;
 DE14 : FE;
 DE15 : FE;
 DE16 : FE;
 DE17 : FE;
 DE18 : FE;
 DE19 : FE;
 DE1A : FE;
 DE1B : FE;
 DE1C : FE;
 DE1D : FE;
 DE1E : FE;
 DE1F : FE;
 DE20 : FE;
 DE21 : FE;
 DE22 : FE;
 DE23 : FE;
 DE24 : FE;
 DE25 : FE;
 DE26 : FE;
 DE27 : FE;
 DE28 : FE;
 DE29 : FE;
 DE2A : FE;
 DE2B : FE;
 DE2C : FE;
 DE2D : FE;
 DE2E : FE;
 DE2F : FE;
 DE30 : FE;
 DE31 : FE;
 DE32 : FE;
 DE33 : FE;
 DE34 : FE;
 DE35 : FE;
 DE36 : FE;
 DE37 : FE;
 DE38 : FE;
 DE39 : FE;
 DE3A : FE;
 DE3B : FE;
 DE3C : FE;
 DE3D : FE;
 DE3E : FE;
 DE3F : FE;
 DE40 : FE;
 DE41 : FE;
 DE42 : FE;
 DE43 : FE;
 DE44 : FE;
 DE45 : FE;
 DE46 : FE;
 DE47 : FE;
 DE48 : FE;
 DE49 : FE;
 DE4A : FE;
 DE4B : FE;
 DE4C : FE;
 DE4D : FE;
 DE4E : FE;
 DE4F : FE;
 DE50 : FE;
 DE51 : FE;
 DE52 : FE;
 DE53 : FE;
 DE54 : FE;
 DE55 : FE;
 DE56 : FE;
 DE57 : FE;
 DE58 : FE;
 DE59 : FE;
 DE5A : FE;
 DE5B : FE;
 DE5C : FE;
 DE5D : FE;
 DE5E : FE;
 DE5F : FE;
 DE60 : FE;
 DE61 : FE;
 DE62 : FE;
 DE63 : FE;
 DE64 : FE;
 DE65 : FE;
 DE66 : FE;
 DE67 : FE;
 DE68 : FE;
 DE69 : FE;
 DE6A : FE;
 DE6B : FE;
 DE6C : FE;
 DE6D : FE;
 DE6E : FE;
 DE6F : FE;
 DE70 : FE;
 DE71 : FE;
 DE72 : FE;
 DE73 : FE;
 DE74 : FE;
 DE75 : FE;
 DE76 : FE;
 DE77 : FE;
 DE78 : FE;
 DE79 : FE;
 DE7A : FE;
 DE7B : FE;
 DE7C : FE;
 DE7D : FE;
 DE7E : FE;
 DE7F : FE;
 DE80 : FE;
 DE81 : FE;
 DE82 : FE;
 DE83 : FE;
 DE84 : FE;
 DE85 : FE;
 DE86 : FE;
 DE87 : FE;
 DE88 : FE;
 DE89 : FE;
 DE8A : FE;
 DE8B : FE;
 DE8C : FE;
 DE8D : FE;
 DE8E : FE;
 DE8F : FE;
 DE90 : FE;
 DE91 : FE;
 DE92 : FE;
 DE93 : FE;
 DE94 : FE;
 DE95 : FE;
 DE96 : FE;
 DE97 : FE;
 DE98 : FE;
 DE99 : FE;
 DE9A : FE;
 DE9B : FE;
 DE9C : FE;
 DE9D : FE;
 DE9E : FE;
 DE9F : FE;
 DEA0 : FE;
 DEA1 : FE;
 DEA2 : FE;
 DEA3 : FE;
 DEA4 : FE;
 DEA5 : FE;
 DEA6 : FE;
 DEA7 : FE;
 DEA8 : FE;
 DEA9 : FE;
 DEAA : FE;
 DEAB : FE;
 DEAC : FE;
 DEAD : FE;
 DEAE : FE;
 DEAF : FE;
 DEB0 : FE;
 DEB1 : FE;
 DEB2 : FE;
 DEB3 : FE;
 DEB4 : FE;
 DEB5 : FE;
 DEB6 : FE;
 DEB7 : FE;
 DEB8 : FE;
 DEB9 : FE;
 DEBA : FE;
 DEBB : FE;
 DEBC : FE;
 DEBD : FE;
 DEBE : FE;
 DEBF : FE;
 DEC0 : FE;
 DEC1 : FE;
 DEC2 : FE;
 DEC3 : FE;
 DEC4 : FE;
 DEC5 : FE;
 DEC6 : FE;
 DEC7 : FE;
 DEC8 : FE;
 DEC9 : FE;
 DECA : FE;
 DECB : FE;
 DECC : FE;
 DECD : FE;
 DECE : FE;
 DECF : FE;
 DED0 : FE;
 DED1 : FE;
 DED2 : FE;
 DED3 : FE;
 DED4 : FE;
 DED5 : FE;
 DED6 : FE;
 DED7 : FE;
 DED8 : FE;
 DED9 : FE;
 DEDA : FE;
 DEDB : FE;
 DEDC : FE;
 DEDD : FE;
 DEDE : FE;
 DEDF : FE;
 DEE0 : FE;
 DEE1 : FE;
 DEE2 : FE;
 DEE3 : FE;
 DEE4 : FE;
 DEE5 : FE;
 DEE6 : FE;
 DEE7 : FE;
 DEE8 : FE;
 DEE9 : FE;
 DEEA : FE;
 DEEB : FE;
 DEEC : FE;
 DEED : FE;
 DEEE : FE;
 DEEF : FE;
 DEF0 : FE;
 DEF1 : FE;
 DEF2 : FE;
 DEF3 : FE;
 DEF4 : FE;
 DEF5 : FE;
 DEF6 : FE;
 DEF7 : FE;
 DEF8 : FE;
 DEF9 : FE;
 DEFA : FE;
 DEFB : FE;
 DEFC : FE;
 DEFD : FE;
 DEFE : FE;
 DEFF : FE;
 DF00 : FE;
 DF01 : FE;
 DF02 : FE;
 DF03 : FE;
 DF04 : FE;
 DF05 : FE;
 DF06 : FE;
 DF07 : FE;
 DF08 : FE;
 DF09 : FE;
 DF0A : FE;
 DF0B : FE;
 DF0C : FE;
 DF0D : FE;
 DF0E : FE;
 DF0F : 9A;
 DF10 : 26;
 DF11 : 37;
 DF12 : E4;
 DF13 : FF;
 DF14 : C4;
 DF15 : 3C;
 DF16 : 1F;
 DF17 : B4;
 DF18 : F5;
 DF19 : 4D;
 DF1A : 1F;
 DF1B : 25;
 DF1C : 16;
 DF1D : 1F;
 DF1E : 0E;
 DF1F : 3A;
 DF20 : F4;
 DF21 : 5F;
 DF22 : 19;
 DF23 : 2B;
 DF24 : 1B;
 DF25 : 19;
 DF26 : 0D;
 DF27 : 66;
 DF28 : FD;
 DF29 : 8E;
 DF2A : 17;
 DF2B : 17;
 DF2C : 2C;
 DF2D : 18;
 DF2E : 43;
 DF2F : CD;
 DF30 : FF;
 DF31 : EB;
 DF32 : F8;
 DF33 : FF;
 DF34 : F1;
 DF35 : FF;
 DF36 : FF;
 DF37 : FE;
 DF38 : FE;
 DF39 : FE;
 DF3A : FE;
 DF3B : FE;
 DF3C : FE;
 DF3D : FE;
 DF3E : FE;
 DF3F : FE;
 DF40 : FE;
 DF41 : FE;
 DF42 : FE;
 DF43 : FE;
 DF44 : FE;
 DF45 : FE;
 DF46 : FE;
 DF47 : FE;
 DF48 : FE;
 DF49 : FE;
 DF4A : FE;
 DF4B : FE;
 DF4C : FE;
 DF4D : FE;
 DF4E : FE;
 DF4F : FE;
 DF50 : FE;
 DF51 : FE;
 DF52 : FE;
 DF53 : FE;
 DF54 : FE;
 DF55 : FE;
 DF56 : FE;
 DF57 : FE;
 DF58 : FE;
 DF59 : FE;
 DF5A : FE;
 DF5B : FE;
 DF5C : FE;
 DF5D : FE;
 DF5E : FE;
 DF5F : FE;
 DF60 : FE;
 DF61 : FE;
 DF62 : FE;
 DF63 : FE;
 DF64 : FE;
 DF65 : FE;
 DF66 : FE;
 DF67 : FE;
 DF68 : FE;
 DF69 : FE;
 DF6A : FE;
 DF6B : FE;
 DF6C : FE;
 DF6D : FE;
 DF6E : FE;
 DF6F : FE;
 DF70 : FE;
 DF71 : FE;
 DF72 : FE;
 DF73 : FE;
 DF74 : FE;
 DF75 : FE;
 DF76 : FE;
 DF77 : FE;
 DF78 : FE;
 DF79 : FE;
 DF7A : FE;
 DF7B : FE;
 DF7C : FE;
 DF7D : FE;
 DF7E : FE;
 DF7F : FE;
 DF80 : FE;
 DF81 : FE;
 DF82 : FE;
 DF83 : FE;
 DF84 : FE;
 DF85 : FE;
 DF86 : FE;
 DF87 : FE;
 DF88 : FE;
 DF89 : FE;
 DF8A : FE;
 DF8B : FE;
 DF8C : FE;
 DF8D : FE;
 DF8E : FE;
 DF8F : FE;
 DF90 : FE;
 DF91 : FE;
 DF92 : FE;
 DF93 : FE;
 DF94 : FE;
 DF95 : FE;
 DF96 : FE;
 DF97 : FE;
 DF98 : FE;
 DF99 : FE;
 DF9A : FE;
 DF9B : FE;
 DF9C : FE;
 DF9D : FE;
 DF9E : FE;
 DF9F : FE;
 DFA0 : FE;
 DFA1 : FE;
 DFA2 : FE;
 DFA3 : FE;
 DFA4 : FE;
 DFA5 : FE;
 DFA6 : FE;
 DFA7 : FE;
 DFA8 : FE;
 DFA9 : FE;
 DFAA : FE;
 DFAB : FE;
 DFAC : FE;
 DFAD : FE;
 DFAE : FE;
 DFAF : FE;
 DFB0 : FE;
 DFB1 : FE;
 DFB2 : FE;
 DFB3 : FE;
 DFB4 : FE;
 DFB5 : FE;
 DFB6 : FE;
 DFB7 : FE;
 DFB8 : FE;
 DFB9 : FE;
 DFBA : FE;
 DFBB : FE;
 DFBC : FE;
 DFBD : FE;
 DFBE : FE;
 DFBF : FE;
 DFC0 : FE;
 DFC1 : FE;
 DFC2 : FE;
 DFC3 : FE;
 DFC4 : FE;
 DFC5 : FE;
 DFC6 : FE;
 DFC7 : FE;
 DFC8 : FE;
 DFC9 : FE;
 DFCA : FE;
 DFCB : FE;
 DFCC : FE;
 DFCD : FE;
 DFCE : FE;
 DFCF : FE;
 DFD0 : FE;
 DFD1 : FE;
 DFD2 : FE;
 DFD3 : FE;
 DFD4 : FE;
 DFD5 : FE;
 DFD6 : FE;
 DFD7 : FE;
 DFD8 : FE;
 DFD9 : FE;
 DFDA : FE;
 DFDB : FE;
 DFDC : FE;
 DFDD : FE;
 DFDE : FE;
 DFDF : FE;
 DFE0 : FE;
 DFE1 : FE;
 DFE2 : FE;
 DFE3 : FE;
 DFE4 : FE;
 DFE5 : FE;
 DFE6 : FE;
 DFE7 : FE;
 DFE8 : FE;
 DFE9 : FE;
 DFEA : FE;
 DFEB : FE;
 DFEC : FE;
 DFED : FE;
 DFEE : FE;
 DFEF : FE;
 DFF0 : FE;
 DFF1 : FE;
 DFF2 : FE;
 DFF3 : FE;
 DFF4 : FE;
 DFF5 : FE;
 DFF6 : FE;
 DFF7 : FE;
 DFF8 : FE;
 DFF9 : FE;
 DFFA : FE;
 DFFB : FE;
 DFFC : FE;
 DFFD : FE;
 DFFE : FE;
 DFFF : FE;
 E000 : FE;
 E001 : FE;
 E002 : FE;
 E003 : FE;
 E004 : FE;
 E005 : FE;
 E006 : FE;
 E007 : FE;
 E008 : FE;
 E009 : FE;
 E00A : FE;
 E00B : FE;
 E00C : FE;
 E00D : FE;
 E00E : FE;
 E00F : FE;
 E010 : FE;
 E011 : FE;
 E012 : FE;
 E013 : FE;
 E014 : FE;
 E015 : FE;
 E016 : FE;
 E017 : FE;
 E018 : FE;
 E019 : FE;
 E01A : FE;
 E01B : FE;
 E01C : FE;
 E01D : FE;
 E01E : FE;
 E01F : FE;
 E020 : FE;
 E021 : FE;
 E022 : FE;
 E023 : FE;
 E024 : FE;
 E025 : FE;
 E026 : FE;
 E027 : FE;
 E028 : FE;
 E029 : FE;
 E02A : FE;
 E02B : FE;
 E02C : FE;
 E02D : FE;
 E02E : FE;
 E02F : FE;
 E030 : FE;
 E031 : FE;
 E032 : FE;
 E033 : FE;
 E034 : FE;
 E035 : FE;
 E036 : FE;
 E037 : FE;
 E038 : FE;
 E039 : FE;
 E03A : FE;
 E03B : FE;
 E03C : FE;
 E03D : FE;
 E03E : FE;
 E03F : FE;
 E040 : FE;
 E041 : FE;
 E042 : FE;
 E043 : FE;
 E044 : FE;
 E045 : FE;
 E046 : FE;
 E047 : FE;
 E048 : FE;
 E049 : FE;
 E04A : FE;
 E04B : FE;
 E04C : FE;
 E04D : FE;
 E04E : FE;
 E04F : A3;
 E050 : 2F;
 E051 : 37;
 E052 : E9;
 E053 : FC;
 E054 : CF;
 E055 : 3B;
 E056 : 29;
 E057 : AF;
 E058 : FC;
 E059 : 48;
 E05A : 21;
 E05B : 56;
 E05C : 77;
 E05D : 7B;
 E05E : 6B;
 E05F : 9E;
 E060 : FF;
 E061 : 8E;
 E062 : 2C;
 E063 : 31;
 E064 : 8B;
 E065 : 79;
 E066 : 68;
 E067 : C4;
 E068 : F5;
 E069 : 27;
 E06A : 2C;
 E06B : BF;
 E06C : BA;
 E06D : 2B;
 E06E : 23;
 E06F : 9B;
 E070 : FB;
 E071 : FB;
 E072 : F8;
 E073 : FF;
 E074 : FA;
 E075 : FF;
 E076 : F9;
 E077 : FE;
 E078 : FE;
 E079 : FE;
 E07A : FE;
 E07B : FE;
 E07C : FE;
 E07D : FE;
 E07E : FE;
 E07F : FE;
 E080 : FE;
 E081 : FE;
 E082 : FE;
 E083 : FE;
 E084 : FE;
 E085 : FE;
 E086 : FE;
 E087 : FE;
 E088 : FE;
 E089 : FE;
 E08A : FE;
 E08B : FE;
 E08C : FE;
 E08D : FE;
 E08E : FE;
 E08F : FE;
 E090 : FE;
 E091 : FE;
 E092 : FE;
 E093 : FE;
 E094 : FE;
 E095 : FE;
 E096 : FE;
 E097 : FE;
 E098 : FE;
 E099 : FE;
 E09A : FE;
 E09B : FE;
 E09C : FE;
 E09D : FE;
 E09E : FE;
 E09F : FE;
 E0A0 : FE;
 E0A1 : FE;
 E0A2 : FE;
 E0A3 : FE;
 E0A4 : FE;
 E0A5 : FE;
 E0A6 : FE;
 E0A7 : FE;
 E0A8 : FE;
 E0A9 : FE;
 E0AA : FE;
 E0AB : FE;
 E0AC : FE;
 E0AD : FE;
 E0AE : FE;
 E0AF : FE;
 E0B0 : FE;
 E0B1 : FE;
 E0B2 : FE;
 E0B3 : FE;
 E0B4 : FE;
 E0B5 : FE;
 E0B6 : FE;
 E0B7 : FE;
 E0B8 : FE;
 E0B9 : FE;
 E0BA : FE;
 E0BB : FE;
 E0BC : FE;
 E0BD : FE;
 E0BE : FE;
 E0BF : FE;
 E0C0 : FE;
 E0C1 : FE;
 E0C2 : FE;
 E0C3 : FE;
 E0C4 : FE;
 E0C5 : FE;
 E0C6 : FE;
 E0C7 : FE;
 E0C8 : FE;
 E0C9 : FE;
 E0CA : FE;
 E0CB : FE;
 E0CC : FE;
 E0CD : FE;
 E0CE : FE;
 E0CF : FE;
 E0D0 : FE;
 E0D1 : FE;
 E0D2 : FE;
 E0D3 : FE;
 E0D4 : FE;
 E0D5 : FE;
 E0D6 : FE;
 E0D7 : FE;
 E0D8 : FE;
 E0D9 : FE;
 E0DA : FE;
 E0DB : FE;
 E0DC : FE;
 E0DD : FE;
 E0DE : FE;
 E0DF : FE;
 E0E0 : FE;
 E0E1 : FE;
 E0E2 : FE;
 E0E3 : FE;
 E0E4 : FE;
 E0E5 : FE;
 E0E6 : FE;
 E0E7 : FE;
 E0E8 : FE;
 E0E9 : FE;
 E0EA : FE;
 E0EB : FE;
 E0EC : FE;
 E0ED : FE;
 E0EE : FE;
 E0EF : FE;
 E0F0 : FE;
 E0F1 : FE;
 E0F2 : FE;
 E0F3 : FE;
 E0F4 : FE;
 E0F5 : FE;
 E0F6 : FE;
 E0F7 : FE;
 E0F8 : FE;
 E0F9 : FE;
 E0FA : FE;
 E0FB : FE;
 E0FC : FE;
 E0FD : FE;
 E0FE : FE;
 E0FF : FE;
 E100 : FE;
 E101 : FE;
 E102 : FE;
 E103 : FE;
 E104 : FE;
 E105 : FE;
 E106 : FE;
 E107 : FE;
 E108 : FE;
 E109 : FE;
 E10A : FE;
 E10B : FE;
 E10C : FE;
 E10D : FE;
 E10E : FE;
 E10F : FE;
 E110 : FE;
 E111 : FE;
 E112 : FE;
 E113 : FE;
 E114 : FE;
 E115 : FE;
 E116 : FE;
 E117 : FE;
 E118 : FE;
 E119 : FE;
 E11A : FE;
 E11B : FE;
 E11C : FE;
 E11D : FE;
 E11E : FE;
 E11F : FE;
 E120 : FE;
 E121 : FE;
 E122 : FE;
 E123 : FE;
 E124 : FE;
 E125 : FE;
 E126 : FE;
 E127 : FE;
 E128 : FE;
 E129 : FE;
 E12A : FE;
 E12B : FE;
 E12C : FE;
 E12D : FE;
 E12E : FE;
 E12F : FE;
 E130 : FE;
 E131 : FE;
 E132 : FE;
 E133 : FE;
 E134 : FE;
 E135 : FE;
 E136 : FE;
 E137 : FE;
 E138 : FE;
 E139 : FE;
 E13A : FE;
 E13B : FE;
 E13C : FE;
 E13D : FE;
 E13E : FE;
 E13F : FE;
 E140 : FE;
 E141 : FE;
 E142 : FE;
 E143 : FE;
 E144 : FE;
 E145 : FE;
 E146 : FE;
 E147 : FE;
 E148 : FE;
 E149 : FE;
 E14A : FE;
 E14B : FE;
 E14C : FE;
 E14D : FE;
 E14E : FE;
 E14F : FE;
 E150 : FE;
 E151 : FE;
 E152 : FE;
 E153 : FE;
 E154 : FE;
 E155 : FE;
 E156 : FE;
 E157 : FE;
 E158 : FE;
 E159 : FE;
 E15A : FE;
 E15B : FE;
 E15C : FE;
 E15D : FE;
 E15E : FE;
 E15F : FE;
 E160 : FE;
 E161 : FE;
 E162 : FE;
 E163 : FE;
 E164 : FE;
 E165 : FE;
 E166 : FE;
 E167 : FE;
 E168 : FE;
 E169 : FE;
 E16A : FE;
 E16B : FE;
 E16C : FE;
 E16D : FE;
 E16E : FE;
 E16F : FE;
 E170 : FE;
 E171 : FE;
 E172 : FE;
 E173 : FE;
 E174 : FE;
 E175 : FE;
 E176 : FE;
 E177 : FE;
 E178 : FE;
 E179 : FE;
 E17A : FE;
 E17B : FE;
 E17C : FE;
 E17D : FE;
 E17E : FE;
 E17F : FE;
 E180 : FE;
 E181 : FE;
 E182 : FE;
 E183 : FE;
 E184 : FE;
 E185 : FE;
 E186 : FE;
 E187 : FE;
 E188 : FE;
 E189 : FE;
 E18A : FE;
 E18B : FE;
 E18C : FE;
 E18D : FE;
 E18E : FE;
 E18F : 9C;
 E190 : 30;
 E191 : 44;
 E192 : F7;
 E193 : FD;
 E194 : D6;
 E195 : 36;
 E196 : 2C;
 E197 : B5;
 E198 : F3;
 E199 : 46;
 E19A : 31;
 E19B : 9E;
 E19C : FF;
 E19D : FF;
 E19E : FF;
 E19F : F2;
 E1A0 : FA;
 E1A1 : 7D;
 E1A2 : 23;
 E1A3 : 55;
 E1A4 : FF;
 E1A5 : FF;
 E1A6 : FC;
 E1A7 : F4;
 E1A8 : E3;
 E1A9 : 2A;
 E1AA : 30;
 E1AB : 9C;
 E1AC : F3;
 E1AD : C1;
 E1AE : 82;
 E1AF : C1;
 E1B0 : EC;
 E1B1 : FF;
 E1B2 : FB;
 E1B3 : FA;
 E1B4 : FF;
 E1B5 : FF;
 E1B6 : FC;
 E1B7 : FE;
 E1B8 : FE;
 E1B9 : FE;
 E1BA : FE;
 E1BB : FE;
 E1BC : FE;
 E1BD : FE;
 E1BE : FE;
 E1BF : FE;
 E1C0 : FE;
 E1C1 : FE;
 E1C2 : FE;
 E1C3 : FE;
 E1C4 : FE;
 E1C5 : FE;
 E1C6 : FE;
 E1C7 : FE;
 E1C8 : FE;
 E1C9 : FE;
 E1CA : FE;
 E1CB : FE;
 E1CC : FE;
 E1CD : FE;
 E1CE : FE;
 E1CF : FE;
 E1D0 : FE;
 E1D1 : FE;
 E1D2 : FE;
 E1D3 : FE;
 E1D4 : FE;
 E1D5 : FE;
 E1D6 : FE;
 E1D7 : FE;
 E1D8 : FE;
 E1D9 : FE;
 E1DA : FE;
 E1DB : FE;
 E1DC : FE;
 E1DD : FE;
 E1DE : FE;
 E1DF : FE;
 E1E0 : FE;
 E1E1 : FE;
 E1E2 : FE;
 E1E3 : FE;
 E1E4 : FE;
 E1E5 : FE;
 E1E6 : FE;
 E1E7 : FE;
 E1E8 : FE;
 E1E9 : FE;
 E1EA : FE;
 E1EB : FE;
 E1EC : FE;
 E1ED : FE;
 E1EE : FE;
 E1EF : FE;
 E1F0 : FE;
 E1F1 : FE;
 E1F2 : FE;
 E1F3 : FE;
 E1F4 : FE;
 E1F5 : FE;
 E1F6 : FE;
 E1F7 : FE;
 E1F8 : FE;
 E1F9 : FE;
 E1FA : FE;
 E1FB : FE;
 E1FC : FE;
 E1FD : FE;
 E1FE : FE;
 E1FF : FE;
 E200 : FE;
 E201 : FE;
 E202 : FE;
 E203 : FE;
 E204 : FE;
 E205 : FE;
 E206 : FE;
 E207 : FE;
 E208 : FE;
 E209 : FE;
 E20A : FE;
 E20B : FE;
 E20C : FE;
 E20D : FE;
 E20E : FE;
 E20F : FE;
 E210 : FE;
 E211 : FE;
 E212 : FE;
 E213 : FE;
 E214 : FE;
 E215 : FE;
 E216 : FE;
 E217 : FE;
 E218 : FE;
 E219 : FE;
 E21A : FE;
 E21B : FE;
 E21C : FE;
 E21D : FE;
 E21E : FE;
 E21F : FE;
 E220 : FE;
 E221 : FE;
 E222 : FE;
 E223 : FE;
 E224 : FE;
 E225 : FE;
 E226 : FE;
 E227 : FE;
 E228 : FE;
 E229 : FE;
 E22A : FE;
 E22B : FE;
 E22C : FE;
 E22D : FE;
 E22E : FE;
 E22F : FE;
 E230 : FE;
 E231 : FE;
 E232 : FE;
 E233 : FE;
 E234 : FE;
 E235 : FE;
 E236 : FE;
 E237 : FE;
 E238 : FE;
 E239 : FE;
 E23A : FE;
 E23B : FE;
 E23C : FE;
 E23D : FE;
 E23E : FE;
 E23F : FE;
 E240 : FE;
 E241 : FE;
 E242 : FE;
 E243 : FE;
 E244 : FE;
 E245 : FE;
 E246 : FE;
 E247 : FE;
 E248 : FE;
 E249 : FE;
 E24A : FE;
 E24B : FE;
 E24C : FE;
 E24D : FE;
 E24E : FE;
 E24F : FE;
 E250 : FE;
 E251 : FE;
 E252 : FE;
 E253 : FE;
 E254 : FE;
 E255 : FE;
 E256 : FE;
 E257 : FE;
 E258 : FE;
 E259 : FE;
 E25A : FE;
 E25B : FE;
 E25C : FE;
 E25D : FE;
 E25E : FE;
 E25F : FE;
 E260 : FE;
 E261 : FE;
 E262 : FE;
 E263 : FE;
 E264 : FE;
 E265 : FE;
 E266 : FE;
 E267 : FE;
 E268 : FE;
 E269 : FE;
 E26A : FE;
 E26B : FE;
 E26C : FE;
 E26D : FE;
 E26E : FE;
 E26F : FE;
 E270 : FE;
 E271 : FE;
 E272 : FE;
 E273 : FE;
 E274 : FE;
 E275 : FE;
 E276 : FE;
 E277 : FE;
 E278 : FE;
 E279 : FE;
 E27A : FE;
 E27B : FE;
 E27C : FE;
 E27D : FE;
 E27E : FE;
 E27F : FE;
 E280 : FE;
 E281 : FE;
 E282 : FE;
 E283 : FE;
 E284 : FE;
 E285 : FE;
 E286 : FE;
 E287 : FE;
 E288 : FE;
 E289 : FE;
 E28A : FE;
 E28B : FE;
 E28C : FE;
 E28D : FE;
 E28E : FE;
 E28F : FE;
 E290 : FE;
 E291 : FE;
 E292 : FE;
 E293 : FE;
 E294 : FE;
 E295 : FE;
 E296 : FE;
 E297 : FE;
 E298 : FE;
 E299 : FE;
 E29A : FE;
 E29B : FE;
 E29C : FE;
 E29D : FE;
 E29E : FE;
 E29F : FE;
 E2A0 : FE;
 E2A1 : FE;
 E2A2 : FE;
 E2A3 : FE;
 E2A4 : FE;
 E2A5 : FE;
 E2A6 : FE;
 E2A7 : FE;
 E2A8 : FE;
 E2A9 : FE;
 E2AA : FE;
 E2AB : FE;
 E2AC : FE;
 E2AD : FE;
 E2AE : FE;
 E2AF : FE;
 E2B0 : FE;
 E2B1 : FE;
 E2B2 : FE;
 E2B3 : FE;
 E2B4 : FE;
 E2B5 : FE;
 E2B6 : FE;
 E2B7 : FE;
 E2B8 : FE;
 E2B9 : FE;
 E2BA : FE;
 E2BB : FE;
 E2BC : FE;
 E2BD : FE;
 E2BE : FE;
 E2BF : FE;
 E2C0 : FE;
 E2C1 : FE;
 E2C2 : FE;
 E2C3 : FE;
 E2C4 : FE;
 E2C5 : FE;
 E2C6 : FE;
 E2C7 : FE;
 E2C8 : FE;
 E2C9 : FE;
 E2CA : FE;
 E2CB : FE;
 E2CC : FE;
 E2CD : FE;
 E2CE : FE;
 E2CF : A1;
 E2D0 : 1F;
 E2D1 : 38;
 E2D2 : F3;
 E2D3 : FF;
 E2D4 : D3;
 E2D5 : 2B;
 E2D6 : 2A;
 E2D7 : B1;
 E2D8 : F7;
 E2D9 : 50;
 E2DA : 28;
 E2DB : 59;
 E2DC : 98;
 E2DD : 7F;
 E2DE : 89;
 E2DF : C4;
 E2E0 : FF;
 E2E1 : 6F;
 E2E2 : 23;
 E2E3 : 5D;
 E2E4 : B3;
 E2E5 : B7;
 E2E6 : BD;
 E2E7 : FF;
 E2E8 : D3;
 E2E9 : 44;
 E2EA : 38;
 E2EB : 43;
 E2EC : 5A;
 E2ED : 8E;
 E2EE : E6;
 E2EF : FF;
 E2F0 : F3;
 E2F1 : FE;
 E2F2 : FA;
 E2F3 : FE;
 E2F4 : FF;
 E2F5 : F9;
 E2F6 : FF;
 E2F7 : FE;
 E2F8 : FE;
 E2F9 : FE;
 E2FA : FE;
 E2FB : FE;
 E2FC : FE;
 E2FD : FE;
 E2FE : FE;
 E2FF : FE;
 E300 : FE;
 E301 : FE;
 E302 : FE;
 E303 : FE;
 E304 : FE;
 E305 : FE;
 E306 : FE;
 E307 : FE;
 E308 : FE;
 E309 : FE;
 E30A : FE;
 E30B : FE;
 E30C : FE;
 E30D : FE;
 E30E : FE;
 E30F : FE;
 E310 : FE;
 E311 : FE;
 E312 : FE;
 E313 : FE;
 E314 : FE;
 E315 : FE;
 E316 : FE;
 E317 : FE;
 E318 : FE;
 E319 : FE;
 E31A : FE;
 E31B : FE;
 E31C : FE;
 E31D : FE;
 E31E : FE;
 E31F : FE;
 E320 : FE;
 E321 : FE;
 E322 : FE;
 E323 : FE;
 E324 : FE;
 E325 : FE;
 E326 : FE;
 E327 : FE;
 E328 : FE;
 E329 : FE;
 E32A : FE;
 E32B : FE;
 E32C : FE;
 E32D : FE;
 E32E : FE;
 E32F : FE;
 E330 : FE;
 E331 : FE;
 E332 : FE;
 E333 : FE;
 E334 : FE;
 E335 : FE;
 E336 : FE;
 E337 : FE;
 E338 : FE;
 E339 : FE;
 E33A : FE;
 E33B : FE;
 E33C : FE;
 E33D : FE;
 E33E : FE;
 E33F : FE;
 E340 : FE;
 E341 : FE;
 E342 : FE;
 E343 : FE;
 E344 : FE;
 E345 : FE;
 E346 : FE;
 E347 : FE;
 E348 : FE;
 E349 : FE;
 E34A : FE;
 E34B : FE;
 E34C : FE;
 E34D : FE;
 E34E : FE;
 E34F : FE;
 E350 : FE;
 E351 : FE;
 E352 : FE;
 E353 : FE;
 E354 : FE;
 E355 : FE;
 E356 : FE;
 E357 : FE;
 E358 : FE;
 E359 : FE;
 E35A : FE;
 E35B : FE;
 E35C : FE;
 E35D : FE;
 E35E : FE;
 E35F : FE;
 E360 : FE;
 E361 : FE;
 E362 : FE;
 E363 : FE;
 E364 : FE;
 E365 : FE;
 E366 : FE;
 E367 : FE;
 E368 : FE;
 E369 : FE;
 E36A : FE;
 E36B : FE;
 E36C : FE;
 E36D : FE;
 E36E : FE;
 E36F : FE;
 E370 : FE;
 E371 : FE;
 E372 : FE;
 E373 : FE;
 E374 : FE;
 E375 : FE;
 E376 : FE;
 E377 : FE;
 E378 : FE;
 E379 : FE;
 E37A : FE;
 E37B : FE;
 E37C : FE;
 E37D : FE;
 E37E : FE;
 E37F : FE;
 E380 : FE;
 E381 : FE;
 E382 : FE;
 E383 : FE;
 E384 : FE;
 E385 : FE;
 E386 : FE;
 E387 : FE;
 E388 : FE;
 E389 : FE;
 E38A : FE;
 E38B : FE;
 E38C : FE;
 E38D : FE;
 E38E : FE;
 E38F : FE;
 E390 : FE;
 E391 : FE;
 E392 : FE;
 E393 : FE;
 E394 : FE;
 E395 : FE;
 E396 : FE;
 E397 : FE;
 E398 : FE;
 E399 : FE;
 E39A : FE;
 E39B : FE;
 E39C : FE;
 E39D : FE;
 E39E : FE;
 E39F : FE;
 E3A0 : FE;
 E3A1 : FE;
 E3A2 : FE;
 E3A3 : FE;
 E3A4 : FE;
 E3A5 : FE;
 E3A6 : FE;
 E3A7 : FE;
 E3A8 : FE;
 E3A9 : FE;
 E3AA : FE;
 E3AB : FE;
 E3AC : FE;
 E3AD : FE;
 E3AE : FE;
 E3AF : FE;
 E3B0 : FE;
 E3B1 : FE;
 E3B2 : FE;
 E3B3 : FE;
 E3B4 : FE;
 E3B5 : FE;
 E3B6 : FE;
 E3B7 : FE;
 E3B8 : FE;
 E3B9 : FE;
 E3BA : FE;
 E3BB : FE;
 E3BC : FE;
 E3BD : FE;
 E3BE : FE;
 E3BF : FE;
 E3C0 : FE;
 E3C1 : FE;
 E3C2 : FE;
 E3C3 : FE;
 E3C4 : FE;
 E3C5 : FE;
 E3C6 : FE;
 E3C7 : FE;
 E3C8 : FE;
 E3C9 : FE;
 E3CA : FE;
 E3CB : FE;
 E3CC : FE;
 E3CD : FE;
 E3CE : FE;
 E3CF : FE;
 E3D0 : FE;
 E3D1 : FE;
 E3D2 : FE;
 E3D3 : FE;
 E3D4 : FE;
 E3D5 : FE;
 E3D6 : FE;
 E3D7 : FE;
 E3D8 : FE;
 E3D9 : FE;
 E3DA : FE;
 E3DB : FE;
 E3DC : FE;
 E3DD : FE;
 E3DE : FE;
 E3DF : FE;
 E3E0 : FE;
 E3E1 : FE;
 E3E2 : FE;
 E3E3 : FE;
 E3E4 : FE;
 E3E5 : FE;
 E3E6 : FE;
 E3E7 : FE;
 E3E8 : FE;
 E3E9 : FE;
 E3EA : FE;
 E3EB : FE;
 E3EC : FE;
 E3ED : FE;
 E3EE : FE;
 E3EF : FE;
 E3F0 : FE;
 E3F1 : FE;
 E3F2 : FE;
 E3F3 : FE;
 E3F4 : FE;
 E3F5 : FE;
 E3F6 : FE;
 E3F7 : FE;
 E3F8 : FE;
 E3F9 : FE;
 E3FA : FE;
 E3FB : FE;
 E3FC : FE;
 E3FD : FE;
 E3FE : FE;
 E3FF : FE;
 E400 : FE;
 E401 : FE;
 E402 : FE;
 E403 : FE;
 E404 : FE;
 E405 : FE;
 E406 : FE;
 E407 : FE;
 E408 : FE;
 E409 : FE;
 E40A : FE;
 E40B : FE;
 E40C : FE;
 E40D : FE;
 E40E : FE;
 E40F : A9;
 E410 : 1E;
 E411 : 3B;
 E412 : E6;
 E413 : FF;
 E414 : D5;
 E415 : 32;
 E416 : 2F;
 E417 : AE;
 E418 : FF;
 E419 : 4B;
 E41A : 2A;
 E41B : 22;
 E41C : 25;
 E41D : 10;
 E41E : 0D;
 E41F : 91;
 E420 : FB;
 E421 : 76;
 E422 : 1B;
 E423 : 2E;
 E424 : 23;
 E425 : 1D;
 E426 : 1E;
 E427 : F0;
 E428 : FB;
 E429 : 8D;
 E42A : 2E;
 E42B : 23;
 E42C : 20;
 E42D : 14;
 E42E : 3E;
 E42F : CE;
 E430 : FE;
 E431 : F9;
 E432 : F4;
 E433 : FF;
 E434 : FF;
 E435 : F9;
 E436 : FF;
 E437 : FE;
 E438 : FE;
 E439 : FE;
 E43A : FE;
 E43B : FE;
 E43C : FE;
 E43D : FE;
 E43E : FE;
 E43F : FE;
 E440 : FE;
 E441 : FE;
 E442 : FE;
 E443 : FE;
 E444 : FE;
 E445 : FE;
 E446 : FE;
 E447 : FE;
 E448 : FE;
 E449 : FE;
 E44A : FE;
 E44B : FE;
 E44C : FE;
 E44D : FE;
 E44E : FE;
 E44F : FE;
 E450 : FE;
 E451 : FE;
 E452 : FE;
 E453 : FE;
 E454 : FE;
 E455 : FE;
 E456 : FE;
 E457 : FE;
 E458 : FE;
 E459 : FE;
 E45A : FE;
 E45B : FE;
 E45C : FE;
 E45D : FE;
 E45E : FE;
 E45F : FE;
 E460 : FE;
 E461 : FE;
 E462 : FE;
 E463 : FE;
 E464 : FE;
 E465 : FE;
 E466 : FE;
 E467 : FE;
 E468 : FE;
 E469 : FE;
 E46A : FE;
 E46B : FE;
 E46C : FE;
 E46D : FE;
 E46E : FE;
 E46F : FE;
 E470 : FE;
 E471 : FE;
 E472 : FE;
 E473 : FE;
 E474 : FE;
 E475 : FE;
 E476 : FE;
 E477 : FE;
 E478 : FE;
 E479 : FE;
 E47A : FE;
 E47B : FE;
 E47C : FE;
 E47D : FE;
 E47E : FE;
 E47F : FE;
 E480 : FE;
 E481 : FE;
 E482 : FE;
 E483 : FE;
 E484 : FE;
 E485 : FE;
 E486 : FE;
 E487 : FE;
 E488 : FE;
 E489 : FE;
 E48A : FE;
 E48B : FE;
 E48C : FE;
 E48D : FE;
 E48E : FE;
 E48F : FE;
 E490 : FE;
 E491 : FE;
 E492 : FE;
 E493 : FE;
 E494 : FE;
 E495 : FE;
 E496 : FE;
 E497 : FE;
 E498 : FE;
 E499 : FE;
 E49A : FE;
 E49B : FE;
 E49C : FE;
 E49D : FE;
 E49E : FE;
 E49F : FE;
 E4A0 : FE;
 E4A1 : FE;
 E4A2 : FE;
 E4A3 : FE;
 E4A4 : FE;
 E4A5 : FE;
 E4A6 : FE;
 E4A7 : FE;
 E4A8 : FE;
 E4A9 : FE;
 E4AA : FE;
 E4AB : FE;
 E4AC : FE;
 E4AD : FE;
 E4AE : FE;
 E4AF : FE;
 E4B0 : FE;
 E4B1 : FE;
 E4B2 : FE;
 E4B3 : FE;
 E4B4 : FE;
 E4B5 : FE;
 E4B6 : FE;
 E4B7 : FE;
 E4B8 : FE;
 E4B9 : FE;
 E4BA : FE;
 E4BB : FE;
 E4BC : FE;
 E4BD : FE;
 E4BE : FE;
 E4BF : FE;
 E4C0 : FE;
 E4C1 : FE;
 E4C2 : FE;
 E4C3 : FE;
 E4C4 : FE;
 E4C5 : FE;
 E4C6 : FE;
 E4C7 : FE;
 E4C8 : FE;
 E4C9 : FE;
 E4CA : FE;
 E4CB : FE;
 E4CC : FE;
 E4CD : FE;
 E4CE : FE;
 E4CF : FE;
 E4D0 : FE;
 E4D1 : FE;
 E4D2 : FE;
 E4D3 : FE;
 E4D4 : FE;
 E4D5 : FE;
 E4D6 : FE;
 E4D7 : FE;
 E4D8 : FE;
 E4D9 : FE;
 E4DA : FE;
 E4DB : FE;
 E4DC : FE;
 E4DD : FE;
 E4DE : FE;
 E4DF : FE;
 E4E0 : FE;
 E4E1 : FE;
 E4E2 : FE;
 E4E3 : FE;
 E4E4 : FE;
 E4E5 : FE;
 E4E6 : FE;
 E4E7 : FE;
 E4E8 : FE;
 E4E9 : FE;
 E4EA : FE;
 E4EB : FE;
 E4EC : FE;
 E4ED : FE;
 E4EE : FE;
 E4EF : FE;
 E4F0 : FE;
 E4F1 : FE;
 E4F2 : FE;
 E4F3 : FE;
 E4F4 : FE;
 E4F5 : FE;
 E4F6 : FE;
 E4F7 : FE;
 E4F8 : FE;
 E4F9 : FE;
 E4FA : FE;
 E4FB : FE;
 E4FC : FE;
 E4FD : FE;
 E4FE : FE;
 E4FF : FE;
 E500 : FE;
 E501 : FE;
 E502 : FE;
 E503 : FE;
 E504 : FE;
 E505 : FE;
 E506 : FE;
 E507 : FE;
 E508 : FE;
 E509 : FE;
 E50A : FE;
 E50B : FE;
 E50C : FE;
 E50D : FE;
 E50E : FE;
 E50F : FE;
 E510 : FE;
 E511 : FE;
 E512 : FE;
 E513 : FE;
 E514 : FE;
 E515 : FE;
 E516 : FE;
 E517 : FE;
 E518 : FE;
 E519 : FE;
 E51A : FE;
 E51B : FE;
 E51C : FE;
 E51D : FE;
 E51E : FE;
 E51F : FE;
 E520 : FE;
 E521 : FE;
 E522 : FE;
 E523 : FE;
 E524 : FE;
 E525 : FE;
 E526 : FE;
 E527 : FE;
 E528 : FE;
 E529 : FE;
 E52A : FE;
 E52B : FE;
 E52C : FE;
 E52D : FE;
 E52E : FE;
 E52F : FE;
 E530 : FE;
 E531 : FE;
 E532 : FE;
 E533 : FE;
 E534 : FE;
 E535 : FE;
 E536 : FE;
 E537 : FE;
 E538 : FE;
 E539 : FE;
 E53A : FE;
 E53B : FE;
 E53C : FE;
 E53D : FE;
 E53E : FE;
 E53F : FE;
 E540 : FE;
 E541 : FE;
 E542 : FE;
 E543 : FE;
 E544 : FE;
 E545 : FE;
 E546 : FE;
 E547 : FE;
 E548 : FE;
 E549 : FE;
 E54A : FE;
 E54B : FE;
 E54C : FE;
 E54D : FE;
 E54E : FE;
 E54F : 98;
 E550 : 24;
 E551 : 50;
 E552 : E3;
 E553 : FF;
 E554 : DD;
 E555 : 3B;
 E556 : 27;
 E557 : B5;
 E558 : FE;
 E559 : 27;
 E55A : 3F;
 E55B : 63;
 E55C : 79;
 E55D : 89;
 E55E : 71;
 E55F : BA;
 E560 : EF;
 E561 : 84;
 E562 : 21;
 E563 : 40;
 E564 : 5D;
 E565 : 6F;
 E566 : 6E;
 E567 : E4;
 E568 : FF;
 E569 : FF;
 E56A : CB;
 E56B : 7F;
 E56C : 4E;
 E56D : 31;
 E56E : 28;
 E56F : 5E;
 E570 : FE;
 E571 : FE;
 E572 : ED;
 E573 : FF;
 E574 : FB;
 E575 : FF;
 E576 : FE;
 E577 : FE;
 E578 : FE;
 E579 : FE;
 E57A : FE;
 E57B : FE;
 E57C : FE;
 E57D : FE;
 E57E : FE;
 E57F : FE;
 E580 : FE;
 E581 : FE;
 E582 : FE;
 E583 : FE;
 E584 : FE;
 E585 : FE;
 E586 : FE;
 E587 : FE;
 E588 : FE;
 E589 : FE;
 E58A : FE;
 E58B : FE;
 E58C : FE;
 E58D : FE;
 E58E : FE;
 E58F : FE;
 E590 : FE;
 E591 : FE;
 E592 : FE;
 E593 : FE;
 E594 : FE;
 E595 : FE;
 E596 : FE;
 E597 : FE;
 E598 : FE;
 E599 : FE;
 E59A : FE;
 E59B : FE;
 E59C : FE;
 E59D : FE;
 E59E : FE;
 E59F : FE;
 E5A0 : FE;
 E5A1 : FE;
 E5A2 : FE;
 E5A3 : FE;
 E5A4 : FE;
 E5A5 : FE;
 E5A6 : FE;
 E5A7 : FE;
 E5A8 : FE;
 E5A9 : FE;
 E5AA : FE;
 E5AB : FE;
 E5AC : FE;
 E5AD : FE;
 E5AE : FE;
 E5AF : FE;
 E5B0 : FE;
 E5B1 : FE;
 E5B2 : FE;
 E5B3 : FE;
 E5B4 : FE;
 E5B5 : FE;
 E5B6 : FE;
 E5B7 : FE;
 E5B8 : FE;
 E5B9 : FE;
 E5BA : FE;
 E5BB : FE;
 E5BC : FE;
 E5BD : FE;
 E5BE : FE;
 E5BF : FE;
 E5C0 : FE;
 E5C1 : FE;
 E5C2 : FE;
 E5C3 : FE;
 E5C4 : FE;
 E5C5 : FE;
 E5C6 : FE;
 E5C7 : FE;
 E5C8 : FE;
 E5C9 : FE;
 E5CA : FE;
 E5CB : FE;
 E5CC : FE;
 E5CD : FE;
 E5CE : FE;
 E5CF : FE;
 E5D0 : FE;
 E5D1 : FE;
 E5D2 : FE;
 E5D3 : FE;
 E5D4 : FE;
 E5D5 : FE;
 E5D6 : FE;
 E5D7 : FE;
 E5D8 : FE;
 E5D9 : FE;
 E5DA : FE;
 E5DB : FE;
 E5DC : FE;
 E5DD : FE;
 E5DE : FE;
 E5DF : FE;
 E5E0 : FE;
 E5E1 : FE;
 E5E2 : FE;
 E5E3 : FE;
 E5E4 : FE;
 E5E5 : FE;
 E5E6 : FE;
 E5E7 : FE;
 E5E8 : FE;
 E5E9 : FE;
 E5EA : FE;
 E5EB : FE;
 E5EC : FE;
 E5ED : FE;
 E5EE : FE;
 E5EF : FE;
 E5F0 : FE;
 E5F1 : FE;
 E5F2 : FE;
 E5F3 : FE;
 E5F4 : FE;
 E5F5 : FE;
 E5F6 : FE;
 E5F7 : FE;
 E5F8 : FE;
 E5F9 : FE;
 E5FA : FE;
 E5FB : FE;
 E5FC : FE;
 E5FD : FE;
 E5FE : FE;
 E5FF : FE;
 E600 : FE;
 E601 : FE;
 E602 : FE;
 E603 : FE;
 E604 : FE;
 E605 : FE;
 E606 : FE;
 E607 : FE;
 E608 : FE;
 E609 : FE;
 E60A : FE;
 E60B : FE;
 E60C : FE;
 E60D : FE;
 E60E : FE;
 E60F : FE;
 E610 : FE;
 E611 : FE;
 E612 : FE;
 E613 : FE;
 E614 : FE;
 E615 : FE;
 E616 : FE;
 E617 : FE;
 E618 : FE;
 E619 : FE;
 E61A : FE;
 E61B : FE;
 E61C : FE;
 E61D : FE;
 E61E : FE;
 E61F : FE;
 E620 : FE;
 E621 : FE;
 E622 : FE;
 E623 : FE;
 E624 : FE;
 E625 : FE;
 E626 : FE;
 E627 : FE;
 E628 : FE;
 E629 : FE;
 E62A : FE;
 E62B : FE;
 E62C : FE;
 E62D : FE;
 E62E : FE;
 E62F : FE;
 E630 : FE;
 E631 : FE;
 E632 : FE;
 E633 : FE;
 E634 : FE;
 E635 : FE;
 E636 : FE;
 E637 : FE;
 E638 : FE;
 E639 : FE;
 E63A : FE;
 E63B : FE;
 E63C : FE;
 E63D : FE;
 E63E : FE;
 E63F : FE;
 E640 : FE;
 E641 : FE;
 E642 : FE;
 E643 : FE;
 E644 : FE;
 E645 : FE;
 E646 : FE;
 E647 : FE;
 E648 : FE;
 E649 : FE;
 E64A : FE;
 E64B : FE;
 E64C : FE;
 E64D : FE;
 E64E : FE;
 E64F : FE;
 E650 : FE;
 E651 : FE;
 E652 : FE;
 E653 : FE;
 E654 : FE;
 E655 : FE;
 E656 : FE;
 E657 : FE;
 E658 : FE;
 E659 : FE;
 E65A : FE;
 E65B : FE;
 E65C : FE;
 E65D : FE;
 E65E : FE;
 E65F : FE;
 E660 : FE;
 E661 : FE;
 E662 : FE;
 E663 : FE;
 E664 : FE;
 E665 : FE;
 E666 : FE;
 E667 : FE;
 E668 : FE;
 E669 : FE;
 E66A : FE;
 E66B : FE;
 E66C : FE;
 E66D : FE;
 E66E : FE;
 E66F : FE;
 E670 : FE;
 E671 : FE;
 E672 : FE;
 E673 : FE;
 E674 : FE;
 E675 : FE;
 E676 : FE;
 E677 : FE;
 E678 : FE;
 E679 : FE;
 E67A : FE;
 E67B : FE;
 E67C : FE;
 E67D : FE;
 E67E : FE;
 E67F : FE;
 E680 : FE;
 E681 : FE;
 E682 : FE;
 E683 : FE;
 E684 : FE;
 E685 : FE;
 E686 : FE;
 E687 : FE;
 E688 : FE;
 E689 : FE;
 E68A : FE;
 E68B : FE;
 E68C : FE;
 E68D : FE;
 E68E : FE;
 E68F : A5;
 E690 : 2D;
 E691 : 44;
 E692 : CF;
 E693 : FE;
 E694 : C7;
 E695 : 36;
 E696 : 27;
 E697 : B5;
 E698 : FD;
 E699 : 44;
 E69A : 1F;
 E69B : 89;
 E69C : FF;
 E69D : FF;
 E69E : FB;
 E69F : FF;
 E6A0 : FF;
 E6A1 : 74;
 E6A2 : 27;
 E6A3 : 53;
 E6A4 : E9;
 E6A5 : F4;
 E6A6 : EB;
 E6A7 : FD;
 E6A8 : DD;
 E6A9 : A3;
 E6AA : 9E;
 E6AB : FF;
 E6AC : D8;
 E6AD : 6C;
 E6AE : 29;
 E6AF : 44;
 E6B0 : F5;
 E6B1 : FF;
 E6B2 : FD;
 E6B3 : FF;
 E6B4 : FF;
 E6B5 : FB;
 E6B6 : FE;
 E6B7 : FE;
 E6B8 : FE;
 E6B9 : FE;
 E6BA : FE;
 E6BB : FE;
 E6BC : FE;
 E6BD : FE;
 E6BE : FE;
 E6BF : FE;
 E6C0 : FE;
 E6C1 : FE;
 E6C2 : FE;
 E6C3 : FE;
 E6C4 : FE;
 E6C5 : FE;
 E6C6 : FE;
 E6C7 : FE;
 E6C8 : FE;
 E6C9 : FE;
 E6CA : FE;
 E6CB : FE;
 E6CC : FE;
 E6CD : FE;
 E6CE : FE;
 E6CF : FE;
 E6D0 : FE;
 E6D1 : FE;
 E6D2 : FE;
 E6D3 : FE;
 E6D4 : FE;
 E6D5 : FE;
 E6D6 : FE;
 E6D7 : FE;
 E6D8 : FE;
 E6D9 : FE;
 E6DA : FE;
 E6DB : FE;
 E6DC : FE;
 E6DD : FE;
 E6DE : FE;
 E6DF : FE;
 E6E0 : FE;
 E6E1 : FE;
 E6E2 : FE;
 E6E3 : FE;
 E6E4 : FE;
 E6E5 : FE;
 E6E6 : FE;
 E6E7 : FE;
 E6E8 : FE;
 E6E9 : FE;
 E6EA : FE;
 E6EB : FE;
 E6EC : FE;
 E6ED : FE;
 E6EE : FE;
 E6EF : FE;
 E6F0 : FE;
 E6F1 : FE;
 E6F2 : FE;
 E6F3 : FE;
 E6F4 : FE;
 E6F5 : FE;
 E6F6 : FE;
 E6F7 : FE;
 E6F8 : FE;
 E6F9 : FE;
 E6FA : FE;
 E6FB : FE;
 E6FC : FE;
 E6FD : FE;
 E6FE : FE;
 E6FF : FE;
 E700 : FE;
 E701 : FE;
 E702 : FE;
 E703 : FE;
 E704 : FE;
 E705 : FE;
 E706 : FE;
 E707 : FE;
 E708 : FE;
 E709 : FE;
 E70A : FE;
 E70B : FE;
 E70C : FE;
 E70D : FE;
 E70E : FE;
 E70F : FE;
 E710 : FE;
 E711 : FE;
 E712 : FE;
 E713 : FE;
 E714 : FE;
 E715 : FE;
 E716 : FE;
 E717 : FE;
 E718 : FE;
 E719 : FE;
 E71A : FE;
 E71B : FE;
 E71C : FE;
 E71D : FE;
 E71E : FE;
 E71F : FE;
 E720 : FE;
 E721 : FE;
 E722 : FE;
 E723 : FE;
 E724 : FE;
 E725 : FE;
 E726 : FE;
 E727 : FE;
 E728 : FE;
 E729 : FE;
 E72A : FE;
 E72B : FE;
 E72C : FE;
 E72D : FE;
 E72E : FE;
 E72F : FE;
 E730 : FE;
 E731 : FE;
 E732 : FE;
 E733 : FE;
 E734 : FE;
 E735 : FE;
 E736 : FE;
 E737 : FE;
 E738 : FE;
 E739 : FE;
 E73A : FE;
 E73B : FE;
 E73C : FE;
 E73D : FE;
 E73E : FE;
 E73F : FE;
 E740 : FE;
 E741 : FE;
 E742 : FE;
 E743 : FE;
 E744 : FE;
 E745 : FE;
 E746 : FE;
 E747 : FE;
 E748 : FE;
 E749 : FE;
 E74A : FE;
 E74B : FE;
 E74C : FE;
 E74D : FE;
 E74E : FE;
 E74F : FE;
 E750 : FE;
 E751 : FE;
 E752 : FE;
 E753 : FE;
 E754 : FE;
 E755 : FE;
 E756 : FE;
 E757 : FE;
 E758 : FE;
 E759 : FE;
 E75A : FE;
 E75B : FE;
 E75C : FE;
 E75D : FE;
 E75E : FE;
 E75F : FE;
 E760 : FE;
 E761 : FE;
 E762 : FE;
 E763 : FE;
 E764 : FE;
 E765 : FE;
 E766 : FE;
 E767 : FE;
 E768 : FE;
 E769 : FE;
 E76A : FE;
 E76B : FE;
 E76C : FE;
 E76D : FE;
 E76E : FE;
 E76F : FE;
 E770 : FE;
 E771 : FE;
 E772 : FE;
 E773 : FE;
 E774 : FE;
 E775 : FE;
 E776 : FE;
 E777 : FE;
 E778 : FE;
 E779 : FE;
 E77A : FE;
 E77B : FE;
 E77C : FE;
 E77D : FE;
 E77E : FE;
 E77F : FE;
 E780 : FE;
 E781 : FE;
 E782 : FE;
 E783 : FE;
 E784 : FE;
 E785 : FE;
 E786 : FE;
 E787 : FE;
 E788 : FE;
 E789 : FE;
 E78A : FE;
 E78B : FE;
 E78C : FE;
 E78D : FE;
 E78E : FE;
 E78F : FE;
 E790 : FE;
 E791 : FE;
 E792 : FE;
 E793 : FE;
 E794 : FE;
 E795 : FE;
 E796 : FE;
 E797 : FE;
 E798 : FE;
 E799 : FE;
 E79A : FE;
 E79B : FE;
 E79C : FE;
 E79D : FE;
 E79E : FE;
 E79F : FE;
 E7A0 : FE;
 E7A1 : FE;
 E7A2 : FE;
 E7A3 : FE;
 E7A4 : FE;
 E7A5 : FE;
 E7A6 : FE;
 E7A7 : FE;
 E7A8 : FE;
 E7A9 : FE;
 E7AA : FE;
 E7AB : FE;
 E7AC : FE;
 E7AD : FE;
 E7AE : FE;
 E7AF : FE;
 E7B0 : FE;
 E7B1 : FE;
 E7B2 : FE;
 E7B3 : FE;
 E7B4 : FE;
 E7B5 : FE;
 E7B6 : FE;
 E7B7 : FE;
 E7B8 : FE;
 E7B9 : FE;
 E7BA : FE;
 E7BB : FE;
 E7BC : FE;
 E7BD : FE;
 E7BE : FE;
 E7BF : FE;
 E7C0 : FE;
 E7C1 : FE;
 E7C2 : FE;
 E7C3 : FE;
 E7C4 : FE;
 E7C5 : FE;
 E7C6 : FE;
 E7C7 : FE;
 E7C8 : FE;
 E7C9 : FE;
 E7CA : FE;
 E7CB : FE;
 E7CC : FE;
 E7CD : FE;
 E7CE : FE;
 E7CF : B6;
 E7D0 : 2D;
 E7D1 : 3C;
 E7D2 : 92;
 E7D3 : E0;
 E7D4 : 93;
 E7D5 : 2E;
 E7D6 : 2C;
 E7D7 : C6;
 E7D8 : F1;
 E7D9 : 4C;
 E7DA : 38;
 E7DB : 84;
 E7DC : CE;
 E7DD : CC;
 E7DE : C1;
 E7DF : C3;
 E7E0 : FF;
 E7E1 : 7F;
 E7E2 : 28;
 E7E3 : 6B;
 E7E4 : FA;
 E7E5 : F8;
 E7E6 : FF;
 E7E7 : F4;
 E7E8 : A3;
 E7E9 : 28;
 E7EA : 3E;
 E7EB : D6;
 E7EC : FF;
 E7ED : 86;
 E7EE : 21;
 E7EF : 60;
 E7F0 : F1;
 E7F1 : F9;
 E7F2 : FC;
 E7F3 : FC;
 E7F4 : FE;
 E7F5 : FF;
 E7F6 : FF;
 E7F7 : FE;
 E7F8 : FE;
 E7F9 : FE;
 E7FA : FE;
 E7FB : FE;
 E7FC : FE;
 E7FD : FE;
 E7FE : FE;
 E7FF : FE;
 E800 : FE;
 E801 : FE;
 E802 : FE;
 E803 : FE;
 E804 : FE;
 E805 : FE;
 E806 : FE;
 E807 : FE;
 E808 : FE;
 E809 : FE;
 E80A : FE;
 E80B : FE;
 E80C : FE;
 E80D : FE;
 E80E : FE;
 E80F : FE;
 E810 : FE;
 E811 : FE;
 E812 : FE;
 E813 : FE;
 E814 : FE;
 E815 : FE;
 E816 : FE;
 E817 : FE;
 E818 : FE;
 E819 : FE;
 E81A : FE;
 E81B : FE;
 E81C : FE;
 E81D : FE;
 E81E : FE;
 E81F : FE;
 E820 : FE;
 E821 : FE;
 E822 : FE;
 E823 : FE;
 E824 : FE;
 E825 : FE;
 E826 : FE;
 E827 : FE;
 E828 : FE;
 E829 : FE;
 E82A : FE;
 E82B : FE;
 E82C : FE;
 E82D : FE;
 E82E : FE;
 E82F : FE;
 E830 : FE;
 E831 : FE;
 E832 : FE;
 E833 : FE;
 E834 : FE;
 E835 : FE;
 E836 : FE;
 E837 : FE;
 E838 : FE;
 E839 : FE;
 E83A : FE;
 E83B : FE;
 E83C : FE;
 E83D : FE;
 E83E : FE;
 E83F : FE;
 E840 : FE;
 E841 : FE;
 E842 : FE;
 E843 : FE;
 E844 : FE;
 E845 : FE;
 E846 : FE;
 E847 : FE;
 E848 : FE;
 E849 : FE;
 E84A : FE;
 E84B : FE;
 E84C : FE;
 E84D : FE;
 E84E : FE;
 E84F : FE;
 E850 : FE;
 E851 : FE;
 E852 : FE;
 E853 : FE;
 E854 : FE;
 E855 : FE;
 E856 : FE;
 E857 : FE;
 E858 : FE;
 E859 : FE;
 E85A : FE;
 E85B : FE;
 E85C : FE;
 E85D : FE;
 E85E : FE;
 E85F : FE;
 E860 : FE;
 E861 : FE;
 E862 : FE;
 E863 : FE;
 E864 : FE;
 E865 : FE;
 E866 : FE;
 E867 : FE;
 E868 : FE;
 E869 : FE;
 E86A : FE;
 E86B : FE;
 E86C : FE;
 E86D : FE;
 E86E : FE;
 E86F : FE;
 E870 : FE;
 E871 : FE;
 E872 : FE;
 E873 : FE;
 E874 : FE;
 E875 : FE;
 E876 : FE;
 E877 : FE;
 E878 : FE;
 E879 : FE;
 E87A : FE;
 E87B : FE;
 E87C : FE;
 E87D : FE;
 E87E : FE;
 E87F : FE;
 E880 : FE;
 E881 : FE;
 E882 : FE;
 E883 : FE;
 E884 : FE;
 E885 : FE;
 E886 : FE;
 E887 : FE;
 E888 : FE;
 E889 : FE;
 E88A : FE;
 E88B : FE;
 E88C : FE;
 E88D : FE;
 E88E : FE;
 E88F : FE;
 E890 : FE;
 E891 : FE;
 E892 : FE;
 E893 : FE;
 E894 : FE;
 E895 : FE;
 E896 : FE;
 E897 : FE;
 E898 : FE;
 E899 : FE;
 E89A : FE;
 E89B : FE;
 E89C : FE;
 E89D : FE;
 E89E : FE;
 E89F : FE;
 E8A0 : FE;
 E8A1 : FE;
 E8A2 : FE;
 E8A3 : FE;
 E8A4 : FE;
 E8A5 : FE;
 E8A6 : FE;
 E8A7 : FE;
 E8A8 : FE;
 E8A9 : FE;
 E8AA : FE;
 E8AB : FE;
 E8AC : FE;
 E8AD : FE;
 E8AE : FE;
 E8AF : FE;
 E8B0 : FE;
 E8B1 : FE;
 E8B2 : FE;
 E8B3 : FE;
 E8B4 : FE;
 E8B5 : FE;
 E8B6 : FE;
 E8B7 : FE;
 E8B8 : FE;
 E8B9 : FE;
 E8BA : FE;
 E8BB : FE;
 E8BC : FE;
 E8BD : FE;
 E8BE : FE;
 E8BF : FE;
 E8C0 : FE;
 E8C1 : FE;
 E8C2 : FE;
 E8C3 : FE;
 E8C4 : FE;
 E8C5 : FE;
 E8C6 : FE;
 E8C7 : FE;
 E8C8 : FE;
 E8C9 : FE;
 E8CA : FE;
 E8CB : FE;
 E8CC : FE;
 E8CD : FE;
 E8CE : FE;
 E8CF : FE;
 E8D0 : FE;
 E8D1 : FE;
 E8D2 : FE;
 E8D3 : FE;
 E8D4 : FE;
 E8D5 : FE;
 E8D6 : FE;
 E8D7 : FE;
 E8D8 : FE;
 E8D9 : FE;
 E8DA : FE;
 E8DB : FE;
 E8DC : FE;
 E8DD : FE;
 E8DE : FE;
 E8DF : FE;
 E8E0 : FE;
 E8E1 : FE;
 E8E2 : FE;
 E8E3 : FE;
 E8E4 : FE;
 E8E5 : FE;
 E8E6 : FE;
 E8E7 : FE;
 E8E8 : FE;
 E8E9 : FE;
 E8EA : FE;
 E8EB : FE;
 E8EC : FE;
 E8ED : FE;
 E8EE : FE;
 E8EF : FE;
 E8F0 : FE;
 E8F1 : FE;
 E8F2 : FE;
 E8F3 : FE;
 E8F4 : FE;
 E8F5 : FE;
 E8F6 : FE;
 E8F7 : FE;
 E8F8 : FE;
 E8F9 : FE;
 E8FA : FE;
 E8FB : FE;
 E8FC : FE;
 E8FD : FE;
 E8FE : FE;
 E8FF : FE;
 E900 : FE;
 E901 : FE;
 E902 : FE;
 E903 : FE;
 E904 : FE;
 E905 : FE;
 E906 : FE;
 E907 : FE;
 E908 : FE;
 E909 : FE;
 E90A : FE;
 E90B : FE;
 E90C : FE;
 E90D : FE;
 E90E : FE;
 E90F : E8;
 E910 : 58;
 E911 : 1D;
 E912 : 20;
 E913 : 55;
 E914 : 2D;
 E915 : 1F;
 E916 : 64;
 E917 : FF;
 E918 : F3;
 E919 : 49;
 E91A : 23;
 E91B : 2C;
 E91C : 38;
 E91D : 31;
 E91E : 2E;
 E91F : 4D;
 E920 : E8;
 E921 : 7F;
 E922 : 00;
 E923 : 55;
 E924 : FF;
 E925 : FF;
 E926 : F8;
 E927 : FF;
 E928 : D8;
 E929 : 41;
 E92A : 14;
 E92B : 48;
 E92C : 7B;
 E92D : 3A;
 E92E : 19;
 E92F : 98;
 E930 : F5;
 E931 : F8;
 E932 : FE;
 E933 : FA;
 E934 : FB;
 E935 : FF;
 E936 : FE;
 E937 : FE;
 E938 : FE;
 E939 : FE;
 E93A : FE;
 E93B : FE;
 E93C : FE;
 E93D : FE;
 E93E : FE;
 E93F : FE;
 E940 : FE;
 E941 : FE;
 E942 : FE;
 E943 : FE;
 E944 : FE;
 E945 : FE;
 E946 : FE;
 E947 : FE;
 E948 : FE;
 E949 : FE;
 E94A : FE;
 E94B : FE;
 E94C : FE;
 E94D : FE;
 E94E : FE;
 E94F : FE;
 E950 : FE;
 E951 : FE;
 E952 : FE;
 E953 : FE;
 E954 : FE;
 E955 : FE;
 E956 : FE;
 E957 : FE;
 E958 : FE;
 E959 : FE;
 E95A : FE;
 E95B : FE;
 E95C : FE;
 E95D : FE;
 E95E : FE;
 E95F : FE;
 E960 : FE;
 E961 : FE;
 E962 : FE;
 E963 : FE;
 E964 : FE;
 E965 : FE;
 E966 : FE;
 E967 : FE;
 E968 : FE;
 E969 : FE;
 E96A : FE;
 E96B : FE;
 E96C : FE;
 E96D : FE;
 E96E : FE;
 E96F : FE;
 E970 : FE;
 E971 : FE;
 E972 : FE;
 E973 : FE;
 E974 : FE;
 E975 : FE;
 E976 : FE;
 E977 : FE;
 E978 : FE;
 E979 : FE;
 E97A : FE;
 E97B : FE;
 E97C : FE;
 E97D : FE;
 E97E : FE;
 E97F : FE;
 E980 : FE;
 E981 : FE;
 E982 : FE;
 E983 : FE;
 E984 : FE;
 E985 : FE;
 E986 : FE;
 E987 : FE;
 E988 : FE;
 E989 : FE;
 E98A : FE;
 E98B : FE;
 E98C : FE;
 E98D : FE;
 E98E : FE;
 E98F : FE;
 E990 : FE;
 E991 : FE;
 E992 : FE;
 E993 : FE;
 E994 : FE;
 E995 : FE;
 E996 : FE;
 E997 : FE;
 E998 : FE;
 E999 : FE;
 E99A : FE;
 E99B : FE;
 E99C : FE;
 E99D : FE;
 E99E : FE;
 E99F : FE;
 E9A0 : FE;
 E9A1 : FE;
 E9A2 : FE;
 E9A3 : FE;
 E9A4 : FE;
 E9A5 : FE;
 E9A6 : FE;
 E9A7 : FE;
 E9A8 : FE;
 E9A9 : FE;
 E9AA : FE;
 E9AB : FE;
 E9AC : FE;
 E9AD : FE;
 E9AE : FE;
 E9AF : FE;
 E9B0 : FE;
 E9B1 : FE;
 E9B2 : FE;
 E9B3 : FE;
 E9B4 : FE;
 E9B5 : FE;
 E9B6 : FE;
 E9B7 : FE;
 E9B8 : FE;
 E9B9 : FE;
 E9BA : FE;
 E9BB : FE;
 E9BC : FE;
 E9BD : FE;
 E9BE : FE;
 E9BF : FE;
 E9C0 : FE;
 E9C1 : FE;
 E9C2 : FE;
 E9C3 : FE;
 E9C4 : FE;
 E9C5 : FE;
 E9C6 : FE;
 E9C7 : FE;
 E9C8 : FE;
 E9C9 : FE;
 E9CA : FE;
 E9CB : FE;
 E9CC : FE;
 E9CD : FE;
 E9CE : FE;
 E9CF : FE;
 E9D0 : FE;
 E9D1 : FE;
 E9D2 : FE;
 E9D3 : FE;
 E9D4 : FE;
 E9D5 : FE;
 E9D6 : FE;
 E9D7 : FE;
 E9D8 : FE;
 E9D9 : FE;
 E9DA : FE;
 E9DB : FE;
 E9DC : FE;
 E9DD : FE;
 E9DE : FE;
 E9DF : FE;
 E9E0 : FE;
 E9E1 : FE;
 E9E2 : FE;
 E9E3 : FE;
 E9E4 : FE;
 E9E5 : FE;
 E9E6 : FE;
 E9E7 : FE;
 E9E8 : FE;
 E9E9 : FE;
 E9EA : FE;
 E9EB : FE;
 E9EC : FE;
 E9ED : FE;
 E9EE : FE;
 E9EF : FE;
 E9F0 : FE;
 E9F1 : FE;
 E9F2 : FE;
 E9F3 : FE;
 E9F4 : FE;
 E9F5 : FE;
 E9F6 : FE;
 E9F7 : FE;
 E9F8 : FE;
 E9F9 : FE;
 E9FA : FE;
 E9FB : FE;
 E9FC : FE;
 E9FD : FE;
 E9FE : FE;
 E9FF : FE;
 EA00 : FE;
 EA01 : FE;
 EA02 : FE;
 EA03 : FE;
 EA04 : FE;
 EA05 : FE;
 EA06 : FE;
 EA07 : FE;
 EA08 : FE;
 EA09 : FE;
 EA0A : FE;
 EA0B : FE;
 EA0C : FE;
 EA0D : FE;
 EA0E : FE;
 EA0F : FE;
 EA10 : FE;
 EA11 : FE;
 EA12 : FE;
 EA13 : FE;
 EA14 : FE;
 EA15 : FE;
 EA16 : FE;
 EA17 : FE;
 EA18 : FE;
 EA19 : FE;
 EA1A : FE;
 EA1B : FE;
 EA1C : FE;
 EA1D : FE;
 EA1E : FE;
 EA1F : FE;
 EA20 : FE;
 EA21 : FE;
 EA22 : FE;
 EA23 : FE;
 EA24 : FE;
 EA25 : FE;
 EA26 : FE;
 EA27 : FE;
 EA28 : FE;
 EA29 : FE;
 EA2A : FE;
 EA2B : FE;
 EA2C : FE;
 EA2D : FE;
 EA2E : FE;
 EA2F : FE;
 EA30 : FE;
 EA31 : FE;
 EA32 : FE;
 EA33 : FE;
 EA34 : FE;
 EA35 : FE;
 EA36 : FE;
 EA37 : FE;
 EA38 : FE;
 EA39 : FE;
 EA3A : FE;
 EA3B : FE;
 EA3C : FE;
 EA3D : FE;
 EA3E : FE;
 EA3F : FE;
 EA40 : FE;
 EA41 : FE;
 EA42 : FE;
 EA43 : FE;
 EA44 : FE;
 EA45 : FE;
 EA46 : FE;
 EA47 : FE;
 EA48 : FE;
 EA49 : FE;
 EA4A : FE;
 EA4B : FE;
 EA4C : FE;
 EA4D : FE;
 EA4E : FE;
 EA4F : FF;
 EA50 : B1;
 EA51 : 4A;
 EA52 : 28;
 EA53 : 1D;
 EA54 : 31;
 EA55 : 4E;
 EA56 : C9;
 EA57 : FF;
 EA58 : E0;
 EA59 : 59;
 EA5A : 3C;
 EA5B : 2C;
 EA5C : 29;
 EA5D : 2F;
 EA5E : 32;
 EA5F : 44;
 EA60 : DA;
 EA61 : 92;
 EA62 : 1D;
 EA63 : 63;
 EA64 : F8;
 EA65 : FB;
 EA66 : F2;
 EA67 : F6;
 EA68 : FA;
 EA69 : A0;
 EA6A : 44;
 EA6B : 17;
 EA6C : 1B;
 EA6D : 2B;
 EA6E : 64;
 EA6F : D7;
 EA70 : FF;
 EA71 : FE;
 EA72 : FF;
 EA73 : FC;
 EA74 : F9;
 EA75 : FF;
 EA76 : FC;
 EA77 : FE;
 EA78 : FE;
 EA79 : FE;
 EA7A : FE;
 EA7B : FE;
 EA7C : FE;
 EA7D : FE;
 EA7E : FE;
 EA7F : FE;
 EA80 : FE;
 EA81 : FE;
 EA82 : FE;
 EA83 : FE;
 EA84 : FE;
 EA85 : FE;
 EA86 : FE;
 EA87 : FE;
 EA88 : FE;
 EA89 : FE;
 EA8A : FE;
 EA8B : FE;
 EA8C : FE;
 EA8D : FE;
 EA8E : FE;
 EA8F : FE;
 EA90 : FE;
 EA91 : FE;
 EA92 : FE;
 EA93 : FE;
 EA94 : FE;
 EA95 : FE;
 EA96 : FE;
 EA97 : FE;
 EA98 : FE;
 EA99 : FE;
 EA9A : FE;
 EA9B : FE;
 EA9C : FE;
 EA9D : FE;
 EA9E : FE;
 EA9F : FE;
 EAA0 : FE;
 EAA1 : FE;
 EAA2 : FE;
 EAA3 : FE;
 EAA4 : FE;
 EAA5 : FE;
 EAA6 : FE;
 EAA7 : FE;
 EAA8 : FE;
 EAA9 : FE;
 EAAA : FE;
 EAAB : FE;
 EAAC : FE;
 EAAD : FE;
 EAAE : FE;
 EAAF : FE;
 EAB0 : FE;
 EAB1 : FE;
 EAB2 : FE;
 EAB3 : FE;
 EAB4 : FE;
 EAB5 : FE;
 EAB6 : FE;
 EAB7 : FE;
 EAB8 : FE;
 EAB9 : FE;
 EABA : FE;
 EABB : FE;
 EABC : FE;
 EABD : FE;
 EABE : FE;
 EABF : FE;
 EAC0 : FE;
 EAC1 : FE;
 EAC2 : FE;
 EAC3 : FE;
 EAC4 : FE;
 EAC5 : FE;
 EAC6 : FE;
 EAC7 : FE;
 EAC8 : FE;
 EAC9 : FE;
 EACA : FE;
 EACB : FE;
 EACC : FE;
 EACD : FE;
 EACE : FE;
 EACF : FE;
 EAD0 : FE;
 EAD1 : FE;
 EAD2 : FE;
 EAD3 : FE;
 EAD4 : FE;
 EAD5 : FE;
 EAD6 : FE;
 EAD7 : FE;
 EAD8 : FE;
 EAD9 : FE;
 EADA : FE;
 EADB : FE;
 EADC : FE;
 EADD : FE;
 EADE : FE;
 EADF : FE;
 EAE0 : FE;
 EAE1 : FE;
 EAE2 : FE;
 EAE3 : FE;
 EAE4 : FE;
 EAE5 : FE;
 EAE6 : FE;
 EAE7 : FE;
 EAE8 : FE;
 EAE9 : FE;
 EAEA : FE;
 EAEB : FE;
 EAEC : FE;
 EAED : FE;
 EAEE : FE;
 EAEF : FE;
 EAF0 : FE;
 EAF1 : FE;
 EAF2 : FE;
 EAF3 : FE;
 EAF4 : FE;
 EAF5 : FE;
 EAF6 : FE;
 EAF7 : FE;
 EAF8 : FE;
 EAF9 : FE;
 EAFA : FE;
 EAFB : FE;
 EAFC : FE;
 EAFD : FE;
 EAFE : FE;
 EAFF : FE;
 EB00 : FE;
 EB01 : FE;
 EB02 : FE;
 EB03 : FE;
 EB04 : FE;
 EB05 : FE;
 EB06 : FE;
 EB07 : FE;
 EB08 : FE;
 EB09 : FE;
 EB0A : FE;
 EB0B : FE;
 EB0C : FE;
 EB0D : FE;
 EB0E : FE;
 EB0F : FE;
 EB10 : FE;
 EB11 : FE;
 EB12 : FE;
 EB13 : FE;
 EB14 : FE;
 EB15 : FE;
 EB16 : FE;
 EB17 : FE;
 EB18 : FE;
 EB19 : FE;
 EB1A : FE;
 EB1B : FE;
 EB1C : FE;
 EB1D : FE;
 EB1E : FE;
 EB1F : FE;
 EB20 : FE;
 EB21 : FE;
 EB22 : FE;
 EB23 : FE;
 EB24 : FE;
 EB25 : FE;
 EB26 : FE;
 EB27 : FE;
 EB28 : FE;
 EB29 : FE;
 EB2A : FE;
 EB2B : FE;
 EB2C : FE;
 EB2D : FE;
 EB2E : FE;
 EB2F : FE;
 EB30 : FE;
 EB31 : FE;
 EB32 : FE;
 EB33 : FE;
 EB34 : FE;
 EB35 : FE;
 EB36 : FE;
 EB37 : FE;
 EB38 : FE;
 EB39 : FE;
 EB3A : FE;
 EB3B : FE;
 EB3C : FE;
 EB3D : FE;
 EB3E : FE;
 EB3F : FE;
 EB40 : FE;
 EB41 : FE;
 EB42 : FE;
 EB43 : FE;
 EB44 : FE;
 EB45 : FE;
 EB46 : FE;
 EB47 : FE;
 EB48 : FE;
 EB49 : FE;
 EB4A : FE;
 EB4B : FE;
 EB4C : FE;
 EB4D : FE;
 EB4E : FE;
 EB4F : FE;
 EB50 : FE;
 EB51 : FE;
 EB52 : FE;
 EB53 : FE;
 EB54 : FE;
 EB55 : FE;
 EB56 : FE;
 EB57 : FE;
 EB58 : FE;
 EB59 : FE;
 EB5A : FE;
 EB5B : FE;
 EB5C : FE;
 EB5D : FE;
 EB5E : FE;
 EB5F : FE;
 EB60 : FE;
 EB61 : FE;
 EB62 : FE;
 EB63 : FE;
 EB64 : FE;
 EB65 : FE;
 EB66 : FE;
 EB67 : FE;
 EB68 : FE;
 EB69 : FE;
 EB6A : FE;
 EB6B : FE;
 EB6C : FE;
 EB6D : FE;
 EB6E : FE;
 EB6F : FE;
 EB70 : FE;
 EB71 : FE;
 EB72 : FE;
 EB73 : FE;
 EB74 : FE;
 EB75 : FE;
 EB76 : FE;
 EB77 : FE;
 EB78 : FE;
 EB79 : FE;
 EB7A : FE;
 EB7B : FE;
 EB7C : FE;
 EB7D : FE;
 EB7E : FE;
 EB7F : FE;
 EB80 : FE;
 EB81 : FE;
 EB82 : FE;
 EB83 : FE;
 EB84 : FE;
 EB85 : FE;
 EB86 : FE;
 EB87 : FE;
 EB88 : FE;
 EB89 : FE;
 EB8A : FE;
 EB8B : FE;
 EB8C : FE;
 EB8D : FE;
 EB8E : FE;
 EB8F : F8;
 EB90 : F7;
 EB91 : C9;
 EB92 : B3;
 EB93 : A4;
 EB94 : B5;
 EB95 : BD;
 EB96 : FF;
 EB97 : F4;
 EB98 : EC;
 EB99 : B5;
 EB9A : BC;
 EB9B : B9;
 EB9C : BC;
 EB9D : C4;
 EB9E : BA;
 EB9F : C4;
 EBA0 : EC;
 EBA1 : CA;
 EBA2 : AD;
 EBA3 : C3;
 EBA4 : F0;
 EBA5 : F4;
 EBA6 : FF;
 EBA7 : FF;
 EBA8 : FF;
 EBA9 : F3;
 EBAA : C7;
 EBAB : C5;
 EBAC : AD;
 EBAD : BE;
 EBAE : E9;
 EBAF : FB;
 EBB0 : FF;
 EBB1 : FF;
 EBB2 : FF;
 EBB3 : FF;
 EBB4 : F8;
 EBB5 : FF;
 EBB6 : FD;
 EBB7 : FE;
 EBB8 : FE;
 EBB9 : FE;
 EBBA : FE;
 EBBB : FE;
 EBBC : FE;
 EBBD : FE;
 EBBE : FE;
 EBBF : FE;
 EBC0 : FE;
 EBC1 : FE;
 EBC2 : FE;
 EBC3 : FE;
 EBC4 : FE;
 EBC5 : FE;
 EBC6 : FE;
 EBC7 : FE;
 EBC8 : FE;
 EBC9 : FE;
 EBCA : FE;
 EBCB : FE;
 EBCC : FE;
 EBCD : FE;
 EBCE : FE;
 EBCF : FE;
 EBD0 : FE;
 EBD1 : FE;
 EBD2 : FE;
 EBD3 : FE;
 EBD4 : FE;
 EBD5 : FE;
 EBD6 : FE;
 EBD7 : FE;
 EBD8 : FE;
 EBD9 : FE;
 EBDA : FE;
 EBDB : FE;
 EBDC : FE;
 EBDD : FE;
 EBDE : FE;
 EBDF : FE;
 EBE0 : FE;
 EBE1 : FE;
 EBE2 : FE;
 EBE3 : FE;
 EBE4 : FE;
 EBE5 : FE;
 EBE6 : FE;
 EBE7 : FE;
 EBE8 : FE;
 EBE9 : FE;
 EBEA : FE;
 EBEB : FE;
 EBEC : FE;
 EBED : FE;
 EBEE : FE;
 EBEF : FE;
 EBF0 : FE;
 EBF1 : FE;
 EBF2 : FE;
 EBF3 : FE;
 EBF4 : FE;
 EBF5 : FE;
 EBF6 : FE;
 EBF7 : FE;
 EBF8 : FE;
 EBF9 : FE;
 EBFA : FE;
 EBFB : FE;
 EBFC : FE;
 EBFD : FE;
 EBFE : FE;
 EBFF : FE;
 EC00 : FE;
 EC01 : FE;
 EC02 : FE;
 EC03 : FE;
 EC04 : FE;
 EC05 : FE;
 EC06 : FE;
 EC07 : FE;
 EC08 : FE;
 EC09 : FE;
 EC0A : FE;
 EC0B : FE;
 EC0C : FE;
 EC0D : FE;
 EC0E : FE;
 EC0F : FE;
 EC10 : FE;
 EC11 : FE;
 EC12 : FE;
 EC13 : FE;
 EC14 : FE;
 EC15 : FE;
 EC16 : FE;
 EC17 : FE;
 EC18 : FE;
 EC19 : FE;
 EC1A : FE;
 EC1B : FE;
 EC1C : FE;
 EC1D : FE;
 EC1E : FE;
 EC1F : FE;
 EC20 : FE;
 EC21 : FE;
 EC22 : FE;
 EC23 : FE;
 EC24 : FE;
 EC25 : FE;
 EC26 : FE;
 EC27 : FE;
 EC28 : FE;
 EC29 : FE;
 EC2A : FE;
 EC2B : FE;
 EC2C : FE;
 EC2D : FE;
 EC2E : FE;
 EC2F : FE;
 EC30 : FE;
 EC31 : FE;
 EC32 : FE;
 EC33 : FE;
 EC34 : FE;
 EC35 : FE;
 EC36 : FE;
 EC37 : FE;
 EC38 : FE;
 EC39 : FE;
 EC3A : FE;
 EC3B : FE;
 EC3C : FE;
 EC3D : FE;
 EC3E : FE;
 EC3F : FE;
 EC40 : FE;
 EC41 : FE;
 EC42 : FE;
 EC43 : FE;
 EC44 : FE;
 EC45 : FE;
 EC46 : FE;
 EC47 : FE;
 EC48 : FE;
 EC49 : FE;
 EC4A : FE;
 EC4B : FE;
 EC4C : FE;
 EC4D : FE;
 EC4E : FE;
 EC4F : FE;
 EC50 : FE;
 EC51 : FE;
 EC52 : FE;
 EC53 : FE;
 EC54 : FE;
 EC55 : FE;
 EC56 : FE;
 EC57 : FE;
 EC58 : FE;
 EC59 : FE;
 EC5A : FE;
 EC5B : FE;
 EC5C : FE;
 EC5D : FE;
 EC5E : FE;
 EC5F : FE;
 EC60 : FE;
 EC61 : FE;
 EC62 : FE;
 EC63 : FE;
 EC64 : FE;
 EC65 : FE;
 EC66 : FE;
 EC67 : FE;
 EC68 : FE;
 EC69 : FE;
 EC6A : FE;
 EC6B : FE;
 EC6C : FE;
 EC6D : FE;
 EC6E : FE;
 EC6F : FE;
 EC70 : FE;
 EC71 : FE;
 EC72 : FE;
 EC73 : FE;
 EC74 : FE;
 EC75 : FE;
 EC76 : FE;
 EC77 : FE;
 EC78 : FE;
 EC79 : FE;
 EC7A : FE;
 EC7B : FE;
 EC7C : FE;
 EC7D : FE;
 EC7E : FE;
 EC7F : FE;
 EC80 : FE;
 EC81 : FE;
 EC82 : FE;
 EC83 : FE;
 EC84 : FE;
 EC85 : FE;
 EC86 : FE;
 EC87 : FE;
 EC88 : FE;
 EC89 : FE;
 EC8A : FE;
 EC8B : FE;
 EC8C : FE;
 EC8D : FE;
 EC8E : FE;
 EC8F : FE;
 EC90 : FE;
 EC91 : FE;
 EC92 : FE;
 EC93 : FE;
 EC94 : FE;
 EC95 : FE;
 EC96 : FE;
 EC97 : FE;
 EC98 : FE;
 EC99 : FE;
 EC9A : FE;
 EC9B : FE;
 EC9C : FE;
 EC9D : FE;
 EC9E : FE;
 EC9F : FE;
 ECA0 : FE;
 ECA1 : FE;
 ECA2 : FE;
 ECA3 : FE;
 ECA4 : FE;
 ECA5 : FE;
 ECA6 : FE;
 ECA7 : FE;
 ECA8 : FE;
 ECA9 : FE;
 ECAA : FE;
 ECAB : FE;
 ECAC : FE;
 ECAD : FE;
 ECAE : FE;
 ECAF : FE;
 ECB0 : FE;
 ECB1 : FE;
 ECB2 : FE;
 ECB3 : FE;
 ECB4 : FE;
 ECB5 : FE;
 ECB6 : FE;
 ECB7 : FE;
 ECB8 : FE;
 ECB9 : FE;
 ECBA : FE;
 ECBB : FE;
 ECBC : FE;
 ECBD : FE;
 ECBE : FE;
 ECBF : FE;
 ECC0 : FE;
 ECC1 : FE;
 ECC2 : FE;
 ECC3 : FE;
 ECC4 : FE;
 ECC5 : FE;
 ECC6 : FE;
 ECC7 : FE;
 ECC8 : FE;
 ECC9 : FE;
 ECCA : FE;
 ECCB : FE;
 ECCC : FE;
 ECCD : FE;
 ECCE : FE;
 ECCF : F4;
 ECD0 : FF;
 ECD1 : FF;
 ECD2 : EE;
 ECD3 : FF;
 ECD4 : FD;
 ECD5 : FD;
 ECD6 : FC;
 ECD7 : FF;
 ECD8 : FF;
 ECD9 : FB;
 ECDA : FF;
 ECDB : FF;
 ECDC : FF;
 ECDD : FF;
 ECDE : F2;
 ECDF : FF;
 ECE0 : FB;
 ECE1 : FA;
 ECE2 : FF;
 ECE3 : FB;
 ECE4 : FB;
 ECE5 : FC;
 ECE6 : FF;
 ECE7 : FF;
 ECE8 : F8;
 ECE9 : FA;
 ECEA : EF;
 ECEB : FF;
 ECEC : EF;
 ECED : F0;
 ECEE : FE;
 ECEF : FF;
 ECF0 : FA;
 ECF1 : FD;
 ECF2 : F7;
 ECF3 : FF;
 ECF4 : F9;
 ECF5 : FF;
 ECF6 : FF;
 ECF7 : FE;
 ECF8 : FE;
 ECF9 : FE;
 ECFA : FE;
 ECFB : FE;
 ECFC : FE;
 ECFD : FE;
 ECFE : FE;
 ECFF : FE;
 ED00 : FE;
 ED01 : FE;
 ED02 : FE;
 ED03 : FE;
 ED04 : FE;
 ED05 : FE;
 ED06 : FE;
 ED07 : FE;
 ED08 : FE;
 ED09 : FE;
 ED0A : FE;
 ED0B : FE;
 ED0C : FE;
 ED0D : FE;
 ED0E : FE;
 ED0F : FE;
 ED10 : FE;
 ED11 : FE;
 ED12 : FE;
 ED13 : FE;
 ED14 : FE;
 ED15 : FE;
 ED16 : FE;
 ED17 : FE;
 ED18 : FE;
 ED19 : FE;
 ED1A : FE;
 ED1B : FE;
 ED1C : FE;
 ED1D : FE;
 ED1E : FE;
 ED1F : FE;
 ED20 : FE;
 ED21 : FE;
 ED22 : FE;
 ED23 : FE;
 ED24 : FE;
 ED25 : FE;
 ED26 : FE;
 ED27 : FE;
 ED28 : FE;
 ED29 : FE;
 ED2A : FE;
 ED2B : FE;
 ED2C : FE;
 ED2D : FE;
 ED2E : FE;
 ED2F : FE;
 ED30 : FE;
 ED31 : FE;
 ED32 : FE;
 ED33 : FE;
 ED34 : FE;
 ED35 : FE;
 ED36 : FE;
 ED37 : FE;
 ED38 : FE;
 ED39 : FE;
 ED3A : FE;
 ED3B : FE;
 ED3C : FE;
 ED3D : FE;
 ED3E : FE;
 ED3F : FE;
 ED40 : FE;
 ED41 : FE;
 ED42 : FE;
 ED43 : FE;
 ED44 : FE;
 ED45 : FE;
 ED46 : FE;
 ED47 : FE;
 ED48 : FE;
 ED49 : FE;
 ED4A : FE;
 ED4B : FE;
 ED4C : FE;
 ED4D : FE;
 ED4E : FE;
 ED4F : FE;
 ED50 : FE;
 ED51 : FE;
 ED52 : FE;
 ED53 : FE;
 ED54 : FE;
 ED55 : FE;
 ED56 : FE;
 ED57 : FE;
 ED58 : FE;
 ED59 : FE;
 ED5A : FE;
 ED5B : FE;
 ED5C : FE;
 ED5D : FE;
 ED5E : FE;
 ED5F : FE;
 ED60 : FE;
 ED61 : FE;
 ED62 : FE;
 ED63 : FE;
 ED64 : FE;
 ED65 : FE;
 ED66 : FE;
 ED67 : FE;
 ED68 : FE;
 ED69 : FE;
 ED6A : FE;
 ED6B : FE;
 ED6C : FE;
 ED6D : FE;
 ED6E : FE;
 ED6F : FE;
 ED70 : FE;
 ED71 : FE;
 ED72 : FE;
 ED73 : FE;
 ED74 : FE;
 ED75 : FE;
 ED76 : FE;
 ED77 : FE;
 ED78 : FE;
 ED79 : FE;
 ED7A : FE;
 ED7B : FE;
 ED7C : FE;
 ED7D : FE;
 ED7E : FE;
 ED7F : FE;
 ED80 : FE;
 ED81 : FE;
 ED82 : FE;
 ED83 : FE;
 ED84 : FE;
 ED85 : FE;
 ED86 : FE;
 ED87 : FE;
 ED88 : FE;
 ED89 : FE;
 ED8A : FE;
 ED8B : FE;
 ED8C : FE;
 ED8D : FE;
 ED8E : FE;
 ED8F : FE;
 ED90 : FE;
 ED91 : FE;
 ED92 : FE;
 ED93 : FE;
 ED94 : FE;
 ED95 : FE;
 ED96 : FE;
 ED97 : FE;
 ED98 : FE;
 ED99 : FE;
 ED9A : FE;
 ED9B : FE;
 ED9C : FE;
 ED9D : FE;
 ED9E : FE;
 ED9F : FE;
 EDA0 : FE;
 EDA1 : FE;
 EDA2 : FE;
 EDA3 : FE;
 EDA4 : FE;
 EDA5 : FE;
 EDA6 : FE;
 EDA7 : FE;
 EDA8 : FE;
 EDA9 : FE;
 EDAA : FE;
 EDAB : FE;
 EDAC : FE;
 EDAD : FE;
 EDAE : FE;
 EDAF : FE;
 EDB0 : FE;
 EDB1 : FE;
 EDB2 : FE;
 EDB3 : FE;
 EDB4 : FE;
 EDB5 : FE;
 EDB6 : FE;
 EDB7 : FE;
 EDB8 : FE;
 EDB9 : FE;
 EDBA : FE;
 EDBB : FE;
 EDBC : FE;
 EDBD : FE;
 EDBE : FE;
 EDBF : FE;
 EDC0 : FE;
 EDC1 : FE;
 EDC2 : FE;
 EDC3 : FE;
 EDC4 : FE;
 EDC5 : FE;
 EDC6 : FE;
 EDC7 : FE;
 EDC8 : FE;
 EDC9 : FE;
 EDCA : FE;
 EDCB : FE;
 EDCC : FE;
 EDCD : FE;
 EDCE : FE;
 EDCF : FE;
 EDD0 : FE;
 EDD1 : FE;
 EDD2 : FE;
 EDD3 : FE;
 EDD4 : FE;
 EDD5 : FE;
 EDD6 : FE;
 EDD7 : FE;
 EDD8 : FE;
 EDD9 : FE;
 EDDA : FE;
 EDDB : FE;
 EDDC : FE;
 EDDD : FE;
 EDDE : FE;
 EDDF : FE;
 EDE0 : FE;
 EDE1 : FE;
 EDE2 : FE;
 EDE3 : FE;
 EDE4 : FE;
 EDE5 : FE;
 EDE6 : FE;
 EDE7 : FE;
 EDE8 : FE;
 EDE9 : FE;
 EDEA : FE;
 EDEB : FE;
 EDEC : FE;
 EDED : FE;
 EDEE : FE;
 EDEF : FE;
 EDF0 : FE;
 EDF1 : FE;
 EDF2 : FE;
 EDF3 : FE;
 EDF4 : FE;
 EDF5 : FE;
 EDF6 : FE;
 EDF7 : FE;
 EDF8 : FE;
 EDF9 : FE;
 EDFA : FE;
 EDFB : FE;
 EDFC : FE;
 EDFD : FE;
 EDFE : FE;
 EDFF : FE;
 EE00 : FE;
 EE01 : FE;
 EE02 : FE;
 EE03 : FE;
 EE04 : FE;
 EE05 : FE;
 EE06 : FE;
 EE07 : FE;
 EE08 : FE;
 EE09 : FE;
 EE0A : FE;
 EE0B : FE;
 EE0C : FE;
 EE0D : FE;
 EE0E : FE;
 EE0F : FF;
 EE10 : F9;
 EE11 : F7;
 EE12 : E5;
 EE13 : FC;
 EE14 : F3;
 EE15 : FE;
 EE16 : EE;
 EE17 : F5;
 EE18 : FE;
 EE19 : F5;
 EE1A : F4;
 EE1B : F8;
 EE1C : F7;
 EE1D : FE;
 EE1E : F8;
 EE1F : EF;
 EE20 : FC;
 EE21 : FF;
 EE22 : F9;
 EE23 : F4;
 EE24 : FF;
 EE25 : FF;
 EE26 : ED;
 EE27 : F5;
 EE28 : FE;
 EE29 : FE;
 EE2A : F7;
 EE2B : FF;
 EE2C : F5;
 EE2D : F9;
 EE2E : FF;
 EE2F : FC;
 EE30 : F9;
 EE31 : FF;
 EE32 : F0;
 EE33 : FF;
 EE34 : FA;
 EE35 : FB;
 EE36 : FF;
 EE37 : FE;
 EE38 : FE;
 EE39 : FE;
 EE3A : FE;
 EE3B : FE;
 EE3C : FE;
 EE3D : FE;
 EE3E : FE;
 EE3F : FE;
 EE40 : FE;
 EE41 : FE;
 EE42 : FE;
 EE43 : FE;
 EE44 : FE;
 EE45 : FE;
 EE46 : FE;
 EE47 : FE;
 EE48 : FE;
 EE49 : FE;
 EE4A : FE;
 EE4B : FE;
 EE4C : FE;
 EE4D : FE;
 EE4E : FE;
 EE4F : FE;
 EE50 : FE;
 EE51 : FE;
 EE52 : FE;
 EE53 : FE;
 EE54 : FE;
 EE55 : FE;
 EE56 : FE;
 EE57 : FE;
 EE58 : FE;
 EE59 : FE;
 EE5A : FE;
 EE5B : FE;
 EE5C : FE;
 EE5D : FE;
 EE5E : FE;
 EE5F : FE;
 EE60 : FE;
 EE61 : FE;
 EE62 : FE;
 EE63 : FE;
 EE64 : FE;
 EE65 : FE;
 EE66 : FE;
 EE67 : FE;
 EE68 : FE;
 EE69 : FE;
 EE6A : FE;
 EE6B : FE;
 EE6C : FE;
 EE6D : FE;
 EE6E : FE;
 EE6F : FE;
 EE70 : FE;
 EE71 : FE;
 EE72 : FE;
 EE73 : FE;
 EE74 : FE;
 EE75 : FE;
 EE76 : FE;
 EE77 : FE;
 EE78 : FE;
 EE79 : FE;
 EE7A : FE;
 EE7B : FE;
 EE7C : FE;
 EE7D : FE;
 EE7E : FE;
 EE7F : FE;
 EE80 : FE;
 EE81 : FE;
 EE82 : FE;
 EE83 : FE;
 EE84 : FE;
 EE85 : FE;
 EE86 : FE;
 EE87 : FE;
 EE88 : FE;
 EE89 : FE;
 EE8A : FE;
 EE8B : FE;
 EE8C : FE;
 EE8D : FE;
 EE8E : FE;
 EE8F : FE;
 EE90 : FE;
 EE91 : FE;
 EE92 : FE;
 EE93 : FE;
 EE94 : FE;
 EE95 : FE;
 EE96 : FE;
 EE97 : FE;
 EE98 : FE;
 EE99 : FE;
 EE9A : FE;
 EE9B : FE;
 EE9C : FE;
 EE9D : FE;
 EE9E : FE;
 EE9F : FE;
 EEA0 : FE;
 EEA1 : FE;
 EEA2 : FE;
 EEA3 : FE;
 EEA4 : FE;
 EEA5 : FE;
 EEA6 : FE;
 EEA7 : FE;
 EEA8 : FE;
 EEA9 : FE;
 EEAA : FE;
 EEAB : FE;
 EEAC : FE;
 EEAD : FE;
 EEAE : FE;
 EEAF : FE;
 EEB0 : FE;
 EEB1 : FE;
 EEB2 : FE;
 EEB3 : FE;
 EEB4 : FE;
 EEB5 : FE;
 EEB6 : FE;
 EEB7 : FE;
 EEB8 : FE;
 EEB9 : FE;
 EEBA : FE;
 EEBB : FE;
 EEBC : FE;
 EEBD : FE;
 EEBE : FE;
 EEBF : FE;
 EEC0 : FE;
 EEC1 : FE;
 EEC2 : FE;
 EEC3 : FE;
 EEC4 : FE;
 EEC5 : FE;
 EEC6 : FE;
 EEC7 : FE;
 EEC8 : FE;
 EEC9 : FE;
 EECA : FE;
 EECB : FE;
 EECC : FE;
 EECD : FE;
 EECE : FE;
 EECF : FE;
 EED0 : FE;
 EED1 : FE;
 EED2 : FE;
 EED3 : FE;
 EED4 : FE;
 EED5 : FE;
 EED6 : FE;
 EED7 : FE;
 EED8 : FE;
 EED9 : FE;
 EEDA : FE;
 EEDB : FE;
 EEDC : FE;
 EEDD : FE;
 EEDE : FE;
 EEDF : FE;
 EEE0 : FE;
 EEE1 : FE;
 EEE2 : FE;
 EEE3 : FE;
 EEE4 : FE;
 EEE5 : FE;
 EEE6 : FE;
 EEE7 : FE;
 EEE8 : FE;
 EEE9 : FE;
 EEEA : FE;
 EEEB : FE;
 EEEC : FE;
 EEED : FE;
 EEEE : FE;
 EEEF : FE;
 EEF0 : FE;
 EEF1 : FE;
 EEF2 : FE;
 EEF3 : FE;
 EEF4 : FE;
 EEF5 : FE;
 EEF6 : FE;
 EEF7 : FE;
 EEF8 : FE;
 EEF9 : FE;
 EEFA : FE;
 EEFB : FE;
 EEFC : FE;
 EEFD : FE;
 EEFE : FE;
 EEFF : FE;
 EF00 : FE;
 EF01 : FE;
 EF02 : FE;
 EF03 : FE;
 EF04 : FE;
 EF05 : FE;
 EF06 : FE;
 EF07 : FE;
 EF08 : FE;
 EF09 : FE;
 EF0A : FE;
 EF0B : FE;
 EF0C : FE;
 EF0D : FE;
 EF0E : FE;
 EF0F : FE;
 EF10 : FE;
 EF11 : FE;
 EF12 : FE;
 EF13 : FE;
 EF14 : FE;
 EF15 : FE;
 EF16 : FE;
 EF17 : FE;
 EF18 : FE;
 EF19 : FE;
 EF1A : FE;
 EF1B : FE;
 EF1C : FE;
 EF1D : FE;
 EF1E : FE;
 EF1F : FE;
 EF20 : FE;
 EF21 : FE;
 EF22 : FE;
 EF23 : FE;
 EF24 : FE;
 EF25 : FE;
 EF26 : FE;
 EF27 : FE;
 EF28 : FE;
 EF29 : FE;
 EF2A : FE;
 EF2B : FE;
 EF2C : FE;
 EF2D : FE;
 EF2E : FE;
 EF2F : FE;
 EF30 : FE;
 EF31 : FE;
 EF32 : FE;
 EF33 : FE;
 EF34 : FE;
 EF35 : FE;
 EF36 : FE;
 EF37 : FE;
 EF38 : FE;
 EF39 : FE;
 EF3A : FE;
 EF3B : FE;
 EF3C : FE;
 EF3D : FE;
 EF3E : FE;
 EF3F : FE;
 EF40 : FE;
 EF41 : FE;
 EF42 : FE;
 EF43 : FE;
 EF44 : FE;
 EF45 : FE;
 EF46 : FE;
 EF47 : FE;
 EF48 : FE;
 EF49 : FE;
 EF4A : FE;
 EF4B : FE;
 EF4C : FE;
 EF4D : FE;
 EF4E : FE;
 EF4F : FD;
 EF50 : FD;
 EF51 : EF;
 EF52 : FF;
 EF53 : F3;
 EF54 : FD;
 EF55 : FD;
 EF56 : FD;
 EF57 : F9;
 EF58 : FF;
 EF59 : FB;
 EF5A : FA;
 EF5B : FF;
 EF5C : F8;
 EF5D : FC;
 EF5E : FF;
 EF5F : F7;
 EF60 : FF;
 EF61 : FF;
 EF62 : F2;
 EF63 : F8;
 EF64 : FC;
 EF65 : FE;
 EF66 : FD;
 EF67 : F5;
 EF68 : FF;
 EF69 : F5;
 EF6A : FC;
 EF6B : F7;
 EF6C : FF;
 EF6D : F5;
 EF6E : F6;
 EF6F : FC;
 EF70 : FE;
 EF71 : FF;
 EF72 : F0;
 EF73 : FF;
 EF74 : FC;
 EF75 : F6;
 EF76 : FF;
 EF77 : FE;
 EF78 : FE;
 EF79 : FE;
 EF7A : FE;
 EF7B : FE;
 EF7C : FE;
 EF7D : FE;
 EF7E : FE;
 EF7F : FE;
 EF80 : FE;
 EF81 : FE;
 EF82 : FE;
 EF83 : FE;
 EF84 : FE;
 EF85 : FE;
 EF86 : FE;
 EF87 : FE;
 EF88 : FE;
 EF89 : FE;
 EF8A : FE;
 EF8B : FE;
 EF8C : FE;
 EF8D : FE;
 EF8E : FE;
 EF8F : FE;
 EF90 : FE;
 EF91 : FE;
 EF92 : FE;
 EF93 : FE;
 EF94 : FE;
 EF95 : FE;
 EF96 : FE;
 EF97 : FE;
 EF98 : FE;
 EF99 : FE;
 EF9A : FE;
 EF9B : FE;
 EF9C : FE;
 EF9D : FE;
 EF9E : FE;
 EF9F : FE;
 EFA0 : FE;
 EFA1 : FE;
 EFA2 : FE;
 EFA3 : FE;
 EFA4 : FE;
 EFA5 : FE;
 EFA6 : FE;
 EFA7 : FE;
 EFA8 : FE;
 EFA9 : FE;
 EFAA : FE;
 EFAB : FE;
 EFAC : FE;
 EFAD : FE;
 EFAE : FE;
 EFAF : FE;
 EFB0 : FE;
 EFB1 : FE;
 EFB2 : FE;
 EFB3 : FE;
 EFB4 : FE;
 EFB5 : FE;
 EFB6 : FE;
 EFB7 : FE;
 EFB8 : FE;
 EFB9 : FE;
 EFBA : FE;
 EFBB : FE;
 EFBC : FE;
 EFBD : FE;
 EFBE : FE;
 EFBF : FE;
 EFC0 : FE;
 EFC1 : FE;
 EFC2 : FE;
 EFC3 : FE;
 EFC4 : FE;
 EFC5 : FE;
 EFC6 : FE;
 EFC7 : FE;
 EFC8 : FE;
 EFC9 : FE;
 EFCA : FE;
 EFCB : FE;
 EFCC : FE;
 EFCD : FE;
 EFCE : FE;
 EFCF : FE;
 EFD0 : FE;
 EFD1 : FE;
 EFD2 : FE;
 EFD3 : FE;
 EFD4 : FE;
 EFD5 : FE;
 EFD6 : FE;
 EFD7 : FE;
 EFD8 : FE;
 EFD9 : FE;
 EFDA : FE;
 EFDB : FE;
 EFDC : FE;
 EFDD : FE;
 EFDE : FE;
 EFDF : FE;
 EFE0 : FE;
 EFE1 : FE;
 EFE2 : FE;
 EFE3 : FE;
 EFE4 : FE;
 EFE5 : FE;
 EFE6 : FE;
 EFE7 : FE;
 EFE8 : FE;
 EFE9 : FE;
 EFEA : FE;
 EFEB : FE;
 EFEC : FE;
 EFED : FE;
 EFEE : FE;
 EFEF : FE;
 EFF0 : FE;
 EFF1 : FE;
 EFF2 : FE;
 EFF3 : FE;
 EFF4 : FE;
 EFF5 : FE;
 EFF6 : FE;
 EFF7 : FE;
 EFF8 : FE;
 EFF9 : FE;
 EFFA : FE;
 EFFB : FE;
 EFFC : FE;
 EFFD : FE;
 EFFE : FE;
 EFFF : FE;
 F000 : FE;
 F001 : FE;
 F002 : FE;
 F003 : FE;
 F004 : FE;
 F005 : FE;
 F006 : FE;
 F007 : FE;
 F008 : FE;
 F009 : FE;
 F00A : FE;
 F00B : FE;
 F00C : FE;
 F00D : FE;
 F00E : FE;
 F00F : FE;
 F010 : FE;
 F011 : FE;
 F012 : FE;
 F013 : FE;
 F014 : FE;
 F015 : FE;
 F016 : FE;
 F017 : FE;
 F018 : FE;
 F019 : FE;
 F01A : FE;
 F01B : FE;
 F01C : FE;
 F01D : FE;
 F01E : FE;
 F01F : FE;
 F020 : FE;
 F021 : FE;
 F022 : FE;
 F023 : FE;
 F024 : FE;
 F025 : FE;
 F026 : FE;
 F027 : FE;
 F028 : FE;
 F029 : FE;
 F02A : FE;
 F02B : FE;
 F02C : FE;
 F02D : FE;
 F02E : FE;
 F02F : FE;
 F030 : FE;
 F031 : FE;
 F032 : FE;
 F033 : FE;
 F034 : FE;
 F035 : FE;
 F036 : FE;
 F037 : FE;
 F038 : FE;
 F039 : FE;
 F03A : FE;
 F03B : FE;
 F03C : FE;
 F03D : FE;
 F03E : FE;
 F03F : FE;
 F040 : FE;
 F041 : FE;
 F042 : FE;
 F043 : FE;
 F044 : FE;
 F045 : FE;
 F046 : FE;
 F047 : FE;
 F048 : FE;
 F049 : FE;
 F04A : FE;
 F04B : FE;
 F04C : FE;
 F04D : FE;
 F04E : FE;
 F04F : FE;
 F050 : FE;
 F051 : FE;
 F052 : FE;
 F053 : FE;
 F054 : FE;
 F055 : FE;
 F056 : FE;
 F057 : FE;
 F058 : FE;
 F059 : FE;
 F05A : FE;
 F05B : FE;
 F05C : FE;
 F05D : FE;
 F05E : FE;
 F05F : FE;
 F060 : FE;
 F061 : FE;
 F062 : FE;
 F063 : FE;
 F064 : FE;
 F065 : FE;
 F066 : FE;
 F067 : FE;
 F068 : FE;
 F069 : FE;
 F06A : FE;
 F06B : FE;
 F06C : FE;
 F06D : FE;
 F06E : FE;
 F06F : FE;
 F070 : FE;
 F071 : FE;
 F072 : FE;
 F073 : FE;
 F074 : FE;
 F075 : FE;
 F076 : FE;
 F077 : FE;
 F078 : FE;
 F079 : FE;
 F07A : FE;
 F07B : FE;
 F07C : FE;
 F07D : FE;
 F07E : FE;
 F07F : FE;
 F080 : FE;
 F081 : FE;
 F082 : FE;
 F083 : FE;
 F084 : FE;
 F085 : FE;
 F086 : FE;
 F087 : FE;
 F088 : FE;
 F089 : FE;
 F08A : FE;
 F08B : FE;
 F08C : FE;
 F08D : FE;
 F08E : FE;
 F08F : FE;
 F090 : FE;
 F091 : FE;
 F092 : FE;
 F093 : FE;
 F094 : FE;
 F095 : FE;
 F096 : FE;
 F097 : FE;
 F098 : FE;
 F099 : FE;
 F09A : FE;
 F09B : FE;
 F09C : FE;
 F09D : FE;
 F09E : FE;
 F09F : FD;
 F0A0 : FD;
 F0A1 : FD;
 F0A2 : FD;
 F0A3 : FD;
 F0A4 : FD;
 F0A5 : FD;
 F0A6 : FD;
 F0A7 : FE;
 F0A8 : FE;
 F0A9 : FE;
 F0AA : FE;
 F0AB : FE;
 F0AC : FE;
 F0AD : FE;
 F0AE : FE;
 F0AF : FE;
 F0B0 : FE;
 F0B1 : FE;
 F0B2 : FE;
 F0B3 : FE;
 F0B4 : FE;
 F0B5 : FE;
 F0B6 : FE;
 F0B7 : FE;
 F0B8 : FE;
 F0B9 : FE;
 F0BA : FE;
 F0BB : FE;
 F0BC : FE;
 F0BD : FE;
 F0BE : FE;
 F0BF : FE;
 F0C0 : FE;
 F0C1 : FE;
 F0C2 : FE;
 F0C3 : FE;
 F0C4 : FE;
 F0C5 : FE;
 F0C6 : FE;
 F0C7 : FE;
 F0C8 : FE;
 F0C9 : FE;
 F0CA : FE;
 F0CB : FE;
 F0CC : FE;
 F0CD : FE;
 F0CE : FE;
 F0CF : FE;
 F0D0 : FE;
 F0D1 : FE;
 F0D2 : FE;
 F0D3 : FE;
 F0D4 : FE;
 F0D5 : FE;
 F0D6 : FE;
 F0D7 : FE;
 F0D8 : FE;
 F0D9 : FE;
 F0DA : FE;
 F0DB : FE;
 F0DC : FE;
 F0DD : FE;
 F0DE : FE;
 F0DF : FE;
 F0E0 : FE;
 F0E1 : FE;
 F0E2 : FE;
 F0E3 : FE;
 F0E4 : FE;
 F0E5 : FE;
 F0E6 : FE;
 F0E7 : FE;
 F0E8 : FE;
 F0E9 : FE;
 F0EA : FE;
 F0EB : FE;
 F0EC : FE;
 F0ED : FE;
 F0EE : FE;
 F0EF : FE;
 F0F0 : FE;
 F0F1 : FE;
 F0F2 : FE;
 F0F3 : FE;
 F0F4 : FE;
 F0F5 : FE;
 F0F6 : FE;
 F0F7 : FE;
 F0F8 : FE;
 F0F9 : FE;
 F0FA : FE;
 F0FB : FE;
 F0FC : FE;
 F0FD : FE;
 F0FE : FE;
 F0FF : FE;
 F100 : FE;
 F101 : FE;
 F102 : FE;
 F103 : FE;
 F104 : FE;
 F105 : FE;
 F106 : FE;
 F107 : FE;
 F108 : FE;
 F109 : FE;
 F10A : FE;
 F10B : FE;
 F10C : FE;
 F10D : FE;
 F10E : FE;
 F10F : FE;
 F110 : FE;
 F111 : FE;
 F112 : FE;
 F113 : FE;
 F114 : FE;
 F115 : FE;
 F116 : FE;
 F117 : FE;
 F118 : FE;
 F119 : FE;
 F11A : FE;
 F11B : FE;
 F11C : FE;
 F11D : FE;
 F11E : FE;
 F11F : FE;
 F120 : FE;
 F121 : FE;
 F122 : FE;
 F123 : FE;
 F124 : FE;
 F125 : FE;
 F126 : FE;
 F127 : FE;
 F128 : FE;
 F129 : FE;
 F12A : FE;
 F12B : FE;
 F12C : FE;
 F12D : FE;
 F12E : FE;
 F12F : FE;
 F130 : FE;
 F131 : FE;
 F132 : FE;
 F133 : FE;
 F134 : FE;
 F135 : FE;
 F136 : FE;
 F137 : FE;
 F138 : FE;
 F139 : FE;
 F13A : FE;
 F13B : FE;
 F13C : FE;
 F13D : FE;
 F13E : FE;
 F13F : FE;
 F140 : FE;
 F141 : FE;
 F142 : FE;
 F143 : FE;
 F144 : FE;
 F145 : FE;
 F146 : FE;
 F147 : FE;
 F148 : FE;
 F149 : FE;
 F14A : FE;
 F14B : FE;
 F14C : FE;
 F14D : FE;
 F14E : FE;
 F14F : FE;
 F150 : FE;
 F151 : FE;
 F152 : FE;
 F153 : FE;
 F154 : FE;
 F155 : FE;
 F156 : FE;
 F157 : FE;
 F158 : FE;
 F159 : FE;
 F15A : FE;
 F15B : FE;
 F15C : FE;
 F15D : FE;
 F15E : FE;
 F15F : FE;
 F160 : FE;
 F161 : FE;
 F162 : FE;
 F163 : FE;
 F164 : FE;
 F165 : FE;
 F166 : FE;
 F167 : FE;
 F168 : FE;
 F169 : FE;
 F16A : FE;
 F16B : FE;
 F16C : FE;
 F16D : FE;
 F16E : FE;
 F16F : FE;
 F170 : FE;
 F171 : FE;
 F172 : FE;
 F173 : FE;
 F174 : FE;
 F175 : FE;
 F176 : FE;
 F177 : FE;
 F178 : FE;
 F179 : FE;
 F17A : FE;
 F17B : FE;
 F17C : FE;
 F17D : FE;
 F17E : FE;
 F17F : FE;
 F180 : FE;
 F181 : FE;
 F182 : FE;
 F183 : FE;
 F184 : FE;
 F185 : FE;
 F186 : FE;
 F187 : FE;
 F188 : FE;
 F189 : FE;
 F18A : FE;
 F18B : FE;
 F18C : FE;
 F18D : FE;
 F18E : FE;
 F18F : FE;
 F190 : FE;
 F191 : FE;
 F192 : FE;
 F193 : FE;
 F194 : FE;
 F195 : FE;
 F196 : FE;
 F197 : FE;
 F198 : FE;
 F199 : FE;
 F19A : FE;
 F19B : FE;
 F19C : FE;
 F19D : FE;
 F19E : FE;
 F19F : FE;
 F1A0 : FE;
 F1A1 : FE;
 F1A2 : FE;
 F1A3 : FE;
 F1A4 : FE;
 F1A5 : FE;
 F1A6 : FE;
 F1A7 : FE;
 F1A8 : FE;
 F1A9 : FE;
 F1AA : FE;
 F1AB : FE;
 F1AC : FE;
 F1AD : FE;
 F1AE : FE;
 F1AF : FE;
 F1B0 : FE;
 F1B1 : FE;
 F1B2 : FE;
 F1B3 : FE;
 F1B4 : FE;
 F1B5 : FE;
 F1B6 : FE;
 F1B7 : FE;
 F1B8 : FE;
 F1B9 : FE;
 F1BA : FE;
 F1BB : FE;
 F1BC : FE;
 F1BD : FE;
 F1BE : FE;
 F1BF : FE;
 F1C0 : FE;
 F1C1 : FE;
 F1C2 : FE;
 F1C3 : FE;
 F1C4 : FE;
 F1C5 : FE;
 F1C6 : FE;
 F1C7 : FE;
 F1C8 : FE;
 F1C9 : FE;
 F1CA : FE;
 F1CB : FE;
 F1CC : FE;
 F1CD : FE;
 F1CE : FE;
 F1CF : FE;
 F1D0 : FE;
 F1D1 : FE;
 F1D2 : FE;
 F1D3 : FE;
 F1D4 : FE;
 F1D5 : FE;
 F1D6 : FE;
 F1D7 : FE;
 F1D8 : FE;
 F1D9 : FE;
 F1DA : FE;
 F1DB : FE;
 F1DC : FE;
 F1DD : FE;
 F1DE : FE;
 F1DF : FD;
 F1E0 : FD;
 F1E1 : FD;
 F1E2 : FD;
 F1E3 : FD;
 F1E4 : FD;
 F1E5 : FD;
 F1E6 : FD;
 F1E7 : FE;
 F1E8 : FE;
 F1E9 : FE;
 F1EA : FE;
 F1EB : FE;
 F1EC : FE;
 F1ED : FE;
 F1EE : FE;
 F1EF : FE;
 F1F0 : FE;
 F1F1 : FE;
 F1F2 : FE;
 F1F3 : FE;
 F1F4 : FE;
 F1F5 : FE;
 F1F6 : FE;
 F1F7 : FE;
 F1F8 : FE;
 F1F9 : FE;
 F1FA : FE;
 F1FB : FE;
 F1FC : FE;
 F1FD : FE;
 F1FE : FE;
 F1FF : FE;
 F200 : FE;
 F201 : FE;
 F202 : FE;
 F203 : FE;
 F204 : FE;
 F205 : FE;
 F206 : FE;
 F207 : FE;
 F208 : FE;
 F209 : FE;
 F20A : FE;
 F20B : FE;
 F20C : FE;
 F20D : FE;
 F20E : FE;
 F20F : FE;
 F210 : FE;
 F211 : FE;
 F212 : FE;
 F213 : FE;
 F214 : FE;
 F215 : FE;
 F216 : FE;
 F217 : FE;
 F218 : FE;
 F219 : FE;
 F21A : FE;
 F21B : FE;
 F21C : FE;
 F21D : FE;
 F21E : FE;
 F21F : FE;
 F220 : FE;
 F221 : FE;
 F222 : FE;
 F223 : FE;
 F224 : FE;
 F225 : FE;
 F226 : FE;
 F227 : FE;
 F228 : FE;
 F229 : FE;
 F22A : FE;
 F22B : FE;
 F22C : FE;
 F22D : FE;
 F22E : FE;
 F22F : FE;
 F230 : FE;
 F231 : FE;
 F232 : FE;
 F233 : FE;
 F234 : FE;
 F235 : FE;
 F236 : FE;
 F237 : FE;
 F238 : FE;
 F239 : FE;
 F23A : FE;
 F23B : FE;
 F23C : FE;
 F23D : FE;
 F23E : FE;
 F23F : FE;
 F240 : FE;
 F241 : FE;
 F242 : FE;
 F243 : FE;
 F244 : FE;
 F245 : FE;
 F246 : FE;
 F247 : FE;
 F248 : FE;
 F249 : FE;
 F24A : FE;
 F24B : FE;
 F24C : FE;
 F24D : FE;
 F24E : FE;
 F24F : FE;
 F250 : FE;
 F251 : FE;
 F252 : FE;
 F253 : FE;
 F254 : FE;
 F255 : FE;
 F256 : FE;
 F257 : FE;
 F258 : FE;
 F259 : FE;
 F25A : FE;
 F25B : FE;
 F25C : FE;
 F25D : FE;
 F25E : FE;
 F25F : FE;
 F260 : FE;
 F261 : FE;
 F262 : FE;
 F263 : FE;
 F264 : FE;
 F265 : FE;
 F266 : FE;
 F267 : FE;
 F268 : FE;
 F269 : FE;
 F26A : FE;
 F26B : FE;
 F26C : FE;
 F26D : FE;
 F26E : FE;
 F26F : FE;
 F270 : FE;
 F271 : FE;
 F272 : FE;
 F273 : FE;
 F274 : FE;
 F275 : FE;
 F276 : FE;
 F277 : FE;
 F278 : FE;
 F279 : FE;
 F27A : FE;
 F27B : FE;
 F27C : FE;
 F27D : FE;
 F27E : FE;
 F27F : FE;
 F280 : FE;
 F281 : FE;
 F282 : FE;
 F283 : FE;
 F284 : FE;
 F285 : FE;
 F286 : FE;
 F287 : FE;
 F288 : FE;
 F289 : FE;
 F28A : FE;
 F28B : FE;
 F28C : FE;
 F28D : FE;
 F28E : FE;
 F28F : FE;
 F290 : FE;
 F291 : FE;
 F292 : FE;
 F293 : FE;
 F294 : FE;
 F295 : FE;
 F296 : FE;
 F297 : FE;
 F298 : FE;
 F299 : FE;
 F29A : FE;
 F29B : FE;
 F29C : FE;
 F29D : FE;
 F29E : FE;
 F29F : FE;
 F2A0 : FE;
 F2A1 : FE;
 F2A2 : FE;
 F2A3 : FE;
 F2A4 : FE;
 F2A5 : FE;
 F2A6 : FE;
 F2A7 : FE;
 F2A8 : FE;
 F2A9 : FE;
 F2AA : FE;
 F2AB : FE;
 F2AC : FE;
 F2AD : FE;
 F2AE : FE;
 F2AF : FE;
 F2B0 : FE;
 F2B1 : FE;
 F2B2 : FE;
 F2B3 : FE;
 F2B4 : FE;
 F2B5 : FE;
 F2B6 : FE;
 F2B7 : FE;
 F2B8 : FE;
 F2B9 : FE;
 F2BA : FE;
 F2BB : FE;
 F2BC : FE;
 F2BD : FE;
 F2BE : FE;
 F2BF : FE;
 F2C0 : FE;
 F2C1 : FE;
 F2C2 : FE;
 F2C3 : FE;
 F2C4 : FE;
 F2C5 : FE;
 F2C6 : FE;
 F2C7 : FE;
 F2C8 : FE;
 F2C9 : FE;
 F2CA : FE;
 F2CB : FE;
 F2CC : FE;
 F2CD : FE;
 F2CE : FE;
 F2CF : FE;
 F2D0 : FE;
 F2D1 : FE;
 F2D2 : FE;
 F2D3 : FE;
 F2D4 : FE;
 F2D5 : FE;
 F2D6 : FE;
 F2D7 : FE;
 F2D8 : FE;
 F2D9 : FE;
 F2DA : FE;
 F2DB : FE;
 F2DC : FE;
 F2DD : FE;
 F2DE : FE;
 F2DF : FE;
 F2E0 : FE;
 F2E1 : FE;
 F2E2 : FE;
 F2E3 : FE;
 F2E4 : FE;
 F2E5 : FE;
 F2E6 : FE;
 F2E7 : FE;
 F2E8 : FE;
 F2E9 : FE;
 F2EA : FE;
 F2EB : FE;
 F2EC : FE;
 F2ED : FE;
 F2EE : FE;
 F2EF : FE;
 F2F0 : FE;
 F2F1 : FE;
 F2F2 : FE;
 F2F3 : FE;
 F2F4 : FE;
 F2F5 : FE;
 F2F6 : FE;
 F2F7 : FE;
 F2F8 : FE;
 F2F9 : FE;
 F2FA : FE;
 F2FB : FE;
 F2FC : FE;
 F2FD : FE;
 F2FE : FE;
 F2FF : FE;
 F300 : FE;
 F301 : FE;
 F302 : FE;
 F303 : FE;
 F304 : FE;
 F305 : FE;
 F306 : FE;
 F307 : FE;
 F308 : FE;
 F309 : FE;
 F30A : FE;
 F30B : FE;
 F30C : FE;
 F30D : FE;
 F30E : FE;
 F30F : FE;
 F310 : FE;
 F311 : FE;
 F312 : FE;
 F313 : FE;
 F314 : FE;
 F315 : FE;
 F316 : FE;
 F317 : FE;
 F318 : FE;
 F319 : FE;
 F31A : FE;
 F31B : FE;
 F31C : FE;
 F31D : FE;
 F31E : FE;
 F31F : FE;
 F320 : FE;
 F321 : FE;
 F322 : FE;
 F323 : FE;
 F324 : FE;
 F325 : FE;
 F326 : FE;
 F327 : FE;
 F328 : FE;
 F329 : FE;
 F32A : FE;
 F32B : FE;
 F32C : FE;
 F32D : FE;
 F32E : FE;
 F32F : FE;
 F330 : FE;
 F331 : FE;
 F332 : FE;
 F333 : FE;
 F334 : FE;
 F335 : FE;
 F336 : FE;
 F337 : FE;
 F338 : FE;
 F339 : FE;
 F33A : FE;
 F33B : FE;
 F33C : FE;
 F33D : FE;
 F33E : FE;
 F33F : FE;
 F340 : FE;
 F341 : FE;
 F342 : FE;
 F343 : FE;
 F344 : FE;
 F345 : FE;
 F346 : FE;
 F347 : FE;
 F348 : FE;
 F349 : FE;
 F34A : FE;
 F34B : FE;
 F34C : FE;
 F34D : FE;
 F34E : FE;
 F34F : FE;
 F350 : FE;
 F351 : FE;
 F352 : FE;
 F353 : FE;
 F354 : FE;
 F355 : FE;
 F356 : FE;
 F357 : FE;
 F358 : FE;
 F359 : FE;
 F35A : FE;
 F35B : FE;
 F35C : FE;
 F35D : FE;
 F35E : FE;
 F35F : FE;
 F360 : FE;
 F361 : FE;
 F362 : FE;
 F363 : FE;
 F364 : FE;
 F365 : FE;
 F366 : FE;
 F367 : FE;
 F368 : FE;
 F369 : FE;
 F36A : FE;
 F36B : FE;
 F36C : FE;
 F36D : FE;
 F36E : FE;
 F36F : FE;
 F370 : FE;
 F371 : FE;
 F372 : FE;
 F373 : FE;
 F374 : FE;
 F375 : FE;
 F376 : FE;
 F377 : FE;
 F378 : FE;
 F379 : FE;
 F37A : FE;
 F37B : FE;
 F37C : FE;
 F37D : FE;
 F37E : FE;
 F37F : FE;
 F380 : FE;
 F381 : FE;
 F382 : FE;
 F383 : FE;
 F384 : FE;
 F385 : FE;
 F386 : FE;
 F387 : FE;
 F388 : FE;
 F389 : FE;
 F38A : FE;
 F38B : FE;
 F38C : FE;
 F38D : FE;
 F38E : FE;
 F38F : FE;
 F390 : FE;
 F391 : FE;
 F392 : FE;
 F393 : FE;
 F394 : FE;
 F395 : FE;
 F396 : FE;
 F397 : FE;
 F398 : FE;
 F399 : FE;
 F39A : FE;
 F39B : FE;
 F39C : FE;
 F39D : FE;
 F39E : FE;
 F39F : FE;
 F3A0 : FE;
 F3A1 : FE;
 F3A2 : FE;
 F3A3 : FE;
 F3A4 : FE;
 F3A5 : FE;
 F3A6 : FE;
 F3A7 : FE;
 F3A8 : FE;
 F3A9 : FE;
 F3AA : FE;
 F3AB : FE;
 F3AC : FE;
 F3AD : FE;
 F3AE : FE;
 F3AF : FE;
 F3B0 : FE;
 F3B1 : FE;
 F3B2 : FE;
 F3B3 : FE;
 F3B4 : FE;
 F3B5 : FE;
 F3B6 : FE;
 F3B7 : FE;
 F3B8 : FE;
 F3B9 : FE;
 F3BA : FE;
 F3BB : FE;
 F3BC : FE;
 F3BD : FE;
 F3BE : FE;
 F3BF : FE;
 F3C0 : FE;
 F3C1 : FE;
 F3C2 : FE;
 F3C3 : FE;
 F3C4 : FE;
 F3C5 : FE;
 F3C6 : FE;
 F3C7 : FE;
 F3C8 : FE;
 F3C9 : FE;
 F3CA : FE;
 F3CB : FE;
 F3CC : FE;
 F3CD : FE;
 F3CE : FE;
 F3CF : FE;
 F3D0 : FE;
 F3D1 : FE;
 F3D2 : FE;
 F3D3 : FE;
 F3D4 : FE;
 F3D5 : FE;
 F3D6 : FE;
 F3D7 : FE;
 F3D8 : FE;
 F3D9 : FE;
 F3DA : FE;
 F3DB : FE;
 F3DC : FE;
 F3DD : FE;
 F3DE : FE;
 F3DF : FE;
 F3E0 : FE;
 F3E1 : FE;
 F3E2 : FE;
 F3E3 : FE;
 F3E4 : FE;
 F3E5 : FE;
 F3E6 : FE;
 F3E7 : FE;
 F3E8 : FE;
 F3E9 : FE;
 F3EA : FE;
 F3EB : FE;
 F3EC : FE;
 F3ED : FE;
 F3EE : FE;
 F3EF : FE;
 F3F0 : FE;
 F3F1 : FE;
 F3F2 : FE;
 F3F3 : FE;
 F3F4 : FE;
 F3F5 : FE;
 F3F6 : FE;
 F3F7 : FE;
 F3F8 : FE;
 F3F9 : FE;
 F3FA : FE;
 F3FB : FE;
 F3FC : FE;
 F3FD : FE;
 F3FE : FE;
 F3FF : FE;
 F400 : FE;
 F401 : FE;
 F402 : FE;
 F403 : FE;
 F404 : FE;
 F405 : FE;
 F406 : FE;
 F407 : FE;
 F408 : FE;
 F409 : FE;
 F40A : FE;
 F40B : FE;
 F40C : FE;
 F40D : FE;
 F40E : FE;
 F40F : FE;
 F410 : FE;
 F411 : FE;
 F412 : FE;
 F413 : FE;
 F414 : FE;
 F415 : FE;
 F416 : FE;
 F417 : FE;
 F418 : FE;
 F419 : FE;
 F41A : FE;
 F41B : FE;
 F41C : FE;
 F41D : FE;
 F41E : FE;
 F41F : FE;
 F420 : FE;
 F421 : FE;
 F422 : FE;
 F423 : FE;
 F424 : FE;
 F425 : FE;
 F426 : FE;
 F427 : FE;
 F428 : FE;
 F429 : FE;
 F42A : FE;
 F42B : FE;
 F42C : FE;
 F42D : FE;
 F42E : FE;
 F42F : FE;
 F430 : FE;
 F431 : FE;
 F432 : FE;
 F433 : FE;
 F434 : FE;
 F435 : FE;
 F436 : FE;
 F437 : FE;
 F438 : FE;
 F439 : FE;
 F43A : FE;
 F43B : FE;
 F43C : FE;
 F43D : FE;
 F43E : FE;
 F43F : FE;
 F440 : FE;
 F441 : FE;
 F442 : FE;
 F443 : FE;
 F444 : FE;
 F445 : FE;
 F446 : FE;
 F447 : FE;
 F448 : FE;
 F449 : FE;
 F44A : FE;
 F44B : FE;
 F44C : FE;
 F44D : FE;
 F44E : FE;
 F44F : FE;
 F450 : FE;
 F451 : FE;
 F452 : FE;
 F453 : FE;
 F454 : FE;
 F455 : FE;
 F456 : FE;
 F457 : FE;
 F458 : FE;
 F459 : FE;
 F45A : FE;
 F45B : FE;
 F45C : FE;
 F45D : FE;
 F45E : FE;
 F45F : FE;
 F460 : FE;
 F461 : FE;
 F462 : FE;
 F463 : FE;
 F464 : FE;
 F465 : FE;
 F466 : FE;
 F467 : FE;
 F468 : FE;
 F469 : FE;
 F46A : FE;
 F46B : FE;
 F46C : FE;
 F46D : FE;
 F46E : FE;
 F46F : FE;
 F470 : FE;
 F471 : FE;
 F472 : FE;
 F473 : FE;
 F474 : FE;
 F475 : FE;
 F476 : FE;
 F477 : FE;
 F478 : FE;
 F479 : FE;
 F47A : FE;
 F47B : FE;
 F47C : FE;
 F47D : FE;
 F47E : FE;
 F47F : FE;
 F480 : FE;
 F481 : FE;
 F482 : FE;
 F483 : FE;
 F484 : FE;
 F485 : FE;
 F486 : FE;
 F487 : FE;
 F488 : FE;
 F489 : FE;
 F48A : FE;
 F48B : FE;
 F48C : FE;
 F48D : FE;
 F48E : FE;
 F48F : FE;
 F490 : FE;
 F491 : FE;
 F492 : FE;
 F493 : FE;
 F494 : FE;
 F495 : FE;
 F496 : FE;
 F497 : FE;
 F498 : FE;
 F499 : FE;
 F49A : FE;
 F49B : FE;
 F49C : FE;
 F49D : FE;
 F49E : FE;
 F49F : FE;
 F4A0 : FE;
 F4A1 : FE;
 F4A2 : FE;
 F4A3 : FE;
 F4A4 : FE;
 F4A5 : FE;
 F4A6 : FE;
 F4A7 : FE;
 F4A8 : FE;
 F4A9 : FE;
 F4AA : FE;
 F4AB : FE;
 F4AC : FE;
 F4AD : FE;
 F4AE : FE;
 F4AF : FE;
 F4B0 : FE;
 F4B1 : FE;
 F4B2 : FE;
 F4B3 : FE;
 F4B4 : FE;
 F4B5 : FE;
 F4B6 : FE;
 F4B7 : FE;
 F4B8 : FE;
 F4B9 : FE;
 F4BA : FE;
 F4BB : FE;
 F4BC : FE;
 F4BD : FE;
 F4BE : FE;
 F4BF : FE;
 F4C0 : FE;
 F4C1 : FE;
 F4C2 : FE;
 F4C3 : FE;
 F4C4 : FE;
 F4C5 : FE;
 F4C6 : FE;
 F4C7 : FE;
 F4C8 : FE;
 F4C9 : FE;
 F4CA : FE;
 F4CB : FE;
 F4CC : FE;
 F4CD : FE;
 F4CE : FE;
 F4CF : FE;
 F4D0 : FE;
 F4D1 : FE;
 F4D2 : FE;
 F4D3 : FE;
 F4D4 : FE;
 F4D5 : FE;
 F4D6 : FE;
 F4D7 : FE;
 F4D8 : FE;
 F4D9 : FE;
 F4DA : FE;
 F4DB : FE;
 F4DC : FE;
 F4DD : FE;
 F4DE : FE;
 F4DF : FE;
 F4E0 : FE;
 F4E1 : FE;
 F4E2 : FE;
 F4E3 : FE;
 F4E4 : FE;
 F4E5 : FE;
 F4E6 : FE;
 F4E7 : FE;
 F4E8 : FE;
 F4E9 : FE;
 F4EA : FE;
 F4EB : FE;
 F4EC : FE;
 F4ED : FE;
 F4EE : FE;
 F4EF : FE;
 F4F0 : FE;
 F4F1 : FE;
 F4F2 : FE;
 F4F3 : FE;
 F4F4 : FE;
 F4F5 : FE;
 F4F6 : FE;
 F4F7 : FE;
 F4F8 : FE;
 F4F9 : FE;
 F4FA : FE;
 F4FB : FE;
 F4FC : FE;
 F4FD : FE;
 F4FE : FE;
 F4FF : FE;
 F500 : FE;
 F501 : FE;
 F502 : FE;
 F503 : FE;
 F504 : FE;
 F505 : FE;
 F506 : FE;
 F507 : FE;
 F508 : FE;
 F509 : FE;
 F50A : FE;
 F50B : FE;
 F50C : FE;
 F50D : FE;
 F50E : FE;
 F50F : FE;
 F510 : FE;
 F511 : FE;
 F512 : FE;
 F513 : FE;
 F514 : FE;
 F515 : FE;
 F516 : FE;
 F517 : FE;
 F518 : FE;
 F519 : FE;
 F51A : FE;
 F51B : FE;
 F51C : FE;
 F51D : FE;
 F51E : FE;
 F51F : FE;
 F520 : FE;
 F521 : FE;
 F522 : FE;
 F523 : FE;
 F524 : FE;
 F525 : FE;
 F526 : FE;
 F527 : FE;
 F528 : FE;
 F529 : FE;
 F52A : FE;
 F52B : FE;
 F52C : FE;
 F52D : FE;
 F52E : FE;
 F52F : FE;
 F530 : FE;
 F531 : FE;
 F532 : FE;
 F533 : FE;
 F534 : FE;
 F535 : FE;
 F536 : FE;
 F537 : FE;
 F538 : FE;
 F539 : FE;
 F53A : FE;
 F53B : FE;
 F53C : FE;
 F53D : FE;
 F53E : FE;
 F53F : FE;
 F540 : FE;
 F541 : FE;
 F542 : FE;
 F543 : FE;
 F544 : FE;
 F545 : FE;
 F546 : FE;
 F547 : FE;
 F548 : FE;
 F549 : FE;
 F54A : FE;
 F54B : FE;
 F54C : FE;
 F54D : FE;
 F54E : FE;
 F54F : FE;
 F550 : FE;
 F551 : FE;
 F552 : FE;
 F553 : FE;
 F554 : FE;
 F555 : FE;
 F556 : FE;
 F557 : FE;
 F558 : FE;
 F559 : FE;
 F55A : FE;
 F55B : FE;
 F55C : FE;
 F55D : FE;
 F55E : FE;
 F55F : FE;
 F560 : FE;
 F561 : FE;
 F562 : FE;
 F563 : FE;
 F564 : FE;
 F565 : FE;
 F566 : FE;
 F567 : FE;
 F568 : FE;
 F569 : FE;
 F56A : FE;
 F56B : FE;
 F56C : FE;
 F56D : FE;
 F56E : FE;
 F56F : FE;
 F570 : FE;
 F571 : FE;
 F572 : FE;
 F573 : FE;
 F574 : FE;
 F575 : FE;
 F576 : FE;
 F577 : FE;
 F578 : FE;
 F579 : FE;
 F57A : FE;
 F57B : FE;
 F57C : FE;
 F57D : FE;
 F57E : FE;
 F57F : FE;
 F580 : FE;
 F581 : FE;
 F582 : FE;
 F583 : FE;
 F584 : FE;
 F585 : FE;
 F586 : FE;
 F587 : FE;
 F588 : FE;
 F589 : FE;
 F58A : FE;
 F58B : FE;
 F58C : FE;
 F58D : FE;
 F58E : FE;
 F58F : FE;
 F590 : FE;
 F591 : FE;
 F592 : FE;
 F593 : FE;
 F594 : FE;
 F595 : FE;
 F596 : FE;
 F597 : FE;
 F598 : FE;
 F599 : FE;
 F59A : FE;
 F59B : FE;
 F59C : FE;
 F59D : FE;
 F59E : FE;
 F59F : FF;
 F5A0 : FF;
 F5A1 : FF;
 F5A2 : FF;
 F5A3 : FF;
 F5A4 : FF;
 F5A5 : FF;
 F5A6 : FF;
 F5A7 : FE;
 F5A8 : FE;
 F5A9 : FE;
 F5AA : FE;
 F5AB : FE;
 F5AC : FE;
 F5AD : FE;
 F5AE : FE;
 F5AF : FE;
 F5B0 : FE;
 F5B1 : FE;
 F5B2 : FE;
 F5B3 : FE;
 F5B4 : FE;
 F5B5 : FE;
 F5B6 : FE;
 F5B7 : FE;
 F5B8 : FE;
 F5B9 : FE;
 F5BA : FE;
 F5BB : FE;
 F5BC : FE;
 F5BD : FE;
 F5BE : FE;
 F5BF : FE;
 F5C0 : FE;
 F5C1 : FE;
 F5C2 : FE;
 F5C3 : FE;
 F5C4 : FE;
 F5C5 : FE;
 F5C6 : FE;
 F5C7 : FE;
 F5C8 : FE;
 F5C9 : FE;
 F5CA : FE;
 F5CB : FE;
 F5CC : FE;
 F5CD : FE;
 F5CE : FE;
 F5CF : FE;
 F5D0 : FE;
 F5D1 : FE;
 F5D2 : FE;
 F5D3 : FE;
 F5D4 : FE;
 F5D5 : FE;
 F5D6 : FE;
 F5D7 : FE;
 F5D8 : FE;
 F5D9 : FE;
 F5DA : FE;
 F5DB : FE;
 F5DC : FE;
 F5DD : FE;
 F5DE : FE;
 F5DF : FE;
 F5E0 : FE;
 F5E1 : FE;
 F5E2 : FE;
 F5E3 : FE;
 F5E4 : FE;
 F5E5 : FE;
 F5E6 : FE;
 F5E7 : FE;
 F5E8 : FE;
 F5E9 : FE;
 F5EA : FE;
 F5EB : FE;
 F5EC : FE;
 F5ED : FE;
 F5EE : FE;
 F5EF : FE;
 F5F0 : FE;
 F5F1 : FE;
 F5F2 : FE;
 F5F3 : FE;
 F5F4 : FE;
 F5F5 : FE;
 F5F6 : FE;
 F5F7 : FE;
 F5F8 : FE;
 F5F9 : FE;
 F5FA : FE;
 F5FB : FE;
 F5FC : FE;
 F5FD : FE;
 F5FE : FE;
 F5FF : FE;
 F600 : FE;
 F601 : FE;
 F602 : FE;
 F603 : FE;
 F604 : FE;
 F605 : FE;
 F606 : FE;
 F607 : FE;
 F608 : FE;
 F609 : FE;
 F60A : FE;
 F60B : FE;
 F60C : FE;
 F60D : FE;
 F60E : FE;
 F60F : FE;
 F610 : FE;
 F611 : FE;
 F612 : FE;
 F613 : FE;
 F614 : FE;
 F615 : FE;
 F616 : FE;
 F617 : FE;
 F618 : FE;
 F619 : FE;
 F61A : FE;
 F61B : FE;
 F61C : FE;
 F61D : FE;
 F61E : FE;
 F61F : FE;
 F620 : FE;
 F621 : FE;
 F622 : FE;
 F623 : FE;
 F624 : FE;
 F625 : FE;
 F626 : FE;
 F627 : FE;
 F628 : FE;
 F629 : FE;
 F62A : FE;
 F62B : FE;
 F62C : FE;
 F62D : FE;
 F62E : FE;
 F62F : FE;
 F630 : FE;
 F631 : FE;
 F632 : FE;
 F633 : FE;
 F634 : FE;
 F635 : FE;
 F636 : FE;
 F637 : FE;
 F638 : FE;
 F639 : FE;
 F63A : FE;
 F63B : FE;
 F63C : FE;
 F63D : FE;
 F63E : FE;
 F63F : FE;
 F640 : FE;
 F641 : FE;
 F642 : FE;
 F643 : FE;
 F644 : FE;
 F645 : FE;
 F646 : FE;
 F647 : FE;
 F648 : FE;
 F649 : FE;
 F64A : FE;
 F64B : FE;
 F64C : FE;
 F64D : FE;
 F64E : FE;
 F64F : FE;
 F650 : FE;
 F651 : FE;
 F652 : FE;
 F653 : FE;
 F654 : FE;
 F655 : FE;
 F656 : FE;
 F657 : FE;
 F658 : FE;
 F659 : FE;
 F65A : FE;
 F65B : FE;
 F65C : FE;
 F65D : FE;
 F65E : FE;
 F65F : FE;
 F660 : FE;
 F661 : FE;
 F662 : FE;
 F663 : FE;
 F664 : FE;
 F665 : FE;
 F666 : FE;
 F667 : FE;
 F668 : FE;
 F669 : FE;
 F66A : FE;
 F66B : FE;
 F66C : FE;
 F66D : FE;
 F66E : FE;
 F66F : FE;
 F670 : FE;
 F671 : FE;
 F672 : FE;
 F673 : FE;
 F674 : FE;
 F675 : FE;
 F676 : FE;
 F677 : FE;
 F678 : FE;
 F679 : FE;
 F67A : FE;
 F67B : FE;
 F67C : FE;
 F67D : FE;
 F67E : FE;
 F67F : FE;
 F680 : FE;
 F681 : FE;
 F682 : FE;
 F683 : FE;
 F684 : FE;
 F685 : FE;
 F686 : FE;
 F687 : FE;
 F688 : FE;
 F689 : FE;
 F68A : FE;
 F68B : FE;
 F68C : FE;
 F68D : FE;
 F68E : FE;
 F68F : FE;
 F690 : FE;
 F691 : FE;
 F692 : FE;
 F693 : FE;
 F694 : FE;
 F695 : FE;
 F696 : FE;
 F697 : FE;
 F698 : FE;
 F699 : FE;
 F69A : FE;
 F69B : FE;
 F69C : FE;
 F69D : FE;
 F69E : FE;
 F69F : FE;
 F6A0 : FE;
 F6A1 : FE;
 F6A2 : FE;
 F6A3 : FE;
 F6A4 : FE;
 F6A5 : FE;
 F6A6 : FE;
 F6A7 : FE;
 F6A8 : FE;
 F6A9 : FE;
 F6AA : FE;
 F6AB : FE;
 F6AC : FE;
 F6AD : FE;
 F6AE : FE;
 F6AF : FE;
 F6B0 : FE;
 F6B1 : FE;
 F6B2 : FE;
 F6B3 : FE;
 F6B4 : FE;
 F6B5 : FE;
 F6B6 : FE;
 F6B7 : FE;
 F6B8 : FE;
 F6B9 : FE;
 F6BA : FE;
 F6BB : FE;
 F6BC : FE;
 F6BD : FE;
 F6BE : FE;
 F6BF : FE;
 F6C0 : FE;
 F6C1 : FE;
 F6C2 : FE;
 F6C3 : FE;
 F6C4 : FE;
 F6C5 : FE;
 F6C6 : FE;
 F6C7 : FE;
 F6C8 : FE;
 F6C9 : FE;
 F6CA : FE;
 F6CB : FE;
 F6CC : FE;
 F6CD : FE;
 F6CE : FE;
 F6CF : FE;
 F6D0 : FE;
 F6D1 : FE;
 F6D2 : FE;
 F6D3 : FE;
 F6D4 : FE;
 F6D5 : FE;
 F6D6 : FE;
 F6D7 : FE;
 F6D8 : FE;
 F6D9 : FE;
 F6DA : FE;
 F6DB : FE;
 F6DC : FE;
 F6DD : FE;
 F6DE : FE;
 F6DF : FF;
 F6E0 : FF;
 F6E1 : FF;
 F6E2 : FF;
 F6E3 : FF;
 F6E4 : FF;
 F6E5 : FF;
 F6E6 : FF;
 F6E7 : FE;
 F6E8 : FE;
 F6E9 : FE;
 F6EA : FE;
 F6EB : FE;
 F6EC : FE;
 F6ED : FE;
 F6EE : FE;
 F6EF : FE;
 F6F0 : FE;
 F6F1 : FE;
 F6F2 : FE;
 F6F3 : FE;
 F6F4 : FE;
 F6F5 : FE;
 F6F6 : FE;
 F6F7 : FE;
 F6F8 : FE;
 F6F9 : FE;
 F6FA : FE;
 F6FB : FE;
 F6FC : FE;
 F6FD : FE;
 F6FE : FE;
 F6FF : FE;
 F700 : FE;
 F701 : FE;
 F702 : FE;
 F703 : FE;
 F704 : FE;
 F705 : FE;
 F706 : FE;
 F707 : FE;
 F708 : FE;
 F709 : FE;
 F70A : FE;
 F70B : FE;
 F70C : FE;
 F70D : FE;
 F70E : FE;
 F70F : FE;
 F710 : FE;
 F711 : FE;
 F712 : FE;
 F713 : FE;
 F714 : FE;
 F715 : FE;
 F716 : FE;
 F717 : FE;
 F718 : FE;
 F719 : FE;
 F71A : FE;
 F71B : FE;
 F71C : FE;
 F71D : FE;
 F71E : FE;
 F71F : FE;
 F720 : FE;
 F721 : FE;
 F722 : FE;
 F723 : FE;
 F724 : FE;
 F725 : FE;
 F726 : FE;
 F727 : FE;
 F728 : FE;
 F729 : FE;
 F72A : FE;
 F72B : FE;
 F72C : FE;
 F72D : FE;
 F72E : FE;
 F72F : FE;
 F730 : FE;
 F731 : FE;
 F732 : FE;
 F733 : FE;
 F734 : FE;
 F735 : FE;
 F736 : FE;
 F737 : FE;
 F738 : FE;
 F739 : FE;
 F73A : FE;
 F73B : FE;
 F73C : FE;
 F73D : FE;
 F73E : FE;
 F73F : FE;
 F740 : FE;
 F741 : FE;
 F742 : FE;
 F743 : FE;
 F744 : FE;
 F745 : FE;
 F746 : FE;
 F747 : FE;
 F748 : FE;
 F749 : FE;
 F74A : FE;
 F74B : FE;
 F74C : FE;
 F74D : FE;
 F74E : FE;
 F74F : FE;
 F750 : FE;
 F751 : FE;
 F752 : FE;
 F753 : FE;
 F754 : FE;
 F755 : FE;
 F756 : FE;
 F757 : FE;
 F758 : FE;
 F759 : FE;
 F75A : FE;
 F75B : FE;
 F75C : FE;
 F75D : FE;
 F75E : FE;
 F75F : FE;
 F760 : FE;
 F761 : FE;
 F762 : FE;
 F763 : FE;
 F764 : FE;
 F765 : FE;
 F766 : FE;
 F767 : FE;
 F768 : FE;
 F769 : FE;
 F76A : FE;
 F76B : FE;
 F76C : FE;
 F76D : FE;
 F76E : FE;
 F76F : FE;
 F770 : FE;
 F771 : FE;
 F772 : FE;
 F773 : FE;
 F774 : FE;
 F775 : FE;
 F776 : FE;
 F777 : FE;
 F778 : FE;
 F779 : FE;
 F77A : FE;
 F77B : FE;
 F77C : FE;
 F77D : FE;
 F77E : FE;
 F77F : FE;
 F780 : FE;
 F781 : FE;
 F782 : FE;
 F783 : FE;
 F784 : FE;
 F785 : FE;
 F786 : FE;
 F787 : FE;
 F788 : FE;
 F789 : FE;
 F78A : FE;
 F78B : FE;
 F78C : FE;
 F78D : FE;
 F78E : FE;
 F78F : FE;
 F790 : FE;
 F791 : FE;
 F792 : FE;
 F793 : FE;
 F794 : FE;
 F795 : FE;
 F796 : FE;
 F797 : FE;
 F798 : FE;
 F799 : FE;
 F79A : FE;
 F79B : FE;
 F79C : FE;
 F79D : FE;
 F79E : FE;
 F79F : FE;
 F7A0 : FE;
 F7A1 : FE;
 F7A2 : FE;
 F7A3 : FE;
 F7A4 : FE;
 F7A5 : FE;
 F7A6 : FE;
 F7A7 : FE;
 F7A8 : FE;
 F7A9 : FE;
 F7AA : FE;
 F7AB : FE;
 F7AC : FE;
 F7AD : FE;
 F7AE : FE;
 F7AF : FE;
 F7B0 : FE;
 F7B1 : FE;
 F7B2 : FE;
 F7B3 : FE;
 F7B4 : FE;
 F7B5 : FE;
 F7B6 : FE;
 F7B7 : FE;
 F7B8 : FE;
 F7B9 : FE;
 F7BA : FE;
 F7BB : FE;
 F7BC : FE;
 F7BD : FE;
 F7BE : FE;
 F7BF : FE;
 F7C0 : FE;
 F7C1 : FE;
 F7C2 : FE;
 F7C3 : FE;
 F7C4 : FE;
 F7C5 : FE;
 F7C6 : FE;
 F7C7 : FE;
 F7C8 : FE;
 F7C9 : FE;
 F7CA : FE;
 F7CB : FE;
 F7CC : FE;
 F7CD : FE;
 F7CE : FE;
 F7CF : FE;
 F7D0 : FE;
 F7D1 : FE;
 F7D2 : FE;
 F7D3 : FE;
 F7D4 : FE;
 F7D5 : FE;
 F7D6 : FE;
 F7D7 : FE;
 F7D8 : FE;
 F7D9 : FE;
 F7DA : FE;
 F7DB : FE;
 F7DC : FE;
 F7DD : FE;
 F7DE : FE;
 F7DF : FE;
 F7E0 : FE;
 F7E1 : FE;
 F7E2 : FE;
 F7E3 : FE;
 F7E4 : FE;
 F7E5 : FE;
 F7E6 : FE;
 F7E7 : FE;
 F7E8 : FE;
 F7E9 : FE;
 F7EA : FE;
 F7EB : FE;
 F7EC : FE;
 F7ED : FE;
 F7EE : FE;
 F7EF : FE;
 F7F0 : FE;
 F7F1 : FE;
 F7F2 : FE;
 F7F3 : FE;
 F7F4 : FE;
 F7F5 : FE;
 F7F6 : FE;
 F7F7 : FE;
 F7F8 : FE;
 F7F9 : FE;
 F7FA : FE;
 F7FB : FE;
 F7FC : FE;
 F7FD : FE;
 F7FE : FE;
 F7FF : FE;
 F800 : FE;
 F801 : FE;
 F802 : FE;
 F803 : FE;
 F804 : FE;
 F805 : FE;
 F806 : FE;
 F807 : FE;
 F808 : FE;
 F809 : FE;
 F80A : FE;
 F80B : FE;
 F80C : FE;
 F80D : FE;
 F80E : FE;
 F80F : FE;
 F810 : FE;
 F811 : FE;
 F812 : FE;
 F813 : FE;
 F814 : FE;
 F815 : FE;
 F816 : FE;
 F817 : FE;
 F818 : FE;
 F819 : FE;
 F81A : FE;
 F81B : FE;
 F81C : FE;
 F81D : FE;
 F81E : FE;
 F81F : FF;
 F820 : FF;
 F821 : FF;
 F822 : FF;
 F823 : FF;
 F824 : FF;
 F825 : FF;
 F826 : FF;
 F827 : FE;
 F828 : FE;
 F829 : FE;
 F82A : FE;
 F82B : FE;
 F82C : FE;
 F82D : FE;
 F82E : FE;
 F82F : FE;
 F830 : FE;
 F831 : FE;
 F832 : FE;
 F833 : FE;
 F834 : FE;
 F835 : FE;
 F836 : FE;
 F837 : FE;
 F838 : FE;
 F839 : FE;
 F83A : FE;
 F83B : FE;
 F83C : FE;
 F83D : FE;
 F83E : FE;
 F83F : FE;
 F840 : FE;
 F841 : FE;
 F842 : FE;
 F843 : FE;
 F844 : FE;
 F845 : FE;
 F846 : FE;
 F847 : FE;
 F848 : FE;
 F849 : FE;
 F84A : FE;
 F84B : FE;
 F84C : FE;
 F84D : FE;
 F84E : FE;
 F84F : FE;
 F850 : FE;
 F851 : FE;
 F852 : FE;
 F853 : FE;
 F854 : FE;
 F855 : FE;
 F856 : FE;
 F857 : FE;
 F858 : FE;
 F859 : FE;
 F85A : FE;
 F85B : FE;
 F85C : FE;
 F85D : FE;
 F85E : FE;
 F85F : FE;
 F860 : FE;
 F861 : FE;
 F862 : FE;
 F863 : FE;
 F864 : FE;
 F865 : FE;
 F866 : FE;
 F867 : FE;
 F868 : FE;
 F869 : FE;
 F86A : FE;
 F86B : FE;
 F86C : FE;
 F86D : FE;
 F86E : FE;
 F86F : FE;
 F870 : FE;
 F871 : FE;
 F872 : FE;
 F873 : FE;
 F874 : FE;
 F875 : FE;
 F876 : FE;
 F877 : FE;
 F878 : FE;
 F879 : FE;
 F87A : FE;
 F87B : FE;
 F87C : FE;
 F87D : FE;
 F87E : FE;
 F87F : FE;
 F880 : FE;
 F881 : FE;
 F882 : FE;
 F883 : FE;
 F884 : FE;
 F885 : FE;
 F886 : FE;
 F887 : FE;
 F888 : FE;
 F889 : FE;
 F88A : FE;
 F88B : FE;
 F88C : FE;
 F88D : FE;
 F88E : FE;
 F88F : FE;
 F890 : FE;
 F891 : FE;
 F892 : FE;
 F893 : FE;
 F894 : FE;
 F895 : FE;
 F896 : FE;
 F897 : FE;
 F898 : FE;
 F899 : FE;
 F89A : FE;
 F89B : FE;
 F89C : FE;
 F89D : FE;
 F89E : FE;
 F89F : FE;
 F8A0 : FE;
 F8A1 : FE;
 F8A2 : FE;
 F8A3 : FE;
 F8A4 : FE;
 F8A5 : FE;
 F8A6 : FE;
 F8A7 : FE;
 F8A8 : FE;
 F8A9 : FE;
 F8AA : FE;
 F8AB : FE;
 F8AC : FE;
 F8AD : FE;
 F8AE : FE;
 F8AF : FE;
 F8B0 : FE;
 F8B1 : FE;
 F8B2 : FE;
 F8B3 : FE;
 F8B4 : FE;
 F8B5 : FE;
 F8B6 : FE;
 F8B7 : FE;
 F8B8 : FE;
 F8B9 : FE;
 F8BA : FE;
 F8BB : FE;
 F8BC : FE;
 F8BD : FE;
 F8BE : FE;
 F8BF : FE;
 F8C0 : FE;
 F8C1 : FE;
 F8C2 : FE;
 F8C3 : FE;
 F8C4 : FE;
 F8C5 : FE;
 F8C6 : FE;
 F8C7 : FE;
 F8C8 : FE;
 F8C9 : FE;
 F8CA : FE;
 F8CB : FE;
 F8CC : FE;
 F8CD : FE;
 F8CE : FE;
 F8CF : FE;
 F8D0 : FE;
 F8D1 : FE;
 F8D2 : FE;
 F8D3 : FE;
 F8D4 : FE;
 F8D5 : FE;
 F8D6 : FE;
 F8D7 : FE;
 F8D8 : FE;
 F8D9 : FE;
 F8DA : FE;
 F8DB : FE;
 F8DC : FE;
 F8DD : FE;
 F8DE : FE;
 F8DF : FE;
 F8E0 : FE;
 F8E1 : FE;
 F8E2 : FE;
 F8E3 : FE;
 F8E4 : FE;
 F8E5 : FE;
 F8E6 : FE;
 F8E7 : FE;
 F8E8 : FE;
 F8E9 : FE;
 F8EA : FE;
 F8EB : FE;
 F8EC : FE;
 F8ED : FE;
 F8EE : FE;
 F8EF : FE;
 F8F0 : FE;
 F8F1 : FE;
 F8F2 : FE;
 F8F3 : FE;
 F8F4 : FE;
 F8F5 : FE;
 F8F6 : FE;
 F8F7 : FE;
 F8F8 : FE;
 F8F9 : FE;
 F8FA : FE;
 F8FB : FE;
 F8FC : FE;
 F8FD : FE;
 F8FE : FE;
 F8FF : FE;
 F900 : FE;
 F901 : FE;
 F902 : FE;
 F903 : FE;
 F904 : FE;
 F905 : FE;
 F906 : FE;
 F907 : FE;
 F908 : FE;
 F909 : FE;
 F90A : FE;
 F90B : FE;
 F90C : FE;
 F90D : FE;
 F90E : FE;
 F90F : FE;
 F910 : FE;
 F911 : FE;
 F912 : FE;
 F913 : FE;
 F914 : FE;
 F915 : FE;
 F916 : FE;
 F917 : FE;
 F918 : FE;
 F919 : FE;
 F91A : FE;
 F91B : FE;
 F91C : FE;
 F91D : FE;
 F91E : FE;
 F91F : FE;
 F920 : FE;
 F921 : FE;
 F922 : FE;
 F923 : FE;
 F924 : FE;
 F925 : FE;
 F926 : FE;
 F927 : FE;
 F928 : FE;
 F929 : FE;
 F92A : FE;
 F92B : FE;
 F92C : FE;
 F92D : FE;
 F92E : FE;
 F92F : FE;
 F930 : FE;
 F931 : FE;
 F932 : FE;
 F933 : FE;
 F934 : FE;
 F935 : FE;
 F936 : FE;
 F937 : FE;
 F938 : FE;
 F939 : FE;
 F93A : FE;
 F93B : FE;
 F93C : FE;
 F93D : FE;
 F93E : FE;
 F93F : FE;
 F940 : FE;
 F941 : FE;
 F942 : FE;
 F943 : FE;
 F944 : FE;
 F945 : FE;
 F946 : FE;
 F947 : FE;
 F948 : FE;
 F949 : FE;
 F94A : FE;
 F94B : FE;
 F94C : FE;
 F94D : FE;
 F94E : FE;
 F94F : FE;
 F950 : FE;
 F951 : FE;
 F952 : FE;
 F953 : FE;
 F954 : FE;
 F955 : FE;
 F956 : FE;
 F957 : FE;
 F958 : FE;
 F959 : FE;
 F95A : FE;
 F95B : FE;
 F95C : FE;
 F95D : FE;
 F95E : FE;
 F95F : FF;
 F960 : FF;
 F961 : FF;
 F962 : FF;
 F963 : FF;
 F964 : FF;
 F965 : FF;
 F966 : FF;
 F967 : FE;
 F968 : FE;
 F969 : FE;
 F96A : FE;
 F96B : FE;
 F96C : FE;
 F96D : FE;
 F96E : FE;
 F96F : FE;
 F970 : FE;
 F971 : FE;
 F972 : FE;
 F973 : FE;
 F974 : FE;
 F975 : FE;
 F976 : FE;
 F977 : FE;
 F978 : FE;
 F979 : FE;
 F97A : FE;
 F97B : FE;
 F97C : FE;
 F97D : FE;
 F97E : FE;
 F97F : FE;
 F980 : FE;
 F981 : FE;
 F982 : FE;
 F983 : FE;
 F984 : FE;
 F985 : FE;
 F986 : FE;
 F987 : FE;
 F988 : FE;
 F989 : FE;
 F98A : FE;
 F98B : FE;
 F98C : FE;
 F98D : FE;
 F98E : FE;
 F98F : FE;
 F990 : FE;
 F991 : FE;
 F992 : FE;
 F993 : FE;
 F994 : FE;
 F995 : FE;
 F996 : FE;
 F997 : FE;
 F998 : FE;
 F999 : FE;
 F99A : FE;
 F99B : FE;
 F99C : FE;
 F99D : FE;
 F99E : FE;
 F99F : FE;
 F9A0 : FE;
 F9A1 : FE;
 F9A2 : FE;
 F9A3 : FE;
 F9A4 : FE;
 F9A5 : FE;
 F9A6 : FE;
 F9A7 : FE;
 F9A8 : FE;
 F9A9 : FE;
 F9AA : FE;
 F9AB : FE;
 F9AC : FE;
 F9AD : FE;
 F9AE : FE;
 F9AF : FE;
 F9B0 : FE;
 F9B1 : FE;
 F9B2 : FE;
 F9B3 : FE;
 F9B4 : FE;
 F9B5 : FE;
 F9B6 : FE;
 F9B7 : FE;
 F9B8 : FE;
 F9B9 : FE;
 F9BA : FE;
 F9BB : FE;
 F9BC : FE;
 F9BD : FE;
 F9BE : FE;
 F9BF : FE;
 F9C0 : FE;
 F9C1 : FE;
 F9C2 : FE;
 F9C3 : FE;
 F9C4 : FE;
 F9C5 : FE;
 F9C6 : FE;
 F9C7 : FE;
 F9C8 : FE;
 F9C9 : FE;
 F9CA : FE;
 F9CB : FE;
 F9CC : FE;
 F9CD : FE;
 F9CE : FE;
 F9CF : FE;
 F9D0 : FE;
 F9D1 : FE;
 F9D2 : FE;
 F9D3 : FE;
 F9D4 : FE;
 F9D5 : FE;
 F9D6 : FE;
 F9D7 : FE;
 F9D8 : FE;
 F9D9 : FE;
 F9DA : FE;
 F9DB : FE;
 F9DC : FE;
 F9DD : FE;
 F9DE : FE;
 F9DF : FE;
 F9E0 : FE;
 F9E1 : FE;
 F9E2 : FE;
 F9E3 : FE;
 F9E4 : FE;
 F9E5 : FE;
 F9E6 : FE;
 F9E7 : FE;
 F9E8 : FE;
 F9E9 : FE;
 F9EA : FE;
 F9EB : FE;
 F9EC : FE;
 F9ED : FE;
 F9EE : FE;
 F9EF : FE;
 F9F0 : FE;
 F9F1 : FE;
 F9F2 : FE;
 F9F3 : FE;
 F9F4 : FE;
 F9F5 : FE;
 F9F6 : FE;
 F9F7 : FE;
 F9F8 : FE;
 F9F9 : FE;
 F9FA : FE;
 F9FB : FE;
 F9FC : FE;
 F9FD : FE;
 F9FE : FE;
 F9FF : FE;
 FA00 : FE;
 FA01 : FE;
 FA02 : FE;
 FA03 : FE;
 FA04 : FE;
 FA05 : FE;
 FA06 : FE;
 FA07 : FE;
 FA08 : FE;
 FA09 : FE;
 FA0A : FE;
 FA0B : FE;
 FA0C : FE;
 FA0D : FE;
 FA0E : FE;
 FA0F : FE;
 FA10 : FE;
 FA11 : FE;
 FA12 : FE;
 FA13 : FE;
 FA14 : FE;
 FA15 : FE;
 FA16 : FE;
 FA17 : FE;
 FA18 : FE;
 FA19 : FE;
 FA1A : FE;
 FA1B : FE;
 FA1C : FE;
 FA1D : FE;
 FA1E : FE;
 FA1F : FE;
 FA20 : FE;
 FA21 : FE;
 FA22 : FE;
 FA23 : FE;
 FA24 : FE;
 FA25 : FE;
 FA26 : FE;
 FA27 : FE;
 FA28 : FE;
 FA29 : FE;
 FA2A : FE;
 FA2B : FE;
 FA2C : FE;
 FA2D : FE;
 FA2E : FE;
 FA2F : FE;
 FA30 : FE;
 FA31 : FE;
 FA32 : FE;
 FA33 : FE;
 FA34 : FE;
 FA35 : FE;
 FA36 : FE;
 FA37 : FE;
 FA38 : FE;
 FA39 : FE;
 FA3A : FE;
 FA3B : FE;
 FA3C : FE;
 FA3D : FE;
 FA3E : FE;
 FA3F : FE;
 FA40 : FE;
 FA41 : FE;
 FA42 : FE;
 FA43 : FE;
 FA44 : FE;
 FA45 : FE;
 FA46 : FE;
 FA47 : FE;
 FA48 : FE;
 FA49 : FE;
 FA4A : FE;
 FA4B : FE;
 FA4C : FE;
 FA4D : FE;
 FA4E : FE;
 FA4F : FE;
 FA50 : FE;
 FA51 : FE;
 FA52 : FE;
 FA53 : FE;
 FA54 : FE;
 FA55 : FE;
 FA56 : FE;
 FA57 : FE;
 FA58 : FE;
 FA59 : FE;
 FA5A : FE;
 FA5B : FE;
 FA5C : FE;
 FA5D : FE;
 FA5E : FE;
 FA5F : FE;
 FA60 : FE;
 FA61 : FE;
 FA62 : FE;
 FA63 : FE;
 FA64 : FE;
 FA65 : FE;
 FA66 : FE;
 FA67 : FE;
 FA68 : FE;
 FA69 : FE;
 FA6A : FE;
 FA6B : FE;
 FA6C : FE;
 FA6D : FE;
 FA6E : FE;
 FA6F : FE;
 FA70 : FE;
 FA71 : FE;
 FA72 : FE;
 FA73 : FE;
 FA74 : FE;
 FA75 : FE;
 FA76 : FE;
 FA77 : FE;
 FA78 : FE;
 FA79 : FE;
 FA7A : FE;
 FA7B : FE;
 FA7C : FE;
 FA7D : FE;
 FA7E : FE;
 FA7F : FE;
 FA80 : FE;
 FA81 : FE;
 FA82 : FE;
 FA83 : FE;
 FA84 : FE;
 FA85 : FE;
 FA86 : FE;
 FA87 : FE;
 FA88 : FE;
 FA89 : FE;
 FA8A : FE;
 FA8B : FE;
 FA8C : FE;
 FA8D : FE;
 FA8E : FE;
 FA8F : FE;
 FA90 : FE;
 FA91 : FE;
 FA92 : FE;
 FA93 : FE;
 FA94 : FE;
 FA95 : FE;
 FA96 : FE;
 FA97 : FE;
 FA98 : FE;
 FA99 : FE;
 FA9A : FE;
 FA9B : FE;
 FA9C : FE;
 FA9D : FE;
 FA9E : FE;
 FA9F : FE;
 FAA0 : FE;
 FAA1 : FE;
 FAA2 : FE;
 FAA3 : FE;
 FAA4 : FE;
 FAA5 : FE;
 FAA6 : FE;
 FAA7 : FE;
 FAA8 : FE;
 FAA9 : FE;
 FAAA : FE;
 FAAB : FE;
 FAAC : FE;
 FAAD : FE;
 FAAE : FE;
 FAAF : FE;
 FAB0 : FE;
 FAB1 : FE;
 FAB2 : FE;
 FAB3 : FE;
 FAB4 : FE;
 FAB5 : FE;
 FAB6 : FE;
 FAB7 : FE;
 FAB8 : FE;
 FAB9 : FE;
 FABA : FE;
 FABB : FE;
 FABC : FE;
 FABD : FE;
 FABE : FE;
 FABF : FE;
 FAC0 : FE;
 FAC1 : FE;
 FAC2 : FE;
 FAC3 : FE;
 FAC4 : FE;
 FAC5 : FE;
 FAC6 : FE;
 FAC7 : FE;
 FAC8 : FE;
 FAC9 : FE;
 FACA : FE;
 FACB : FE;
 FACC : FE;
 FACD : FE;
 FACE : FE;
 FACF : FE;
 FAD0 : FE;
 FAD1 : FE;
 FAD2 : FE;
 FAD3 : FE;
 FAD4 : FE;
 FAD5 : FE;
 FAD6 : FE;
 FAD7 : FE;
 FAD8 : FE;
 FAD9 : FE;
 FADA : FE;
 FADB : FE;
 FADC : FE;
 FADD : FE;
 FADE : FE;
 FADF : FE;
 FAE0 : FE;
 FAE1 : FE;
 FAE2 : FE;
 FAE3 : FE;
 FAE4 : FE;
 FAE5 : FE;
 FAE6 : FE;
 FAE7 : FE;
 FAE8 : FE;
 FAE9 : FE;
 FAEA : FE;
 FAEB : FE;
 FAEC : FE;
 FAED : FE;
 FAEE : FE;
 FAEF : FE;
 FAF0 : FE;
 FAF1 : FE;
 FAF2 : FE;
 FAF3 : FE;
 FAF4 : FE;
 FAF5 : FE;
 FAF6 : FE;
 FAF7 : FE;
 FAF8 : FE;
 FAF9 : FE;
 FAFA : FE;
 FAFB : FE;
 FAFC : FE;
 FAFD : FE;
 FAFE : FE;
 FAFF : FE;
 FB00 : FE;
 FB01 : FE;
 FB02 : FE;
 FB03 : FE;
 FB04 : FE;
 FB05 : FE;
 FB06 : FE;
 FB07 : FE;
 FB08 : FE;
 FB09 : FE;
 FB0A : FE;
 FB0B : FE;
 FB0C : FE;
 FB0D : FE;
 FB0E : FE;
 FB0F : FE;
 FB10 : FE;
 FB11 : FE;
 FB12 : FE;
 FB13 : FE;
 FB14 : FE;
 FB15 : FE;
 FB16 : FE;
 FB17 : FE;
 FB18 : FE;
 FB19 : FE;
 FB1A : FE;
 FB1B : FE;
 FB1C : FE;
 FB1D : FE;
 FB1E : FE;
 FB1F : FE;
 FB20 : FE;
 FB21 : FE;
 FB22 : FE;
 FB23 : FE;
 FB24 : FE;
 FB25 : FE;
 FB26 : FE;
 FB27 : FE;
 FB28 : FE;
 FB29 : FE;
 FB2A : FE;
 FB2B : FE;
 FB2C : FE;
 FB2D : FE;
 FB2E : FE;
 FB2F : FE;
 FB30 : FE;
 FB31 : FE;
 FB32 : FE;
 FB33 : FE;
 FB34 : FE;
 FB35 : FE;
 FB36 : FE;
 FB37 : FE;
 FB38 : FE;
 FB39 : FE;
 FB3A : FE;
 FB3B : FE;
 FB3C : FE;
 FB3D : FE;
 FB3E : FE;
 FB3F : FE;
 FB40 : FE;
 FB41 : FE;
 FB42 : FE;
 FB43 : FE;
 FB44 : FE;
 FB45 : FE;
 FB46 : FE;
 FB47 : FE;
 FB48 : FE;
 FB49 : FE;
 FB4A : FE;
 FB4B : FE;
 FB4C : FE;
 FB4D : FE;
 FB4E : FE;
 FB4F : FE;
 FB50 : FE;
 FB51 : FE;
 FB52 : FE;
 FB53 : FE;
 FB54 : FE;
 FB55 : FE;
 FB56 : FE;
 FB57 : FE;
 FB58 : FE;
 FB59 : FE;
 FB5A : FE;
 FB5B : FE;
 FB5C : FE;
 FB5D : FE;
 FB5E : FE;
 FB5F : FE;
 FB60 : FE;
 FB61 : FE;
 FB62 : FE;
 FB63 : FE;
 FB64 : FE;
 FB65 : FE;
 FB66 : FE;
 FB67 : FE;
 FB68 : FE;
 FB69 : FE;
 FB6A : FE;
 FB6B : FE;
 FB6C : FE;
 FB6D : FE;
 FB6E : FE;
 FB6F : FE;
 FB70 : FE;
 FB71 : FE;
 FB72 : FE;
 FB73 : FE;
 FB74 : FE;
 FB75 : FE;
 FB76 : FE;
 FB77 : FE;
 FB78 : FE;
 FB79 : FE;
 FB7A : FE;
 FB7B : FE;
 FB7C : FE;
 FB7D : FE;
 FB7E : FE;
 FB7F : FE;
 FB80 : FE;
 FB81 : FE;
 FB82 : FE;
 FB83 : FE;
 FB84 : FE;
 FB85 : FE;
 FB86 : FE;
 FB87 : FE;
 FB88 : FE;
 FB89 : FE;
 FB8A : FE;
 FB8B : FE;
 FB8C : FE;
 FB8D : FE;
 FB8E : FE;
 FB8F : FE;
 FB90 : FE;
 FB91 : FE;
 FB92 : FE;
 FB93 : FE;
 FB94 : FE;
 FB95 : FE;
 FB96 : FE;
 FB97 : FE;
 FB98 : FE;
 FB99 : FE;
 FB9A : FE;
 FB9B : FE;
 FB9C : FE;
 FB9D : FE;
 FB9E : FE;
 FB9F : FE;
 FBA0 : FE;
 FBA1 : FE;
 FBA2 : FE;
 FBA3 : FE;
 FBA4 : FE;
 FBA5 : FE;
 FBA6 : FE;
 FBA7 : FE;
 FBA8 : FE;
 FBA9 : FE;
 FBAA : FE;
 FBAB : FE;
 FBAC : FE;
 FBAD : FE;
 FBAE : FE;
 FBAF : FE;
 FBB0 : FE;
 FBB1 : FE;
 FBB2 : FE;
 FBB3 : FE;
 FBB4 : FE;
 FBB5 : FE;
 FBB6 : FE;
 FBB7 : FE;
 FBB8 : FE;
 FBB9 : FE;
 FBBA : FE;
 FBBB : FE;
 FBBC : FE;
 FBBD : FE;
 FBBE : FE;
 FBBF : FE;
 FBC0 : FE;
 FBC1 : FE;
 FBC2 : FE;
 FBC3 : FE;
 FBC4 : FE;
 FBC5 : FE;
 FBC6 : FE;
 FBC7 : FE;
 FBC8 : FE;
 FBC9 : FE;
 FBCA : FE;
 FBCB : FE;
 FBCC : FE;
 FBCD : FE;
 FBCE : FE;
 FBCF : FE;
 FBD0 : FE;
 FBD1 : FE;
 FBD2 : FE;
 FBD3 : FE;
 FBD4 : FE;
 FBD5 : FE;
 FBD6 : FE;
 FBD7 : FE;
 FBD8 : FE;
 FBD9 : FE;
 FBDA : FE;
 FBDB : FE;
 FBDC : FE;
 FBDD : FE;
 FBDE : FE;
 FBDF : FE;
 FBE0 : FE;
 FBE1 : FE;
 FBE2 : FE;
 FBE3 : FE;
 FBE4 : FE;
 FBE5 : FE;
 FBE6 : FE;
 FBE7 : FE;
 FBE8 : FE;
 FBE9 : FE;
 FBEA : FE;
 FBEB : FE;
 FBEC : FE;
 FBED : FE;
 FBEE : FE;
 FBEF : FE;
 FBF0 : FE;
 FBF1 : FE;
 FBF2 : FE;
 FBF3 : FE;
 FBF4 : FE;
 FBF5 : FE;
 FBF6 : FE;
 FBF7 : FE;
 FBF8 : FE;
 FBF9 : FE;
 FBFA : FE;
 FBFB : FE;
 FBFC : FE;
 FBFD : FE;
 FBFE : FE;
 FBFF : FE;
 FC00 : FE;
 FC01 : FE;
 FC02 : FE;
 FC03 : FE;
 FC04 : FE;
 FC05 : FE;
 FC06 : FE;
 FC07 : FE;
 FC08 : FE;
 FC09 : FE;
 FC0A : FE;
 FC0B : FE;
 FC0C : FE;
 FC0D : FE;
 FC0E : FE;
 FC0F : FE;
 FC10 : FE;
 FC11 : FE;
 FC12 : FE;
 FC13 : FE;
 FC14 : FE;
 FC15 : FE;
 FC16 : FE;
 FC17 : FE;
 FC18 : FE;
 FC19 : FE;
 FC1A : FE;
 FC1B : FE;
 FC1C : FE;
 FC1D : FE;
 FC1E : FE;
 FC1F : FE;
 FC20 : FE;
 FC21 : FE;
 FC22 : FE;
 FC23 : FE;
 FC24 : FE;
 FC25 : FE;
 FC26 : FE;
 FC27 : FE;
 FC28 : FE;
 FC29 : FE;
 FC2A : FE;
 FC2B : FE;
 FC2C : FE;
 FC2D : FE;
 FC2E : FE;
 FC2F : FE;
 FC30 : FE;
 FC31 : FE;
 FC32 : FE;
 FC33 : FE;
 FC34 : FE;
 FC35 : FE;
 FC36 : FE;
 FC37 : FE;
 FC38 : FE;
 FC39 : FE;
 FC3A : FE;
 FC3B : FE;
 FC3C : FE;
 FC3D : FE;
 FC3E : FE;
 FC3F : FE;
 FC40 : FE;
 FC41 : FE;
 FC42 : FE;
 FC43 : FE;
 FC44 : FE;
 FC45 : FE;
 FC46 : FE;
 FC47 : FE;
 FC48 : FE;
 FC49 : FE;
 FC4A : FE;
 FC4B : FE;
 FC4C : FE;
 FC4D : FE;
 FC4E : FE;
 FC4F : FE;
 FC50 : FE;
 FC51 : FE;
 FC52 : FE;
 FC53 : FE;
 FC54 : FE;
 FC55 : FE;
 FC56 : FE;
 FC57 : FE;
 FC58 : FE;
 FC59 : FE;
 FC5A : FE;
 FC5B : FE;
 FC5C : FE;
 FC5D : FE;
 FC5E : FE;
 FC5F : FE;
 FC60 : FE;
 FC61 : FE;
 FC62 : FE;
 FC63 : FE;
 FC64 : FE;
 FC65 : FE;
 FC66 : FE;
 FC67 : FE;
 FC68 : FE;
 FC69 : FE;
 FC6A : FE;
 FC6B : FE;
 FC6C : FE;
 FC6D : FE;
 FC6E : FE;
 FC6F : FE;
 FC70 : FE;
 FC71 : FE;
 FC72 : FE;
 FC73 : FE;
 FC74 : FE;
 FC75 : FE;
 FC76 : FE;
 FC77 : FE;
 FC78 : FE;
 FC79 : FE;
 FC7A : FE;
 FC7B : FE;
 FC7C : FE;
 FC7D : FE;
 FC7E : FE;
 FC7F : FE;
 FC80 : FE;
 FC81 : FE;
 FC82 : FE;
 FC83 : FE;
 FC84 : FE;
 FC85 : FE;
 FC86 : FE;
 FC87 : FE;
 FC88 : FE;
 FC89 : FE;
 FC8A : FE;
 FC8B : FE;
 FC8C : FE;
 FC8D : FE;
 FC8E : FE;
 FC8F : FE;
 FC90 : FE;
 FC91 : FE;
 FC92 : FE;
 FC93 : FE;
 FC94 : FE;
 FC95 : FE;
 FC96 : FE;
 FC97 : FE;
 FC98 : FE;
 FC99 : FE;
 FC9A : FE;
 FC9B : FE;
 FC9C : FE;
 FC9D : FE;
 FC9E : FE;
 FC9F : FE;
 FCA0 : FE;
 FCA1 : FE;
 FCA2 : FE;
 FCA3 : FE;
 FCA4 : FE;
 FCA5 : FE;
 FCA6 : FE;
 FCA7 : FE;
 FCA8 : FE;
 FCA9 : FE;
 FCAA : FE;
 FCAB : FE;
 FCAC : FE;
 FCAD : FE;
 FCAE : FE;
 FCAF : FE;
 FCB0 : FE;
 FCB1 : FE;
 FCB2 : FE;
 FCB3 : FE;
 FCB4 : FE;
 FCB5 : FE;
 FCB6 : FE;
 FCB7 : FE;
 FCB8 : FE;
 FCB9 : FE;
 FCBA : FE;
 FCBB : FE;
 FCBC : FE;
 FCBD : FE;
 FCBE : FE;
 FCBF : FE;
 FCC0 : FE;
 FCC1 : FE;
 FCC2 : FE;
 FCC3 : FE;
 FCC4 : FE;
 FCC5 : FE;
 FCC6 : FE;
 FCC7 : FE;
 FCC8 : FE;
 FCC9 : FE;
 FCCA : FE;
 FCCB : FE;
 FCCC : FE;
 FCCD : FE;
 FCCE : FE;
 FCCF : FE;
 FCD0 : FE;
 FCD1 : FE;
 FCD2 : FE;
 FCD3 : FE;
 FCD4 : FE;
 FCD5 : FE;
 FCD6 : FE;
 FCD7 : FE;
 FCD8 : FE;
 FCD9 : FE;
 FCDA : FE;
 FCDB : FE;
 FCDC : FE;
 FCDD : FE;
 FCDE : FE;
 FCDF : FE;
 FCE0 : FE;
 FCE1 : FE;
 FCE2 : FE;
 FCE3 : FE;
 FCE4 : FE;
 FCE5 : FE;
 FCE6 : FE;
 FCE7 : FE;
 FCE8 : FE;
 FCE9 : FE;
 FCEA : FE;
 FCEB : FE;
 FCEC : FE;
 FCED : FE;
 FCEE : FE;
 FCEF : FE;
 FCF0 : FE;
 FCF1 : FE;
 FCF2 : FE;
 FCF3 : FE;
 FCF4 : FE;
 FCF5 : FE;
 FCF6 : FE;
 FCF7 : FE;
 FCF8 : FE;
 FCF9 : FE;
 FCFA : FE;
 FCFB : FE;
 FCFC : FE;
 FCFD : FE;
 FCFE : FE;
 FCFF : FE;
 FD00 : FE;
 FD01 : FE;
 FD02 : FE;
 FD03 : FE;
 FD04 : FE;
 FD05 : FE;
 FD06 : FE;
 FD07 : FE;
 FD08 : FE;
 FD09 : FE;
 FD0A : FE;
 FD0B : FE;
 FD0C : FE;
 FD0D : FE;
 FD0E : FE;
 FD0F : FE;
 FD10 : FE;
 FD11 : FE;
 FD12 : FE;
 FD13 : FE;
 FD14 : FE;
 FD15 : FE;
 FD16 : FE;
 FD17 : FE;
 FD18 : FE;
 FD19 : FE;
 FD1A : FE;
 FD1B : FE;
 FD1C : FE;
 FD1D : FE;
 FD1E : FE;
 FD1F : FE;
 FD20 : FE;
 FD21 : FE;
 FD22 : FE;
 FD23 : FE;
 FD24 : FE;
 FD25 : FE;
 FD26 : FE;
 FD27 : FE;
 FD28 : FE;
 FD29 : FE;
 FD2A : FE;
 FD2B : FE;
 FD2C : FE;
 FD2D : FE;
 FD2E : FE;
 FD2F : FE;
 FD30 : FE;
 FD31 : FE;
 FD32 : FE;
 FD33 : FE;
 FD34 : FE;
 FD35 : FE;
 FD36 : FE;
 FD37 : FE;
 FD38 : FE;
 FD39 : FE;
 FD3A : FE;
 FD3B : FE;
 FD3C : FE;
 FD3D : FE;
 FD3E : FE;
 FD3F : FE;
 FD40 : FE;
 FD41 : FE;
 FD42 : FE;
 FD43 : FE;
 FD44 : FE;
 FD45 : FE;
 FD46 : FE;
 FD47 : FE;
 FD48 : FE;
 FD49 : FE;
 FD4A : FE;
 FD4B : FE;
 FD4C : FE;
 FD4D : FE;
 FD4E : FE;
 FD4F : FE;
 FD50 : FE;
 FD51 : FE;
 FD52 : FE;
 FD53 : FE;
 FD54 : FE;
 FD55 : FE;
 FD56 : FE;
 FD57 : FE;
 FD58 : FE;
 FD59 : FE;
 FD5A : FE;
 FD5B : FE;
 FD5C : FE;
 FD5D : FE;
 FD5E : FE;
 FD5F : FE;
 FD60 : FE;
 FD61 : FE;
 FD62 : FE;
 FD63 : FE;
 FD64 : FE;
 FD65 : FE;
 FD66 : FE;
 FD67 : FE;
 FD68 : FE;
 FD69 : FE;
 FD6A : FE;
 FD6B : FE;
 FD6C : FE;
 FD6D : FE;
 FD6E : FE;
 FD6F : FE;
 FD70 : FE;
 FD71 : FE;
 FD72 : FE;
 FD73 : FE;
 FD74 : FE;
 FD75 : FE;
 FD76 : FE;
 FD77 : FE;
 FD78 : FE;
 FD79 : FE;
 FD7A : FE;
 FD7B : FE;
 FD7C : FE;
 FD7D : FE;
 FD7E : FE;
 FD7F : FE;
 FD80 : FE;
 FD81 : FE;
 FD82 : FE;
 FD83 : FE;
 FD84 : FE;
 FD85 : FE;
 FD86 : FE;
 FD87 : FE;
 FD88 : FE;
 FD89 : FE;
 FD8A : FE;
 FD8B : FE;
 FD8C : FE;
 FD8D : FE;
 FD8E : FE;
 FD8F : FE;
 FD90 : FE;
 FD91 : FE;
 FD92 : FE;
 FD93 : FE;
 FD94 : FE;
 FD95 : FE;
 FD96 : FE;
 FD97 : FE;
 FD98 : FE;
 FD99 : FE;
 FD9A : FE;
 FD9B : FE;
 FD9C : FE;
 FD9D : FE;
 FD9E : FE;
 FD9F : FE;
 FDA0 : FE;
 FDA1 : FE;
 FDA2 : FE;
 FDA3 : FE;
 FDA4 : FE;
 FDA5 : FE;
 FDA6 : FE;
 FDA7 : FE;
 FDA8 : FE;
 FDA9 : FE;
 FDAA : FE;
 FDAB : FE;
 FDAC : FE;
 FDAD : FE;
 FDAE : FE;
 FDAF : FE;
 FDB0 : FE;
 FDB1 : FE;
 FDB2 : FE;
 FDB3 : FE;
 FDB4 : FE;
 FDB5 : FE;
 FDB6 : FE;
 FDB7 : FE;
 FDB8 : FE;
 FDB9 : FE;
 FDBA : FE;
 FDBB : FE;
 FDBC : FE;
 FDBD : FE;
 FDBE : FE;
 FDBF : FE;
 FDC0 : FE;
 FDC1 : FE;
 FDC2 : FE;
 FDC3 : FE;
 FDC4 : FE;
 FDC5 : FE;
 FDC6 : FE;
 FDC7 : FE;
 FDC8 : FE;
 FDC9 : FE;
 FDCA : FE;
 FDCB : FE;
 FDCC : FE;
 FDCD : FE;
 FDCE : FE;
 FDCF : FE;
 FDD0 : FE;
 FDD1 : FE;
 FDD2 : FE;
 FDD3 : FE;
 FDD4 : FE;
 FDD5 : FE;
 FDD6 : FE;
 FDD7 : FE;
 FDD8 : FE;
 FDD9 : FE;
 FDDA : FE;
 FDDB : FE;
 FDDC : FE;
 FDDD : FE;
 FDDE : FE;
 FDDF : FE;
 FDE0 : FE;
 FDE1 : FE;
 FDE2 : FE;
 FDE3 : FE;
 FDE4 : FE;
 FDE5 : FE;
 FDE6 : FE;
 FDE7 : FE;
 FDE8 : FE;
 FDE9 : FE;
 FDEA : FE;
 FDEB : FE;
 FDEC : FE;
 FDED : FE;
 FDEE : FE;
 FDEF : FE;
 FDF0 : FE;
 FDF1 : FE;
 FDF2 : FE;
 FDF3 : FE;
 FDF4 : FE;
 FDF5 : FE;
 FDF6 : FE;
 FDF7 : FE;
 FDF8 : FE;
 FDF9 : FE;
 FDFA : FE;
 FDFB : FE;
 FDFC : FE;
 FDFD : FE;
 FDFE : FE;
 FDFF : FE;
 FE00 : FE;
 FE01 : FE;
 FE02 : FE;
 FE03 : FE;
 FE04 : FE;
 FE05 : FE;
 FE06 : FE;
 FE07 : FE;
 FE08 : FE;
 FE09 : FE;
 FE0A : FE;
 FE0B : FE;
 FE0C : FE;
 FE0D : FE;
 FE0E : FE;
 FE0F : FE;
 FE10 : FE;
 FE11 : FE;
 FE12 : FE;
 FE13 : FE;
 FE14 : FE;
 FE15 : FE;
 FE16 : FE;
 FE17 : FE;
 FE18 : FE;
 FE19 : FE;
 FE1A : FE;
 FE1B : FE;
 FE1C : FE;
 FE1D : FE;
 FE1E : FE;
 FE1F : FE;
 FE20 : FE;
 FE21 : FE;
 FE22 : FE;
 FE23 : FE;
 FE24 : FE;
 FE25 : FE;
 FE26 : FE;
 FE27 : FE;
 FE28 : FE;
 FE29 : FE;
 FE2A : FE;
 FE2B : FE;
 FE2C : FE;
 FE2D : FE;
 FE2E : FE;
 FE2F : FE;
 FE30 : FE;
 FE31 : FE;
 FE32 : FE;
 FE33 : FE;
 FE34 : FE;
 FE35 : FE;
 FE36 : FE;
 FE37 : FE;
 FE38 : FE;
 FE39 : FE;
 FE3A : FE;
 FE3B : FE;
 FE3C : FE;
 FE3D : FE;
 FE3E : FE;
 FE3F : FE;
 FE40 : FE;
 FE41 : FE;
 FE42 : FE;
 FE43 : FE;
 FE44 : FE;
 FE45 : FE;
 FE46 : FE;
 FE47 : FE;
 FE48 : FE;
 FE49 : FE;
 FE4A : FE;
 FE4B : FE;
 FE4C : FE;
 FE4D : FE;
 FE4E : FE;
 FE4F : FE;
 FE50 : FE;
 FE51 : FE;
 FE52 : FE;
 FE53 : FE;
 FE54 : FE;
 FE55 : FE;
 FE56 : FE;
 FE57 : FE;
 FE58 : FE;
 FE59 : FE;
 FE5A : FE;
 FE5B : FE;
 FE5C : FE;
 FE5D : FE;
 FE5E : FE;
 FE5F : FE;
 FE60 : FE;
 FE61 : FE;
 FE62 : FE;
 FE63 : FE;
 FE64 : FE;
 FE65 : FE;
 FE66 : FE;
 FE67 : FE;
 FE68 : FE;
 FE69 : FE;
 FE6A : FE;
 FE6B : FE;
 FE6C : FE;
 FE6D : FE;
 FE6E : FE;
 FE6F : FE;
 FE70 : FE;
 FE71 : FE;
 FE72 : FE;
 FE73 : FE;
 FE74 : FE;
 FE75 : FE;
 FE76 : FE;
 FE77 : FE;
 FE78 : FE;
 FE79 : FE;
 FE7A : FE;
 FE7B : FE;
 FE7C : FE;
 FE7D : FE;
 FE7E : FE;
 FE7F : FE;
 FE80 : FE;
 FE81 : FE;
 FE82 : FE;
 FE83 : FE;
 FE84 : FE;
 FE85 : FE;
 FE86 : FE;
 FE87 : FE;
 FE88 : FE;
 FE89 : FE;
 FE8A : FE;
 FE8B : FE;
 FE8C : FE;
 FE8D : FE;
 FE8E : FE;
 FE8F : FE;
 FE90 : FE;
 FE91 : FE;
 FE92 : FE;
 FE93 : FE;
 FE94 : FE;
 FE95 : FE;
 FE96 : FE;
 FE97 : FE;
 FE98 : FE;
 FE99 : FE;
 FE9A : FE;
 FE9B : FE;
 FE9C : FE;
 FE9D : FE;
 FE9E : FE;
 FE9F : FE;
 FEA0 : FE;
 FEA1 : FE;
 FEA2 : FE;
 FEA3 : FE;
 FEA4 : FE;
 FEA5 : FE;
 FEA6 : FE;
 FEA7 : FE;
 FEA8 : FE;
 FEA9 : FE;
 FEAA : FE;
 FEAB : FE;
 FEAC : FE;
 FEAD : FE;
 FEAE : FE;
 FEAF : FE;
 FEB0 : FE;
 FEB1 : FE;
 FEB2 : FE;
 FEB3 : FE;
 FEB4 : FE;
 FEB5 : FE;
 FEB6 : FE;
 FEB7 : FE;
 FEB8 : FE;
 FEB9 : FE;
 FEBA : FE;
 FEBB : FE;
 FEBC : FE;
 FEBD : FE;
 FEBE : FE;
 FEBF : FE;
 FEC0 : FE;
 FEC1 : FE;
 FEC2 : FE;
 FEC3 : FE;
 FEC4 : FE;
 FEC5 : FE;
 FEC6 : FE;
 FEC7 : FE;
 FEC8 : FE;
 FEC9 : FE;
 FECA : FE;
 FECB : FE;
 FECC : FE;
 FECD : FE;
 FECE : FE;
 FECF : FE;
 FED0 : FE;
 FED1 : FE;
 FED2 : FE;
 FED3 : FE;
 FED4 : FE;
 FED5 : FE;
 FED6 : FE;
 FED7 : FE;
 FED8 : FE;
 FED9 : FE;
 FEDA : FE;
 FEDB : FE;
 FEDC : FE;
 FEDD : FE;
 FEDE : FE;
 FEDF : FE;
 FEE0 : FE;
 FEE1 : FE;
 FEE2 : FE;
 FEE3 : FE;
 FEE4 : FE;
 FEE5 : FE;
 FEE6 : FE;
 FEE7 : FE;
 FEE8 : FE;
 FEE9 : FE;
 FEEA : FE;
 FEEB : FE;
 FEEC : FE;
 FEED : FE;
 FEEE : FE;
 FEEF : FE;
 FEF0 : FE;
 FEF1 : FE;
 FEF2 : FE;
 FEF3 : FE;
 FEF4 : FE;
 FEF5 : FE;
 FEF6 : FE;
 FEF7 : FE;
 FEF8 : FE;
 FEF9 : FE;
 FEFA : FE;
 FEFB : FE;
 FEFC : FE;
 FEFD : FE;
 FEFE : FE;
 FEFF : FE;
 FF00 : FE;
 FF01 : FE;
 FF02 : FE;
 FF03 : FE;
 FF04 : FE;
 FF05 : FE;
 FF06 : FE;
 FF07 : FE;
 FF08 : FE;
 FF09 : FE;
 FF0A : FE;
 FF0B : FE;
 FF0C : FE;
 FF0D : FE;
 FF0E : FE;
 FF0F : FE;
 FF10 : FE;
 FF11 : FE;
 FF12 : FE;
 FF13 : FE;
 FF14 : FE;
 FF15 : FE;
 FF16 : FE;
 FF17 : FE;
 FF18 : FE;
 FF19 : FE;
 FF1A : FE;
 FF1B : FE;
 FF1C : FE;
 FF1D : FE;
 FF1E : FE;
 FF1F : FE;
 FF20 : FE;
 FF21 : FE;
 FF22 : FE;
 FF23 : FE;
 FF24 : FE;
 FF25 : FE;
 FF26 : FE;
 FF27 : FE;
 FF28 : FE;
 FF29 : FE;
 FF2A : FE;
 FF2B : FE;
 FF2C : FE;
 FF2D : FE;
 FF2E : FE;
 FF2F : FE;
 FF30 : FE;
 FF31 : FE;
 FF32 : FE;
 FF33 : FE;
 FF34 : FE;
 FF35 : FE;
 FF36 : FE;
 FF37 : FE;
 FF38 : FE;
 FF39 : FE;
 FF3A : FE;
 FF3B : FE;
 FF3C : FE;
 FF3D : FE;
 FF3E : FE;
 FF3F : FE;
 FF40 : FE;
 FF41 : FE;
 FF42 : FE;
 FF43 : FE;
 FF44 : FE;
 FF45 : FE;
 FF46 : FE;
 FF47 : FE;
 FF48 : FE;
 FF49 : FE;
 FF4A : FE;
 FF4B : FE;
 FF4C : FE;
 FF4D : FE;
 FF4E : FE;
 FF4F : FE;
 FF50 : FE;
 FF51 : FE;
 FF52 : FE;
 FF53 : FE;
 FF54 : FE;
 FF55 : FE;
 FF56 : FE;
 FF57 : FE;
 FF58 : FE;
 FF59 : FE;
 FF5A : FE;
 FF5B : FE;
 FF5C : FE;
 FF5D : FE;
 FF5E : FE;
 FF5F : FE;
 FF60 : FE;
 FF61 : FE;
 FF62 : FE;
 FF63 : FE;
 FF64 : FE;
 FF65 : FE;
 FF66 : FE;
 FF67 : FE;
 FF68 : FE;
 FF69 : FE;
 FF6A : FE;
 FF6B : FE;
 FF6C : FE;
 FF6D : FE;
 FF6E : FE;
 FF6F : FE;
 FF70 : FE;
 FF71 : FE;
 FF72 : FE;
 FF73 : FE;
 FF74 : FE;
 FF75 : FE;
 FF76 : FE;
 FF77 : FE;
 FF78 : FE;
 FF79 : FE;
 FF7A : FE;
 FF7B : FE;
 FF7C : FE;
 FF7D : FE;
 FF7E : FE;
 FF7F : FE;
 FF80 : FE;
 FF81 : FE;
 FF82 : FE;
 FF83 : FE;
 FF84 : FE;
 FF85 : FE;
 FF86 : FE;
 FF87 : FE;
 FF88 : FE;
 FF89 : FE;
 FF8A : FE;
 FF8B : FE;
 FF8C : FE;
 FF8D : FE;
 FF8E : FE;
 FF8F : FE;
 FF90 : FE;
 FF91 : FE;
 FF92 : FE;
 FF93 : FE;
 FF94 : FE;
 FF95 : FE;
 FF96 : FE;
 FF97 : FE;
 FF98 : FE;
 FF99 : FE;
 FF9A : FE;
 FF9B : FE;
 FF9C : FE;
 FF9D : FE;
 FF9E : FE;
 FF9F : FE;
 FFA0 : FE;
 FFA1 : FE;
 FFA2 : FE;
 FFA3 : FE;
 FFA4 : FE;
 FFA5 : FE;
 FFA6 : FE;
 FFA7 : FE;
 FFA8 : FE;
 FFA9 : FE;
 FFAA : FE;
 FFAB : FE;
 FFAC : FE;
 FFAD : FE;
 FFAE : FE;
 FFAF : FE;
 FFB0 : FE;
 FFB1 : FE;
 FFB2 : FE;
 FFB3 : FE;
 FFB4 : FE;
 FFB5 : FE;
 FFB6 : FE;
 FFB7 : FE;
 FFB8 : FE;
 FFB9 : FE;
 FFBA : FE;
 FFBB : FE;
 FFBC : FE;
 FFBD : FE;
 FFBE : FE;
 FFBF : FE;
 FFC0 : FE;
 FFC1 : FE;
 FFC2 : FE;
 FFC3 : FE;
 FFC4 : FE;
 FFC5 : FE;
 FFC6 : FE;
 FFC7 : FE;
 FFC8 : FE;
 FFC9 : FE;
 FFCA : FE;
 FFCB : FE;
 FFCC : FE;
 FFCD : FE;
 FFCE : FE;
 FFCF : FE;
 FFD0 : FE;
 FFD1 : FE;
 FFD2 : FE;
 FFD3 : FE;
 FFD4 : FE;
 FFD5 : FE;
 FFD6 : FE;
 FFD7 : FE;
 FFD8 : FE;
 FFD9 : FE;
 FFDA : FE;
 FFDB : FE;
 FFDC : FE;
 FFDD : FE;
 FFDE : FE;
 FFDF : FE;
 FFE0 : FE;
 FFE1 : FE;
 FFE2 : FE;
 FFE3 : FE;
 FFE4 : FE;
 FFE5 : FE;
 FFE6 : FE;
 FFE7 : FE;
 FFE8 : FE;
 FFE9 : FE;
 FFEA : FE;
 FFEB : FE;
 FFEC : FE;
 FFED : FE;
 FFEE : FE;
 FFEF : FE;
 FFF0 : FE;
 FFF1 : FE;
 FFF2 : FE;
 FFF3 : FE;
 FFF4 : FE;
 FFF5 : FE;
 FFF6 : FE;
 FFF7 : FE;
 FFF8 : FE;
 FFF9 : FE;
 FFFA : FE;
 FFFB : FE;
 FFFC : FE;
 FFFD : FE;
 FFFE : FE;
 FFFF : FE;
 10000 : FE;
 10001 : FE;
 10002 : FE;
 10003 : FE;
 10004 : FE;
 10005 : FE;
 10006 : FE;
 10007 : FE;
 10008 : FE;
 10009 : FE;
 1000A : FE;
 1000B : FE;
 1000C : FE;
 1000D : FE;
 1000E : FE;
 1000F : FE;
 10010 : FE;
 10011 : FE;
 10012 : FE;
 10013 : FE;
 10014 : FE;
 10015 : FE;
 10016 : FE;
 10017 : FE;
 10018 : FE;
 10019 : FE;
 1001A : FE;
 1001B : FE;
 1001C : FE;
 1001D : FE;
 1001E : FE;
 1001F : FE;
 10020 : FE;
 10021 : FE;
 10022 : FE;
 10023 : FE;
 10024 : FE;
 10025 : FE;
 10026 : FE;
 10027 : FE;
 10028 : FE;
 10029 : FE;
 1002A : FE;
 1002B : FE;
 1002C : FE;
 1002D : FE;
 1002E : FE;
 1002F : FE;
 10030 : FE;
 10031 : FE;
 10032 : FE;
 10033 : FE;
 10034 : FE;
 10035 : FE;
 10036 : FE;
 10037 : FE;
 10038 : FE;
 10039 : FE;
 1003A : FE;
 1003B : FE;
 1003C : FE;
 1003D : FE;
 1003E : FE;
 1003F : FE;
 10040 : FE;
 10041 : FE;
 10042 : FE;
 10043 : FE;
 10044 : FE;
 10045 : FE;
 10046 : FE;
 10047 : FE;
 10048 : FE;
 10049 : FE;
 1004A : FE;
 1004B : FE;
 1004C : FE;
 1004D : FE;
 1004E : FE;
 1004F : FE;
 10050 : FE;
 10051 : FE;
 10052 : FE;
 10053 : FE;
 10054 : FE;
 10055 : FE;
 10056 : FE;
 10057 : FE;
 10058 : FE;
 10059 : FE;
 1005A : FE;
 1005B : FE;
 1005C : FE;
 1005D : FE;
 1005E : FE;
 1005F : FE;
 10060 : FE;
 10061 : FE;
 10062 : FE;
 10063 : FE;
 10064 : FE;
 10065 : FE;
 10066 : FE;
 10067 : FE;
 10068 : FE;
 10069 : FE;
 1006A : FE;
 1006B : FE;
 1006C : FE;
 1006D : FE;
 1006E : FE;
 1006F : FE;
 10070 : FE;
 10071 : FE;
 10072 : FE;
 10073 : FE;
 10074 : FE;
 10075 : FE;
 10076 : FE;
 10077 : FE;
 10078 : FE;
 10079 : FE;
 1007A : FE;
 1007B : FE;
 1007C : FE;
 1007D : FE;
 1007E : FE;
 1007F : FE;
 10080 : FE;
 10081 : FE;
 10082 : FE;
 10083 : FE;
 10084 : FE;
 10085 : FE;
 10086 : FE;
 10087 : FE;
 10088 : FE;
 10089 : FE;
 1008A : FE;
 1008B : FE;
 1008C : FE;
 1008D : FE;
 1008E : FE;
 1008F : FE;
 10090 : FE;
 10091 : FE;
 10092 : FE;
 10093 : FE;
 10094 : FE;
 10095 : FE;
 10096 : FE;
 10097 : FE;
 10098 : FE;
 10099 : FE;
 1009A : FE;
 1009B : FE;
 1009C : FE;
 1009D : FE;
 1009E : FE;
 1009F : FE;
 100A0 : FE;
 100A1 : FE;
 100A2 : FE;
 100A3 : FE;
 100A4 : FE;
 100A5 : FE;
 100A6 : FE;
 100A7 : FE;
 100A8 : FE;
 100A9 : FE;
 100AA : FE;
 100AB : FE;
 100AC : FE;
 100AD : FE;
 100AE : FE;
 100AF : FE;
 100B0 : FE;
 100B1 : FE;
 100B2 : FE;
 100B3 : FE;
 100B4 : FE;
 100B5 : FE;
 100B6 : FE;
 100B7 : FE;
 100B8 : FE;
 100B9 : FE;
 100BA : FE;
 100BB : FE;
 100BC : FE;
 100BD : FE;
 100BE : FE;
 100BF : FE;
 100C0 : FE;
 100C1 : FE;
 100C2 : FE;
 100C3 : FE;
 100C4 : FE;
 100C5 : FE;
 100C6 : FE;
 100C7 : FE;
 100C8 : FE;
 100C9 : FE;
 100CA : FE;
 100CB : FE;
 100CC : FE;
 100CD : FE;
 100CE : FE;
 100CF : FE;
 100D0 : FE;
 100D1 : FE;
 100D2 : FE;
 100D3 : FE;
 100D4 : FE;
 100D5 : FE;
 100D6 : FE;
 100D7 : FE;
 100D8 : FE;
 100D9 : FE;
 100DA : FE;
 100DB : FE;
 100DC : FE;
 100DD : FE;
 100DE : FE;
 100DF : FE;
 100E0 : FE;
 100E1 : FE;
 100E2 : FE;
 100E3 : FE;
 100E4 : FE;
 100E5 : FE;
 100E6 : FE;
 100E7 : FE;
 100E8 : FE;
 100E9 : FE;
 100EA : FE;
 100EB : FE;
 100EC : FE;
 100ED : FE;
 100EE : FE;
 100EF : FE;
 100F0 : FE;
 100F1 : FE;
 100F2 : FE;
 100F3 : FE;
 100F4 : FE;
 100F5 : FE;
 100F6 : FE;
 100F7 : FE;
 100F8 : FE;
 100F9 : FE;
 100FA : FE;
 100FB : FE;
 100FC : FE;
 100FD : FE;
 100FE : FE;
 100FF : FE;
 10100 : FE;
 10101 : FE;
 10102 : FE;
 10103 : FE;
 10104 : FE;
 10105 : FE;
 10106 : FE;
 10107 : FE;
 10108 : FE;
 10109 : FE;
 1010A : FE;
 1010B : FE;
 1010C : FE;
 1010D : FE;
 1010E : FE;
 1010F : FE;
 10110 : FE;
 10111 : FE;
 10112 : FE;
 10113 : FE;
 10114 : FE;
 10115 : FE;
 10116 : FE;
 10117 : FE;
 10118 : FE;
 10119 : FE;
 1011A : FE;
 1011B : FE;
 1011C : FE;
 1011D : FE;
 1011E : FE;
 1011F : FE;
 10120 : FE;
 10121 : FE;
 10122 : FE;
 10123 : FE;
 10124 : FE;
 10125 : FE;
 10126 : FE;
 10127 : FE;
 10128 : FE;
 10129 : FE;
 1012A : FE;
 1012B : FE;
 1012C : FE;
 1012D : FE;
 1012E : FE;
 1012F : FE;
 10130 : FE;
 10131 : FE;
 10132 : FE;
 10133 : FE;
 10134 : FE;
 10135 : FE;
 10136 : FE;
 10137 : FE;
 10138 : FE;
 10139 : FE;
 1013A : FE;
 1013B : FE;
 1013C : FE;
 1013D : FE;
 1013E : FE;
 1013F : FE;
 10140 : FE;
 10141 : FE;
 10142 : FE;
 10143 : FE;
 10144 : FE;
 10145 : FE;
 10146 : FE;
 10147 : FE;
 10148 : FE;
 10149 : FE;
 1014A : FE;
 1014B : FE;
 1014C : FE;
 1014D : FE;
 1014E : FE;
 1014F : FE;
 10150 : FE;
 10151 : FE;
 10152 : FE;
 10153 : FE;
 10154 : FE;
 10155 : FE;
 10156 : FE;
 10157 : FE;
 10158 : FE;
 10159 : FE;
 1015A : FE;
 1015B : FE;
 1015C : FE;
 1015D : FE;
 1015E : FE;
 1015F : FE;
 10160 : FE;
 10161 : FE;
 10162 : FE;
 10163 : FE;
 10164 : FE;
 10165 : FE;
 10166 : FE;
 10167 : FE;
 10168 : FE;
 10169 : FE;
 1016A : FE;
 1016B : FE;
 1016C : FE;
 1016D : FE;
 1016E : FE;
 1016F : FE;
 10170 : FE;
 10171 : FE;
 10172 : FE;
 10173 : FE;
 10174 : FE;
 10175 : FE;
 10176 : FE;
 10177 : FE;
 10178 : FE;
 10179 : FE;
 1017A : FE;
 1017B : FE;
 1017C : FE;
 1017D : FE;
 1017E : FE;
 1017F : FE;
 10180 : FE;
 10181 : FE;
 10182 : FE;
 10183 : FE;
 10184 : FE;
 10185 : FE;
 10186 : FE;
 10187 : FE;
 10188 : FE;
 10189 : FE;
 1018A : FE;
 1018B : FE;
 1018C : FE;
 1018D : FE;
 1018E : FE;
 1018F : FE;
 10190 : FE;
 10191 : FE;
 10192 : FE;
 10193 : FE;
 10194 : FE;
 10195 : FE;
 10196 : FE;
 10197 : FE;
 10198 : FE;
 10199 : FE;
 1019A : FE;
 1019B : FE;
 1019C : FE;
 1019D : FE;
 1019E : FE;
 1019F : FE;
 101A0 : FE;
 101A1 : FE;
 101A2 : FE;
 101A3 : FE;
 101A4 : FE;
 101A5 : FE;
 101A6 : FE;
 101A7 : FE;
 101A8 : FE;
 101A9 : FE;
 101AA : FE;
 101AB : FE;
 101AC : FE;
 101AD : FE;
 101AE : FE;
 101AF : FE;
 101B0 : FE;
 101B1 : FE;
 101B2 : FE;
 101B3 : FE;
 101B4 : FE;
 101B5 : FE;
 101B6 : FE;
 101B7 : FE;
 101B8 : FE;
 101B9 : FE;
 101BA : FE;
 101BB : FE;
 101BC : FE;
 101BD : FE;
 101BE : FE;
 101BF : FE;
 101C0 : FE;
 101C1 : FE;
 101C2 : FE;
 101C3 : FE;
 101C4 : FE;
 101C5 : FE;
 101C6 : FE;
 101C7 : FE;
 101C8 : FE;
 101C9 : FE;
 101CA : FE;
 101CB : FE;
 101CC : FE;
 101CD : FE;
 101CE : FE;
 101CF : FE;
 101D0 : FE;
 101D1 : FE;
 101D2 : FE;
 101D3 : FE;
 101D4 : FE;
 101D5 : FE;
 101D6 : FE;
 101D7 : FE;
 101D8 : FE;
 101D9 : FE;
 101DA : FE;
 101DB : FE;
 101DC : FE;
 101DD : FE;
 101DE : FE;
 101DF : FE;
 101E0 : FE;
 101E1 : FE;
 101E2 : FE;
 101E3 : FE;
 101E4 : FE;
 101E5 : FE;
 101E6 : FE;
 101E7 : FE;
 101E8 : FE;
 101E9 : FE;
 101EA : FE;
 101EB : FE;
 101EC : FE;
 101ED : FE;
 101EE : FE;
 101EF : FE;
 101F0 : FE;
 101F1 : FE;
 101F2 : FE;
 101F3 : FE;
 101F4 : FE;
 101F5 : FE;
 101F6 : FE;
 101F7 : FE;
 101F8 : FE;
 101F9 : FE;
 101FA : FE;
 101FB : FE;
 101FC : FE;
 101FD : FE;
 101FE : FE;
 101FF : FE;
 10200 : FE;
 10201 : FE;
 10202 : FE;
 10203 : FE;
 10204 : FE;
 10205 : FE;
 10206 : FE;
 10207 : FE;
 10208 : FE;
 10209 : FE;
 1020A : FE;
 1020B : FE;
 1020C : FE;
 1020D : FE;
 1020E : FE;
 1020F : FE;
 10210 : FE;
 10211 : FE;
 10212 : FE;
 10213 : FE;
 10214 : FE;
 10215 : FE;
 10216 : FE;
 10217 : FE;
 10218 : FE;
 10219 : FE;
 1021A : FE;
 1021B : FE;
 1021C : FE;
 1021D : FE;
 1021E : FE;
 1021F : FE;
 10220 : FE;
 10221 : FE;
 10222 : FE;
 10223 : FE;
 10224 : FE;
 10225 : FE;
 10226 : FE;
 10227 : FE;
 10228 : FE;
 10229 : FE;
 1022A : FE;
 1022B : FE;
 1022C : FE;
 1022D : FE;
 1022E : FE;
 1022F : FE;
 10230 : FE;
 10231 : FE;
 10232 : FE;
 10233 : FE;
 10234 : FE;
 10235 : FE;
 10236 : FE;
 10237 : FE;
 10238 : FE;
 10239 : FE;
 1023A : FE;
 1023B : FE;
 1023C : FE;
 1023D : FE;
 1023E : FE;
 1023F : FE;
 10240 : FE;
 10241 : FE;
 10242 : FE;
 10243 : FE;
 10244 : FE;
 10245 : FE;
 10246 : FE;
 10247 : FE;
 10248 : FE;
 10249 : FE;
 1024A : FE;
 1024B : FE;
 1024C : FE;
 1024D : FE;
 1024E : FE;
 1024F : FE;
 10250 : FE;
 10251 : FE;
 10252 : FE;
 10253 : FE;
 10254 : FE;
 10255 : FE;
 10256 : FE;
 10257 : FE;
 10258 : FE;
 10259 : FE;
 1025A : FE;
 1025B : FE;
 1025C : FE;
 1025D : FE;
 1025E : FE;
 1025F : FE;
 10260 : FE;
 10261 : FE;
 10262 : FE;
 10263 : FE;
 10264 : FE;
 10265 : FE;
 10266 : FE;
 10267 : FE;
 10268 : FE;
 10269 : FE;
 1026A : FE;
 1026B : FE;
 1026C : FE;
 1026D : FE;
 1026E : FE;
 1026F : FE;
 10270 : FE;
 10271 : FE;
 10272 : FE;
 10273 : FE;
 10274 : FE;
 10275 : FE;
 10276 : FE;
 10277 : FE;
 10278 : FE;
 10279 : FE;
 1027A : FE;
 1027B : FE;
 1027C : FE;
 1027D : FE;
 1027E : FE;
 1027F : FE;
 10280 : FE;
 10281 : FE;
 10282 : FE;
 10283 : FE;
 10284 : FE;
 10285 : FE;
 10286 : FE;
 10287 : FE;
 10288 : FE;
 10289 : FE;
 1028A : FE;
 1028B : FE;
 1028C : FE;
 1028D : FE;
 1028E : FE;
 1028F : FE;
 10290 : FE;
 10291 : FE;
 10292 : FE;
 10293 : FE;
 10294 : FE;
 10295 : FE;
 10296 : FE;
 10297 : FE;
 10298 : FE;
 10299 : FE;
 1029A : FE;
 1029B : FE;
 1029C : FE;
 1029D : FE;
 1029E : FE;
 1029F : FE;
 102A0 : FE;
 102A1 : FE;
 102A2 : FE;
 102A3 : FE;
 102A4 : FE;
 102A5 : FE;
 102A6 : FE;
 102A7 : FE;
 102A8 : FE;
 102A9 : FE;
 102AA : FE;
 102AB : FE;
 102AC : FE;
 102AD : FE;
 102AE : FE;
 102AF : FE;
 102B0 : FE;
 102B1 : FE;
 102B2 : FE;
 102B3 : FE;
 102B4 : FE;
 102B5 : FE;
 102B6 : FE;
 102B7 : FE;
 102B8 : FE;
 102B9 : FE;
 102BA : FE;
 102BB : FE;
 102BC : FE;
 102BD : FE;
 102BE : FE;
 102BF : FE;
 102C0 : FE;
 102C1 : FE;
 102C2 : FE;
 102C3 : FE;
 102C4 : FE;
 102C5 : FE;
 102C6 : FE;
 102C7 : FE;
 102C8 : FE;
 102C9 : FE;
 102CA : FE;
 102CB : FE;
 102CC : FE;
 102CD : FE;
 102CE : FE;
 102CF : FE;
 102D0 : FE;
 102D1 : FE;
 102D2 : FE;
 102D3 : FE;
 102D4 : FE;
 102D5 : FE;
 102D6 : FE;
 102D7 : FE;
 102D8 : FE;
 102D9 : FE;
 102DA : FE;
 102DB : FE;
 102DC : FE;
 102DD : FE;
 102DE : FE;
 102DF : FE;
 102E0 : FE;
 102E1 : FE;
 102E2 : FE;
 102E3 : FE;
 102E4 : FE;
 102E5 : FE;
 102E6 : FE;
 102E7 : FE;
 102E8 : FE;
 102E9 : FE;
 102EA : FE;
 102EB : FE;
 102EC : FE;
 102ED : FE;
 102EE : FE;
 102EF : FE;
 102F0 : FE;
 102F1 : FE;
 102F2 : FE;
 102F3 : FE;
 102F4 : FE;
 102F5 : FE;
 102F6 : FE;
 102F7 : FE;
 102F8 : FE;
 102F9 : FE;
 102FA : FE;
 102FB : FE;
 102FC : FE;
 102FD : FE;
 102FE : FE;
 102FF : FE;
 10300 : FE;
 10301 : FE;
 10302 : FE;
 10303 : FE;
 10304 : FE;
 10305 : FE;
 10306 : FE;
 10307 : FE;
 10308 : FE;
 10309 : FE;
 1030A : FE;
 1030B : FE;
 1030C : FE;
 1030D : FE;
 1030E : FE;
 1030F : FE;
 10310 : FE;
 10311 : FE;
 10312 : FE;
 10313 : FE;
 10314 : FE;
 10315 : FE;
 10316 : FE;
 10317 : FE;
 10318 : FE;
 10319 : FE;
 1031A : FE;
 1031B : FE;
 1031C : FE;
 1031D : FE;
 1031E : FE;
 1031F : FE;
 10320 : FE;
 10321 : FE;
 10322 : FE;
 10323 : FE;
 10324 : FE;
 10325 : FE;
 10326 : FE;
 10327 : FE;
 10328 : FE;
 10329 : FE;
 1032A : FE;
 1032B : FE;
 1032C : FE;
 1032D : FE;
 1032E : FE;
 1032F : FE;
 10330 : FE;
 10331 : FE;
 10332 : FE;
 10333 : FE;
 10334 : FE;
 10335 : FE;
 10336 : FE;
 10337 : FE;
 10338 : FE;
 10339 : FE;
 1033A : FE;
 1033B : FE;
 1033C : FE;
 1033D : FE;
 1033E : FE;
 1033F : FE;
 10340 : FE;
 10341 : FE;
 10342 : FE;
 10343 : FE;
 10344 : FE;
 10345 : FE;
 10346 : FE;
 10347 : FE;
 10348 : FE;
 10349 : FE;
 1034A : FE;
 1034B : FE;
 1034C : FE;
 1034D : FE;
 1034E : FE;
 1034F : FE;
 10350 : FE;
 10351 : FE;
 10352 : FE;
 10353 : FE;
 10354 : FE;
 10355 : FE;
 10356 : FE;
 10357 : FE;
 10358 : FE;
 10359 : FE;
 1035A : FE;
 1035B : FE;
 1035C : FE;
 1035D : FE;
 1035E : FE;
 1035F : FE;
 10360 : FE;
 10361 : FE;
 10362 : FE;
 10363 : FE;
 10364 : FE;
 10365 : FE;
 10366 : FE;
 10367 : FE;
 10368 : FE;
 10369 : FE;
 1036A : FE;
 1036B : FE;
 1036C : FE;
 1036D : FE;
 1036E : FE;
 1036F : FE;
 10370 : FE;
 10371 : FE;
 10372 : FE;
 10373 : FE;
 10374 : FE;
 10375 : FE;
 10376 : FE;
 10377 : FE;
 10378 : FE;
 10379 : FE;
 1037A : FE;
 1037B : FE;
 1037C : FE;
 1037D : FE;
 1037E : FE;
 1037F : FE;
 10380 : FE;
 10381 : FE;
 10382 : FE;
 10383 : FE;
 10384 : FE;
 10385 : FE;
 10386 : FE;
 10387 : FE;
 10388 : FE;
 10389 : FE;
 1038A : FE;
 1038B : FE;
 1038C : FE;
 1038D : FE;
 1038E : FE;
 1038F : FE;
 10390 : FE;
 10391 : FE;
 10392 : FE;
 10393 : FE;
 10394 : FE;
 10395 : FE;
 10396 : FE;
 10397 : FE;
 10398 : FE;
 10399 : FE;
 1039A : FE;
 1039B : FE;
 1039C : FE;
 1039D : FE;
 1039E : FE;
 1039F : FE;
 103A0 : FE;
 103A1 : FE;
 103A2 : FE;
 103A3 : FE;
 103A4 : FE;
 103A5 : FE;
 103A6 : FE;
 103A7 : FE;
 103A8 : FE;
 103A9 : FE;
 103AA : FE;
 103AB : FE;
 103AC : FE;
 103AD : FE;
 103AE : FE;
 103AF : FE;
 103B0 : FE;
 103B1 : FE;
 103B2 : FE;
 103B3 : FE;
 103B4 : FE;
 103B5 : FE;
 103B6 : FE;
 103B7 : FE;
 103B8 : FE;
 103B9 : FE;
 103BA : FE;
 103BB : FE;
 103BC : FE;
 103BD : FE;
 103BE : FE;
 103BF : FE;
 103C0 : FE;
 103C1 : FE;
 103C2 : FE;
 103C3 : FE;
 103C4 : FE;
 103C5 : FE;
 103C6 : FE;
 103C7 : FE;
 103C8 : FE;
 103C9 : FE;
 103CA : FE;
 103CB : FE;
 103CC : FE;
 103CD : FE;
 103CE : FE;
 103CF : FE;
 103D0 : FE;
 103D1 : FE;
 103D2 : FE;
 103D3 : FE;
 103D4 : FE;
 103D5 : FE;
 103D6 : FE;
 103D7 : FE;
 103D8 : FE;
 103D9 : FE;
 103DA : FE;
 103DB : FE;
 103DC : FE;
 103DD : FE;
 103DE : FE;
 103DF : FE;
 103E0 : FE;
 103E1 : FE;
 103E2 : FE;
 103E3 : FE;
 103E4 : FE;
 103E5 : FE;
 103E6 : FE;
 103E7 : FE;
 103E8 : FE;
 103E9 : FE;
 103EA : FE;
 103EB : FE;
 103EC : FE;
 103ED : FE;
 103EE : FE;
 103EF : FE;
 103F0 : FE;
 103F1 : FE;
 103F2 : FE;
 103F3 : FE;
 103F4 : FE;
 103F5 : FE;
 103F6 : FE;
 103F7 : FE;
 103F8 : FE;
 103F9 : FE;
 103FA : FE;
 103FB : FE;
 103FC : FE;
 103FD : FE;
 103FE : FE;
 103FF : FE;
 10400 : FE;
 10401 : FE;
 10402 : FE;
 10403 : FE;
 10404 : FE;
 10405 : FE;
 10406 : FE;
 10407 : FE;
 10408 : FE;
 10409 : FE;
 1040A : FE;
 1040B : FE;
 1040C : FE;
 1040D : FE;
 1040E : FE;
 1040F : FE;
 10410 : FE;
 10411 : FE;
 10412 : FE;
 10413 : FE;
 10414 : FE;
 10415 : FE;
 10416 : FE;
 10417 : FE;
 10418 : FE;
 10419 : FE;
 1041A : FE;
 1041B : FE;
 1041C : FE;
 1041D : FE;
 1041E : FE;
 1041F : FE;
 10420 : FE;
 10421 : FE;
 10422 : FE;
 10423 : FE;
 10424 : FE;
 10425 : FE;
 10426 : FE;
 10427 : FE;
 10428 : FE;
 10429 : FE;
 1042A : FE;
 1042B : FE;
 1042C : FE;
 1042D : FE;
 1042E : FE;
 1042F : FE;
 10430 : FE;
 10431 : FE;
 10432 : FE;
 10433 : FE;
 10434 : FE;
 10435 : FE;
 10436 : FE;
 10437 : FE;
 10438 : FE;
 10439 : FE;
 1043A : FE;
 1043B : FE;
 1043C : FE;
 1043D : FE;
 1043E : FE;
 1043F : FE;
 10440 : FE;
 10441 : FE;
 10442 : FE;
 10443 : FE;
 10444 : FE;
 10445 : FE;
 10446 : FE;
 10447 : FE;
 10448 : FE;
 10449 : FE;
 1044A : FE;
 1044B : FE;
 1044C : FE;
 1044D : FE;
 1044E : FE;
 1044F : FE;
 10450 : FE;
 10451 : FE;
 10452 : FE;
 10453 : FE;
 10454 : FE;
 10455 : FE;
 10456 : FE;
 10457 : FE;
 10458 : FE;
 10459 : FE;
 1045A : FE;
 1045B : FE;
 1045C : FE;
 1045D : FE;
 1045E : FE;
 1045F : FE;
 10460 : FE;
 10461 : FE;
 10462 : FE;
 10463 : FE;
 10464 : FE;
 10465 : FE;
 10466 : FE;
 10467 : FE;
 10468 : FE;
 10469 : FE;
 1046A : FE;
 1046B : FE;
 1046C : FE;
 1046D : FE;
 1046E : FE;
 1046F : FE;
 10470 : FE;
 10471 : FE;
 10472 : FE;
 10473 : FE;
 10474 : FE;
 10475 : FE;
 10476 : FE;
 10477 : FE;
 10478 : FE;
 10479 : FE;
 1047A : FE;
 1047B : FE;
 1047C : FE;
 1047D : FE;
 1047E : FE;
 1047F : FE;
 10480 : FE;
 10481 : FE;
 10482 : FE;
 10483 : FE;
 10484 : FE;
 10485 : FE;
 10486 : FE;
 10487 : FE;
 10488 : FE;
 10489 : FE;
 1048A : FE;
 1048B : FE;
 1048C : FE;
 1048D : FE;
 1048E : FE;
 1048F : FE;
 10490 : FE;
 10491 : FE;
 10492 : FE;
 10493 : FE;
 10494 : FE;
 10495 : FE;
 10496 : FE;
 10497 : FE;
 10498 : FE;
 10499 : FE;
 1049A : FE;
 1049B : FE;
 1049C : FE;
 1049D : FE;
 1049E : FE;
 1049F : FE;
 104A0 : FE;
 104A1 : FE;
 104A2 : FE;
 104A3 : FE;
 104A4 : FE;
 104A5 : FE;
 104A6 : FE;
 104A7 : FE;
 104A8 : FE;
 104A9 : FE;
 104AA : FE;
 104AB : FE;
 104AC : FE;
 104AD : FE;
 104AE : FE;
 104AF : FE;
 104B0 : FE;
 104B1 : FE;
 104B2 : FE;
 104B3 : FE;
 104B4 : FE;
 104B5 : FE;
 104B6 : FE;
 104B7 : FE;
 104B8 : FE;
 104B9 : FE;
 104BA : FE;
 104BB : FE;
 104BC : FE;
 104BD : FE;
 104BE : FE;
 104BF : FE;
 104C0 : FE;
 104C1 : FE;
 104C2 : FE;
 104C3 : FE;
 104C4 : FE;
 104C5 : FE;
 104C6 : FE;
 104C7 : FE;
 104C8 : FE;
 104C9 : FE;
 104CA : FE;
 104CB : FE;
 104CC : FE;
 104CD : FE;
 104CE : FE;
 104CF : FE;
 104D0 : FE;
 104D1 : FE;
 104D2 : FE;
 104D3 : FE;
 104D4 : FE;
 104D5 : FE;
 104D6 : FE;
 104D7 : FE;
 104D8 : FE;
 104D9 : FE;
 104DA : FE;
 104DB : FE;
 104DC : FE;
 104DD : FE;
 104DE : FE;
 104DF : FE;
 104E0 : FE;
 104E1 : FE;
 104E2 : FE;
 104E3 : FE;
 104E4 : FE;
 104E5 : FE;
 104E6 : FE;
 104E7 : FE;
 104E8 : FE;
 104E9 : FE;
 104EA : FE;
 104EB : FE;
 104EC : FE;
 104ED : FE;
 104EE : FE;
 104EF : FE;
 104F0 : FE;
 104F1 : FE;
 104F2 : FE;
 104F3 : FE;
 104F4 : FE;
 104F5 : FE;
 104F6 : FE;
 104F7 : FE;
 104F8 : FE;
 104F9 : FE;
 104FA : FE;
 104FB : FE;
 104FC : FE;
 104FD : FE;
 104FE : FE;
 104FF : FE;
 10500 : FE;
 10501 : FE;
 10502 : FE;
 10503 : FE;
 10504 : FE;
 10505 : FE;
 10506 : FE;
 10507 : FE;
 10508 : FE;
 10509 : FE;
 1050A : FE;
 1050B : FE;
 1050C : FE;
 1050D : FE;
 1050E : FE;
 1050F : FE;
 10510 : FE;
 10511 : FE;
 10512 : FE;
 10513 : FE;
 10514 : FE;
 10515 : FE;
 10516 : FE;
 10517 : FE;
 10518 : FE;
 10519 : FE;
 1051A : FE;
 1051B : FE;
 1051C : FE;
 1051D : FE;
 1051E : FE;
 1051F : FE;
 10520 : FE;
 10521 : FE;
 10522 : FE;
 10523 : FE;
 10524 : FE;
 10525 : FE;
 10526 : FE;
 10527 : FE;
 10528 : FE;
 10529 : FE;
 1052A : FE;
 1052B : FE;
 1052C : FE;
 1052D : FE;
 1052E : FE;
 1052F : FE;
 10530 : FE;
 10531 : FE;
 10532 : FE;
 10533 : FE;
 10534 : FE;
 10535 : FE;
 10536 : FE;
 10537 : FE;
 10538 : FE;
 10539 : FE;
 1053A : FE;
 1053B : FE;
 1053C : FE;
 1053D : FE;
 1053E : FE;
 1053F : FE;
 10540 : FE;
 10541 : FE;
 10542 : FE;
 10543 : FE;
 10544 : FE;
 10545 : FE;
 10546 : FE;
 10547 : FE;
 10548 : FE;
 10549 : FE;
 1054A : FE;
 1054B : FE;
 1054C : FE;
 1054D : FE;
 1054E : FE;
 1054F : FE;
 10550 : FE;
 10551 : FE;
 10552 : FE;
 10553 : FE;
 10554 : FE;
 10555 : FE;
 10556 : FE;
 10557 : FE;
 10558 : FE;
 10559 : FE;
 1055A : FE;
 1055B : FE;
 1055C : FE;
 1055D : FE;
 1055E : FE;
 1055F : FE;
 10560 : FE;
 10561 : FE;
 10562 : FE;
 10563 : FE;
 10564 : FE;
 10565 : FE;
 10566 : FE;
 10567 : FE;
 10568 : FE;
 10569 : FE;
 1056A : FE;
 1056B : FE;
 1056C : FE;
 1056D : FE;
 1056E : FE;
 1056F : FE;
 10570 : FE;
 10571 : FE;
 10572 : FE;
 10573 : FE;
 10574 : FE;
 10575 : FE;
 10576 : FE;
 10577 : FE;
 10578 : FE;
 10579 : FE;
 1057A : FE;
 1057B : FE;
 1057C : FE;
 1057D : FE;
 1057E : FE;
 1057F : FE;
 10580 : FE;
 10581 : FE;
 10582 : FE;
 10583 : FE;
 10584 : FE;
 10585 : FE;
 10586 : FE;
 10587 : FE;
 10588 : FE;
 10589 : FE;
 1058A : FE;
 1058B : FE;
 1058C : FE;
 1058D : FE;
 1058E : FE;
 1058F : FE;
 10590 : FE;
 10591 : FE;
 10592 : FE;
 10593 : FE;
 10594 : FE;
 10595 : FE;
 10596 : FE;
 10597 : FE;
 10598 : FE;
 10599 : FE;
 1059A : FE;
 1059B : FE;
 1059C : FE;
 1059D : FE;
 1059E : FE;
 1059F : FE;
 105A0 : FE;
 105A1 : FE;
 105A2 : FE;
 105A3 : FE;
 105A4 : FE;
 105A5 : FE;
 105A6 : FE;
 105A7 : FE;
 105A8 : FE;
 105A9 : FE;
 105AA : FE;
 105AB : FE;
 105AC : FE;
 105AD : FE;
 105AE : FE;
 105AF : FE;
 105B0 : FE;
 105B1 : FE;
 105B2 : FE;
 105B3 : FE;
 105B4 : FE;
 105B5 : FE;
 105B6 : FE;
 105B7 : FE;
 105B8 : FE;
 105B9 : FE;
 105BA : FE;
 105BB : FE;
 105BC : FE;
 105BD : FE;
 105BE : FE;
 105BF : FE;
 105C0 : FE;
 105C1 : FE;
 105C2 : FE;
 105C3 : FE;
 105C4 : FE;
 105C5 : FE;
 105C6 : FE;
 105C7 : FE;
 105C8 : FE;
 105C9 : FE;
 105CA : FE;
 105CB : FE;
 105CC : FE;
 105CD : FE;
 105CE : FE;
 105CF : FE;
 105D0 : FE;
 105D1 : FE;
 105D2 : FE;
 105D3 : FE;
 105D4 : FE;
 105D5 : FE;
 105D6 : FE;
 105D7 : FE;
 105D8 : FE;
 105D9 : FE;
 105DA : FE;
 105DB : FE;
 105DC : FE;
 105DD : FE;
 105DE : FE;
 105DF : FE;
 105E0 : FE;
 105E1 : FE;
 105E2 : FE;
 105E3 : FE;
 105E4 : FE;
 105E5 : FE;
 105E6 : FE;
 105E7 : FE;
 105E8 : FE;
 105E9 : FE;
 105EA : FE;
 105EB : FE;
 105EC : FE;
 105ED : FE;
 105EE : FE;
 105EF : FE;
 105F0 : FE;
 105F1 : FE;
 105F2 : FE;
 105F3 : FE;
 105F4 : FE;
 105F5 : FE;
 105F6 : FE;
 105F7 : FE;
 105F8 : FE;
 105F9 : FE;
 105FA : FE;
 105FB : FE;
 105FC : FE;
 105FD : FE;
 105FE : FE;
 105FF : FE;
 10600 : FE;
 10601 : FE;
 10602 : FE;
 10603 : FE;
 10604 : FE;
 10605 : FE;
 10606 : FE;
 10607 : FE;
 10608 : FE;
 10609 : FE;
 1060A : FE;
 1060B : FE;
 1060C : FE;
 1060D : FE;
 1060E : FE;
 1060F : FE;
 10610 : FE;
 10611 : FE;
 10612 : FE;
 10613 : FE;
 10614 : FE;
 10615 : FE;
 10616 : FE;
 10617 : FE;
 10618 : FE;
 10619 : FE;
 1061A : FE;
 1061B : FE;
 1061C : FE;
 1061D : FE;
 1061E : FE;
 1061F : FE;
 10620 : FE;
 10621 : FE;
 10622 : FE;
 10623 : FE;
 10624 : FE;
 10625 : FE;
 10626 : FE;
 10627 : FE;
 10628 : FE;
 10629 : FE;
 1062A : FE;
 1062B : FE;
 1062C : FE;
 1062D : FE;
 1062E : FE;
 1062F : FE;
 10630 : FE;
 10631 : FE;
 10632 : FE;
 10633 : FE;
 10634 : FE;
 10635 : FE;
 10636 : FE;
 10637 : FE;
 10638 : FE;
 10639 : FE;
 1063A : FE;
 1063B : FE;
 1063C : FE;
 1063D : FE;
 1063E : FE;
 1063F : FE;
 10640 : FE;
 10641 : FE;
 10642 : FE;
 10643 : FE;
 10644 : FE;
 10645 : FE;
 10646 : FE;
 10647 : FE;
 10648 : FE;
 10649 : FE;
 1064A : FE;
 1064B : FE;
 1064C : FE;
 1064D : FE;
 1064E : FE;
 1064F : FE;
 10650 : FE;
 10651 : FE;
 10652 : FE;
 10653 : FE;
 10654 : FE;
 10655 : FE;
 10656 : FE;
 10657 : FE;
 10658 : FE;
 10659 : FE;
 1065A : FE;
 1065B : FE;
 1065C : FE;
 1065D : FE;
 1065E : FE;
 1065F : FE;
 10660 : FE;
 10661 : FE;
 10662 : FE;
 10663 : FE;
 10664 : FE;
 10665 : FE;
 10666 : FE;
 10667 : FE;
 10668 : FE;
 10669 : FE;
 1066A : FE;
 1066B : FE;
 1066C : FE;
 1066D : FE;
 1066E : FE;
 1066F : FE;
 10670 : FE;
 10671 : FE;
 10672 : FE;
 10673 : FE;
 10674 : FE;
 10675 : FE;
 10676 : FE;
 10677 : FE;
 10678 : FE;
 10679 : FE;
 1067A : FE;
 1067B : FE;
 1067C : FE;
 1067D : FE;
 1067E : FE;
 1067F : FE;
 10680 : FE;
 10681 : FE;
 10682 : FE;
 10683 : FE;
 10684 : FE;
 10685 : FE;
 10686 : FE;
 10687 : FE;
 10688 : FE;
 10689 : FE;
 1068A : FE;
 1068B : FE;
 1068C : FE;
 1068D : FE;
 1068E : FE;
 1068F : FE;
 10690 : FE;
 10691 : FE;
 10692 : FE;
 10693 : FE;
 10694 : FE;
 10695 : FE;
 10696 : FE;
 10697 : FE;
 10698 : FE;
 10699 : FE;
 1069A : FE;
 1069B : FE;
 1069C : FE;
 1069D : FE;
 1069E : FE;
 1069F : FE;
 106A0 : FE;
 106A1 : FE;
 106A2 : FE;
 106A3 : FE;
 106A4 : FE;
 106A5 : FE;
 106A6 : FE;
 106A7 : FE;
 106A8 : FE;
 106A9 : FE;
 106AA : FE;
 106AB : FE;
 106AC : FE;
 106AD : FE;
 106AE : FE;
 106AF : FE;
 106B0 : FE;
 106B1 : FE;
 106B2 : FE;
 106B3 : FE;
 106B4 : FE;
 106B5 : FE;
 106B6 : FE;
 106B7 : FE;
 106B8 : FE;
 106B9 : FE;
 106BA : FE;
 106BB : FE;
 106BC : FE;
 106BD : FE;
 106BE : FE;
 106BF : FE;
 106C0 : FE;
 106C1 : FE;
 106C2 : FE;
 106C3 : FE;
 106C4 : FE;
 106C5 : FE;
 106C6 : FE;
 106C7 : FE;
 106C8 : FE;
 106C9 : FE;
 106CA : FE;
 106CB : FE;
 106CC : FE;
 106CD : FE;
 106CE : FE;
 106CF : FE;
 106D0 : FE;
 106D1 : FE;
 106D2 : FE;
 106D3 : FE;
 106D4 : FE;
 106D5 : FE;
 106D6 : FE;
 106D7 : FE;
 106D8 : FE;
 106D9 : FE;
 106DA : FE;
 106DB : FE;
 106DC : FE;
 106DD : FE;
 106DE : FE;
 106DF : FE;
 106E0 : FE;
 106E1 : FE;
 106E2 : FE;
 106E3 : FE;
 106E4 : FE;
 106E5 : FE;
 106E6 : FE;
 106E7 : FE;
 106E8 : FE;
 106E9 : FE;
 106EA : FE;
 106EB : FE;
 106EC : FE;
 106ED : FE;
 106EE : FE;
 106EF : FE;
 106F0 : FE;
 106F1 : FE;
 106F2 : FE;
 106F3 : FE;
 106F4 : FE;
 106F5 : FE;
 106F6 : FE;
 106F7 : FE;
 106F8 : FE;
 106F9 : FE;
 106FA : FE;
 106FB : FE;
 106FC : FE;
 106FD : FE;
 106FE : FE;
 106FF : FE;
 10700 : FE;
 10701 : FE;
 10702 : FE;
 10703 : FE;
 10704 : FE;
 10705 : FE;
 10706 : FE;
 10707 : FE;
 10708 : FE;
 10709 : FE;
 1070A : FE;
 1070B : FE;
 1070C : FE;
 1070D : FE;
 1070E : FE;
 1070F : FE;
 10710 : FE;
 10711 : FE;
 10712 : FE;
 10713 : FE;
 10714 : FE;
 10715 : FE;
 10716 : FE;
 10717 : FE;
 10718 : FE;
 10719 : FE;
 1071A : FE;
 1071B : FE;
 1071C : FE;
 1071D : FE;
 1071E : FE;
 1071F : FE;
 10720 : FE;
 10721 : FE;
 10722 : FE;
 10723 : FE;
 10724 : FE;
 10725 : FE;
 10726 : FE;
 10727 : FE;
 10728 : FE;
 10729 : FE;
 1072A : FE;
 1072B : FE;
 1072C : FE;
 1072D : FE;
 1072E : FE;
 1072F : FE;
 10730 : FE;
 10731 : FE;
 10732 : FE;
 10733 : FE;
 10734 : FE;
 10735 : FE;
 10736 : FE;
 10737 : FE;
 10738 : FE;
 10739 : FE;
 1073A : FE;
 1073B : FE;
 1073C : FE;
 1073D : FE;
 1073E : FE;
 1073F : FE;
 10740 : FE;
 10741 : FE;
 10742 : FE;
 10743 : FE;
 10744 : FE;
 10745 : FE;
 10746 : FE;
 10747 : FE;
 10748 : FE;
 10749 : FE;
 1074A : FE;
 1074B : FE;
 1074C : FE;
 1074D : FE;
 1074E : FE;
 1074F : FE;
 10750 : FE;
 10751 : FE;
 10752 : FE;
 10753 : FE;
 10754 : FE;
 10755 : FE;
 10756 : FE;
 10757 : FE;
 10758 : FE;
 10759 : FE;
 1075A : FE;
 1075B : FE;
 1075C : FE;
 1075D : FE;
 1075E : FE;
 1075F : FE;
 10760 : FE;
 10761 : FE;
 10762 : FE;
 10763 : FE;
 10764 : FE;
 10765 : FE;
 10766 : FE;
 10767 : FE;
 10768 : FE;
 10769 : FE;
 1076A : FE;
 1076B : FE;
 1076C : FE;
 1076D : FE;
 1076E : FE;
 1076F : FE;
 10770 : FE;
 10771 : FE;
 10772 : FE;
 10773 : FE;
 10774 : FE;
 10775 : FE;
 10776 : FE;
 10777 : FE;
 10778 : FE;
 10779 : FE;
 1077A : FE;
 1077B : FE;
 1077C : FE;
 1077D : FE;
 1077E : FE;
 1077F : FE;
 10780 : FE;
 10781 : FE;
 10782 : FE;
 10783 : FE;
 10784 : FE;
 10785 : FE;
 10786 : FE;
 10787 : FE;
 10788 : FE;
 10789 : FE;
 1078A : FE;
 1078B : FE;
 1078C : FE;
 1078D : FE;
 1078E : FE;
 1078F : FE;
 10790 : FE;
 10791 : FE;
 10792 : FE;
 10793 : FE;
 10794 : FE;
 10795 : FE;
 10796 : FE;
 10797 : FE;
 10798 : FE;
 10799 : FE;
 1079A : FE;
 1079B : FE;
 1079C : FE;
 1079D : FE;
 1079E : FE;
 1079F : FE;
 107A0 : FE;
 107A1 : FE;
 107A2 : FE;
 107A3 : FE;
 107A4 : FE;
 107A5 : FE;
 107A6 : FE;
 107A7 : FE;
 107A8 : FE;
 107A9 : FE;
 107AA : FE;
 107AB : FE;
 107AC : FE;
 107AD : FE;
 107AE : FE;
 107AF : FE;
 107B0 : FE;
 107B1 : FE;
 107B2 : FE;
 107B3 : FE;
 107B4 : FE;
 107B5 : FE;
 107B6 : FE;
 107B7 : FE;
 107B8 : FE;
 107B9 : FE;
 107BA : FE;
 107BB : FE;
 107BC : FE;
 107BD : FE;
 107BE : FE;
 107BF : FE;
 107C0 : FE;
 107C1 : FE;
 107C2 : FE;
 107C3 : FE;
 107C4 : FE;
 107C5 : FE;
 107C6 : FE;
 107C7 : FE;
 107C8 : FE;
 107C9 : FE;
 107CA : FE;
 107CB : FE;
 107CC : FE;
 107CD : FE;
 107CE : FE;
 107CF : FE;
 107D0 : FE;
 107D1 : FE;
 107D2 : FE;
 107D3 : FE;
 107D4 : FE;
 107D5 : FE;
 107D6 : FE;
 107D7 : FE;
 107D8 : FE;
 107D9 : FE;
 107DA : FE;
 107DB : FE;
 107DC : FE;
 107DD : FE;
 107DE : FE;
 107DF : FE;
 107E0 : FE;
 107E1 : FE;
 107E2 : FE;
 107E3 : FE;
 107E4 : FE;
 107E5 : FE;
 107E6 : FE;
 107E7 : FE;
 107E8 : FE;
 107E9 : FE;
 107EA : FE;
 107EB : FE;
 107EC : FE;
 107ED : FE;
 107EE : FE;
 107EF : FE;
 107F0 : FE;
 107F1 : FE;
 107F2 : FE;
 107F3 : FE;
 107F4 : FE;
 107F5 : FE;
 107F6 : FE;
 107F7 : FE;
 107F8 : FE;
 107F9 : FE;
 107FA : FE;
 107FB : FE;
 107FC : FE;
 107FD : FE;
 107FE : FE;
 107FF : FE;
 10800 : FE;
 10801 : FE;
 10802 : FE;
 10803 : FE;
 10804 : FE;
 10805 : FE;
 10806 : FE;
 10807 : FE;
 10808 : FE;
 10809 : FE;
 1080A : FE;
 1080B : FE;
 1080C : FE;
 1080D : FE;
 1080E : FE;
 1080F : FE;
 10810 : FE;
 10811 : FE;
 10812 : FE;
 10813 : FE;
 10814 : FE;
 10815 : FE;
 10816 : FE;
 10817 : FE;
 10818 : FE;
 10819 : FE;
 1081A : FE;
 1081B : FE;
 1081C : FE;
 1081D : FE;
 1081E : FE;
 1081F : FE;
 10820 : FE;
 10821 : FE;
 10822 : FE;
 10823 : FE;
 10824 : FE;
 10825 : FE;
 10826 : FE;
 10827 : FE;
 10828 : FE;
 10829 : FE;
 1082A : FE;
 1082B : FE;
 1082C : FE;
 1082D : FE;
 1082E : FE;
 1082F : FE;
 10830 : FE;
 10831 : FE;
 10832 : FE;
 10833 : FE;
 10834 : FE;
 10835 : FE;
 10836 : FE;
 10837 : FE;
 10838 : FE;
 10839 : FE;
 1083A : FE;
 1083B : FE;
 1083C : FE;
 1083D : FE;
 1083E : FE;
 1083F : FE;
 10840 : FE;
 10841 : FE;
 10842 : FE;
 10843 : FE;
 10844 : FE;
 10845 : FE;
 10846 : FE;
 10847 : FE;
 10848 : FE;
 10849 : FE;
 1084A : FE;
 1084B : FE;
 1084C : FE;
 1084D : FE;
 1084E : FE;
 1084F : FE;
 10850 : FE;
 10851 : FE;
 10852 : FE;
 10853 : FE;
 10854 : FE;
 10855 : FE;
 10856 : FE;
 10857 : FE;
 10858 : FE;
 10859 : FE;
 1085A : FE;
 1085B : FE;
 1085C : FE;
 1085D : FE;
 1085E : FE;
 1085F : FE;
 10860 : FE;
 10861 : FE;
 10862 : FE;
 10863 : FE;
 10864 : FE;
 10865 : FE;
 10866 : FE;
 10867 : FE;
 10868 : FE;
 10869 : FE;
 1086A : FE;
 1086B : FE;
 1086C : FE;
 1086D : FE;
 1086E : FE;
 1086F : FE;
 10870 : FE;
 10871 : FE;
 10872 : FE;
 10873 : FE;
 10874 : FE;
 10875 : FE;
 10876 : FE;
 10877 : FE;
 10878 : FE;
 10879 : FE;
 1087A : FE;
 1087B : FE;
 1087C : FE;
 1087D : FE;
 1087E : FE;
 1087F : FE;
 10880 : FE;
 10881 : FE;
 10882 : FE;
 10883 : FE;
 10884 : FE;
 10885 : FE;
 10886 : FE;
 10887 : FE;
 10888 : FE;
 10889 : FE;
 1088A : FE;
 1088B : FE;
 1088C : FE;
 1088D : FE;
 1088E : FE;
 1088F : FE;
 10890 : FE;
 10891 : FE;
 10892 : FE;
 10893 : FE;
 10894 : FE;
 10895 : FE;
 10896 : FE;
 10897 : FE;
 10898 : FE;
 10899 : FE;
 1089A : FE;
 1089B : FE;
 1089C : FE;
 1089D : FE;
 1089E : FE;
 1089F : FE;
 108A0 : FE;
 108A1 : FE;
 108A2 : FE;
 108A3 : FE;
 108A4 : FE;
 108A5 : FE;
 108A6 : FE;
 108A7 : FE;
 108A8 : FE;
 108A9 : FE;
 108AA : FE;
 108AB : FE;
 108AC : FE;
 108AD : FE;
 108AE : FE;
 108AF : FE;
 108B0 : FE;
 108B1 : FE;
 108B2 : FE;
 108B3 : FE;
 108B4 : FE;
 108B5 : FE;
 108B6 : FE;
 108B7 : FE;
 108B8 : FE;
 108B9 : FE;
 108BA : FE;
 108BB : FE;
 108BC : FE;
 108BD : FE;
 108BE : FE;
 108BF : FE;
 108C0 : FE;
 108C1 : FE;
 108C2 : FE;
 108C3 : FE;
 108C4 : FE;
 108C5 : FE;
 108C6 : FE;
 108C7 : FE;
 108C8 : FE;
 108C9 : FE;
 108CA : FE;
 108CB : FE;
 108CC : FE;
 108CD : FE;
 108CE : FE;
 108CF : FE;
 108D0 : FE;
 108D1 : FE;
 108D2 : FE;
 108D3 : FE;
 108D4 : FE;
 108D5 : FE;
 108D6 : FE;
 108D7 : FE;
 108D8 : FE;
 108D9 : FE;
 108DA : FE;
 108DB : FE;
 108DC : FE;
 108DD : FE;
 108DE : FE;
 108DF : FE;
 108E0 : FE;
 108E1 : FE;
 108E2 : FE;
 108E3 : FE;
 108E4 : FE;
 108E5 : FE;
 108E6 : FE;
 108E7 : FE;
 108E8 : FE;
 108E9 : FE;
 108EA : FE;
 108EB : FE;
 108EC : FE;
 108ED : FE;
 108EE : FE;
 108EF : FE;
 108F0 : FE;
 108F1 : FE;
 108F2 : FE;
 108F3 : FE;
 108F4 : FE;
 108F5 : FE;
 108F6 : FE;
 108F7 : FE;
 108F8 : FE;
 108F9 : FE;
 108FA : FE;
 108FB : FE;
 108FC : FE;
 108FD : FE;
 108FE : FE;
 108FF : FE;
 10900 : FE;
 10901 : FE;
 10902 : FE;
 10903 : FE;
 10904 : FE;
 10905 : FE;
 10906 : FE;
 10907 : FE;
 10908 : FE;
 10909 : FE;
 1090A : FE;
 1090B : FE;
 1090C : FE;
 1090D : FE;
 1090E : FE;
 1090F : FE;
 10910 : FE;
 10911 : FE;
 10912 : FE;
 10913 : FE;
 10914 : FE;
 10915 : FE;
 10916 : FE;
 10917 : FE;
 10918 : FE;
 10919 : FE;
 1091A : FE;
 1091B : FE;
 1091C : FE;
 1091D : FE;
 1091E : FE;
 1091F : FE;
 10920 : FE;
 10921 : FE;
 10922 : FE;
 10923 : FE;
 10924 : FE;
 10925 : FE;
 10926 : FE;
 10927 : FE;
 10928 : FE;
 10929 : FE;
 1092A : FE;
 1092B : FE;
 1092C : FE;
 1092D : FE;
 1092E : FE;
 1092F : FE;
 10930 : FE;
 10931 : FE;
 10932 : FE;
 10933 : FE;
 10934 : FE;
 10935 : FE;
 10936 : FE;
 10937 : FE;
 10938 : FE;
 10939 : FE;
 1093A : FE;
 1093B : FE;
 1093C : FE;
 1093D : FE;
 1093E : FE;
 1093F : FE;
 10940 : FE;
 10941 : FE;
 10942 : FE;
 10943 : FE;
 10944 : FE;
 10945 : FE;
 10946 : FE;
 10947 : FE;
 10948 : FE;
 10949 : FE;
 1094A : FE;
 1094B : FE;
 1094C : FE;
 1094D : FE;
 1094E : FE;
 1094F : FE;
 10950 : FE;
 10951 : FE;
 10952 : FE;
 10953 : FE;
 10954 : FE;
 10955 : FE;
 10956 : FE;
 10957 : FE;
 10958 : FE;
 10959 : FE;
 1095A : FE;
 1095B : FE;
 1095C : FE;
 1095D : FE;
 1095E : FE;
 1095F : FE;
 10960 : FE;
 10961 : FE;
 10962 : FE;
 10963 : FE;
 10964 : FE;
 10965 : FE;
 10966 : FE;
 10967 : FE;
 10968 : FE;
 10969 : FE;
 1096A : FE;
 1096B : FE;
 1096C : FE;
 1096D : FE;
 1096E : FE;
 1096F : FE;
 10970 : FE;
 10971 : FE;
 10972 : FE;
 10973 : FE;
 10974 : FE;
 10975 : FE;
 10976 : FE;
 10977 : FE;
 10978 : FE;
 10979 : FE;
 1097A : FE;
 1097B : FE;
 1097C : FE;
 1097D : FE;
 1097E : FE;
 1097F : FE;
 10980 : FE;
 10981 : FE;
 10982 : FE;
 10983 : FE;
 10984 : FE;
 10985 : FE;
 10986 : FE;
 10987 : FE;
 10988 : FE;
 10989 : FE;
 1098A : FE;
 1098B : FE;
 1098C : FE;
 1098D : FE;
 1098E : FE;
 1098F : FE;
 10990 : FE;
 10991 : FE;
 10992 : FE;
 10993 : FE;
 10994 : FE;
 10995 : FE;
 10996 : FE;
 10997 : FE;
 10998 : FE;
 10999 : FE;
 1099A : FE;
 1099B : FE;
 1099C : FE;
 1099D : FE;
 1099E : FE;
 1099F : FE;
 109A0 : FE;
 109A1 : FE;
 109A2 : FE;
 109A3 : FE;
 109A4 : FE;
 109A5 : FE;
 109A6 : FE;
 109A7 : FE;
 109A8 : FE;
 109A9 : FE;
 109AA : FE;
 109AB : FE;
 109AC : FE;
 109AD : FE;
 109AE : FE;
 109AF : FE;
 109B0 : FE;
 109B1 : FE;
 109B2 : FE;
 109B3 : FE;
 109B4 : FE;
 109B5 : FE;
 109B6 : FE;
 109B7 : FE;
 109B8 : FE;
 109B9 : FE;
 109BA : FE;
 109BB : FE;
 109BC : FE;
 109BD : FE;
 109BE : FE;
 109BF : FE;
 109C0 : FE;
 109C1 : FE;
 109C2 : FE;
 109C3 : FE;
 109C4 : FE;
 109C5 : FE;
 109C6 : FE;
 109C7 : FE;
 109C8 : FE;
 109C9 : FE;
 109CA : FE;
 109CB : FE;
 109CC : FE;
 109CD : FE;
 109CE : FE;
 109CF : FE;
 109D0 : FE;
 109D1 : FE;
 109D2 : FE;
 109D3 : FE;
 109D4 : FE;
 109D5 : FE;
 109D6 : FE;
 109D7 : FE;
 109D8 : FE;
 109D9 : FE;
 109DA : FE;
 109DB : FE;
 109DC : FE;
 109DD : FE;
 109DE : FE;
 109DF : FE;
 109E0 : FE;
 109E1 : FE;
 109E2 : FE;
 109E3 : FE;
 109E4 : FE;
 109E5 : FE;
 109E6 : FE;
 109E7 : FE;
 109E8 : FE;
 109E9 : FE;
 109EA : FE;
 109EB : FE;
 109EC : FE;
 109ED : FE;
 109EE : FE;
 109EF : FE;
 109F0 : FE;
 109F1 : FE;
 109F2 : FE;
 109F3 : FE;
 109F4 : FE;
 109F5 : FE;
 109F6 : FE;
 109F7 : FE;
 109F8 : FE;
 109F9 : FE;
 109FA : FE;
 109FB : FE;
 109FC : FE;
 109FD : FE;
 109FE : FE;
 109FF : FE;
 10A00 : FE;
 10A01 : FE;
 10A02 : FE;
 10A03 : FE;
 10A04 : FE;
 10A05 : FE;
 10A06 : FE;
 10A07 : FE;
 10A08 : FE;
 10A09 : FE;
 10A0A : FE;
 10A0B : FE;
 10A0C : FE;
 10A0D : FE;
 10A0E : FE;
 10A0F : FE;
 10A10 : FE;
 10A11 : FE;
 10A12 : FE;
 10A13 : FE;
 10A14 : FE;
 10A15 : FE;
 10A16 : FE;
 10A17 : FE;
 10A18 : FE;
 10A19 : FE;
 10A1A : FE;
 10A1B : FE;
 10A1C : FE;
 10A1D : FE;
 10A1E : FE;
 10A1F : FE;
 10A20 : FE;
 10A21 : FE;
 10A22 : FE;
 10A23 : FE;
 10A24 : FE;
 10A25 : FE;
 10A26 : FE;
 10A27 : FE;
 10A28 : FE;
 10A29 : FE;
 10A2A : FE;
 10A2B : FE;
 10A2C : FE;
 10A2D : FE;
 10A2E : FE;
 10A2F : FE;
 10A30 : FE;
 10A31 : FE;
 10A32 : FE;
 10A33 : FE;
 10A34 : FE;
 10A35 : FE;
 10A36 : FE;
 10A37 : FE;
 10A38 : FE;
 10A39 : FE;
 10A3A : FE;
 10A3B : FE;
 10A3C : FE;
 10A3D : FE;
 10A3E : FE;
 10A3F : FE;
 10A40 : FE;
 10A41 : FE;
 10A42 : FE;
 10A43 : FE;
 10A44 : FE;
 10A45 : FE;
 10A46 : FE;
 10A47 : FE;
 10A48 : FE;
 10A49 : FE;
 10A4A : FE;
 10A4B : FE;
 10A4C : FE;
 10A4D : FE;
 10A4E : FE;
 10A4F : FE;
 10A50 : FE;
 10A51 : FE;
 10A52 : FE;
 10A53 : FE;
 10A54 : FE;
 10A55 : FE;
 10A56 : FE;
 10A57 : FE;
 10A58 : FE;
 10A59 : FE;
 10A5A : FE;
 10A5B : FE;
 10A5C : FE;
 10A5D : FE;
 10A5E : FE;
 10A5F : FE;
 10A60 : FE;
 10A61 : FE;
 10A62 : FE;
 10A63 : FE;
 10A64 : FE;
 10A65 : FE;
 10A66 : FE;
 10A67 : FE;
 10A68 : FE;
 10A69 : FE;
 10A6A : FE;
 10A6B : FE;
 10A6C : FE;
 10A6D : FE;
 10A6E : FE;
 10A6F : FE;
 10A70 : FE;
 10A71 : FE;
 10A72 : FE;
 10A73 : FE;
 10A74 : FE;
 10A75 : FE;
 10A76 : FE;
 10A77 : FE;
 10A78 : FE;
 10A79 : FE;
 10A7A : FE;
 10A7B : FE;
 10A7C : FE;
 10A7D : FE;
 10A7E : FE;
 10A7F : FE;
 10A80 : FE;
 10A81 : FE;
 10A82 : FE;
 10A83 : FE;
 10A84 : FE;
 10A85 : FE;
 10A86 : FE;
 10A87 : FE;
 10A88 : FE;
 10A89 : FE;
 10A8A : FE;
 10A8B : FE;
 10A8C : FE;
 10A8D : FE;
 10A8E : FE;
 10A8F : FE;
 10A90 : FE;
 10A91 : FE;
 10A92 : FE;
 10A93 : FE;
 10A94 : FE;
 10A95 : FE;
 10A96 : FE;
 10A97 : FE;
 10A98 : FE;
 10A99 : FE;
 10A9A : FE;
 10A9B : FE;
 10A9C : FE;
 10A9D : FE;
 10A9E : FE;
 10A9F : FE;
 10AA0 : FE;
 10AA1 : FE;
 10AA2 : FE;
 10AA3 : FE;
 10AA4 : FE;
 10AA5 : FE;
 10AA6 : FE;
 10AA7 : FE;
 10AA8 : FE;
 10AA9 : FE;
 10AAA : FE;
 10AAB : FE;
 10AAC : FE;
 10AAD : FE;
 10AAE : FE;
 10AAF : FE;
 10AB0 : FE;
 10AB1 : FE;
 10AB2 : FE;
 10AB3 : FE;
 10AB4 : FE;
 10AB5 : FE;
 10AB6 : FE;
 10AB7 : FE;
 10AB8 : FE;
 10AB9 : FE;
 10ABA : FE;
 10ABB : FE;
 10ABC : FE;
 10ABD : FE;
 10ABE : FE;
 10ABF : FE;
 10AC0 : FE;
 10AC1 : FE;
 10AC2 : FE;
 10AC3 : FE;
 10AC4 : FE;
 10AC5 : FE;
 10AC6 : FE;
 10AC7 : FE;
 10AC8 : FE;
 10AC9 : FE;
 10ACA : FE;
 10ACB : FE;
 10ACC : FE;
 10ACD : FE;
 10ACE : FE;
 10ACF : FE;
 10AD0 : FE;
 10AD1 : FE;
 10AD2 : FE;
 10AD3 : FE;
 10AD4 : FE;
 10AD5 : FE;
 10AD6 : FE;
 10AD7 : FE;
 10AD8 : FE;
 10AD9 : FE;
 10ADA : FE;
 10ADB : FE;
 10ADC : FE;
 10ADD : FE;
 10ADE : FE;
 10ADF : FE;
 10AE0 : FE;
 10AE1 : FE;
 10AE2 : FE;
 10AE3 : FE;
 10AE4 : FE;
 10AE5 : FE;
 10AE6 : FE;
 10AE7 : FE;
 10AE8 : FE;
 10AE9 : FE;
 10AEA : FE;
 10AEB : FE;
 10AEC : FE;
 10AED : FE;
 10AEE : FE;
 10AEF : FE;
 10AF0 : FE;
 10AF1 : FE;
 10AF2 : FE;
 10AF3 : FE;
 10AF4 : FE;
 10AF5 : FE;
 10AF6 : FE;
 10AF7 : FE;
 10AF8 : FE;
 10AF9 : FE;
 10AFA : FE;
 10AFB : FE;
 10AFC : FE;
 10AFD : FE;
 10AFE : FE;
 10AFF : FE;
 10B00 : FE;
 10B01 : FE;
 10B02 : FE;
 10B03 : FE;
 10B04 : FE;
 10B05 : FE;
 10B06 : FE;
 10B07 : FE;
 10B08 : FE;
 10B09 : FE;
 10B0A : FE;
 10B0B : FE;
 10B0C : FE;
 10B0D : FE;
 10B0E : FE;
 10B0F : FE;
 10B10 : FE;
 10B11 : FE;
 10B12 : FE;
 10B13 : FE;
 10B14 : FE;
 10B15 : FE;
 10B16 : FE;
 10B17 : FE;
 10B18 : FE;
 10B19 : FE;
 10B1A : FE;
 10B1B : FE;
 10B1C : FE;
 10B1D : FE;
 10B1E : FE;
 10B1F : FE;
 10B20 : FE;
 10B21 : FE;
 10B22 : FE;
 10B23 : FE;
 10B24 : FE;
 10B25 : FE;
 10B26 : FE;
 10B27 : FE;
 10B28 : FE;
 10B29 : FE;
 10B2A : FE;
 10B2B : FE;
 10B2C : FE;
 10B2D : FE;
 10B2E : FE;
 10B2F : FE;
 10B30 : FE;
 10B31 : FE;
 10B32 : FE;
 10B33 : FE;
 10B34 : FE;
 10B35 : FE;
 10B36 : FE;
 10B37 : FE;
 10B38 : FE;
 10B39 : FE;
 10B3A : FE;
 10B3B : FE;
 10B3C : FE;
 10B3D : FE;
 10B3E : FE;
 10B3F : FE;
 10B40 : FE;
 10B41 : FE;
 10B42 : FE;
 10B43 : FE;
 10B44 : FE;
 10B45 : FE;
 10B46 : FE;
 10B47 : FE;
 10B48 : FE;
 10B49 : FE;
 10B4A : FE;
 10B4B : FE;
 10B4C : FE;
 10B4D : FE;
 10B4E : FE;
 10B4F : FE;
 10B50 : FE;
 10B51 : FE;
 10B52 : FE;
 10B53 : FE;
 10B54 : FE;
 10B55 : FE;
 10B56 : FE;
 10B57 : FE;
 10B58 : FE;
 10B59 : FE;
 10B5A : FE;
 10B5B : FE;
 10B5C : FE;
 10B5D : FE;
 10B5E : FE;
 10B5F : FE;
 10B60 : FE;
 10B61 : FE;
 10B62 : FE;
 10B63 : FE;
 10B64 : FE;
 10B65 : FE;
 10B66 : FE;
 10B67 : FE;
 10B68 : FE;
 10B69 : FE;
 10B6A : FE;
 10B6B : FE;
 10B6C : FE;
 10B6D : FE;
 10B6E : FE;
 10B6F : FE;
 10B70 : FE;
 10B71 : FE;
 10B72 : FE;
 10B73 : FE;
 10B74 : FE;
 10B75 : FE;
 10B76 : FE;
 10B77 : FE;
 10B78 : FE;
 10B79 : FE;
 10B7A : FE;
 10B7B : FE;
 10B7C : FE;
 10B7D : FE;
 10B7E : FE;
 10B7F : FE;
 10B80 : FE;
 10B81 : FE;
 10B82 : FE;
 10B83 : FE;
 10B84 : FE;
 10B85 : FE;
 10B86 : FE;
 10B87 : FE;
 10B88 : FE;
 10B89 : FE;
 10B8A : FE;
 10B8B : FE;
 10B8C : FE;
 10B8D : FE;
 10B8E : FE;
 10B8F : FE;
 10B90 : FE;
 10B91 : FE;
 10B92 : FE;
 10B93 : FE;
 10B94 : FE;
 10B95 : FE;
 10B96 : FE;
 10B97 : FE;
 10B98 : FE;
 10B99 : FE;
 10B9A : FE;
 10B9B : FE;
 10B9C : FE;
 10B9D : FE;
 10B9E : FE;
 10B9F : FE;
 10BA0 : FE;
 10BA1 : FE;
 10BA2 : FE;
 10BA3 : FE;
 10BA4 : FE;
 10BA5 : FE;
 10BA6 : FE;
 10BA7 : FE;
 10BA8 : FE;
 10BA9 : FE;
 10BAA : FE;
 10BAB : FE;
 10BAC : FE;
 10BAD : FE;
 10BAE : FE;
 10BAF : FE;
 10BB0 : FE;
 10BB1 : FE;
 10BB2 : FE;
 10BB3 : FE;
 10BB4 : FE;
 10BB5 : FE;
 10BB6 : FE;
 10BB7 : FE;
 10BB8 : FE;
 10BB9 : FE;
 10BBA : FE;
 10BBB : FE;
 10BBC : FE;
 10BBD : FE;
 10BBE : FE;
 10BBF : FE;
 10BC0 : FE;
 10BC1 : FE;
 10BC2 : FE;
 10BC3 : FE;
 10BC4 : FE;
 10BC5 : FE;
 10BC6 : FE;
 10BC7 : FE;
 10BC8 : FE;
 10BC9 : FE;
 10BCA : FE;
 10BCB : FE;
 10BCC : FE;
 10BCD : FE;
 10BCE : FE;
 10BCF : FE;
 10BD0 : FE;
 10BD1 : FE;
 10BD2 : FE;
 10BD3 : FE;
 10BD4 : FE;
 10BD5 : FE;
 10BD6 : FE;
 10BD7 : FE;
 10BD8 : FE;
 10BD9 : FE;
 10BDA : FE;
 10BDB : FE;
 10BDC : FE;
 10BDD : FE;
 10BDE : FE;
 10BDF : FE;
 10BE0 : FE;
 10BE1 : FE;
 10BE2 : FE;
 10BE3 : FE;
 10BE4 : FE;
 10BE5 : FE;
 10BE6 : FE;
 10BE7 : FE;
 10BE8 : FE;
 10BE9 : FE;
 10BEA : FE;
 10BEB : FE;
 10BEC : FE;
 10BED : FE;
 10BEE : FE;
 10BEF : FE;
 10BF0 : FE;
 10BF1 : FE;
 10BF2 : FE;
 10BF3 : FE;
 10BF4 : FE;
 10BF5 : FE;
 10BF6 : FE;
 10BF7 : FE;
 10BF8 : FE;
 10BF9 : FE;
 10BFA : FE;
 10BFB : FE;
 10BFC : FE;
 10BFD : FE;
 10BFE : FE;
 10BFF : FE;
 10C00 : FE;
 10C01 : FE;
 10C02 : FE;
 10C03 : FE;
 10C04 : FE;
 10C05 : FE;
 10C06 : FE;
 10C07 : FE;
 10C08 : FE;
 10C09 : FE;
 10C0A : FE;
 10C0B : FE;
 10C0C : FE;
 10C0D : FE;
 10C0E : FE;
 10C0F : FE;
 10C10 : FE;
 10C11 : FE;
 10C12 : FE;
 10C13 : FE;
 10C14 : FE;
 10C15 : FE;
 10C16 : FE;
 10C17 : FE;
 10C18 : FE;
 10C19 : FE;
 10C1A : FE;
 10C1B : FE;
 10C1C : FE;
 10C1D : FE;
 10C1E : FE;
 10C1F : FE;
 10C20 : FE;
 10C21 : FE;
 10C22 : FE;
 10C23 : FE;
 10C24 : FE;
 10C25 : FE;
 10C26 : FE;
 10C27 : FE;
 10C28 : FE;
 10C29 : FE;
 10C2A : FE;
 10C2B : FE;
 10C2C : FE;
 10C2D : FE;
 10C2E : FE;
 10C2F : FE;
 10C30 : FE;
 10C31 : FE;
 10C32 : FE;
 10C33 : FE;
 10C34 : FE;
 10C35 : FE;
 10C36 : FE;
 10C37 : FE;
 10C38 : FE;
 10C39 : FE;
 10C3A : FE;
 10C3B : FE;
 10C3C : FE;
 10C3D : FE;
 10C3E : FE;
 10C3F : FE;
 10C40 : FE;
 10C41 : FE;
 10C42 : FE;
 10C43 : FE;
 10C44 : FE;
 10C45 : FE;
 10C46 : FE;
 10C47 : FE;
 10C48 : FE;
 10C49 : FE;
 10C4A : FE;
 10C4B : FE;
 10C4C : FE;
 10C4D : FE;
 10C4E : FE;
 10C4F : FE;
 10C50 : FE;
 10C51 : FE;
 10C52 : FE;
 10C53 : FE;
 10C54 : FE;
 10C55 : FE;
 10C56 : FE;
 10C57 : FE;
 10C58 : FE;
 10C59 : FE;
 10C5A : FE;
 10C5B : FE;
 10C5C : FE;
 10C5D : FE;
 10C5E : FE;
 10C5F : FE;
 10C60 : FE;
 10C61 : FE;
 10C62 : FE;
 10C63 : FE;
 10C64 : FE;
 10C65 : FE;
 10C66 : FE;
 10C67 : FE;
 10C68 : FE;
 10C69 : FE;
 10C6A : FE;
 10C6B : FE;
 10C6C : FE;
 10C6D : FE;
 10C6E : FE;
 10C6F : FE;
 10C70 : FE;
 10C71 : FE;
 10C72 : FE;
 10C73 : FE;
 10C74 : FE;
 10C75 : FE;
 10C76 : FE;
 10C77 : FE;
 10C78 : FE;
 10C79 : FE;
 10C7A : FE;
 10C7B : FE;
 10C7C : FE;
 10C7D : FE;
 10C7E : FE;
 10C7F : FE;
 10C80 : FE;
 10C81 : FE;
 10C82 : FE;
 10C83 : FE;
 10C84 : FE;
 10C85 : FE;
 10C86 : FE;
 10C87 : FE;
 10C88 : FE;
 10C89 : FE;
 10C8A : FE;
 10C8B : FE;
 10C8C : FE;
 10C8D : FE;
 10C8E : FE;
 10C8F : FE;
 10C90 : FE;
 10C91 : FE;
 10C92 : FE;
 10C93 : FE;
 10C94 : FE;
 10C95 : FE;
 10C96 : FE;
 10C97 : FE;
 10C98 : FE;
 10C99 : FE;
 10C9A : FE;
 10C9B : FE;
 10C9C : FE;
 10C9D : FE;
 10C9E : FE;
 10C9F : FE;
 10CA0 : FE;
 10CA1 : FE;
 10CA2 : FE;
 10CA3 : FE;
 10CA4 : FE;
 10CA5 : FE;
 10CA6 : FE;
 10CA7 : FE;
 10CA8 : FE;
 10CA9 : FE;
 10CAA : FE;
 10CAB : FE;
 10CAC : FE;
 10CAD : FE;
 10CAE : FE;
 10CAF : FE;
 10CB0 : FE;
 10CB1 : FE;
 10CB2 : FE;
 10CB3 : FE;
 10CB4 : FE;
 10CB5 : FE;
 10CB6 : FE;
 10CB7 : FE;
 10CB8 : FE;
 10CB9 : FE;
 10CBA : FE;
 10CBB : FE;
 10CBC : FE;
 10CBD : FE;
 10CBE : FE;
 10CBF : FE;
 10CC0 : FE;
 10CC1 : FE;
 10CC2 : FE;
 10CC3 : FE;
 10CC4 : FE;
 10CC5 : FE;
 10CC6 : FE;
 10CC7 : FE;
 10CC8 : FE;
 10CC9 : FE;
 10CCA : FE;
 10CCB : FE;
 10CCC : FE;
 10CCD : FE;
 10CCE : FE;
 10CCF : FE;
 10CD0 : FE;
 10CD1 : FE;
 10CD2 : FE;
 10CD3 : FE;
 10CD4 : FE;
 10CD5 : FE;
 10CD6 : FE;
 10CD7 : FE;
 10CD8 : FE;
 10CD9 : FE;
 10CDA : FE;
 10CDB : FE;
 10CDC : FE;
 10CDD : FE;
 10CDE : FE;
 10CDF : FE;
 10CE0 : FE;
 10CE1 : FE;
 10CE2 : FE;
 10CE3 : FE;
 10CE4 : FE;
 10CE5 : FE;
 10CE6 : FE;
 10CE7 : FE;
 10CE8 : FE;
 10CE9 : FE;
 10CEA : FE;
 10CEB : FE;
 10CEC : FE;
 10CED : FE;
 10CEE : FE;
 10CEF : FE;
 10CF0 : FE;
 10CF1 : FE;
 10CF2 : FE;
 10CF3 : FE;
 10CF4 : FE;
 10CF5 : FE;
 10CF6 : FE;
 10CF7 : FE;
 10CF8 : FE;
 10CF9 : FE;
 10CFA : FE;
 10CFB : FE;
 10CFC : FE;
 10CFD : FE;
 10CFE : FE;
 10CFF : FE;
 10D00 : FE;
 10D01 : FE;
 10D02 : FE;
 10D03 : FE;
 10D04 : FE;
 10D05 : FE;
 10D06 : FE;
 10D07 : FE;
 10D08 : FE;
 10D09 : FE;
 10D0A : FE;
 10D0B : FE;
 10D0C : FE;
 10D0D : FE;
 10D0E : FE;
 10D0F : FE;
 10D10 : FE;
 10D11 : FE;
 10D12 : FE;
 10D13 : FE;
 10D14 : FE;
 10D15 : FE;
 10D16 : FE;
 10D17 : FE;
 10D18 : FE;
 10D19 : FE;
 10D1A : FE;
 10D1B : FE;
 10D1C : FE;
 10D1D : FE;
 10D1E : FE;
 10D1F : FE;
 10D20 : FE;
 10D21 : FE;
 10D22 : FE;
 10D23 : FE;
 10D24 : FE;
 10D25 : FE;
 10D26 : FE;
 10D27 : FE;
 10D28 : FE;
 10D29 : FE;
 10D2A : FE;
 10D2B : FE;
 10D2C : FE;
 10D2D : FE;
 10D2E : FE;
 10D2F : FE;
 10D30 : FE;
 10D31 : FE;
 10D32 : FE;
 10D33 : FE;
 10D34 : FE;
 10D35 : FE;
 10D36 : FE;
 10D37 : FE;
 10D38 : FE;
 10D39 : FE;
 10D3A : FE;
 10D3B : FE;
 10D3C : FE;
 10D3D : FE;
 10D3E : FE;
 10D3F : FE;
 10D40 : FE;
 10D41 : FE;
 10D42 : FE;
 10D43 : FE;
 10D44 : FE;
 10D45 : FE;
 10D46 : FE;
 10D47 : FE;
 10D48 : FE;
 10D49 : FE;
 10D4A : FE;
 10D4B : FE;
 10D4C : FE;
 10D4D : FE;
 10D4E : FE;
 10D4F : FE;
 10D50 : FE;
 10D51 : FE;
 10D52 : FE;
 10D53 : FE;
 10D54 : FE;
 10D55 : FE;
 10D56 : FE;
 10D57 : FE;
 10D58 : FE;
 10D59 : FE;
 10D5A : FE;
 10D5B : FE;
 10D5C : FE;
 10D5D : FE;
 10D5E : FE;
 10D5F : FE;
 10D60 : FE;
 10D61 : FE;
 10D62 : FE;
 10D63 : FE;
 10D64 : FE;
 10D65 : FE;
 10D66 : FE;
 10D67 : FE;
 10D68 : FE;
 10D69 : FE;
 10D6A : FE;
 10D6B : FE;
 10D6C : FE;
 10D6D : FE;
 10D6E : FE;
 10D6F : FE;
 10D70 : FE;
 10D71 : FE;
 10D72 : FE;
 10D73 : FE;
 10D74 : FE;
 10D75 : FE;
 10D76 : FE;
 10D77 : FE;
 10D78 : FE;
 10D79 : FE;
 10D7A : FE;
 10D7B : FE;
 10D7C : FE;
 10D7D : FE;
 10D7E : FE;
 10D7F : FE;
 10D80 : FE;
 10D81 : FE;
 10D82 : FE;
 10D83 : FE;
 10D84 : FE;
 10D85 : FE;
 10D86 : FE;
 10D87 : FE;
 10D88 : FE;
 10D89 : FE;
 10D8A : FE;
 10D8B : FE;
 10D8C : FE;
 10D8D : FE;
 10D8E : FE;
 10D8F : FE;
 10D90 : FE;
 10D91 : FE;
 10D92 : FE;
 10D93 : FE;
 10D94 : FE;
 10D95 : FE;
 10D96 : FE;
 10D97 : FE;
 10D98 : FE;
 10D99 : FE;
 10D9A : FE;
 10D9B : FE;
 10D9C : FE;
 10D9D : FE;
 10D9E : FE;
 10D9F : FE;
 10DA0 : FE;
 10DA1 : FE;
 10DA2 : FE;
 10DA3 : FE;
 10DA4 : FE;
 10DA5 : FE;
 10DA6 : FE;
 10DA7 : FE;
 10DA8 : FE;
 10DA9 : FE;
 10DAA : FE;
 10DAB : FE;
 10DAC : FE;
 10DAD : FE;
 10DAE : FE;
 10DAF : FE;
 10DB0 : FE;
 10DB1 : FE;
 10DB2 : FE;
 10DB3 : FE;
 10DB4 : FE;
 10DB5 : FE;
 10DB6 : FE;
 10DB7 : FE;
 10DB8 : FE;
 10DB9 : FE;
 10DBA : FE;
 10DBB : FE;
 10DBC : FE;
 10DBD : FE;
 10DBE : FE;
 10DBF : FE;
 10DC0 : FE;
 10DC1 : FE;
 10DC2 : FE;
 10DC3 : FE;
 10DC4 : FE;
 10DC5 : FE;
 10DC6 : FE;
 10DC7 : FE;
 10DC8 : FE;
 10DC9 : FE;
 10DCA : FE;
 10DCB : FE;
 10DCC : FE;
 10DCD : FE;
 10DCE : FE;
 10DCF : FE;
 10DD0 : FE;
 10DD1 : FE;
 10DD2 : FE;
 10DD3 : FE;
 10DD4 : FE;
 10DD5 : FE;
 10DD6 : FE;
 10DD7 : FE;
 10DD8 : FE;
 10DD9 : FE;
 10DDA : FE;
 10DDB : FE;
 10DDC : FE;
 10DDD : FE;
 10DDE : FE;
 10DDF : FE;
 10DE0 : FE;
 10DE1 : FE;
 10DE2 : FE;
 10DE3 : FE;
 10DE4 : FE;
 10DE5 : FE;
 10DE6 : FE;
 10DE7 : FE;
 10DE8 : FE;
 10DE9 : FE;
 10DEA : FE;
 10DEB : FE;
 10DEC : FE;
 10DED : FE;
 10DEE : FE;
 10DEF : FE;
 10DF0 : FE;
 10DF1 : FE;
 10DF2 : FE;
 10DF3 : FE;
 10DF4 : FE;
 10DF5 : FE;
 10DF6 : FE;
 10DF7 : FE;
 10DF8 : FE;
 10DF9 : FE;
 10DFA : FE;
 10DFB : FE;
 10DFC : FE;
 10DFD : FE;
 10DFE : FE;
 10DFF : FE;
 10E00 : FE;
 10E01 : FE;
 10E02 : FE;
 10E03 : FE;
 10E04 : FE;
 10E05 : FE;
 10E06 : FE;
 10E07 : FE;
 10E08 : FE;
 10E09 : FE;
 10E0A : FE;
 10E0B : FE;
 10E0C : FE;
 10E0D : FE;
 10E0E : FE;
 10E0F : FE;
 10E10 : FE;
 10E11 : FE;
 10E12 : FE;
 10E13 : FE;
 10E14 : FE;
 10E15 : FE;
 10E16 : FE;
 10E17 : FE;
 10E18 : FE;
 10E19 : FE;
 10E1A : FE;
 10E1B : FE;
 10E1C : FE;
 10E1D : FE;
 10E1E : FE;
 10E1F : FE;
 10E20 : FE;
 10E21 : FE;
 10E22 : FE;
 10E23 : FE;
 10E24 : FE;
 10E25 : FE;
 10E26 : FE;
 10E27 : FE;
 10E28 : FE;
 10E29 : FE;
 10E2A : FE;
 10E2B : FE;
 10E2C : FE;
 10E2D : FE;
 10E2E : FE;
 10E2F : FE;
 10E30 : FE;
 10E31 : FE;
 10E32 : FE;
 10E33 : FE;
 10E34 : FE;
 10E35 : FE;
 10E36 : FE;
 10E37 : FE;
 10E38 : FE;
 10E39 : FE;
 10E3A : FE;
 10E3B : FE;
 10E3C : FE;
 10E3D : FE;
 10E3E : FE;
 10E3F : FE;
 10E40 : FE;
 10E41 : FE;
 10E42 : FE;
 10E43 : FE;
 10E44 : FE;
 10E45 : FE;
 10E46 : FE;
 10E47 : FE;
 10E48 : FE;
 10E49 : FE;
 10E4A : FE;
 10E4B : FE;
 10E4C : FE;
 10E4D : FE;
 10E4E : FE;
 10E4F : FE;
 10E50 : FE;
 10E51 : FE;
 10E52 : FE;
 10E53 : FE;
 10E54 : FE;
 10E55 : FE;
 10E56 : FE;
 10E57 : FE;
 10E58 : FE;
 10E59 : FE;
 10E5A : FE;
 10E5B : FE;
 10E5C : FE;
 10E5D : FE;
 10E5E : FE;
 10E5F : FE;
 10E60 : FE;
 10E61 : FE;
 10E62 : FE;
 10E63 : FE;
 10E64 : FE;
 10E65 : FE;
 10E66 : FE;
 10E67 : FE;
 10E68 : FE;
 10E69 : FE;
 10E6A : FE;
 10E6B : FE;
 10E6C : FE;
 10E6D : FE;
 10E6E : FE;
 10E6F : FE;
 10E70 : FE;
 10E71 : FE;
 10E72 : FE;
 10E73 : FE;
 10E74 : FE;
 10E75 : FE;
 10E76 : FE;
 10E77 : FE;
 10E78 : FE;
 10E79 : FE;
 10E7A : FE;
 10E7B : FE;
 10E7C : FE;
 10E7D : FE;
 10E7E : FE;
 10E7F : FE;
 10E80 : FE;
 10E81 : FE;
 10E82 : FE;
 10E83 : FE;
 10E84 : FE;
 10E85 : FE;
 10E86 : FE;
 10E87 : FE;
 10E88 : FE;
 10E89 : FE;
 10E8A : FE;
 10E8B : FE;
 10E8C : FE;
 10E8D : FE;
 10E8E : FE;
 10E8F : FE;
 10E90 : FE;
 10E91 : FE;
 10E92 : FE;
 10E93 : FE;
 10E94 : FE;
 10E95 : FE;
 10E96 : FE;
 10E97 : FE;
 10E98 : FE;
 10E99 : FE;
 10E9A : FE;
 10E9B : FE;
 10E9C : FE;
 10E9D : FE;
 10E9E : FE;
 10E9F : FE;
 10EA0 : FE;
 10EA1 : FE;
 10EA2 : FE;
 10EA3 : FE;
 10EA4 : FE;
 10EA5 : FE;
 10EA6 : FE;
 10EA7 : FE;
 10EA8 : FE;
 10EA9 : FE;
 10EAA : FE;
 10EAB : FE;
 10EAC : FE;
 10EAD : FE;
 10EAE : FE;
 10EAF : FE;
 10EB0 : FE;
 10EB1 : FE;
 10EB2 : FE;
 10EB3 : FE;
 10EB4 : FE;
 10EB5 : FE;
 10EB6 : FE;
 10EB7 : FE;
 10EB8 : FE;
 10EB9 : FE;
 10EBA : FE;
 10EBB : FE;
 10EBC : FE;
 10EBD : FE;
 10EBE : FE;
 10EBF : FE;
 10EC0 : FE;
 10EC1 : FE;
 10EC2 : FE;
 10EC3 : FE;
 10EC4 : FE;
 10EC5 : FE;
 10EC6 : FE;
 10EC7 : FE;
 10EC8 : FE;
 10EC9 : FE;
 10ECA : FE;
 10ECB : FE;
 10ECC : FE;
 10ECD : FE;
 10ECE : FE;
 10ECF : FE;
 10ED0 : FE;
 10ED1 : FE;
 10ED2 : FE;
 10ED3 : FE;
 10ED4 : FE;
 10ED5 : FE;
 10ED6 : FE;
 10ED7 : FE;
 10ED8 : FE;
 10ED9 : FE;
 10EDA : FE;
 10EDB : FE;
 10EDC : FE;
 10EDD : FE;
 10EDE : FE;
 10EDF : FE;
 10EE0 : FE;
 10EE1 : FE;
 10EE2 : FE;
 10EE3 : FE;
 10EE4 : FE;
 10EE5 : FE;
 10EE6 : FE;
 10EE7 : FE;
 10EE8 : FE;
 10EE9 : FE;
 10EEA : FE;
 10EEB : FE;
 10EEC : FE;
 10EED : FE;
 10EEE : FE;
 10EEF : FE;
 10EF0 : FE;
 10EF1 : FE;
 10EF2 : FE;
 10EF3 : FE;
 10EF4 : FE;
 10EF5 : FE;
 10EF6 : FE;
 10EF7 : FE;
 10EF8 : FE;
 10EF9 : FE;
 10EFA : FE;
 10EFB : FE;
 10EFC : FE;
 10EFD : FE;
 10EFE : FE;
 10EFF : FE;
 10F00 : FE;
 10F01 : FE;
 10F02 : FE;
 10F03 : FE;
 10F04 : FE;
 10F05 : FE;
 10F06 : FE;
 10F07 : FE;
 10F08 : FE;
 10F09 : FE;
 10F0A : FE;
 10F0B : FE;
 10F0C : FE;
 10F0D : FE;
 10F0E : FE;
 10F0F : FE;
 10F10 : FE;
 10F11 : FE;
 10F12 : FE;
 10F13 : FE;
 10F14 : FE;
 10F15 : FE;
 10F16 : FE;
 10F17 : FE;
 10F18 : FE;
 10F19 : FE;
 10F1A : FE;
 10F1B : FE;
 10F1C : FE;
 10F1D : FE;
 10F1E : FE;
 10F1F : FE;
 10F20 : FE;
 10F21 : FE;
 10F22 : FE;
 10F23 : FE;
 10F24 : FE;
 10F25 : FE;
 10F26 : FE;
 10F27 : FE;
 10F28 : FE;
 10F29 : FE;
 10F2A : FE;
 10F2B : FE;
 10F2C : FE;
 10F2D : FE;
 10F2E : FE;
 10F2F : FE;
 10F30 : FE;
 10F31 : FE;
 10F32 : FE;
 10F33 : FE;
 10F34 : FE;
 10F35 : FE;
 10F36 : FE;
 10F37 : FE;
 10F38 : FE;
 10F39 : FE;
 10F3A : FE;
 10F3B : FE;
 10F3C : FE;
 10F3D : FE;
 10F3E : FE;
 10F3F : FE;
 10F40 : FE;
 10F41 : FE;
 10F42 : FE;
 10F43 : FE;
 10F44 : FE;
 10F45 : FE;
 10F46 : FE;
 10F47 : FE;
 10F48 : FE;
 10F49 : FE;
 10F4A : FE;
 10F4B : FE;
 10F4C : FE;
 10F4D : FE;
 10F4E : FE;
 10F4F : FE;
 10F50 : FE;
 10F51 : FE;
 10F52 : FE;
 10F53 : FE;
 10F54 : FE;
 10F55 : FE;
 10F56 : FE;
 10F57 : FE;
 10F58 : FE;
 10F59 : FE;
 10F5A : FE;
 10F5B : FE;
 10F5C : FE;
 10F5D : FE;
 10F5E : FE;
 10F5F : FE;
 10F60 : FE;
 10F61 : FE;
 10F62 : FE;
 10F63 : FE;
 10F64 : FE;
 10F65 : FE;
 10F66 : FE;
 10F67 : FE;
 10F68 : FE;
 10F69 : FE;
 10F6A : FE;
 10F6B : FE;
 10F6C : FE;
 10F6D : FE;
 10F6E : FE;
 10F6F : FE;
 10F70 : FE;
 10F71 : FE;
 10F72 : FE;
 10F73 : FE;
 10F74 : FE;
 10F75 : FE;
 10F76 : FE;
 10F77 : FE;
 10F78 : FE;
 10F79 : FE;
 10F7A : FE;
 10F7B : FE;
 10F7C : FE;
 10F7D : FE;
 10F7E : FE;
 10F7F : FE;
 10F80 : FE;
 10F81 : FE;
 10F82 : FE;
 10F83 : FE;
 10F84 : FE;
 10F85 : FE;
 10F86 : FE;
 10F87 : FE;
 10F88 : FE;
 10F89 : FE;
 10F8A : FE;
 10F8B : FE;
 10F8C : FE;
 10F8D : FE;
 10F8E : FE;
 10F8F : FE;
 10F90 : FE;
 10F91 : FE;
 10F92 : FE;
 10F93 : FE;
 10F94 : FE;
 10F95 : FE;
 10F96 : FE;
 10F97 : FE;
 10F98 : FE;
 10F99 : FE;
 10F9A : FE;
 10F9B : FE;
 10F9C : FE;
 10F9D : FE;
 10F9E : FE;
 10F9F : FE;
 10FA0 : FE;
 10FA1 : FE;
 10FA2 : FE;
 10FA3 : FE;
 10FA4 : FE;
 10FA5 : FE;
 10FA6 : FE;
 10FA7 : FE;
 10FA8 : FE;
 10FA9 : FE;
 10FAA : FE;
 10FAB : FE;
 10FAC : FE;
 10FAD : FE;
 10FAE : FE;
 10FAF : FE;
 10FB0 : FE;
 10FB1 : FE;
 10FB2 : FE;
 10FB3 : FE;
 10FB4 : FE;
 10FB5 : FE;
 10FB6 : FE;
 10FB7 : FE;
 10FB8 : FE;
 10FB9 : FE;
 10FBA : FE;
 10FBB : FE;
 10FBC : FE;
 10FBD : FE;
 10FBE : FE;
 10FBF : FE;
 10FC0 : FE;
 10FC1 : FE;
 10FC2 : FE;
 10FC3 : FE;
 10FC4 : FE;
 10FC5 : FE;
 10FC6 : FE;
 10FC7 : FE;
 10FC8 : FE;
 10FC9 : FE;
 10FCA : FE;
 10FCB : FE;
 10FCC : FE;
 10FCD : FE;
 10FCE : FE;
 10FCF : FE;
 10FD0 : FE;
 10FD1 : FE;
 10FD2 : FE;
 10FD3 : FE;
 10FD4 : FE;
 10FD5 : FE;
 10FD6 : FE;
 10FD7 : FE;
 10FD8 : FE;
 10FD9 : FE;
 10FDA : FE;
 10FDB : FE;
 10FDC : FE;
 10FDD : FE;
 10FDE : FE;
 10FDF : FE;
 10FE0 : FE;
 10FE1 : FE;
 10FE2 : FE;
 10FE3 : FE;
 10FE4 : FE;
 10FE5 : FE;
 10FE6 : FE;
 10FE7 : FE;
 10FE8 : FE;
 10FE9 : FE;
 10FEA : FE;
 10FEB : FE;
 10FEC : FE;
 10FED : FE;
 10FEE : FE;
 10FEF : FE;
 10FF0 : FE;
 10FF1 : FE;
 10FF2 : FE;
 10FF3 : FE;
 10FF4 : FE;
 10FF5 : FE;
 10FF6 : FE;
 10FF7 : FE;
 10FF8 : FE;
 10FF9 : FE;
 10FFA : FE;
 10FFB : FE;
 10FFC : FE;
 10FFD : FE;
 10FFE : FE;
 10FFF : FE;
 11000 : FE;
 11001 : FE;
 11002 : FE;
 11003 : FE;
 11004 : FE;
 11005 : FE;
 11006 : FE;
 11007 : FE;
 11008 : FE;
 11009 : FE;
 1100A : FE;
 1100B : FE;
 1100C : FE;
 1100D : FE;
 1100E : FE;
 1100F : FE;
 11010 : FE;
 11011 : FE;
 11012 : FE;
 11013 : FE;
 11014 : FE;
 11015 : FE;
 11016 : FE;
 11017 : FE;
 11018 : FE;
 11019 : FE;
 1101A : FE;
 1101B : FE;
 1101C : FE;
 1101D : FE;
 1101E : FE;
 1101F : FE;
 11020 : FE;
 11021 : FE;
 11022 : FE;
 11023 : FE;
 11024 : FE;
 11025 : FE;
 11026 : FE;
 11027 : FE;
 11028 : FE;
 11029 : FE;
 1102A : FE;
 1102B : FE;
 1102C : FE;
 1102D : FE;
 1102E : FE;
 1102F : FE;
 11030 : FE;
 11031 : FE;
 11032 : FE;
 11033 : FE;
 11034 : FE;
 11035 : FE;
 11036 : FE;
 11037 : FE;
 11038 : FE;
 11039 : FE;
 1103A : FE;
 1103B : FE;
 1103C : FE;
 1103D : FE;
 1103E : FE;
 1103F : FE;
 11040 : FE;
 11041 : FE;
 11042 : FE;
 11043 : FE;
 11044 : FE;
 11045 : FE;
 11046 : FE;
 11047 : FE;
 11048 : FE;
 11049 : FE;
 1104A : FE;
 1104B : FE;
 1104C : FE;
 1104D : FE;
 1104E : FE;
 1104F : FE;
 11050 : FE;
 11051 : FE;
 11052 : FE;
 11053 : FE;
 11054 : FE;
 11055 : FE;
 11056 : FE;
 11057 : FE;
 11058 : FE;
 11059 : FE;
 1105A : FE;
 1105B : FE;
 1105C : FE;
 1105D : FE;
 1105E : FE;
 1105F : FE;
 11060 : FE;
 11061 : FE;
 11062 : FE;
 11063 : FE;
 11064 : FE;
 11065 : FE;
 11066 : FE;
 11067 : FE;
 11068 : FE;
 11069 : FE;
 1106A : FE;
 1106B : FE;
 1106C : FE;
 1106D : FE;
 1106E : FE;
 1106F : FE;
 11070 : FE;
 11071 : FE;
 11072 : FE;
 11073 : FE;
 11074 : FE;
 11075 : FE;
 11076 : FE;
 11077 : FE;
 11078 : FE;
 11079 : FE;
 1107A : FE;
 1107B : FE;
 1107C : FE;
 1107D : FE;
 1107E : FE;
 1107F : FE;
 11080 : FE;
 11081 : FE;
 11082 : FE;
 11083 : FE;
 11084 : FE;
 11085 : FE;
 11086 : FE;
 11087 : FE;
 11088 : FE;
 11089 : FE;
 1108A : FE;
 1108B : FE;
 1108C : FE;
 1108D : FE;
 1108E : FE;
 1108F : FE;
 11090 : FE;
 11091 : FE;
 11092 : FE;
 11093 : FE;
 11094 : FE;
 11095 : FE;
 11096 : FE;
 11097 : FE;
 11098 : FE;
 11099 : FE;
 1109A : FE;
 1109B : FE;
 1109C : FE;
 1109D : FE;
 1109E : FE;
 1109F : FE;
 110A0 : FE;
 110A1 : FE;
 110A2 : FE;
 110A3 : FE;
 110A4 : FE;
 110A5 : FE;
 110A6 : FE;
 110A7 : FE;
 110A8 : FE;
 110A9 : FE;
 110AA : FE;
 110AB : FE;
 110AC : FE;
 110AD : FE;
 110AE : FE;
 110AF : FE;
 110B0 : FE;
 110B1 : FE;
 110B2 : FE;
 110B3 : FE;
 110B4 : FE;
 110B5 : FE;
 110B6 : FE;
 110B7 : FE;
 110B8 : FE;
 110B9 : FE;
 110BA : FE;
 110BB : FE;
 110BC : FE;
 110BD : FE;
 110BE : FE;
 110BF : FE;
 110C0 : FE;
 110C1 : FE;
 110C2 : FE;
 110C3 : FE;
 110C4 : FE;
 110C5 : FE;
 110C6 : FE;
 110C7 : FE;
 110C8 : FE;
 110C9 : FE;
 110CA : FE;
 110CB : FE;
 110CC : FE;
 110CD : FE;
 110CE : FE;
 110CF : FE;
 110D0 : FE;
 110D1 : FE;
 110D2 : FE;
 110D3 : FE;
 110D4 : FE;
 110D5 : FE;
 110D6 : FE;
 110D7 : FE;
 110D8 : FE;
 110D9 : FE;
 110DA : FE;
 110DB : FE;
 110DC : FE;
 110DD : FE;
 110DE : FE;
 110DF : FE;
 110E0 : FE;
 110E1 : FE;
 110E2 : FE;
 110E3 : FE;
 110E4 : FE;
 110E5 : FE;
 110E6 : FE;
 110E7 : FE;
 110E8 : FE;
 110E9 : FE;
 110EA : FE;
 110EB : FE;
 110EC : FE;
 110ED : FE;
 110EE : FE;
 110EF : FE;
 110F0 : FE;
 110F1 : FE;
 110F2 : FE;
 110F3 : FE;
 110F4 : FE;
 110F5 : FE;
 110F6 : FE;
 110F7 : FE;
 110F8 : FE;
 110F9 : FE;
 110FA : FE;
 110FB : FE;
 110FC : FE;
 110FD : FE;
 110FE : FE;
 110FF : FE;
 11100 : FE;
 11101 : FE;
 11102 : FE;
 11103 : FE;
 11104 : FE;
 11105 : FE;
 11106 : FE;
 11107 : FE;
 11108 : FE;
 11109 : FE;
 1110A : FE;
 1110B : FE;
 1110C : FE;
 1110D : FE;
 1110E : FE;
 1110F : FE;
 11110 : FE;
 11111 : FE;
 11112 : FE;
 11113 : FE;
 11114 : FE;
 11115 : FE;
 11116 : FE;
 11117 : FE;
 11118 : FE;
 11119 : FE;
 1111A : FE;
 1111B : FE;
 1111C : FE;
 1111D : FE;
 1111E : FE;
 1111F : FE;
 11120 : FE;
 11121 : FE;
 11122 : FE;
 11123 : FE;
 11124 : FE;
 11125 : FE;
 11126 : FE;
 11127 : FE;
 11128 : FE;
 11129 : FE;
 1112A : FE;
 1112B : FE;
 1112C : FE;
 1112D : FE;
 1112E : FE;
 1112F : FE;
 11130 : FE;
 11131 : FE;
 11132 : FE;
 11133 : FE;
 11134 : FE;
 11135 : FE;
 11136 : FE;
 11137 : FE;
 11138 : FE;
 11139 : FE;
 1113A : FE;
 1113B : FE;
 1113C : FE;
 1113D : FE;
 1113E : FE;
 1113F : FE;
 11140 : FE;
 11141 : FE;
 11142 : FE;
 11143 : FE;
 11144 : FE;
 11145 : FE;
 11146 : FE;
 11147 : FE;
 11148 : FE;
 11149 : FE;
 1114A : FE;
 1114B : FE;
 1114C : FE;
 1114D : FE;
 1114E : FE;
 1114F : FE;
 11150 : FE;
 11151 : FE;
 11152 : FE;
 11153 : FE;
 11154 : FE;
 11155 : FE;
 11156 : FE;
 11157 : FE;
 11158 : FE;
 11159 : FE;
 1115A : FE;
 1115B : FE;
 1115C : FE;
 1115D : FE;
 1115E : FE;
 1115F : FE;
 11160 : FE;
 11161 : FE;
 11162 : FE;
 11163 : FE;
 11164 : FE;
 11165 : FE;
 11166 : FE;
 11167 : FE;
 11168 : FE;
 11169 : FE;
 1116A : FE;
 1116B : FE;
 1116C : FE;
 1116D : FE;
 1116E : FE;
 1116F : FE;
 11170 : FE;
 11171 : FE;
 11172 : FE;
 11173 : FE;
 11174 : FE;
 11175 : FE;
 11176 : FE;
 11177 : FE;
 11178 : FE;
 11179 : FE;
 1117A : FE;
 1117B : FE;
 1117C : FE;
 1117D : FE;
 1117E : FE;
 1117F : FE;
 11180 : FE;
 11181 : FE;
 11182 : FE;
 11183 : FE;
 11184 : FE;
 11185 : FE;
 11186 : FE;
 11187 : FE;
 11188 : FE;
 11189 : FE;
 1118A : FE;
 1118B : FE;
 1118C : FE;
 1118D : FE;
 1118E : FE;
 1118F : FE;
 11190 : FE;
 11191 : FE;
 11192 : FE;
 11193 : FE;
 11194 : FE;
 11195 : FE;
 11196 : FE;
 11197 : FE;
 11198 : FE;
 11199 : FE;
 1119A : FE;
 1119B : FE;
 1119C : FE;
 1119D : FE;
 1119E : FE;
 1119F : FE;
 111A0 : FE;
 111A1 : FE;
 111A2 : FE;
 111A3 : FE;
 111A4 : FE;
 111A5 : FE;
 111A6 : FE;
 111A7 : FE;
 111A8 : FE;
 111A9 : FE;
 111AA : FE;
 111AB : FE;
 111AC : FE;
 111AD : FE;
 111AE : FE;
 111AF : FE;
 111B0 : FE;
 111B1 : FE;
 111B2 : FE;
 111B3 : FE;
 111B4 : FE;
 111B5 : FE;
 111B6 : FE;
 111B7 : FE;
 111B8 : FE;
 111B9 : FE;
 111BA : FE;
 111BB : FE;
 111BC : FE;
 111BD : FE;
 111BE : FE;
 111BF : FE;
 111C0 : FE;
 111C1 : FE;
 111C2 : FE;
 111C3 : FE;
 111C4 : FE;
 111C5 : FE;
 111C6 : FE;
 111C7 : FE;
 111C8 : FE;
 111C9 : FE;
 111CA : FE;
 111CB : FE;
 111CC : FE;
 111CD : FE;
 111CE : FE;
 111CF : FE;
 111D0 : FE;
 111D1 : FE;
 111D2 : FE;
 111D3 : FE;
 111D4 : FE;
 111D5 : FE;
 111D6 : FE;
 111D7 : FE;
 111D8 : FE;
 111D9 : FE;
 111DA : FE;
 111DB : FE;
 111DC : FE;
 111DD : FE;
 111DE : FE;
 111DF : FE;
 111E0 : FE;
 111E1 : FE;
 111E2 : FE;
 111E3 : FE;
 111E4 : FE;
 111E5 : FE;
 111E6 : FE;
 111E7 : FE;
 111E8 : FE;
 111E9 : FE;
 111EA : FE;
 111EB : FE;
 111EC : FE;
 111ED : FE;
 111EE : FE;
 111EF : FE;
 111F0 : FE;
 111F1 : FE;
 111F2 : FE;
 111F3 : FE;
 111F4 : FE;
 111F5 : FE;
 111F6 : FE;
 111F7 : FE;
 111F8 : FE;
 111F9 : FE;
 111FA : FE;
 111FB : FE;
 111FC : FE;
 111FD : FE;
 111FE : FE;
 111FF : FE;
 11200 : FE;
 11201 : FE;
 11202 : FE;
 11203 : FE;
 11204 : FE;
 11205 : FE;
 11206 : FE;
 11207 : FE;
 11208 : FE;
 11209 : FE;
 1120A : FE;
 1120B : FE;
 1120C : FE;
 1120D : FE;
 1120E : FE;
 1120F : FE;
 11210 : FE;
 11211 : FE;
 11212 : FE;
 11213 : FE;
 11214 : FE;
 11215 : FE;
 11216 : FE;
 11217 : FE;
 11218 : FE;
 11219 : FE;
 1121A : FE;
 1121B : FE;
 1121C : FE;
 1121D : FE;
 1121E : FE;
 1121F : FE;
 11220 : FE;
 11221 : FE;
 11222 : FE;
 11223 : FE;
 11224 : FE;
 11225 : FE;
 11226 : FE;
 11227 : FE;
 11228 : FE;
 11229 : FE;
 1122A : FE;
 1122B : FE;
 1122C : FE;
 1122D : FE;
 1122E : FE;
 1122F : FE;
 11230 : FE;
 11231 : FE;
 11232 : FE;
 11233 : FE;
 11234 : FE;
 11235 : FE;
 11236 : FE;
 11237 : FE;
 11238 : FE;
 11239 : FE;
 1123A : FE;
 1123B : FE;
 1123C : FE;
 1123D : FE;
 1123E : FE;
 1123F : FE;
 11240 : FE;
 11241 : FE;
 11242 : FE;
 11243 : FE;
 11244 : FE;
 11245 : FE;
 11246 : FE;
 11247 : FE;
 11248 : FE;
 11249 : FE;
 1124A : FE;
 1124B : FE;
 1124C : FE;
 1124D : FE;
 1124E : FE;
 1124F : FE;
 11250 : FE;
 11251 : FE;
 11252 : FE;
 11253 : FE;
 11254 : FE;
 11255 : FE;
 11256 : FE;
 11257 : FE;
 11258 : FE;
 11259 : FE;
 1125A : FE;
 1125B : FE;
 1125C : FE;
 1125D : FE;
 1125E : FE;
 1125F : FE;
 11260 : FE;
 11261 : FE;
 11262 : FE;
 11263 : FE;
 11264 : FE;
 11265 : FE;
 11266 : FE;
 11267 : FE;
 11268 : FE;
 11269 : FE;
 1126A : FE;
 1126B : FE;
 1126C : FE;
 1126D : FE;
 1126E : FE;
 1126F : FE;
 11270 : FE;
 11271 : FE;
 11272 : FE;
 11273 : FE;
 11274 : FE;
 11275 : FE;
 11276 : FE;
 11277 : FE;
 11278 : FE;
 11279 : FE;
 1127A : FE;
 1127B : FE;
 1127C : FE;
 1127D : FE;
 1127E : FE;
 1127F : FE;
 11280 : FE;
 11281 : FE;
 11282 : FE;
 11283 : FE;
 11284 : FE;
 11285 : FE;
 11286 : FE;
 11287 : FE;
 11288 : FE;
 11289 : FE;
 1128A : FE;
 1128B : FE;
 1128C : FE;
 1128D : FE;
 1128E : FE;
 1128F : FE;
 11290 : FE;
 11291 : FE;
 11292 : FE;
 11293 : FE;
 11294 : FE;
 11295 : FE;
 11296 : FE;
 11297 : FE;
 11298 : FE;
 11299 : FE;
 1129A : FE;
 1129B : FE;
 1129C : FE;
 1129D : FE;
 1129E : FE;
 1129F : FE;
 112A0 : FE;
 112A1 : FE;
 112A2 : FE;
 112A3 : FE;
 112A4 : FE;
 112A5 : FE;
 112A6 : FE;
 112A7 : FE;
 112A8 : FE;
 112A9 : FE;
 112AA : FE;
 112AB : FE;
 112AC : FE;
 112AD : FE;
 112AE : FE;
 112AF : FE;
 112B0 : FE;
 112B1 : FE;
 112B2 : FE;
 112B3 : FE;
 112B4 : FE;
 112B5 : FE;
 112B6 : FE;
 112B7 : FE;
 112B8 : FE;
 112B9 : FE;
 112BA : FE;
 112BB : FE;
 112BC : FE;
 112BD : FE;
 112BE : FE;
 112BF : FE;
 112C0 : FE;
 112C1 : FE;
 112C2 : FE;
 112C3 : FE;
 112C4 : FE;
 112C5 : FE;
 112C6 : FE;
 112C7 : FE;
 112C8 : FE;
 112C9 : FE;
 112CA : FE;
 112CB : FE;
 112CC : FE;
 112CD : FE;
 112CE : FE;
 112CF : FE;
 112D0 : FE;
 112D1 : FE;
 112D2 : FE;
 112D3 : FE;
 112D4 : FE;
 112D5 : FE;
 112D6 : FE;
 112D7 : FE;
 112D8 : FE;
 112D9 : FE;
 112DA : FE;
 112DB : FE;
 112DC : FE;
 112DD : FE;
 112DE : FE;
 112DF : FE;
 112E0 : FE;
 112E1 : FE;
 112E2 : FE;
 112E3 : FE;
 112E4 : FE;
 112E5 : FE;
 112E6 : FE;
 112E7 : FE;
 112E8 : FE;
 112E9 : FE;
 112EA : FE;
 112EB : FE;
 112EC : FE;
 112ED : FE;
 112EE : FE;
 112EF : FE;
 112F0 : FE;
 112F1 : FE;
 112F2 : FE;
 112F3 : FE;
 112F4 : FE;
 112F5 : FE;
 112F6 : FE;
 112F7 : FE;
 112F8 : FE;
 112F9 : FE;
 112FA : FE;
 112FB : FE;
 112FC : FE;
 112FD : FE;
 112FE : FE;
 112FF : FE;
 11300 : FE;
 11301 : FE;
 11302 : FE;
 11303 : FE;
 11304 : FE;
 11305 : FE;
 11306 : FE;
 11307 : FE;
 11308 : FE;
 11309 : FE;
 1130A : FE;
 1130B : FE;
 1130C : FE;
 1130D : FE;
 1130E : FE;
 1130F : FE;
 11310 : FE;
 11311 : FE;
 11312 : FE;
 11313 : FE;
 11314 : FE;
 11315 : FE;
 11316 : FE;
 11317 : FE;
 11318 : FE;
 11319 : FE;
 1131A : FE;
 1131B : FE;
 1131C : FE;
 1131D : FE;
 1131E : FE;
 1131F : FE;
 11320 : FE;
 11321 : FE;
 11322 : FE;
 11323 : FE;
 11324 : FE;
 11325 : FE;
 11326 : FE;
 11327 : FE;
 11328 : FE;
 11329 : FE;
 1132A : FE;
 1132B : FE;
 1132C : FE;
 1132D : FE;
 1132E : FE;
 1132F : FE;
 11330 : FE;
 11331 : FE;
 11332 : FE;
 11333 : FE;
 11334 : FE;
 11335 : FE;
 11336 : FE;
 11337 : FE;
 11338 : FE;
 11339 : FE;
 1133A : FE;
 1133B : FE;
 1133C : FE;
 1133D : FE;
 1133E : FE;
 1133F : FE;
 11340 : FE;
 11341 : FE;
 11342 : FE;
 11343 : FE;
 11344 : FE;
 11345 : FE;
 11346 : FE;
 11347 : FE;
 11348 : FE;
 11349 : FE;
 1134A : FE;
 1134B : FE;
 1134C : FE;
 1134D : FE;
 1134E : FE;
 1134F : FE;
 11350 : FE;
 11351 : FE;
 11352 : FE;
 11353 : FE;
 11354 : FE;
 11355 : FE;
 11356 : FE;
 11357 : FE;
 11358 : FE;
 11359 : FE;
 1135A : FE;
 1135B : FE;
 1135C : FE;
 1135D : FE;
 1135E : FE;
 1135F : FE;
 11360 : FE;
 11361 : FE;
 11362 : FE;
 11363 : FE;
 11364 : FE;
 11365 : FE;
 11366 : FE;
 11367 : FE;
 11368 : FE;
 11369 : FE;
 1136A : FE;
 1136B : FE;
 1136C : FE;
 1136D : FE;
 1136E : FE;
 1136F : FE;
 11370 : FE;
 11371 : FE;
 11372 : FE;
 11373 : FE;
 11374 : FE;
 11375 : FE;
 11376 : FE;
 11377 : FE;
 11378 : FE;
 11379 : FE;
 1137A : FE;
 1137B : FE;
 1137C : FE;
 1137D : FE;
 1137E : FE;
 1137F : FE;
 11380 : FE;
 11381 : FE;
 11382 : FE;
 11383 : FE;
 11384 : FE;
 11385 : FE;
 11386 : FE;
 11387 : FE;
 11388 : FE;
 11389 : FE;
 1138A : FE;
 1138B : FE;
 1138C : FE;
 1138D : FE;
 1138E : FE;
 1138F : FE;
 11390 : FE;
 11391 : FE;
 11392 : FE;
 11393 : FE;
 11394 : FE;
 11395 : FE;
 11396 : FE;
 11397 : FE;
 11398 : FE;
 11399 : FE;
 1139A : FE;
 1139B : FE;
 1139C : FE;
 1139D : FE;
 1139E : FE;
 1139F : FE;
 113A0 : FE;
 113A1 : FE;
 113A2 : FE;
 113A3 : FE;
 113A4 : FE;
 113A5 : FE;
 113A6 : FE;
 113A7 : FE;
 113A8 : FE;
 113A9 : FE;
 113AA : FE;
 113AB : FE;
 113AC : FE;
 113AD : FE;
 113AE : FE;
 113AF : FE;
 113B0 : FE;
 113B1 : FE;
 113B2 : FE;
 113B3 : FE;
 113B4 : FE;
 113B5 : FE;
 113B6 : FE;
 113B7 : FE;
 113B8 : FE;
 113B9 : FE;
 113BA : FE;
 113BB : FE;
 113BC : FE;
 113BD : FE;
 113BE : FE;
 113BF : FE;
 113C0 : FE;
 113C1 : FE;
 113C2 : FE;
 113C3 : FE;
 113C4 : FE;
 113C5 : FE;
 113C6 : FE;
 113C7 : FE;
 113C8 : FE;
 113C9 : FE;
 113CA : FE;
 113CB : FE;
 113CC : FE;
 113CD : FE;
 113CE : FE;
 113CF : FE;
 113D0 : FE;
 113D1 : FE;
 113D2 : FE;
 113D3 : FE;
 113D4 : FE;
 113D5 : FE;
 113D6 : FE;
 113D7 : FE;
 113D8 : FE;
 113D9 : FE;
 113DA : FE;
 113DB : FE;
 113DC : FE;
 113DD : FE;
 113DE : FE;
 113DF : FE;
 113E0 : FE;
 113E1 : FE;
 113E2 : FE;
 113E3 : FE;
 113E4 : FE;
 113E5 : FE;
 113E6 : FE;
 113E7 : FE;
 113E8 : FE;
 113E9 : FE;
 113EA : FE;
 113EB : FE;
 113EC : FE;
 113ED : FE;
 113EE : FE;
 113EF : FE;
 113F0 : FE;
 113F1 : FE;
 113F2 : FE;
 113F3 : FE;
 113F4 : FE;
 113F5 : FE;
 113F6 : FE;
 113F7 : FE;
 113F8 : FE;
 113F9 : FE;
 113FA : FE;
 113FB : FE;
 113FC : FE;
 113FD : FE;
 113FE : FE;
 113FF : FE;
 11400 : FE;
 11401 : FE;
 11402 : FE;
 11403 : FE;
 11404 : FE;
 11405 : FE;
 11406 : FE;
 11407 : FE;
 11408 : FE;
 11409 : FE;
 1140A : FE;
 1140B : FE;
 1140C : FE;
 1140D : FE;
 1140E : FE;
 1140F : FE;
 11410 : FE;
 11411 : FE;
 11412 : FE;
 11413 : FE;
 11414 : FE;
 11415 : FE;
 11416 : FE;
 11417 : FE;
 11418 : FE;
 11419 : FE;
 1141A : FE;
 1141B : FE;
 1141C : FE;
 1141D : FE;
 1141E : FE;
 1141F : FE;
 11420 : FE;
 11421 : FE;
 11422 : FE;
 11423 : FE;
 11424 : FE;
 11425 : FE;
 11426 : FE;
 11427 : FE;
 11428 : FE;
 11429 : FE;
 1142A : FE;
 1142B : FE;
 1142C : FE;
 1142D : FE;
 1142E : FE;
 1142F : FE;
 11430 : FE;
 11431 : FE;
 11432 : FE;
 11433 : FE;
 11434 : FE;
 11435 : FE;
 11436 : FE;
 11437 : FE;
 11438 : FE;
 11439 : FE;
 1143A : FE;
 1143B : FE;
 1143C : FE;
 1143D : FE;
 1143E : FE;
 1143F : FE;
 11440 : FE;
 11441 : FE;
 11442 : FE;
 11443 : FE;
 11444 : FE;
 11445 : FE;
 11446 : FE;
 11447 : FE;
 11448 : FE;
 11449 : FE;
 1144A : FE;
 1144B : FE;
 1144C : FE;
 1144D : FE;
 1144E : FE;
 1144F : FE;
 11450 : FE;
 11451 : FE;
 11452 : FE;
 11453 : FE;
 11454 : FE;
 11455 : FE;
 11456 : FE;
 11457 : FE;
 11458 : FE;
 11459 : FE;
 1145A : FE;
 1145B : FE;
 1145C : FE;
 1145D : FE;
 1145E : FE;
 1145F : FE;
 11460 : FE;
 11461 : FE;
 11462 : FE;
 11463 : FE;
 11464 : FE;
 11465 : FE;
 11466 : FE;
 11467 : FE;
 11468 : FE;
 11469 : FE;
 1146A : FE;
 1146B : FE;
 1146C : FE;
 1146D : FE;
 1146E : FE;
 1146F : FE;
 11470 : FE;
 11471 : FE;
 11472 : FE;
 11473 : FE;
 11474 : FE;
 11475 : FE;
 11476 : FE;
 11477 : FE;
 11478 : FE;
 11479 : FE;
 1147A : FE;
 1147B : FE;
 1147C : FE;
 1147D : FE;
 1147E : FE;
 1147F : FE;
 11480 : FE;
 11481 : FE;
 11482 : FE;
 11483 : FE;
 11484 : FE;
 11485 : FE;
 11486 : FE;
 11487 : FE;
 11488 : FE;
 11489 : FE;
 1148A : FE;
 1148B : FE;
 1148C : FE;
 1148D : FE;
 1148E : FE;
 1148F : FE;
 11490 : FE;
 11491 : FE;
 11492 : FE;
 11493 : FE;
 11494 : FE;
 11495 : FE;
 11496 : FE;
 11497 : FE;
 11498 : FE;
 11499 : FE;
 1149A : FE;
 1149B : FE;
 1149C : FE;
 1149D : FE;
 1149E : FE;
 1149F : FE;
 114A0 : FE;
 114A1 : FE;
 114A2 : FE;
 114A3 : FE;
 114A4 : FE;
 114A5 : FE;
 114A6 : FE;
 114A7 : FE;
 114A8 : FE;
 114A9 : FE;
 114AA : FE;
 114AB : FE;
 114AC : FE;
 114AD : FE;
 114AE : FE;
 114AF : FE;
 114B0 : FE;
 114B1 : FE;
 114B2 : FE;
 114B3 : FE;
 114B4 : FE;
 114B5 : FE;
 114B6 : FE;
 114B7 : FE;
 114B8 : FE;
 114B9 : FE;
 114BA : FE;
 114BB : FE;
 114BC : FE;
 114BD : FE;
 114BE : FE;
 114BF : FE;
 114C0 : FE;
 114C1 : FE;
 114C2 : FE;
 114C3 : FE;
 114C4 : FE;
 114C5 : FE;
 114C6 : FE;
 114C7 : FE;
 114C8 : FE;
 114C9 : FE;
 114CA : FE;
 114CB : FE;
 114CC : FE;
 114CD : FE;
 114CE : FE;
 114CF : FE;
 114D0 : FE;
 114D1 : FE;
 114D2 : FE;
 114D3 : FE;
 114D4 : FE;
 114D5 : FE;
 114D6 : FE;
 114D7 : FE;
 114D8 : FE;
 114D9 : FE;
 114DA : FE;
 114DB : FE;
 114DC : FE;
 114DD : FE;
 114DE : FE;
 114DF : FE;
 114E0 : FE;
 114E1 : FE;
 114E2 : FE;
 114E3 : FE;
 114E4 : FE;
 114E5 : FE;
 114E6 : FE;
 114E7 : FE;
 114E8 : FE;
 114E9 : FE;
 114EA : FE;
 114EB : FE;
 114EC : FE;
 114ED : FE;
 114EE : FE;
 114EF : FE;
 114F0 : FE;
 114F1 : FE;
 114F2 : FE;
 114F3 : FE;
 114F4 : FE;
 114F5 : FE;
 114F6 : FE;
 114F7 : FE;
 114F8 : FE;
 114F9 : FE;
 114FA : FE;
 114FB : FE;
 114FC : FE;
 114FD : FE;
 114FE : FE;
 114FF : FE;
 11500 : FE;
 11501 : FE;
 11502 : FE;
 11503 : FE;
 11504 : FE;
 11505 : FE;
 11506 : FE;
 11507 : FE;
 11508 : FE;
 11509 : FE;
 1150A : FE;
 1150B : FE;
 1150C : FE;
 1150D : FE;
 1150E : FE;
 1150F : FE;
 11510 : FE;
 11511 : FE;
 11512 : FE;
 11513 : FE;
 11514 : FE;
 11515 : FE;
 11516 : FE;
 11517 : FE;
 11518 : FE;
 11519 : FE;
 1151A : FE;
 1151B : FE;
 1151C : FE;
 1151D : FE;
 1151E : FE;
 1151F : FE;
 11520 : FE;
 11521 : FE;
 11522 : FE;
 11523 : FE;
 11524 : FE;
 11525 : FE;
 11526 : FE;
 11527 : FE;
 11528 : FE;
 11529 : FE;
 1152A : FE;
 1152B : FE;
 1152C : FE;
 1152D : FE;
 1152E : FE;
 1152F : FE;
 11530 : FE;
 11531 : FE;
 11532 : FE;
 11533 : FE;
 11534 : FE;
 11535 : FE;
 11536 : FE;
 11537 : FE;
 11538 : FE;
 11539 : FE;
 1153A : FE;
 1153B : FE;
 1153C : FE;
 1153D : FE;
 1153E : FE;
 1153F : FE;
 11540 : FE;
 11541 : FE;
 11542 : FE;
 11543 : FE;
 11544 : FE;
 11545 : FE;
 11546 : FE;
 11547 : FE;
 11548 : FE;
 11549 : FE;
 1154A : FE;
 1154B : FE;
 1154C : FE;
 1154D : FE;
 1154E : FE;
 1154F : FE;
 11550 : FE;
 11551 : FE;
 11552 : FE;
 11553 : FE;
 11554 : FE;
 11555 : FE;
 11556 : FE;
 11557 : FE;
 11558 : FE;
 11559 : FE;
 1155A : FE;
 1155B : FE;
 1155C : FE;
 1155D : FE;
 1155E : FE;
 1155F : FE;
 11560 : FE;
 11561 : FE;
 11562 : FE;
 11563 : FE;
 11564 : FE;
 11565 : FE;
 11566 : FE;
 11567 : FE;
 11568 : FE;
 11569 : FE;
 1156A : FE;
 1156B : FE;
 1156C : FE;
 1156D : FE;
 1156E : FE;
 1156F : FE;
 11570 : FE;
 11571 : FE;
 11572 : FE;
 11573 : FE;
 11574 : FE;
 11575 : FE;
 11576 : FE;
 11577 : FE;
 11578 : FE;
 11579 : FE;
 1157A : FE;
 1157B : FE;
 1157C : FE;
 1157D : FE;
 1157E : FE;
 1157F : FE;
 11580 : FE;
 11581 : FE;
 11582 : FE;
 11583 : FE;
 11584 : FE;
 11585 : FE;
 11586 : FE;
 11587 : FE;
 11588 : FE;
 11589 : FE;
 1158A : FE;
 1158B : FE;
 1158C : FE;
 1158D : FE;
 1158E : FE;
 1158F : FE;
 11590 : FE;
 11591 : FE;
 11592 : FE;
 11593 : FE;
 11594 : FE;
 11595 : FE;
 11596 : FE;
 11597 : FE;
 11598 : FE;
 11599 : FE;
 1159A : FE;
 1159B : FE;
 1159C : FE;
 1159D : FE;
 1159E : FE;
 1159F : FE;
 115A0 : FE;
 115A1 : FE;
 115A2 : FE;
 115A3 : FE;
 115A4 : FE;
 115A5 : FE;
 115A6 : FE;
 115A7 : FE;
 115A8 : FE;
 115A9 : FE;
 115AA : FE;
 115AB : FE;
 115AC : FE;
 115AD : FE;
 115AE : FE;
 115AF : FE;
 115B0 : FE;
 115B1 : FE;
 115B2 : FE;
 115B3 : FE;
 115B4 : FE;
 115B5 : FE;
 115B6 : FE;
 115B7 : FE;
 115B8 : FE;
 115B9 : FE;
 115BA : FE;
 115BB : FE;
 115BC : FE;
 115BD : FE;
 115BE : FE;
 115BF : FE;
 115C0 : FE;
 115C1 : FE;
 115C2 : FE;
 115C3 : FE;
 115C4 : FE;
 115C5 : FE;
 115C6 : FE;
 115C7 : FE;
 115C8 : FE;
 115C9 : FE;
 115CA : FE;
 115CB : FE;
 115CC : FE;
 115CD : FE;
 115CE : FE;
 115CF : FE;
 115D0 : FE;
 115D1 : FE;
 115D2 : FE;
 115D3 : FE;
 115D4 : FE;
 115D5 : FE;
 115D6 : FE;
 115D7 : FE;
 115D8 : FE;
 115D9 : FE;
 115DA : FE;
 115DB : FE;
 115DC : FE;
 115DD : FE;
 115DE : FE;
 115DF : FE;
 115E0 : FE;
 115E1 : FE;
 115E2 : FE;
 115E3 : FE;
 115E4 : FE;
 115E5 : FE;
 115E6 : FE;
 115E7 : FE;
 115E8 : FE;
 115E9 : FE;
 115EA : FE;
 115EB : FE;
 115EC : FE;
 115ED : FE;
 115EE : FE;
 115EF : FE;
 115F0 : FE;
 115F1 : FE;
 115F2 : FE;
 115F3 : FE;
 115F4 : FE;
 115F5 : FE;
 115F6 : FE;
 115F7 : FE;
 115F8 : FE;
 115F9 : FE;
 115FA : FE;
 115FB : FE;
 115FC : FE;
 115FD : FE;
 115FE : FE;
 115FF : FE;
 11600 : FE;
 11601 : FE;
 11602 : FE;
 11603 : FE;
 11604 : FE;
 11605 : FE;
 11606 : FE;
 11607 : FE;
 11608 : FE;
 11609 : FE;
 1160A : FE;
 1160B : FE;
 1160C : FE;
 1160D : FE;
 1160E : FE;
 1160F : FE;
 11610 : FE;
 11611 : FE;
 11612 : FE;
 11613 : FE;
 11614 : FE;
 11615 : FE;
 11616 : FE;
 11617 : FE;
 11618 : FE;
 11619 : FE;
 1161A : FE;
 1161B : FE;
 1161C : FE;
 1161D : FE;
 1161E : FE;
 1161F : FE;
 11620 : FE;
 11621 : FE;
 11622 : FE;
 11623 : FE;
 11624 : FE;
 11625 : FE;
 11626 : FE;
 11627 : FE;
 11628 : FE;
 11629 : FE;
 1162A : FE;
 1162B : FE;
 1162C : FE;
 1162D : FE;
 1162E : FE;
 1162F : FE;
 11630 : FE;
 11631 : FE;
 11632 : FE;
 11633 : FE;
 11634 : FE;
 11635 : FE;
 11636 : FE;
 11637 : FE;
 11638 : FE;
 11639 : FE;
 1163A : FE;
 1163B : FE;
 1163C : FE;
 1163D : FE;
 1163E : FE;
 1163F : FE;
 11640 : FE;
 11641 : FE;
 11642 : FE;
 11643 : FE;
 11644 : FE;
 11645 : FE;
 11646 : FE;
 11647 : FE;
 11648 : FE;
 11649 : FE;
 1164A : FE;
 1164B : FE;
 1164C : FE;
 1164D : FE;
 1164E : FE;
 1164F : FE;
 11650 : FE;
 11651 : FE;
 11652 : FE;
 11653 : FE;
 11654 : FE;
 11655 : FE;
 11656 : FE;
 11657 : FE;
 11658 : FE;
 11659 : FE;
 1165A : FE;
 1165B : FE;
 1165C : FE;
 1165D : FE;
 1165E : FE;
 1165F : FE;
 11660 : FE;
 11661 : FE;
 11662 : FE;
 11663 : FE;
 11664 : FE;
 11665 : FE;
 11666 : FE;
 11667 : FE;
 11668 : FE;
 11669 : FE;
 1166A : FE;
 1166B : FE;
 1166C : FE;
 1166D : FE;
 1166E : FE;
 1166F : FE;
 11670 : FE;
 11671 : FE;
 11672 : FE;
 11673 : FE;
 11674 : FE;
 11675 : FE;
 11676 : FE;
 11677 : FE;
 11678 : FE;
 11679 : FE;
 1167A : FE;
 1167B : FE;
 1167C : FE;
 1167D : FE;
 1167E : FE;
 1167F : FE;
 11680 : FE;
 11681 : FE;
 11682 : FE;
 11683 : FE;
 11684 : FE;
 11685 : FE;
 11686 : FE;
 11687 : FE;
 11688 : FE;
 11689 : FE;
 1168A : FE;
 1168B : FE;
 1168C : FE;
 1168D : FE;
 1168E : FE;
 1168F : FE;
 11690 : FE;
 11691 : FE;
 11692 : FE;
 11693 : FE;
 11694 : FE;
 11695 : FE;
 11696 : FE;
 11697 : FE;
 11698 : FE;
 11699 : FE;
 1169A : FE;
 1169B : FE;
 1169C : FE;
 1169D : FE;
 1169E : FE;
 1169F : FE;
 116A0 : FE;
 116A1 : FE;
 116A2 : FE;
 116A3 : FE;
 116A4 : FE;
 116A5 : FE;
 116A6 : FE;
 116A7 : FE;
 116A8 : FE;
 116A9 : FE;
 116AA : FE;
 116AB : FE;
 116AC : FE;
 116AD : FE;
 116AE : FE;
 116AF : FE;
 116B0 : FE;
 116B1 : FE;
 116B2 : FE;
 116B3 : FE;
 116B4 : FE;
 116B5 : FE;
 116B6 : FE;
 116B7 : FE;
 116B8 : FE;
 116B9 : FE;
 116BA : FE;
 116BB : FE;
 116BC : FE;
 116BD : FE;
 116BE : FE;
 116BF : FE;
 116C0 : FE;
 116C1 : FE;
 116C2 : FE;
 116C3 : FE;
 116C4 : FE;
 116C5 : FE;
 116C6 : FE;
 116C7 : FE;
 116C8 : FE;
 116C9 : FE;
 116CA : FE;
 116CB : FE;
 116CC : FE;
 116CD : FE;
 116CE : FE;
 116CF : FE;
 116D0 : FE;
 116D1 : FE;
 116D2 : FE;
 116D3 : FE;
 116D4 : FE;
 116D5 : FE;
 116D6 : FE;
 116D7 : FE;
 116D8 : FE;
 116D9 : FE;
 116DA : FE;
 116DB : FE;
 116DC : FE;
 116DD : FE;
 116DE : FE;
 116DF : FE;
 116E0 : FE;
 116E1 : FE;
 116E2 : FE;
 116E3 : FE;
 116E4 : FE;
 116E5 : FE;
 116E6 : FE;
 116E7 : FE;
 116E8 : FE;
 116E9 : FE;
 116EA : FE;
 116EB : FE;
 116EC : FE;
 116ED : FE;
 116EE : FE;
 116EF : FE;
 116F0 : FE;
 116F1 : FE;
 116F2 : FE;
 116F3 : FE;
 116F4 : FE;
 116F5 : FE;
 116F6 : FE;
 116F7 : FE;
 116F8 : FE;
 116F9 : FE;
 116FA : FE;
 116FB : FE;
 116FC : FE;
 116FD : FE;
 116FE : FE;
 116FF : FE;
 11700 : FE;
 11701 : FE;
 11702 : FE;
 11703 : FE;
 11704 : FE;
 11705 : FE;
 11706 : FE;
 11707 : FE;
 11708 : FE;
 11709 : FE;
 1170A : FE;
 1170B : FE;
 1170C : FE;
 1170D : FE;
 1170E : FE;
 1170F : FE;
 11710 : FE;
 11711 : FE;
 11712 : FE;
 11713 : FE;
 11714 : FE;
 11715 : FE;
 11716 : FE;
 11717 : FE;
 11718 : FE;
 11719 : FE;
 1171A : FE;
 1171B : FE;
 1171C : FE;
 1171D : FE;
 1171E : FE;
 1171F : FE;
 11720 : FE;
 11721 : FE;
 11722 : FE;
 11723 : FE;
 11724 : FE;
 11725 : FE;
 11726 : FE;
 11727 : FE;
 11728 : FE;
 11729 : FE;
 1172A : FE;
 1172B : FE;
 1172C : FE;
 1172D : FE;
 1172E : FE;
 1172F : FE;
 11730 : FE;
 11731 : FE;
 11732 : FE;
 11733 : FE;
 11734 : FE;
 11735 : FE;
 11736 : FE;
 11737 : FE;
 11738 : FE;
 11739 : FE;
 1173A : FE;
 1173B : FE;
 1173C : FE;
 1173D : FE;
 1173E : FE;
 1173F : FE;
 11740 : FE;
 11741 : FE;
 11742 : FE;
 11743 : FE;
 11744 : FE;
 11745 : FE;
 11746 : FE;
 11747 : FE;
 11748 : FE;
 11749 : FE;
 1174A : FE;
 1174B : FE;
 1174C : FE;
 1174D : FE;
 1174E : FE;
 1174F : FE;
 11750 : FE;
 11751 : FE;
 11752 : FE;
 11753 : FE;
 11754 : FE;
 11755 : FE;
 11756 : FE;
 11757 : FE;
 11758 : FE;
 11759 : FE;
 1175A : FE;
 1175B : FE;
 1175C : FE;
 1175D : FE;
 1175E : FE;
 1175F : FE;
 11760 : FE;
 11761 : FE;
 11762 : FE;
 11763 : FE;
 11764 : FE;
 11765 : FE;
 11766 : FE;
 11767 : FE;
 11768 : FE;
 11769 : FE;
 1176A : FE;
 1176B : FE;
 1176C : FE;
 1176D : FE;
 1176E : FE;
 1176F : FE;
 11770 : FE;
 11771 : FE;
 11772 : FE;
 11773 : FE;
 11774 : FE;
 11775 : FE;
 11776 : FE;
 11777 : FE;
 11778 : FE;
 11779 : FE;
 1177A : FE;
 1177B : FE;
 1177C : FE;
 1177D : FE;
 1177E : FE;
 1177F : FE;
 11780 : FE;
 11781 : FE;
 11782 : FE;
 11783 : FE;
 11784 : FE;
 11785 : FE;
 11786 : FE;
 11787 : FE;
 11788 : FE;
 11789 : FE;
 1178A : FE;
 1178B : FE;
 1178C : FE;
 1178D : FE;
 1178E : FE;
 1178F : FE;
 11790 : FE;
 11791 : FE;
 11792 : FE;
 11793 : FE;
 11794 : FE;
 11795 : FE;
 11796 : FE;
 11797 : FE;
 11798 : FE;
 11799 : FE;
 1179A : FE;
 1179B : FE;
 1179C : FE;
 1179D : FE;
 1179E : FE;
 1179F : FE;
 117A0 : FE;
 117A1 : FE;
 117A2 : FE;
 117A3 : FE;
 117A4 : FE;
 117A5 : FE;
 117A6 : FE;
 117A7 : FE;
 117A8 : FE;
 117A9 : FE;
 117AA : FE;
 117AB : FE;
 117AC : FE;
 117AD : FE;
 117AE : FE;
 117AF : FE;
 117B0 : FE;
 117B1 : FE;
 117B2 : FE;
 117B3 : FE;
 117B4 : FE;
 117B5 : FE;
 117B6 : FE;
 117B7 : FE;
 117B8 : FE;
 117B9 : FE;
 117BA : FE;
 117BB : FE;
 117BC : FE;
 117BD : FE;
 117BE : FE;
 117BF : FE;
 117C0 : FE;
 117C1 : FE;
 117C2 : FE;
 117C3 : FE;
 117C4 : FE;
 117C5 : FE;
 117C6 : FE;
 117C7 : FE;
 117C8 : FE;
 117C9 : FE;
 117CA : FE;
 117CB : FE;
 117CC : FE;
 117CD : FE;
 117CE : FE;
 117CF : FE;
 117D0 : FE;
 117D1 : FE;
 117D2 : FE;
 117D3 : FE;
 117D4 : FE;
 117D5 : FE;
 117D6 : FE;
 117D7 : FE;
 117D8 : FE;
 117D9 : FE;
 117DA : FE;
 117DB : FE;
 117DC : FE;
 117DD : FE;
 117DE : FE;
 117DF : FE;
 117E0 : FE;
 117E1 : FE;
 117E2 : FE;
 117E3 : FE;
 117E4 : FE;
 117E5 : FE;
 117E6 : FE;
 117E7 : FE;
 117E8 : FE;
 117E9 : FE;
 117EA : FE;
 117EB : FE;
 117EC : FE;
 117ED : FE;
 117EE : FE;
 117EF : FE;
 117F0 : FE;
 117F1 : FE;
 117F2 : FE;
 117F3 : FE;
 117F4 : FE;
 117F5 : FE;
 117F6 : FE;
 117F7 : FE;
 117F8 : FE;
 117F9 : FE;
 117FA : FE;
 117FB : FE;
 117FC : FE;
 117FD : FE;
 117FE : FE;
 117FF : FE;
 11800 : FE;
 11801 : FE;
 11802 : FE;
 11803 : FE;
 11804 : FE;
 11805 : FE;
 11806 : FE;
 11807 : FE;
 11808 : FE;
 11809 : FE;
 1180A : FE;
 1180B : FE;
 1180C : FE;
 1180D : FE;
 1180E : FE;
 1180F : FE;
 11810 : FE;
 11811 : FE;
 11812 : FE;
 11813 : FE;
 11814 : FE;
 11815 : FE;
 11816 : FE;
 11817 : FE;
 11818 : FE;
 11819 : FE;
 1181A : FE;
 1181B : FE;
 1181C : FE;
 1181D : FE;
 1181E : FE;
 1181F : FE;
 11820 : FE;
 11821 : FE;
 11822 : FE;
 11823 : FE;
 11824 : FE;
 11825 : FE;
 11826 : FE;
 11827 : FE;
 11828 : FE;
 11829 : FE;
 1182A : FE;
 1182B : FE;
 1182C : FE;
 1182D : FE;
 1182E : FE;
 1182F : FE;
 11830 : FE;
 11831 : FE;
 11832 : FE;
 11833 : FE;
 11834 : FE;
 11835 : FE;
 11836 : FE;
 11837 : FE;
 11838 : FE;
 11839 : FE;
 1183A : FE;
 1183B : FE;
 1183C : FE;
 1183D : FE;
 1183E : FE;
 1183F : FE;
 11840 : FE;
 11841 : FE;
 11842 : FE;
 11843 : FE;
 11844 : FE;
 11845 : FE;
 11846 : FE;
 11847 : FE;
 11848 : FE;
 11849 : FE;
 1184A : FE;
 1184B : FE;
 1184C : FE;
 1184D : FE;
 1184E : FE;
 1184F : FE;
 11850 : FE;
 11851 : FE;
 11852 : FE;
 11853 : FE;
 11854 : FE;
 11855 : FE;
 11856 : FE;
 11857 : FE;
 11858 : FE;
 11859 : FE;
 1185A : FE;
 1185B : FE;
 1185C : FE;
 1185D : FE;
 1185E : FE;
 1185F : FE;
 11860 : FE;
 11861 : FE;
 11862 : FE;
 11863 : FE;
 11864 : FE;
 11865 : FE;
 11866 : FE;
 11867 : FE;
 11868 : FE;
 11869 : FE;
 1186A : FE;
 1186B : FE;
 1186C : FE;
 1186D : FE;
 1186E : FE;
 1186F : FE;
 11870 : FE;
 11871 : FE;
 11872 : FE;
 11873 : FE;
 11874 : FE;
 11875 : FE;
 11876 : FE;
 11877 : FE;
 11878 : FE;
 11879 : FE;
 1187A : FE;
 1187B : FE;
 1187C : FE;
 1187D : FE;
 1187E : FE;
 1187F : FE;
 11880 : FE;
 11881 : FE;
 11882 : FE;
 11883 : FE;
 11884 : FE;
 11885 : FE;
 11886 : FE;
 11887 : FE;
 11888 : FE;
 11889 : FE;
 1188A : FE;
 1188B : FE;
 1188C : FE;
 1188D : FE;
 1188E : FE;
 1188F : FE;
 11890 : FE;
 11891 : FE;
 11892 : FE;
 11893 : FE;
 11894 : FE;
 11895 : FE;
 11896 : FE;
 11897 : FE;
 11898 : FE;
 11899 : FE;
 1189A : FE;
 1189B : FE;
 1189C : FE;
 1189D : FE;
 1189E : FE;
 1189F : FE;
 118A0 : FE;
 118A1 : FE;
 118A2 : FE;
 118A3 : FE;
 118A4 : FE;
 118A5 : FE;
 118A6 : FE;
 118A7 : FE;
 118A8 : FE;
 118A9 : FE;
 118AA : FE;
 118AB : FE;
 118AC : FE;
 118AD : FE;
 118AE : FE;
 118AF : FE;
 118B0 : FE;
 118B1 : FE;
 118B2 : FE;
 118B3 : FE;
 118B4 : FE;
 118B5 : FE;
 118B6 : FE;
 118B7 : FE;
 118B8 : FE;
 118B9 : FE;
 118BA : FE;
 118BB : FE;
 118BC : FE;
 118BD : FE;
 118BE : FE;
 118BF : FE;
 118C0 : FE;
 118C1 : FE;
 118C2 : FE;
 118C3 : FE;
 118C4 : FE;
 118C5 : FE;
 118C6 : FE;
 118C7 : FE;
 118C8 : FE;
 118C9 : FE;
 118CA : FE;
 118CB : FE;
 118CC : FE;
 118CD : FE;
 118CE : FE;
 118CF : FE;
 118D0 : FE;
 118D1 : FE;
 118D2 : FE;
 118D3 : FE;
 118D4 : FE;
 118D5 : FE;
 118D6 : FE;
 118D7 : FE;
 118D8 : FE;
 118D9 : FE;
 118DA : FE;
 118DB : FE;
 118DC : FE;
 118DD : FE;
 118DE : FE;
 118DF : FE;
 118E0 : FE;
 118E1 : FE;
 118E2 : FE;
 118E3 : FE;
 118E4 : FE;
 118E5 : FE;
 118E6 : FE;
 118E7 : FE;
 118E8 : FE;
 118E9 : FE;
 118EA : FE;
 118EB : FE;
 118EC : FE;
 118ED : FE;
 118EE : FE;
 118EF : FE;
 118F0 : FE;
 118F1 : FE;
 118F2 : FE;
 118F3 : FE;
 118F4 : FE;
 118F5 : FE;
 118F6 : FE;
 118F7 : FE;
 118F8 : FE;
 118F9 : FE;
 118FA : FE;
 118FB : FE;
 118FC : FE;
 118FD : FE;
 118FE : FE;
 118FF : FE;
 11900 : FE;
 11901 : FE;
 11902 : FE;
 11903 : FE;
 11904 : FE;
 11905 : FE;
 11906 : FE;
 11907 : FE;
 11908 : FE;
 11909 : FE;
 1190A : FE;
 1190B : FE;
 1190C : FE;
 1190D : FE;
 1190E : FE;
 1190F : FE;
 11910 : FE;
 11911 : FE;
 11912 : FE;
 11913 : FE;
 11914 : FE;
 11915 : FE;
 11916 : FE;
 11917 : FE;
 11918 : FE;
 11919 : FE;
 1191A : FE;
 1191B : FE;
 1191C : FE;
 1191D : FE;
 1191E : FE;
 1191F : FE;
 11920 : FE;
 11921 : FE;
 11922 : FE;
 11923 : FE;
 11924 : FE;
 11925 : FE;
 11926 : FE;
 11927 : FE;
 11928 : FE;
 11929 : FE;
 1192A : FE;
 1192B : FE;
 1192C : FE;
 1192D : FE;
 1192E : FE;
 1192F : FE;
 11930 : FE;
 11931 : FE;
 11932 : FE;
 11933 : FE;
 11934 : FE;
 11935 : FE;
 11936 : FE;
 11937 : FE;
 11938 : FE;
 11939 : FE;
 1193A : FE;
 1193B : FE;
 1193C : FE;
 1193D : FE;
 1193E : FE;
 1193F : FE;
 11940 : FE;
 11941 : FE;
 11942 : FE;
 11943 : FE;
 11944 : FE;
 11945 : FE;
 11946 : FE;
 11947 : FE;
 11948 : FE;
 11949 : FE;
 1194A : FE;
 1194B : FE;
 1194C : FE;
 1194D : FE;
 1194E : FE;
 1194F : FE;
 11950 : FE;
 11951 : FE;
 11952 : FE;
 11953 : FE;
 11954 : FE;
 11955 : FE;
 11956 : FE;
 11957 : FE;
 11958 : FE;
 11959 : FE;
 1195A : FE;
 1195B : FE;
 1195C : FE;
 1195D : FE;
 1195E : FE;
 1195F : FE;
 11960 : FE;
 11961 : FE;
 11962 : FE;
 11963 : FE;
 11964 : FE;
 11965 : FE;
 11966 : FE;
 11967 : FE;
 11968 : FE;
 11969 : FE;
 1196A : FE;
 1196B : FE;
 1196C : FE;
 1196D : FE;
 1196E : FE;
 1196F : FE;
 11970 : FE;
 11971 : FE;
 11972 : FE;
 11973 : FE;
 11974 : FE;
 11975 : FE;
 11976 : FE;
 11977 : FE;
 11978 : FE;
 11979 : FE;
 1197A : FE;
 1197B : FE;
 1197C : FE;
 1197D : FE;
 1197E : FE;
 1197F : FE;
 11980 : FE;
 11981 : FE;
 11982 : FE;
 11983 : FE;
 11984 : FE;
 11985 : FE;
 11986 : FE;
 11987 : FE;
 11988 : FE;
 11989 : FE;
 1198A : FE;
 1198B : FE;
 1198C : FE;
 1198D : FE;
 1198E : FE;
 1198F : FE;
 11990 : FE;
 11991 : FE;
 11992 : FE;
 11993 : FE;
 11994 : FE;
 11995 : FE;
 11996 : FE;
 11997 : FE;
 11998 : FE;
 11999 : FE;
 1199A : FE;
 1199B : FE;
 1199C : FE;
 1199D : FE;
 1199E : FE;
 1199F : FE;
 119A0 : FE;
 119A1 : FE;
 119A2 : FE;
 119A3 : FE;
 119A4 : FE;
 119A5 : FE;
 119A6 : FE;
 119A7 : FE;
 119A8 : FE;
 119A9 : FE;
 119AA : FE;
 119AB : FE;
 119AC : FE;
 119AD : FE;
 119AE : FE;
 119AF : FE;
 119B0 : FE;
 119B1 : FE;
 119B2 : FE;
 119B3 : FE;
 119B4 : FE;
 119B5 : FE;
 119B6 : FE;
 119B7 : FE;
 119B8 : FE;
 119B9 : FE;
 119BA : FE;
 119BB : FE;
 119BC : FE;
 119BD : FE;
 119BE : FE;
 119BF : FE;
 119C0 : FE;
 119C1 : FE;
 119C2 : FE;
 119C3 : FE;
 119C4 : FE;
 119C5 : FE;
 119C6 : FE;
 119C7 : FE;
 119C8 : FE;
 119C9 : FE;
 119CA : FE;
 119CB : FE;
 119CC : FE;
 119CD : FE;
 119CE : FE;
 119CF : FE;
 119D0 : FE;
 119D1 : FE;
 119D2 : FE;
 119D3 : FE;
 119D4 : FE;
 119D5 : FE;
 119D6 : FE;
 119D7 : FE;
 119D8 : FE;
 119D9 : FE;
 119DA : FE;
 119DB : FE;
 119DC : FE;
 119DD : FE;
 119DE : FE;
 119DF : FE;
 119E0 : FE;
 119E1 : FE;
 119E2 : FE;
 119E3 : FE;
 119E4 : FE;
 119E5 : FE;
 119E6 : FE;
 119E7 : FE;
 119E8 : FE;
 119E9 : FE;
 119EA : FE;
 119EB : FE;
 119EC : FE;
 119ED : FE;
 119EE : FE;
 119EF : FE;
 119F0 : FE;
 119F1 : FE;
 119F2 : FE;
 119F3 : FE;
 119F4 : FE;
 119F5 : FE;
 119F6 : FE;
 119F7 : FE;
 119F8 : FE;
 119F9 : FE;
 119FA : FE;
 119FB : FE;
 119FC : FE;
 119FD : FE;
 119FE : FE;
 119FF : FE;
 11A00 : FE;
 11A01 : FE;
 11A02 : FE;
 11A03 : FE;
 11A04 : FE;
 11A05 : FE;
 11A06 : FE;
 11A07 : FE;
 11A08 : FE;
 11A09 : FE;
 11A0A : FE;
 11A0B : FE;
 11A0C : FE;
 11A0D : FE;
 11A0E : FE;
 11A0F : FE;
 11A10 : FE;
 11A11 : FE;
 11A12 : FE;
 11A13 : FE;
 11A14 : FE;
 11A15 : FE;
 11A16 : FE;
 11A17 : FE;
 11A18 : FE;
 11A19 : FE;
 11A1A : FE;
 11A1B : FE;
 11A1C : FE;
 11A1D : FE;
 11A1E : FE;
 11A1F : FE;
 11A20 : FE;
 11A21 : FE;
 11A22 : FE;
 11A23 : FE;
 11A24 : FE;
 11A25 : FE;
 11A26 : FE;
 11A27 : FE;
 11A28 : FE;
 11A29 : FE;
 11A2A : FE;
 11A2B : FE;
 11A2C : FE;
 11A2D : FE;
 11A2E : FE;
 11A2F : FE;
 11A30 : FE;
 11A31 : FE;
 11A32 : FE;
 11A33 : FE;
 11A34 : FE;
 11A35 : FE;
 11A36 : FE;
 11A37 : FE;
 11A38 : FE;
 11A39 : FE;
 11A3A : FE;
 11A3B : FE;
 11A3C : FE;
 11A3D : FE;
 11A3E : FE;
 11A3F : FE;
 11A40 : FE;
 11A41 : FE;
 11A42 : FE;
 11A43 : FE;
 11A44 : FE;
 11A45 : FE;
 11A46 : FE;
 11A47 : FE;
 11A48 : FE;
 11A49 : FE;
 11A4A : FE;
 11A4B : FE;
 11A4C : FE;
 11A4D : FE;
 11A4E : FE;
 11A4F : FE;
 11A50 : FE;
 11A51 : FE;
 11A52 : FE;
 11A53 : FE;
 11A54 : FE;
 11A55 : FE;
 11A56 : FE;
 11A57 : FE;
 11A58 : FE;
 11A59 : FE;
 11A5A : FE;
 11A5B : FE;
 11A5C : FE;
 11A5D : FE;
 11A5E : FE;
 11A5F : FE;
 11A60 : FE;
 11A61 : FE;
 11A62 : FE;
 11A63 : FE;
 11A64 : FE;
 11A65 : FE;
 11A66 : FE;
 11A67 : FE;
 11A68 : FE;
 11A69 : FE;
 11A6A : FE;
 11A6B : FE;
 11A6C : FE;
 11A6D : FE;
 11A6E : FE;
 11A6F : FE;
 11A70 : FE;
 11A71 : FE;
 11A72 : FE;
 11A73 : FE;
 11A74 : FE;
 11A75 : FE;
 11A76 : FE;
 11A77 : FE;
 11A78 : FE;
 11A79 : FE;
 11A7A : FE;
 11A7B : FE;
 11A7C : FE;
 11A7D : FE;
 11A7E : FE;
 11A7F : FE;
 11A80 : FE;
 11A81 : FE;
 11A82 : FE;
 11A83 : FE;
 11A84 : FE;
 11A85 : FE;
 11A86 : FE;
 11A87 : FE;
 11A88 : FE;
 11A89 : FE;
 11A8A : FE;
 11A8B : FE;
 11A8C : FE;
 11A8D : FE;
 11A8E : FE;
 11A8F : FE;
 11A90 : FE;
 11A91 : FE;
 11A92 : FE;
 11A93 : FE;
 11A94 : FE;
 11A95 : FE;
 11A96 : FE;
 11A97 : FE;
 11A98 : FE;
 11A99 : FE;
 11A9A : FE;
 11A9B : FE;
 11A9C : FE;
 11A9D : FE;
 11A9E : FE;
 11A9F : FE;
 11AA0 : FE;
 11AA1 : FE;
 11AA2 : FE;
 11AA3 : FE;
 11AA4 : FE;
 11AA5 : FE;
 11AA6 : FE;
 11AA7 : FE;
 11AA8 : FE;
 11AA9 : FE;
 11AAA : FE;
 11AAB : FE;
 11AAC : FE;
 11AAD : FE;
 11AAE : FE;
 11AAF : FE;
 11AB0 : FE;
 11AB1 : FE;
 11AB2 : FE;
 11AB3 : FE;
 11AB4 : FE;
 11AB5 : FE;
 11AB6 : FE;
 11AB7 : FE;
 11AB8 : FE;
 11AB9 : FE;
 11ABA : FE;
 11ABB : FE;
 11ABC : FE;
 11ABD : FE;
 11ABE : FE;
 11ABF : FE;
 11AC0 : FE;
 11AC1 : FE;
 11AC2 : FE;
 11AC3 : FE;
 11AC4 : FE;
 11AC5 : FE;
 11AC6 : FE;
 11AC7 : FE;
 11AC8 : FE;
 11AC9 : FE;
 11ACA : FE;
 11ACB : FE;
 11ACC : FE;
 11ACD : FE;
 11ACE : FE;
 11ACF : FE;
 11AD0 : FE;
 11AD1 : FE;
 11AD2 : FE;
 11AD3 : FE;
 11AD4 : FE;
 11AD5 : FE;
 11AD6 : FE;
 11AD7 : FE;
 11AD8 : FE;
 11AD9 : FE;
 11ADA : FE;
 11ADB : FE;
 11ADC : FE;
 11ADD : FE;
 11ADE : FE;
 11ADF : FE;
 11AE0 : FE;
 11AE1 : FE;
 11AE2 : FE;
 11AE3 : FE;
 11AE4 : FE;
 11AE5 : FE;
 11AE6 : FE;
 11AE7 : FE;
 11AE8 : FE;
 11AE9 : FE;
 11AEA : FE;
 11AEB : FE;
 11AEC : FE;
 11AED : FE;
 11AEE : FE;
 11AEF : FE;
 11AF0 : FE;
 11AF1 : FE;
 11AF2 : FE;
 11AF3 : FE;
 11AF4 : FE;
 11AF5 : FE;
 11AF6 : FE;
 11AF7 : FE;
 11AF8 : FE;
 11AF9 : FE;
 11AFA : FE;
 11AFB : FE;
 11AFC : FE;
 11AFD : FE;
 11AFE : FE;
 11AFF : FE;
 11B00 : FE;
 11B01 : FE;
 11B02 : FE;
 11B03 : FE;
 11B04 : FE;
 11B05 : FE;
 11B06 : FE;
 11B07 : FE;
 11B08 : FE;
 11B09 : FE;
 11B0A : FE;
 11B0B : FE;
 11B0C : FE;
 11B0D : FE;
 11B0E : FE;
 11B0F : FE;
 11B10 : FE;
 11B11 : FE;
 11B12 : FE;
 11B13 : FE;
 11B14 : FE;
 11B15 : FE;
 11B16 : FE;
 11B17 : FE;
 11B18 : FE;
 11B19 : FE;
 11B1A : FE;
 11B1B : FE;
 11B1C : FE;
 11B1D : FE;
 11B1E : FE;
 11B1F : FE;
 11B20 : FE;
 11B21 : FE;
 11B22 : FE;
 11B23 : FE;
 11B24 : FE;
 11B25 : FE;
 11B26 : FE;
 11B27 : FE;
 11B28 : FE;
 11B29 : FE;
 11B2A : FE;
 11B2B : FE;
 11B2C : FE;
 11B2D : FE;
 11B2E : FE;
 11B2F : FE;
 11B30 : FE;
 11B31 : FE;
 11B32 : FE;
 11B33 : FE;
 11B34 : FE;
 11B35 : FE;
 11B36 : FE;
 11B37 : FE;
 11B38 : FE;
 11B39 : FE;
 11B3A : FE;
 11B3B : FE;
 11B3C : FE;
 11B3D : FE;
 11B3E : FE;
 11B3F : FE;
 11B40 : FE;
 11B41 : FE;
 11B42 : FE;
 11B43 : FE;
 11B44 : FE;
 11B45 : FE;
 11B46 : FE;
 11B47 : FE;
 11B48 : FE;
 11B49 : FE;
 11B4A : FE;
 11B4B : FE;
 11B4C : FE;
 11B4D : FE;
 11B4E : FE;
 11B4F : FE;
 11B50 : FE;
 11B51 : FE;
 11B52 : FE;
 11B53 : FE;
 11B54 : FE;
 11B55 : FE;
 11B56 : FE;
 11B57 : FE;
 11B58 : FE;
 11B59 : FE;
 11B5A : FE;
 11B5B : FE;
 11B5C : FE;
 11B5D : FE;
 11B5E : FE;
 11B5F : FE;
 11B60 : FE;
 11B61 : FE;
 11B62 : FE;
 11B63 : FE;
 11B64 : FE;
 11B65 : FE;
 11B66 : FE;
 11B67 : FE;
 11B68 : FE;
 11B69 : FE;
 11B6A : FE;
 11B6B : FE;
 11B6C : FE;
 11B6D : FE;
 11B6E : FE;
 11B6F : FE;
 11B70 : FE;
 11B71 : FE;
 11B72 : FE;
 11B73 : FE;
 11B74 : FE;
 11B75 : FE;
 11B76 : FE;
 11B77 : FE;
 11B78 : FE;
 11B79 : FE;
 11B7A : FE;
 11B7B : FE;
 11B7C : FE;
 11B7D : FE;
 11B7E : FE;
 11B7F : FE;
 11B80 : FE;
 11B81 : FE;
 11B82 : FE;
 11B83 : FE;
 11B84 : FE;
 11B85 : FE;
 11B86 : FE;
 11B87 : FE;
 11B88 : FE;
 11B89 : FE;
 11B8A : FE;
 11B8B : FE;
 11B8C : FE;
 11B8D : FE;
 11B8E : FE;
 11B8F : FE;
 11B90 : FE;
 11B91 : FE;
 11B92 : FE;
 11B93 : FE;
 11B94 : FE;
 11B95 : FE;
 11B96 : FE;
 11B97 : FE;
 11B98 : FE;
 11B99 : FE;
 11B9A : FE;
 11B9B : FE;
 11B9C : FE;
 11B9D : FE;
 11B9E : FE;
 11B9F : FE;
 11BA0 : FE;
 11BA1 : FE;
 11BA2 : FE;
 11BA3 : FE;
 11BA4 : FE;
 11BA5 : FE;
 11BA6 : FE;
 11BA7 : FE;
 11BA8 : FE;
 11BA9 : FE;
 11BAA : FE;
 11BAB : FE;
 11BAC : FE;
 11BAD : FE;
 11BAE : FE;
 11BAF : FE;
 11BB0 : FE;
 11BB1 : FE;
 11BB2 : FE;
 11BB3 : FE;
 11BB4 : FE;
 11BB5 : FE;
 11BB6 : FE;
 11BB7 : FE;
 11BB8 : FE;
 11BB9 : FE;
 11BBA : FE;
 11BBB : FE;
 11BBC : FE;
 11BBD : FE;
 11BBE : FE;
 11BBF : FE;
 11BC0 : FE;
 11BC1 : FE;
 11BC2 : FE;
 11BC3 : FE;
 11BC4 : FE;
 11BC5 : FE;
 11BC6 : FE;
 11BC7 : FE;
 11BC8 : FE;
 11BC9 : FE;
 11BCA : FE;
 11BCB : FE;
 11BCC : FE;
 11BCD : FE;
 11BCE : FE;
 11BCF : FE;
 11BD0 : FE;
 11BD1 : FE;
 11BD2 : FE;
 11BD3 : FE;
 11BD4 : FE;
 11BD5 : FE;
 11BD6 : FE;
 11BD7 : FE;
 11BD8 : FE;
 11BD9 : FE;
 11BDA : FE;
 11BDB : FE;
 11BDC : FE;
 11BDD : FE;
 11BDE : FE;
 11BDF : FE;
 11BE0 : FE;
 11BE1 : FE;
 11BE2 : FE;
 11BE3 : FE;
 11BE4 : FE;
 11BE5 : FE;
 11BE6 : FE;
 11BE7 : FE;
 11BE8 : FE;
 11BE9 : FE;
 11BEA : FE;
 11BEB : FE;
 11BEC : FE;
 11BED : FE;
 11BEE : FE;
 11BEF : FE;
 11BF0 : FE;
 11BF1 : FE;
 11BF2 : FE;
 11BF3 : FE;
 11BF4 : FE;
 11BF5 : FE;
 11BF6 : FE;
 11BF7 : FE;
 11BF8 : FE;
 11BF9 : FE;
 11BFA : FE;
 11BFB : FE;
 11BFC : FE;
 11BFD : FE;
 11BFE : FE;
 11BFF : FE;
 11C00 : FE;
 11C01 : FE;
 11C02 : FE;
 11C03 : FE;
 11C04 : FE;
 11C05 : FE;
 11C06 : FE;
 11C07 : FE;
 11C08 : FE;
 11C09 : FE;
 11C0A : FE;
 11C0B : FE;
 11C0C : FE;
 11C0D : FE;
 11C0E : FE;
 11C0F : FE;
 11C10 : FE;
 11C11 : FE;
 11C12 : FE;
 11C13 : FE;
 11C14 : FE;
 11C15 : FE;
 11C16 : FE;
 11C17 : FE;
 11C18 : FE;
 11C19 : FE;
 11C1A : FE;
 11C1B : FE;
 11C1C : FE;
 11C1D : FE;
 11C1E : FE;
 11C1F : FE;
 11C20 : FE;
 11C21 : FE;
 11C22 : FE;
 11C23 : FE;
 11C24 : FE;
 11C25 : FE;
 11C26 : FE;
 11C27 : FE;
 11C28 : FE;
 11C29 : FE;
 11C2A : FE;
 11C2B : FE;
 11C2C : FE;
 11C2D : FE;
 11C2E : FE;
 11C2F : FE;
 11C30 : FE;
 11C31 : FE;
 11C32 : FE;
 11C33 : FE;
 11C34 : FE;
 11C35 : FE;
 11C36 : FE;
 11C37 : FE;
 11C38 : FE;
 11C39 : FE;
 11C3A : FE;
 11C3B : FE;
 11C3C : FE;
 11C3D : FE;
 11C3E : FE;
 11C3F : FE;
 11C40 : FE;
 11C41 : FE;
 11C42 : FE;
 11C43 : FE;
 11C44 : FE;
 11C45 : FE;
 11C46 : FE;
 11C47 : FE;
 11C48 : FE;
 11C49 : FE;
 11C4A : FE;
 11C4B : FE;
 11C4C : FE;
 11C4D : FE;
 11C4E : FE;
 11C4F : FE;
 11C50 : FE;
 11C51 : FE;
 11C52 : FE;
 11C53 : FE;
 11C54 : FE;
 11C55 : FE;
 11C56 : FE;
 11C57 : FE;
 11C58 : FE;
 11C59 : FE;
 11C5A : FE;
 11C5B : FE;
 11C5C : FE;
 11C5D : FE;
 11C5E : FE;
 11C5F : FE;
 11C60 : FE;
 11C61 : FE;
 11C62 : FE;
 11C63 : FE;
 11C64 : FE;
 11C65 : FE;
 11C66 : FE;
 11C67 : FE;
 11C68 : FE;
 11C69 : FE;
 11C6A : FE;
 11C6B : FE;
 11C6C : FE;
 11C6D : FE;
 11C6E : FE;
 11C6F : FE;
 11C70 : FE;
 11C71 : FE;
 11C72 : FE;
 11C73 : FE;
 11C74 : FE;
 11C75 : FE;
 11C76 : FE;
 11C77 : FE;
 11C78 : FE;
 11C79 : FE;
 11C7A : FE;
 11C7B : FE;
 11C7C : FE;
 11C7D : FE;
 11C7E : FE;
 11C7F : FE;
 11C80 : FE;
 11C81 : FE;
 11C82 : FE;
 11C83 : FE;
 11C84 : FE;
 11C85 : FE;
 11C86 : FE;
 11C87 : FE;
 11C88 : FE;
 11C89 : FE;
 11C8A : FE;
 11C8B : FE;
 11C8C : FE;
 11C8D : FE;
 11C8E : FE;
 11C8F : FE;
 11C90 : FE;
 11C91 : FE;
 11C92 : FE;
 11C93 : FE;
 11C94 : FE;
 11C95 : FE;
 11C96 : FE;
 11C97 : FE;
 11C98 : FE;
 11C99 : FE;
 11C9A : FE;
 11C9B : FE;
 11C9C : FE;
 11C9D : FE;
 11C9E : FE;
 11C9F : FE;
 11CA0 : FE;
 11CA1 : FE;
 11CA2 : FE;
 11CA3 : FE;
 11CA4 : FE;
 11CA5 : FE;
 11CA6 : FE;
 11CA7 : FE;
 11CA8 : FE;
 11CA9 : FE;
 11CAA : FE;
 11CAB : FE;
 11CAC : FE;
 11CAD : FE;
 11CAE : FE;
 11CAF : FE;
 11CB0 : FE;
 11CB1 : FE;
 11CB2 : FE;
 11CB3 : FE;
 11CB4 : FE;
 11CB5 : FE;
 11CB6 : FE;
 11CB7 : FE;
 11CB8 : FE;
 11CB9 : FE;
 11CBA : FE;
 11CBB : FE;
 11CBC : FE;
 11CBD : FE;
 11CBE : FE;
 11CBF : FE;
 11CC0 : FE;
 11CC1 : FE;
 11CC2 : FE;
 11CC3 : FE;
 11CC4 : FE;
 11CC5 : FE;
 11CC6 : FE;
 11CC7 : FE;
 11CC8 : FE;
 11CC9 : FE;
 11CCA : FE;
 11CCB : FE;
 11CCC : FE;
 11CCD : FE;
 11CCE : FE;
 11CCF : FE;
 11CD0 : FE;
 11CD1 : FE;
 11CD2 : FE;
 11CD3 : FE;
 11CD4 : FE;
 11CD5 : FE;
 11CD6 : FE;
 11CD7 : FE;
 11CD8 : FE;
 11CD9 : FE;
 11CDA : FE;
 11CDB : FE;
 11CDC : FE;
 11CDD : FE;
 11CDE : FE;
 11CDF : FE;
 11CE0 : FE;
 11CE1 : FE;
 11CE2 : FE;
 11CE3 : FE;
 11CE4 : FE;
 11CE5 : FE;
 11CE6 : FE;
 11CE7 : FE;
 11CE8 : FE;
 11CE9 : FE;
 11CEA : FE;
 11CEB : FE;
 11CEC : FE;
 11CED : FE;
 11CEE : FE;
 11CEF : FE;
 11CF0 : FE;
 11CF1 : FE;
 11CF2 : FE;
 11CF3 : FE;
 11CF4 : FE;
 11CF5 : FE;
 11CF6 : FE;
 11CF7 : FE;
 11CF8 : FE;
 11CF9 : FE;
 11CFA : FE;
 11CFB : FE;
 11CFC : FE;
 11CFD : FE;
 11CFE : FE;
 11CFF : FE;
 11D00 : FE;
 11D01 : FE;
 11D02 : FE;
 11D03 : FE;
 11D04 : FE;
 11D05 : FE;
 11D06 : FE;
 11D07 : FE;
 11D08 : FE;
 11D09 : FE;
 11D0A : FE;
 11D0B : FE;
 11D0C : FE;
 11D0D : FE;
 11D0E : FE;
 11D0F : FE;
 11D10 : FE;
 11D11 : FE;
 11D12 : FE;
 11D13 : FE;
 11D14 : FE;
 11D15 : FE;
 11D16 : FE;
 11D17 : FE;
 11D18 : FE;
 11D19 : FE;
 11D1A : FE;
 11D1B : FE;
 11D1C : FE;
 11D1D : FE;
 11D1E : FE;
 11D1F : FE;
 11D20 : FE;
 11D21 : FE;
 11D22 : FE;
 11D23 : FE;
 11D24 : FE;
 11D25 : FE;
 11D26 : FE;
 11D27 : FE;
 11D28 : FE;
 11D29 : FE;
 11D2A : FE;
 11D2B : FE;
 11D2C : FE;
 11D2D : FE;
 11D2E : FE;
 11D2F : FE;
 11D30 : FE;
 11D31 : FE;
 11D32 : FE;
 11D33 : FE;
 11D34 : FE;
 11D35 : FE;
 11D36 : FE;
 11D37 : FE;
 11D38 : FE;
 11D39 : FE;
 11D3A : FE;
 11D3B : FE;
 11D3C : FE;
 11D3D : FE;
 11D3E : FE;
 11D3F : FE;
 11D40 : FE;
 11D41 : FE;
 11D42 : FE;
 11D43 : FE;
 11D44 : FE;
 11D45 : FE;
 11D46 : FE;
 11D47 : FE;
 11D48 : FE;
 11D49 : FE;
 11D4A : FE;
 11D4B : FE;
 11D4C : FE;
 11D4D : FE;
 11D4E : FE;
 11D4F : FE;
 11D50 : FE;
 11D51 : FE;
 11D52 : FE;
 11D53 : FE;
 11D54 : FE;
 11D55 : FE;
 11D56 : FE;
 11D57 : FE;
 11D58 : FE;
 11D59 : FE;
 11D5A : FE;
 11D5B : FE;
 11D5C : FE;
 11D5D : FE;
 11D5E : FE;
 11D5F : FE;
 11D60 : FE;
 11D61 : FE;
 11D62 : FE;
 11D63 : FE;
 11D64 : FE;
 11D65 : FE;
 11D66 : FE;
 11D67 : FE;
 11D68 : FE;
 11D69 : FE;
 11D6A : FE;
 11D6B : FE;
 11D6C : FE;
 11D6D : FE;
 11D6E : FE;
 11D6F : FE;
 11D70 : FE;
 11D71 : FE;
 11D72 : FE;
 11D73 : FE;
 11D74 : FE;
 11D75 : FE;
 11D76 : FE;
 11D77 : FE;
 11D78 : FE;
 11D79 : FE;
 11D7A : FE;
 11D7B : FE;
 11D7C : FE;
 11D7D : FE;
 11D7E : FE;
 11D7F : FE;
 11D80 : FE;
 11D81 : FE;
 11D82 : FE;
 11D83 : FE;
 11D84 : FE;
 11D85 : FE;
 11D86 : FE;
 11D87 : FE;
 11D88 : FE;
 11D89 : FE;
 11D8A : FE;
 11D8B : FE;
 11D8C : FE;
 11D8D : FE;
 11D8E : FE;
 11D8F : FE;
 11D90 : FE;
 11D91 : FE;
 11D92 : FE;
 11D93 : FE;
 11D94 : FE;
 11D95 : FE;
 11D96 : FE;
 11D97 : FE;
 11D98 : FE;
 11D99 : FE;
 11D9A : FE;
 11D9B : FE;
 11D9C : FE;
 11D9D : FE;
 11D9E : FE;
 11D9F : FE;
 11DA0 : FE;
 11DA1 : FE;
 11DA2 : FE;
 11DA3 : FE;
 11DA4 : FE;
 11DA5 : FE;
 11DA6 : FE;
 11DA7 : FE;
 11DA8 : FE;
 11DA9 : FE;
 11DAA : FE;
 11DAB : FE;
 11DAC : FE;
 11DAD : FE;
 11DAE : FE;
 11DAF : FE;
 11DB0 : FE;
 11DB1 : FE;
 11DB2 : FE;
 11DB3 : FE;
 11DB4 : FE;
 11DB5 : FE;
 11DB6 : FE;
 11DB7 : FE;
 11DB8 : FE;
 11DB9 : FE;
 11DBA : FE;
 11DBB : FE;
 11DBC : FE;
 11DBD : FE;
 11DBE : FE;
 11DBF : FE;
 11DC0 : FE;
 11DC1 : FE;
 11DC2 : FE;
 11DC3 : FE;
 11DC4 : FE;
 11DC5 : FE;
 11DC6 : FE;
 11DC7 : FE;
 11DC8 : FE;
 11DC9 : FE;
 11DCA : FE;
 11DCB : FE;
 11DCC : FE;
 11DCD : FE;
 11DCE : FE;
 11DCF : FE;
 11DD0 : FE;
 11DD1 : FE;
 11DD2 : FE;
 11DD3 : FE;
 11DD4 : FE;
 11DD5 : FE;
 11DD6 : FE;
 11DD7 : FE;
 11DD8 : FE;
 11DD9 : FE;
 11DDA : FE;
 11DDB : FE;
 11DDC : FE;
 11DDD : FE;
 11DDE : FE;
 11DDF : FE;
 11DE0 : FE;
 11DE1 : FE;
 11DE2 : FE;
 11DE3 : FE;
 11DE4 : FE;
 11DE5 : FE;
 11DE6 : FE;
 11DE7 : FE;
 11DE8 : FE;
 11DE9 : FE;
 11DEA : FE;
 11DEB : FE;
 11DEC : FE;
 11DED : FE;
 11DEE : FE;
 11DEF : FE;
 11DF0 : FE;
 11DF1 : FE;
 11DF2 : FE;
 11DF3 : FE;
 11DF4 : FE;
 11DF5 : FE;
 11DF6 : FE;
 11DF7 : FE;
 11DF8 : FE;
 11DF9 : FE;
 11DFA : FE;
 11DFB : FE;
 11DFC : FE;
 11DFD : FE;
 11DFE : FE;
 11DFF : FE;
 11E00 : FE;
 11E01 : FE;
 11E02 : FE;
 11E03 : FE;
 11E04 : FE;
 11E05 : FE;
 11E06 : FE;
 11E07 : FE;
 11E08 : FE;
 11E09 : FE;
 11E0A : FE;
 11E0B : FE;
 11E0C : FE;
 11E0D : FE;
 11E0E : FE;
 11E0F : FE;
 11E10 : FE;
 11E11 : FE;
 11E12 : FE;
 11E13 : FE;
 11E14 : FE;
 11E15 : FE;
 11E16 : FE;
 11E17 : FE;
 11E18 : FE;
 11E19 : FE;
 11E1A : FE;
 11E1B : FE;
 11E1C : FE;
 11E1D : FE;
 11E1E : FE;
 11E1F : FE;
 11E20 : FE;
 11E21 : FE;
 11E22 : FE;
 11E23 : FE;
 11E24 : FE;
 11E25 : FE;
 11E26 : FE;
 11E27 : FE;
 11E28 : FE;
 11E29 : FE;
 11E2A : FE;
 11E2B : FE;
 11E2C : FE;
 11E2D : FE;
 11E2E : FE;
 11E2F : FE;
 11E30 : FE;
 11E31 : FE;
 11E32 : FE;
 11E33 : FE;
 11E34 : FE;
 11E35 : FE;
 11E36 : FE;
 11E37 : FE;
 11E38 : FE;
 11E39 : FE;
 11E3A : FE;
 11E3B : FE;
 11E3C : FE;
 11E3D : FE;
 11E3E : FE;
 11E3F : FE;
 11E40 : FE;
 11E41 : FE;
 11E42 : FE;
 11E43 : FE;
 11E44 : FE;
 11E45 : FE;
 11E46 : FE;
 11E47 : FE;
 11E48 : FE;
 11E49 : FE;
 11E4A : FE;
 11E4B : FE;
 11E4C : FE;
 11E4D : FE;
 11E4E : FE;
 11E4F : FE;
 11E50 : FE;
 11E51 : FE;
 11E52 : FE;
 11E53 : FE;
 11E54 : FE;
 11E55 : FE;
 11E56 : FE;
 11E57 : FE;
 11E58 : FE;
 11E59 : FE;
 11E5A : FE;
 11E5B : FE;
 11E5C : FE;
 11E5D : FE;
 11E5E : FE;
 11E5F : FE;
 11E60 : FE;
 11E61 : FE;
 11E62 : FE;
 11E63 : FE;
 11E64 : FE;
 11E65 : FE;
 11E66 : FE;
 11E67 : FE;
 11E68 : FE;
 11E69 : FE;
 11E6A : FE;
 11E6B : FE;
 11E6C : FE;
 11E6D : FE;
 11E6E : FE;
 11E6F : FE;
 11E70 : FE;
 11E71 : FE;
 11E72 : FE;
 11E73 : FE;
 11E74 : FE;
 11E75 : FE;
 11E76 : FE;
 11E77 : FE;
 11E78 : FE;
 11E79 : FE;
 11E7A : FE;
 11E7B : FE;
 11E7C : FE;
 11E7D : FE;
 11E7E : FE;
 11E7F : FE;
 11E80 : FE;
 11E81 : FE;
 11E82 : FE;
 11E83 : FE;
 11E84 : FE;
 11E85 : FE;
 11E86 : FE;
 11E87 : FE;
 11E88 : FE;
 11E89 : FE;
 11E8A : FE;
 11E8B : FE;
 11E8C : FE;
 11E8D : FE;
 11E8E : FE;
 11E8F : FE;
 11E90 : FE;
 11E91 : FE;
 11E92 : FE;
 11E93 : FE;
 11E94 : FE;
 11E95 : FE;
 11E96 : FE;
 11E97 : FE;
 11E98 : FE;
 11E99 : FE;
 11E9A : FE;
 11E9B : FE;
 11E9C : FE;
 11E9D : FE;
 11E9E : FE;
 11E9F : FE;
 11EA0 : FE;
 11EA1 : FE;
 11EA2 : FE;
 11EA3 : FE;
 11EA4 : FE;
 11EA5 : FE;
 11EA6 : FE;
 11EA7 : FE;
 11EA8 : FE;
 11EA9 : FE;
 11EAA : FE;
 11EAB : FE;
 11EAC : FE;
 11EAD : FE;
 11EAE : FE;
 11EAF : FE;
 11EB0 : FE;
 11EB1 : FE;
 11EB2 : FE;
 11EB3 : FE;
 11EB4 : FE;
 11EB5 : FE;
 11EB6 : FE;
 11EB7 : FE;
 11EB8 : FE;
 11EB9 : FE;
 11EBA : FE;
 11EBB : FE;
 11EBC : FE;
 11EBD : FE;
 11EBE : FE;
 11EBF : FE;
 11EC0 : FE;
 11EC1 : FE;
 11EC2 : FE;
 11EC3 : FE;
 11EC4 : FE;
 11EC5 : FE;
 11EC6 : FE;
 11EC7 : FE;
 11EC8 : FE;
 11EC9 : FE;
 11ECA : FE;
 11ECB : FE;
 11ECC : FE;
 11ECD : FE;
 11ECE : FE;
 11ECF : FE;
 11ED0 : FE;
 11ED1 : FE;
 11ED2 : FE;
 11ED3 : FE;
 11ED4 : FE;
 11ED5 : FE;
 11ED6 : FE;
 11ED7 : FE;
 11ED8 : FE;
 11ED9 : FE;
 11EDA : FE;
 11EDB : FE;
 11EDC : FE;
 11EDD : FE;
 11EDE : FE;
 11EDF : FE;
 11EE0 : FE;
 11EE1 : FE;
 11EE2 : FE;
 11EE3 : FE;
 11EE4 : FE;
 11EE5 : FE;
 11EE6 : FE;
 11EE7 : FE;
 11EE8 : FE;
 11EE9 : FE;
 11EEA : FE;
 11EEB : FE;
 11EEC : FE;
 11EED : FE;
 11EEE : FE;
 11EEF : FE;
 11EF0 : FE;
 11EF1 : FE;
 11EF2 : FE;
 11EF3 : FE;
 11EF4 : FE;
 11EF5 : FE;
 11EF6 : FE;
 11EF7 : FE;
 11EF8 : FE;
 11EF9 : FE;
 11EFA : FE;
 11EFB : FE;
 11EFC : FE;
 11EFD : FE;
 11EFE : FE;
 11EFF : FE;
 11F00 : FE;
 11F01 : FE;
 11F02 : FE;
 11F03 : FE;
 11F04 : FE;
 11F05 : FE;
 11F06 : FE;
 11F07 : FE;
 11F08 : FE;
 11F09 : FE;
 11F0A : FE;
 11F0B : FE;
 11F0C : FE;
 11F0D : FE;
 11F0E : FE;
 11F0F : FE;
 11F10 : FE;
 11F11 : FE;
 11F12 : FE;
 11F13 : FE;
 11F14 : FE;
 11F15 : FE;
 11F16 : FE;
 11F17 : FE;
 11F18 : FE;
 11F19 : FE;
 11F1A : FE;
 11F1B : FE;
 11F1C : FE;
 11F1D : FE;
 11F1E : FE;
 11F1F : FE;
 11F20 : FE;
 11F21 : FE;
 11F22 : FE;
 11F23 : FE;
 11F24 : FE;
 11F25 : FE;
 11F26 : FE;
 11F27 : FE;
 11F28 : FE;
 11F29 : FE;
 11F2A : FE;
 11F2B : FE;
 11F2C : FE;
 11F2D : FE;
 11F2E : FE;
 11F2F : FE;
 11F30 : FE;
 11F31 : FE;
 11F32 : FE;
 11F33 : FE;
 11F34 : FE;
 11F35 : FE;
 11F36 : FE;
 11F37 : FE;
 11F38 : FE;
 11F39 : FE;
 11F3A : FE;
 11F3B : FE;
 11F3C : FE;
 11F3D : FE;
 11F3E : FE;
 11F3F : FE;
 11F40 : FE;
 11F41 : FE;
 11F42 : FE;
 11F43 : FE;
 11F44 : FE;
 11F45 : FE;
 11F46 : FE;
 11F47 : FE;
 11F48 : FE;
 11F49 : FE;
 11F4A : FE;
 11F4B : FE;
 11F4C : FE;
 11F4D : FE;
 11F4E : FE;
 11F4F : FE;
 11F50 : FE;
 11F51 : FE;
 11F52 : FE;
 11F53 : FE;
 11F54 : FE;
 11F55 : FE;
 11F56 : FE;
 11F57 : FE;
 11F58 : FE;
 11F59 : FE;
 11F5A : FE;
 11F5B : FE;
 11F5C : FE;
 11F5D : FE;
 11F5E : FE;
 11F5F : FE;
 11F60 : FE;
 11F61 : FE;
 11F62 : FE;
 11F63 : FE;
 11F64 : FE;
 11F65 : FE;
 11F66 : FE;
 11F67 : FE;
 11F68 : FE;
 11F69 : FE;
 11F6A : FE;
 11F6B : FE;
 11F6C : FE;
 11F6D : FE;
 11F6E : FE;
 11F6F : FE;
 11F70 : FE;
 11F71 : FE;
 11F72 : FE;
 11F73 : FE;
 11F74 : FE;
 11F75 : FE;
 11F76 : FE;
 11F77 : FE;
 11F78 : FE;
 11F79 : FE;
 11F7A : FE;
 11F7B : FE;
 11F7C : FE;
 11F7D : FE;
 11F7E : FE;
 11F7F : FE;
 11F80 : FE;
 11F81 : FE;
 11F82 : FE;
 11F83 : FE;
 11F84 : FE;
 11F85 : FE;
 11F86 : FE;
 11F87 : FE;
 11F88 : FE;
 11F89 : FE;
 11F8A : FE;
 11F8B : FE;
 11F8C : FE;
 11F8D : FE;
 11F8E : FE;
 11F8F : FE;
 11F90 : FE;
 11F91 : FE;
 11F92 : FE;
 11F93 : FE;
 11F94 : FE;
 11F95 : FE;
 11F96 : FE;
 11F97 : FE;
 11F98 : FE;
 11F99 : FE;
 11F9A : FE;
 11F9B : FE;
 11F9C : FE;
 11F9D : FE;
 11F9E : FE;
 11F9F : FE;
 11FA0 : FE;
 11FA1 : FE;
 11FA2 : FE;
 11FA3 : FE;
 11FA4 : FE;
 11FA5 : FE;
 11FA6 : FE;
 11FA7 : FE;
 11FA8 : FE;
 11FA9 : FE;
 11FAA : FE;
 11FAB : FE;
 11FAC : FE;
 11FAD : FE;
 11FAE : FE;
 11FAF : FE;
 11FB0 : FE;
 11FB1 : FE;
 11FB2 : FE;
 11FB3 : FE;
 11FB4 : FE;
 11FB5 : FE;
 11FB6 : FE;
 11FB7 : FE;
 11FB8 : FE;
 11FB9 : FE;
 11FBA : FE;
 11FBB : FE;
 11FBC : FE;
 11FBD : FE;
 11FBE : FE;
 11FBF : FE;
 11FC0 : FE;
 11FC1 : FE;
 11FC2 : FE;
 11FC3 : FE;
 11FC4 : FE;
 11FC5 : FE;
 11FC6 : FE;
 11FC7 : FE;
 11FC8 : FE;
 11FC9 : FE;
 11FCA : FE;
 11FCB : FE;
 11FCC : FE;
 11FCD : FE;
 11FCE : FE;
 11FCF : FE;
 11FD0 : FE;
 11FD1 : FE;
 11FD2 : FE;
 11FD3 : FE;
 11FD4 : FE;
 11FD5 : FE;
 11FD6 : FE;
 11FD7 : FE;
 11FD8 : FE;
 11FD9 : FE;
 11FDA : FE;
 11FDB : FE;
 11FDC : FE;
 11FDD : FE;
 11FDE : FE;
 11FDF : FE;
 11FE0 : FE;
 11FE1 : FE;
 11FE2 : FE;
 11FE3 : FE;
 11FE4 : FE;
 11FE5 : FE;
 11FE6 : FE;
 11FE7 : FE;
 11FE8 : FE;
 11FE9 : FE;
 11FEA : FE;
 11FEB : FE;
 11FEC : FE;
 11FED : FE;
 11FEE : FE;
 11FEF : FE;
 11FF0 : FE;
 11FF1 : FE;
 11FF2 : FE;
 11FF3 : FE;
 11FF4 : FE;
 11FF5 : FE;
 11FF6 : FE;
 11FF7 : FE;
 11FF8 : FE;
 11FF9 : FE;
 11FFA : FE;
 11FFB : FE;
 11FFC : FE;
 11FFD : FE;
 11FFE : FE;
 11FFF : FE;
 12000 : FE;
 12001 : FE;
 12002 : FE;
 12003 : FE;
 12004 : FE;
 12005 : FE;
 12006 : FE;
 12007 : FE;
 12008 : FE;
 12009 : FE;
 1200A : FE;
 1200B : FE;
 1200C : FE;
 1200D : FE;
 1200E : FE;
 1200F : FE;
 12010 : FE;
 12011 : FE;
 12012 : FE;
 12013 : FE;
 12014 : FE;
 12015 : FE;
 12016 : FE;
 12017 : FE;
 12018 : FE;
 12019 : FE;
 1201A : FE;
 1201B : FE;
 1201C : FE;
 1201D : FE;
 1201E : FE;
 1201F : FE;
 12020 : FE;
 12021 : FE;
 12022 : FE;
 12023 : FE;
 12024 : FE;
 12025 : FE;
 12026 : FE;
 12027 : FE;
 12028 : FE;
 12029 : FE;
 1202A : FE;
 1202B : FE;
 1202C : FE;
 1202D : FE;
 1202E : FE;
 1202F : FE;
 12030 : FE;
 12031 : FE;
 12032 : FE;
 12033 : FE;
 12034 : FE;
 12035 : FE;
 12036 : FE;
 12037 : FE;
 12038 : FE;
 12039 : FE;
 1203A : FE;
 1203B : FE;
 1203C : FE;
 1203D : FE;
 1203E : FE;
 1203F : FE;
 12040 : FE;
 12041 : FE;
 12042 : FE;
 12043 : FE;
 12044 : FE;
 12045 : FE;
 12046 : FE;
 12047 : FE;
 12048 : FE;
 12049 : FE;
 1204A : FE;
 1204B : FE;
 1204C : FE;
 1204D : FE;
 1204E : FE;
 1204F : FE;
 12050 : FE;
 12051 : FE;
 12052 : FE;
 12053 : FE;
 12054 : FE;
 12055 : FE;
 12056 : FE;
 12057 : FE;
 12058 : FE;
 12059 : FE;
 1205A : FE;
 1205B : FE;
 1205C : FE;
 1205D : FE;
 1205E : FE;
 1205F : FE;
 12060 : FE;
 12061 : FE;
 12062 : FE;
 12063 : FE;
 12064 : FE;
 12065 : FE;
 12066 : FE;
 12067 : FE;
 12068 : FE;
 12069 : FE;
 1206A : FE;
 1206B : FE;
 1206C : FE;
 1206D : FE;
 1206E : FE;
 1206F : FE;
 12070 : FE;
 12071 : FE;
 12072 : FE;
 12073 : FE;
 12074 : FE;
 12075 : FE;
 12076 : FE;
 12077 : FE;
 12078 : FE;
 12079 : FE;
 1207A : FE;
 1207B : FE;
 1207C : FE;
 1207D : FE;
 1207E : FE;
 1207F : FE;
 12080 : FE;
 12081 : FE;
 12082 : FE;
 12083 : FE;
 12084 : FE;
 12085 : FE;
 12086 : FE;
 12087 : FE;
 12088 : FE;
 12089 : FE;
 1208A : FE;
 1208B : FE;
 1208C : FE;
 1208D : FE;
 1208E : FE;
 1208F : FE;
 12090 : FE;
 12091 : FE;
 12092 : FE;
 12093 : FE;
 12094 : FE;
 12095 : FE;
 12096 : FE;
 12097 : FE;
 12098 : FE;
 12099 : FE;
 1209A : FE;
 1209B : FE;
 1209C : FE;
 1209D : FE;
 1209E : FE;
 1209F : FE;
 120A0 : FE;
 120A1 : FE;
 120A2 : FE;
 120A3 : FE;
 120A4 : FE;
 120A5 : FE;
 120A6 : FE;
 120A7 : FE;
 120A8 : FE;
 120A9 : FE;
 120AA : FE;
 120AB : FE;
 120AC : FE;
 120AD : FE;
 120AE : FE;
 120AF : FE;
 120B0 : FE;
 120B1 : FE;
 120B2 : FE;
 120B3 : FE;
 120B4 : FE;
 120B5 : FE;
 120B6 : FE;
 120B7 : FE;
 120B8 : FE;
 120B9 : FE;
 120BA : FE;
 120BB : FE;
 120BC : FE;
 120BD : FE;
 120BE : FE;
 120BF : FE;
 120C0 : FE;
 120C1 : FE;
 120C2 : FE;
 120C3 : FE;
 120C4 : FE;
 120C5 : FE;
 120C6 : FE;
 120C7 : FE;
 120C8 : FE;
 120C9 : FE;
 120CA : FE;
 120CB : FE;
 120CC : FE;
 120CD : FE;
 120CE : FE;
 120CF : FE;
 120D0 : FE;
 120D1 : FE;
 120D2 : FE;
 120D3 : FE;
 120D4 : FE;
 120D5 : FE;
 120D6 : FE;
 120D7 : FE;
 120D8 : FE;
 120D9 : FE;
 120DA : FE;
 120DB : FE;
 120DC : FE;
 120DD : FE;
 120DE : FE;
 120DF : FE;
 120E0 : FE;
 120E1 : FE;
 120E2 : FE;
 120E3 : FE;
 120E4 : FE;
 120E5 : FE;
 120E6 : FE;
 120E7 : FE;
 120E8 : FE;
 120E9 : FE;
 120EA : FE;
 120EB : FE;
 120EC : FE;
 120ED : FE;
 120EE : FE;
 120EF : FE;
 120F0 : FE;
 120F1 : FE;
 120F2 : FE;
 120F3 : FE;
 120F4 : FE;
 120F5 : FE;
 120F6 : FE;
 120F7 : FE;
 120F8 : FE;
 120F9 : FE;
 120FA : FE;
 120FB : FE;
 120FC : FE;
 120FD : FE;
 120FE : FE;
 120FF : FE;
 12100 : FE;
 12101 : FE;
 12102 : FE;
 12103 : FE;
 12104 : FE;
 12105 : FE;
 12106 : FE;
 12107 : FE;
 12108 : FE;
 12109 : FE;
 1210A : FE;
 1210B : FE;
 1210C : FE;
 1210D : FE;
 1210E : FE;
 1210F : FE;
 12110 : FE;
 12111 : FE;
 12112 : FE;
 12113 : FE;
 12114 : FE;
 12115 : FE;
 12116 : FE;
 12117 : FE;
 12118 : FE;
 12119 : FE;
 1211A : FE;
 1211B : FE;
 1211C : FE;
 1211D : FE;
 1211E : FE;
 1211F : FE;
 12120 : FE;
 12121 : FE;
 12122 : FE;
 12123 : FE;
 12124 : FE;
 12125 : FE;
 12126 : FE;
 12127 : FE;
 12128 : FE;
 12129 : FE;
 1212A : FE;
 1212B : FE;
 1212C : FE;
 1212D : FE;
 1212E : FE;
 1212F : FE;
 12130 : FE;
 12131 : FE;
 12132 : FE;
 12133 : FE;
 12134 : FE;
 12135 : FE;
 12136 : FE;
 12137 : FE;
 12138 : FE;
 12139 : FE;
 1213A : FE;
 1213B : FE;
 1213C : FE;
 1213D : FE;
 1213E : FE;
 1213F : FE;
 12140 : FE;
 12141 : FE;
 12142 : FE;
 12143 : FE;
 12144 : FE;
 12145 : FE;
 12146 : FE;
 12147 : FE;
 12148 : FE;
 12149 : FE;
 1214A : FE;
 1214B : FE;
 1214C : FE;
 1214D : FE;
 1214E : FE;
 1214F : FE;
 12150 : FE;
 12151 : FE;
 12152 : FE;
 12153 : FE;
 12154 : FE;
 12155 : FE;
 12156 : FE;
 12157 : FE;
 12158 : FE;
 12159 : FE;
 1215A : FE;
 1215B : FE;
 1215C : FE;
 1215D : FE;
 1215E : FE;
 1215F : FE;
 12160 : FE;
 12161 : FE;
 12162 : FE;
 12163 : FE;
 12164 : FE;
 12165 : FE;
 12166 : FE;
 12167 : FE;
 12168 : FE;
 12169 : FE;
 1216A : FE;
 1216B : FE;
 1216C : FE;
 1216D : FE;
 1216E : FE;
 1216F : FE;
 12170 : FE;
 12171 : FE;
 12172 : FE;
 12173 : FE;
 12174 : FE;
 12175 : FE;
 12176 : FE;
 12177 : FE;
 12178 : FE;
 12179 : FE;
 1217A : FE;
 1217B : FE;
 1217C : FE;
 1217D : FE;
 1217E : FE;
 1217F : FE;
 12180 : FE;
 12181 : FE;
 12182 : FE;
 12183 : FE;
 12184 : FE;
 12185 : FE;
 12186 : FE;
 12187 : FE;
 12188 : FE;
 12189 : FE;
 1218A : FE;
 1218B : FE;
 1218C : FE;
 1218D : FE;
 1218E : FE;
 1218F : FE;
 12190 : FE;
 12191 : FE;
 12192 : FE;
 12193 : FE;
 12194 : FE;
 12195 : FE;
 12196 : FE;
 12197 : FE;
 12198 : FE;
 12199 : FE;
 1219A : FE;
 1219B : FE;
 1219C : FE;
 1219D : FE;
 1219E : FE;
 1219F : FE;
 121A0 : FE;
 121A1 : FE;
 121A2 : FE;
 121A3 : FE;
 121A4 : FE;
 121A5 : FE;
 121A6 : FE;
 121A7 : FE;
 121A8 : FE;
 121A9 : FE;
 121AA : FE;
 121AB : FE;
 121AC : FE;
 121AD : FE;
 121AE : FE;
 121AF : FE;
 121B0 : FE;
 121B1 : FE;
 121B2 : FE;
 121B3 : FE;
 121B4 : FE;
 121B5 : FE;
 121B6 : FE;
 121B7 : FE;
 121B8 : FE;
 121B9 : FE;
 121BA : FE;
 121BB : FE;
 121BC : FE;
 121BD : FE;
 121BE : FE;
 121BF : FE;
 121C0 : FE;
 121C1 : FE;
 121C2 : FE;
 121C3 : FE;
 121C4 : FE;
 121C5 : FE;
 121C6 : FE;
 121C7 : FE;
 121C8 : FE;
 121C9 : FE;
 121CA : FE;
 121CB : FE;
 121CC : FE;
 121CD : FE;
 121CE : FE;
 121CF : FE;
 121D0 : FE;
 121D1 : FE;
 121D2 : FE;
 121D3 : FE;
 121D4 : FE;
 121D5 : FE;
 121D6 : FE;
 121D7 : FE;
 121D8 : FE;
 121D9 : FE;
 121DA : FE;
 121DB : FE;
 121DC : FE;
 121DD : FE;
 121DE : FE;
 121DF : FE;
 121E0 : FE;
 121E1 : FE;
 121E2 : FE;
 121E3 : FE;
 121E4 : FE;
 121E5 : FE;
 121E6 : FE;
 121E7 : FE;
 121E8 : FE;
 121E9 : FE;
 121EA : FE;
 121EB : FE;
 121EC : FE;
 121ED : FE;
 121EE : FE;
 121EF : FE;
 121F0 : FE;
 121F1 : FE;
 121F2 : FE;
 121F3 : FE;
 121F4 : FE;
 121F5 : FE;
 121F6 : FE;
 121F7 : FE;
 121F8 : FE;
 121F9 : FE;
 121FA : FE;
 121FB : FE;
 121FC : FE;
 121FD : FE;
 121FE : FE;
 121FF : FE;
 12200 : FE;
 12201 : FE;
 12202 : FE;
 12203 : FE;
 12204 : FE;
 12205 : FE;
 12206 : FE;
 12207 : FE;
 12208 : FE;
 12209 : FE;
 1220A : FE;
 1220B : FE;
 1220C : FE;
 1220D : FE;
 1220E : FE;
 1220F : FE;
 12210 : FE;
 12211 : FE;
 12212 : FE;
 12213 : FE;
 12214 : FE;
 12215 : FE;
 12216 : FE;
 12217 : FE;
 12218 : FE;
 12219 : FE;
 1221A : FE;
 1221B : FE;
 1221C : FE;
 1221D : FE;
 1221E : FE;
 1221F : FE;
 12220 : FE;
 12221 : FE;
 12222 : FE;
 12223 : FE;
 12224 : FE;
 12225 : FE;
 12226 : FE;
 12227 : FE;
 12228 : FE;
 12229 : FE;
 1222A : FE;
 1222B : FE;
 1222C : FE;
 1222D : FE;
 1222E : FE;
 1222F : FE;
 12230 : FE;
 12231 : FE;
 12232 : FE;
 12233 : FE;
 12234 : FE;
 12235 : FE;
 12236 : FE;
 12237 : FE;
 12238 : FE;
 12239 : FE;
 1223A : FE;
 1223B : FE;
 1223C : FE;
 1223D : FE;
 1223E : FE;
 1223F : FE;
 12240 : FE;
 12241 : FE;
 12242 : FE;
 12243 : FE;
 12244 : FE;
 12245 : FE;
 12246 : FE;
 12247 : FE;
 12248 : FE;
 12249 : FE;
 1224A : FE;
 1224B : FE;
 1224C : FE;
 1224D : FE;
 1224E : FE;
 1224F : FE;
 12250 : FE;
 12251 : FE;
 12252 : FE;
 12253 : FE;
 12254 : FE;
 12255 : FE;
 12256 : FE;
 12257 : FE;
 12258 : FE;
 12259 : FE;
 1225A : FE;
 1225B : FE;
 1225C : FE;
 1225D : FE;
 1225E : FE;
 1225F : FE;
 12260 : FE;
 12261 : FE;
 12262 : FE;
 12263 : FE;
 12264 : FE;
 12265 : FE;
 12266 : FE;
 12267 : FE;
 12268 : FE;
 12269 : FE;
 1226A : FE;
 1226B : FE;
 1226C : FE;
 1226D : FE;
 1226E : FE;
 1226F : FE;
 12270 : FE;
 12271 : FE;
 12272 : FE;
 12273 : FE;
 12274 : FE;
 12275 : FE;
 12276 : FE;
 12277 : FE;
 12278 : FE;
 12279 : FE;
 1227A : FE;
 1227B : FE;
 1227C : FE;
 1227D : FE;
 1227E : FE;
 1227F : FE;
 12280 : FE;
 12281 : FE;
 12282 : FE;
 12283 : FE;
 12284 : FE;
 12285 : FE;
 12286 : FE;
 12287 : FE;
 12288 : FE;
 12289 : FE;
 1228A : FE;
 1228B : FE;
 1228C : FE;
 1228D : FE;
 1228E : FE;
 1228F : FE;
 12290 : FE;
 12291 : FE;
 12292 : FE;
 12293 : FE;
 12294 : FE;
 12295 : FE;
 12296 : FE;
 12297 : FE;
 12298 : FE;
 12299 : FE;
 1229A : FE;
 1229B : FE;
 1229C : FE;
 1229D : FE;
 1229E : FE;
 1229F : FE;
 122A0 : FE;
 122A1 : FE;
 122A2 : FE;
 122A3 : FE;
 122A4 : FE;
 122A5 : FE;
 122A6 : FE;
 122A7 : FE;
 122A8 : FE;
 122A9 : FE;
 122AA : FE;
 122AB : FE;
 122AC : FE;
 122AD : FE;
 122AE : FE;
 122AF : FE;
 122B0 : FE;
 122B1 : FE;
 122B2 : FE;
 122B3 : FE;
 122B4 : FE;
 122B5 : FE;
 122B6 : FE;
 122B7 : FE;
 122B8 : FE;
 122B9 : FE;
 122BA : FE;
 122BB : FE;
 122BC : FE;
 122BD : FE;
 122BE : FE;
 122BF : FE;
 122C0 : FE;
 122C1 : FE;
 122C2 : FE;
 122C3 : FE;
 122C4 : FE;
 122C5 : FE;
 122C6 : FE;
 122C7 : FE;
 122C8 : FE;
 122C9 : FE;
 122CA : FE;
 122CB : FE;
 122CC : FE;
 122CD : FE;
 122CE : FE;
 122CF : FE;
 122D0 : FE;
 122D1 : FE;
 122D2 : FE;
 122D3 : FE;
 122D4 : FE;
 122D5 : FE;
 122D6 : FE;
 122D7 : FE;
 122D8 : FE;
 122D9 : FE;
 122DA : FE;
 122DB : FE;
 122DC : FE;
 122DD : FE;
 122DE : FE;
 122DF : FE;
 122E0 : FE;
 122E1 : FE;
 122E2 : FE;
 122E3 : FE;
 122E4 : FE;
 122E5 : FE;
 122E6 : FE;
 122E7 : FE;
 122E8 : FE;
 122E9 : FE;
 122EA : FE;
 122EB : FE;
 122EC : FE;
 122ED : FE;
 122EE : FE;
 122EF : FE;
 122F0 : FE;
 122F1 : FE;
 122F2 : FE;
 122F3 : FE;
 122F4 : FE;
 122F5 : FE;
 122F6 : FE;
 122F7 : FE;
 122F8 : FE;
 122F9 : FE;
 122FA : FE;
 122FB : FE;
 122FC : FE;
 122FD : FE;
 122FE : FE;
 122FF : FE;
 12300 : FE;
 12301 : FE;
 12302 : FE;
 12303 : FE;
 12304 : FE;
 12305 : FE;
 12306 : FE;
 12307 : FE;
 12308 : FE;
 12309 : FE;
 1230A : FE;
 1230B : FE;
 1230C : FE;
 1230D : FE;
 1230E : FE;
 1230F : FE;
 12310 : FE;
 12311 : FE;
 12312 : FE;
 12313 : FE;
 12314 : FE;
 12315 : FE;
 12316 : FE;
 12317 : FE;
 12318 : FE;
 12319 : FE;
 1231A : FE;
 1231B : FE;
 1231C : FE;
 1231D : FE;
 1231E : FE;
 1231F : FE;
 12320 : FE;
 12321 : FE;
 12322 : FE;
 12323 : FE;
 12324 : FE;
 12325 : FE;
 12326 : FE;
 12327 : FE;
 12328 : FE;
 12329 : FE;
 1232A : FE;
 1232B : FE;
 1232C : FE;
 1232D : FE;
 1232E : FE;
 1232F : FE;
 12330 : FE;
 12331 : FE;
 12332 : FE;
 12333 : FE;
 12334 : FE;
 12335 : FE;
 12336 : FE;
 12337 : FE;
 12338 : FE;
 12339 : FE;
 1233A : FE;
 1233B : FE;
 1233C : FE;
 1233D : FE;
 1233E : FE;
 1233F : FE;
 12340 : FE;
 12341 : FE;
 12342 : FE;
 12343 : FE;
 12344 : FE;
 12345 : FE;
 12346 : FE;
 12347 : FE;
 12348 : FE;
 12349 : FE;
 1234A : FE;
 1234B : FE;
 1234C : FE;
 1234D : FE;
 1234E : FE;
 1234F : FE;
 12350 : FE;
 12351 : FE;
 12352 : FE;
 12353 : FE;
 12354 : FE;
 12355 : FE;
 12356 : FE;
 12357 : FE;
 12358 : FE;
 12359 : FE;
 1235A : FE;
 1235B : FE;
 1235C : FE;
 1235D : FE;
 1235E : FE;
 1235F : FE;
 12360 : FE;
 12361 : FE;
 12362 : FE;
 12363 : FE;
 12364 : FE;
 12365 : FE;
 12366 : FE;
 12367 : FE;
 12368 : FE;
 12369 : FE;
 1236A : FE;
 1236B : FE;
 1236C : FE;
 1236D : FE;
 1236E : FE;
 1236F : FE;
 12370 : FE;
 12371 : FE;
 12372 : FE;
 12373 : FE;
 12374 : FE;
 12375 : FE;
 12376 : FE;
 12377 : FE;
 12378 : FE;
 12379 : FE;
 1237A : FE;
 1237B : FE;
 1237C : FE;
 1237D : FE;
 1237E : FE;
 1237F : FE;
 12380 : FE;
 12381 : FE;
 12382 : FE;
 12383 : FE;
 12384 : FE;
 12385 : FE;
 12386 : FE;
 12387 : FE;
 12388 : FE;
 12389 : FE;
 1238A : FE;
 1238B : FE;
 1238C : FE;
 1238D : FE;
 1238E : FE;
 1238F : FE;
 12390 : FE;
 12391 : FE;
 12392 : FE;
 12393 : FE;
 12394 : FE;
 12395 : FE;
 12396 : FE;
 12397 : FE;
 12398 : FE;
 12399 : FE;
 1239A : FE;
 1239B : FE;
 1239C : FE;
 1239D : FE;
 1239E : FE;
 1239F : FE;
 123A0 : FE;
 123A1 : FE;
 123A2 : FE;
 123A3 : FE;
 123A4 : FE;
 123A5 : FE;
 123A6 : FE;
 123A7 : FE;
 123A8 : FE;
 123A9 : FE;
 123AA : FE;
 123AB : FE;
 123AC : FE;
 123AD : FE;
 123AE : FE;
 123AF : FE;
 123B0 : FE;
 123B1 : FE;
 123B2 : FE;
 123B3 : FE;
 123B4 : FE;
 123B5 : FE;
 123B6 : FE;
 123B7 : FE;
 123B8 : FE;
 123B9 : FE;
 123BA : FE;
 123BB : FE;
 123BC : FE;
 123BD : FE;
 123BE : FE;
 123BF : FE;
 123C0 : FE;
 123C1 : FE;
 123C2 : FE;
 123C3 : FE;
 123C4 : FE;
 123C5 : FE;
 123C6 : FE;
 123C7 : FE;
 123C8 : FE;
 123C9 : FE;
 123CA : FE;
 123CB : FE;
 123CC : FE;
 123CD : FE;
 123CE : FE;
 123CF : FE;
 123D0 : FE;
 123D1 : FE;
 123D2 : FE;
 123D3 : FE;
 123D4 : FE;
 123D5 : FE;
 123D6 : FE;
 123D7 : FE;
 123D8 : FE;
 123D9 : FE;
 123DA : FE;
 123DB : FE;
 123DC : FE;
 123DD : FE;
 123DE : FE;
 123DF : FE;
 123E0 : FE;
 123E1 : FE;
 123E2 : FE;
 123E3 : FE;
 123E4 : FE;
 123E5 : FE;
 123E6 : FE;
 123E7 : FE;
 123E8 : FE;
 123E9 : FE;
 123EA : FE;
 123EB : FE;
 123EC : FE;
 123ED : FE;
 123EE : FE;
 123EF : FE;
 123F0 : FE;
 123F1 : FE;
 123F2 : FE;
 123F3 : FE;
 123F4 : FE;
 123F5 : FE;
 123F6 : FE;
 123F7 : FE;
 123F8 : FE;
 123F9 : FE;
 123FA : FE;
 123FB : FE;
 123FC : FE;
 123FD : FE;
 123FE : FE;
 123FF : FE;
 12400 : FE;
 12401 : FE;
 12402 : FE;
 12403 : FE;
 12404 : FE;
 12405 : FE;
 12406 : FE;
 12407 : FE;
 12408 : FE;
 12409 : FE;
 1240A : FE;
 1240B : FE;
 1240C : FE;
 1240D : FE;
 1240E : FE;
 1240F : FE;
 12410 : FE;
 12411 : FE;
 12412 : FE;
 12413 : FE;
 12414 : FE;
 12415 : FE;
 12416 : FE;
 12417 : FE;
 12418 : FE;
 12419 : FE;
 1241A : FE;
 1241B : FE;
 1241C : FE;
 1241D : FE;
 1241E : FE;
 1241F : FE;
 12420 : FE;
 12421 : FE;
 12422 : FE;
 12423 : FE;
 12424 : FE;
 12425 : FE;
 12426 : FE;
 12427 : FE;
 12428 : FE;
 12429 : FE;
 1242A : FE;
 1242B : FE;
 1242C : FE;
 1242D : FE;
 1242E : FE;
 1242F : FE;
 12430 : FE;
 12431 : FE;
 12432 : FE;
 12433 : FE;
 12434 : FE;
 12435 : FE;
 12436 : FE;
 12437 : FE;
 12438 : FE;
 12439 : FE;
 1243A : FE;
 1243B : FE;
 1243C : FE;
 1243D : FE;
 1243E : FE;
 1243F : FE;
 12440 : FE;
 12441 : FE;
 12442 : FE;
 12443 : FE;
 12444 : FE;
 12445 : FE;
 12446 : FE;
 12447 : FE;
 12448 : FE;
 12449 : FE;
 1244A : FE;
 1244B : FE;
 1244C : FE;
 1244D : FE;
 1244E : FE;
 1244F : FE;
 12450 : FE;
 12451 : FE;
 12452 : FE;
 12453 : FE;
 12454 : FE;
 12455 : FE;
 12456 : FE;
 12457 : FE;
 12458 : FE;
 12459 : FE;
 1245A : FE;
 1245B : FE;
 1245C : FE;
 1245D : FE;
 1245E : FE;
 1245F : FE;
 12460 : FE;
 12461 : FE;
 12462 : FE;
 12463 : FE;
 12464 : FE;
 12465 : FE;
 12466 : FE;
 12467 : FE;
 12468 : FE;
 12469 : FE;
 1246A : FE;
 1246B : FE;
 1246C : FE;
 1246D : FE;
 1246E : FE;
 1246F : FE;
 12470 : FE;
 12471 : FE;
 12472 : FE;
 12473 : FE;
 12474 : FE;
 12475 : FE;
 12476 : FE;
 12477 : FE;
 12478 : FE;
 12479 : FE;
 1247A : FE;
 1247B : FE;
 1247C : FE;
 1247D : FE;
 1247E : FE;
 1247F : FE;
 12480 : FE;
 12481 : FE;
 12482 : FE;
 12483 : FE;
 12484 : FE;
 12485 : FE;
 12486 : FE;
 12487 : FE;
 12488 : FE;
 12489 : FE;
 1248A : FE;
 1248B : FE;
 1248C : FE;
 1248D : FE;
 1248E : FE;
 1248F : FE;
 12490 : FE;
 12491 : FE;
 12492 : FE;
 12493 : FE;
 12494 : FE;
 12495 : FE;
 12496 : FE;
 12497 : FE;
 12498 : FE;
 12499 : FE;
 1249A : FE;
 1249B : FE;
 1249C : FE;
 1249D : FE;
 1249E : FE;
 1249F : FE;
 124A0 : FE;
 124A1 : FE;
 124A2 : FE;
 124A3 : FE;
 124A4 : FE;
 124A5 : FE;
 124A6 : FE;
 124A7 : FE;
 124A8 : FE;
 124A9 : FE;
 124AA : FE;
 124AB : FE;
 124AC : FE;
 124AD : FE;
 124AE : FE;
 124AF : FE;
 124B0 : FE;
 124B1 : FE;
 124B2 : FE;
 124B3 : FE;
 124B4 : FE;
 124B5 : FE;
 124B6 : FE;
 124B7 : FE;
 124B8 : FE;
 124B9 : FE;
 124BA : FE;
 124BB : FE;
 124BC : FE;
 124BD : FE;
 124BE : FE;
 124BF : FE;
 124C0 : FE;
 124C1 : FE;
 124C2 : FE;
 124C3 : FE;
 124C4 : FE;
 124C5 : FE;
 124C6 : FE;
 124C7 : FE;
 124C8 : FE;
 124C9 : FE;
 124CA : FE;
 124CB : FE;
 124CC : FE;
 124CD : FE;
 124CE : FE;
 124CF : FE;
 124D0 : FE;
 124D1 : FE;
 124D2 : FE;
 124D3 : FE;
 124D4 : FE;
 124D5 : FE;
 124D6 : FE;
 124D7 : FE;
 124D8 : FE;
 124D9 : FE;
 124DA : FE;
 124DB : FE;
 124DC : FE;
 124DD : FE;
 124DE : FE;
 124DF : FE;
 124E0 : FE;
 124E1 : FE;
 124E2 : FE;
 124E3 : FE;
 124E4 : FE;
 124E5 : FE;
 124E6 : FE;
 124E7 : FE;
 124E8 : FE;
 124E9 : FE;
 124EA : FE;
 124EB : FE;
 124EC : FE;
 124ED : FE;
 124EE : FE;
 124EF : FE;
 124F0 : FE;
 124F1 : FE;
 124F2 : FE;
 124F3 : FE;
 124F4 : FE;
 124F5 : FE;
 124F6 : FE;
 124F7 : FE;
 124F8 : FE;
 124F9 : FE;
 124FA : FE;
 124FB : FE;
 124FC : FE;
 124FD : FE;
 124FE : FE;
 124FF : FE;
 12500 : FE;
 12501 : FE;
 12502 : FE;
 12503 : FE;
 12504 : FE;
 12505 : FE;
 12506 : FE;
 12507 : FE;
 12508 : FE;
 12509 : FE;
 1250A : FE;
 1250B : FE;
 1250C : FE;
 1250D : FE;
 1250E : FE;
 1250F : FE;
 12510 : FE;
 12511 : FE;
 12512 : FE;
 12513 : FE;
 12514 : FE;
 12515 : FE;
 12516 : FE;
 12517 : FE;
 12518 : FE;
 12519 : FE;
 1251A : FE;
 1251B : FE;
 1251C : FE;
 1251D : FE;
 1251E : FE;
 1251F : FE;
 12520 : FE;
 12521 : FE;
 12522 : FE;
 12523 : FE;
 12524 : FE;
 12525 : FE;
 12526 : FE;
 12527 : FE;
 12528 : FE;
 12529 : FE;
 1252A : FE;
 1252B : FE;
 1252C : FE;
 1252D : FE;
 1252E : FE;
 1252F : FE;
 12530 : FE;
 12531 : FE;
 12532 : FE;
 12533 : FE;
 12534 : FE;
 12535 : FE;
 12536 : FE;
 12537 : FE;
 12538 : FE;
 12539 : FE;
 1253A : FE;
 1253B : FE;
 1253C : FE;
 1253D : FE;
 1253E : FE;
 1253F : FE;
 12540 : FE;
 12541 : FE;
 12542 : FE;
 12543 : FE;
 12544 : FE;
 12545 : FE;
 12546 : FE;
 12547 : FE;
 12548 : FE;
 12549 : FE;
 1254A : FE;
 1254B : FE;
 1254C : FE;
 1254D : FE;
 1254E : FE;
 1254F : FE;
 12550 : FE;
 12551 : FE;
 12552 : FE;
 12553 : FE;
 12554 : FE;
 12555 : FE;
 12556 : FE;
 12557 : FE;
 12558 : FE;
 12559 : FE;
 1255A : FE;
 1255B : FE;
 1255C : FE;
 1255D : FE;
 1255E : FE;
 1255F : FE;
 12560 : FE;
 12561 : FE;
 12562 : FE;
 12563 : FE;
 12564 : FE;
 12565 : FE;
 12566 : FE;
 12567 : FE;
 12568 : FE;
 12569 : FE;
 1256A : FE;
 1256B : FE;
 1256C : FE;
 1256D : FE;
 1256E : FE;
 1256F : FE;
 12570 : FE;
 12571 : FE;
 12572 : FE;
 12573 : FE;
 12574 : FE;
 12575 : FE;
 12576 : FE;
 12577 : FE;
 12578 : FE;
 12579 : FE;
 1257A : FE;
 1257B : FE;
 1257C : FE;
 1257D : FE;
 1257E : FE;
 1257F : FE;
 12580 : FE;
 12581 : FE;
 12582 : FE;
 12583 : FE;
 12584 : FE;
 12585 : FE;
 12586 : FE;
 12587 : FE;
 12588 : FE;
 12589 : FE;
 1258A : FE;
 1258B : FE;
 1258C : FE;
 1258D : FE;
 1258E : FE;
 1258F : FE;
 12590 : FE;
 12591 : FE;
 12592 : FE;
 12593 : FE;
 12594 : FE;
 12595 : FE;
 12596 : FE;
 12597 : FE;
 12598 : FE;
 12599 : FE;
 1259A : FE;
 1259B : FE;
 1259C : FE;
 1259D : FE;
 1259E : FE;
 1259F : FE;
 125A0 : FE;
 125A1 : FE;
 125A2 : FE;
 125A3 : FE;
 125A4 : FE;
 125A5 : FE;
 125A6 : FE;
 125A7 : FE;
 125A8 : FE;
 125A9 : FE;
 125AA : FE;
 125AB : FE;
 125AC : FE;
 125AD : FE;
 125AE : FE;
 125AF : FE;
 125B0 : FE;
 125B1 : FE;
 125B2 : FE;
 125B3 : FE;
 125B4 : FE;
 125B5 : FE;
 125B6 : FE;
 125B7 : FE;
 125B8 : FE;
 125B9 : FE;
 125BA : FE;
 125BB : FE;
 125BC : FE;
 125BD : FE;
 125BE : FE;
 125BF : FE;
 125C0 : FE;
 125C1 : FE;
 125C2 : FE;
 125C3 : FE;
 125C4 : FE;
 125C5 : FE;
 125C6 : FE;
 125C7 : FE;
 125C8 : FE;
 125C9 : FE;
 125CA : FE;
 125CB : FE;
 125CC : FE;
 125CD : FE;
 125CE : FE;
 125CF : FE;
 125D0 : FE;
 125D1 : FE;
 125D2 : FE;
 125D3 : FE;
 125D4 : FE;
 125D5 : FE;
 125D6 : FE;
 125D7 : FE;
 125D8 : FE;
 125D9 : FE;
 125DA : FE;
 125DB : FE;
 125DC : FE;
 125DD : FE;
 125DE : FE;
 125DF : FE;
 125E0 : FE;
 125E1 : FE;
 125E2 : FE;
 125E3 : FE;
 125E4 : FE;
 125E5 : FE;
 125E6 : FE;
 125E7 : FE;
 125E8 : FE;
 125E9 : FE;
 125EA : FE;
 125EB : FE;
 125EC : FE;
 125ED : FE;
 125EE : FE;
 125EF : FE;
 125F0 : FE;
 125F1 : FE;
 125F2 : FE;
 125F3 : FE;
 125F4 : FE;
 125F5 : FE;
 125F6 : FE;
 125F7 : FE;
 125F8 : FE;
 125F9 : FE;
 125FA : FE;
 125FB : FE;
 125FC : FE;
 125FD : FE;
 125FE : FE;
 125FF : FE;
 12600 : FE;
 12601 : FE;
 12602 : FE;
 12603 : FE;
 12604 : FE;
 12605 : FE;
 12606 : FE;
 12607 : FE;
 12608 : FE;
 12609 : FE;
 1260A : FE;
 1260B : FE;
 1260C : FE;
 1260D : FE;
 1260E : FE;
 1260F : FE;
 12610 : FE;
 12611 : FE;
 12612 : FE;
 12613 : FE;
 12614 : FE;
 12615 : FE;
 12616 : FE;
 12617 : FE;
 12618 : FE;
 12619 : FE;
 1261A : FE;
 1261B : FE;
 1261C : FE;
 1261D : FE;
 1261E : FE;
 1261F : FE;
 12620 : FE;
 12621 : FE;
 12622 : FE;
 12623 : FE;
 12624 : FE;
 12625 : FE;
 12626 : FE;
 12627 : FE;
 12628 : FE;
 12629 : FE;
 1262A : FE;
 1262B : FE;
 1262C : FE;
 1262D : FE;
 1262E : FE;
 1262F : FE;
 12630 : FE;
 12631 : FE;
 12632 : FE;
 12633 : FE;
 12634 : FE;
 12635 : FE;
 12636 : FE;
 12637 : FE;
 12638 : FE;
 12639 : FE;
 1263A : FE;
 1263B : FE;
 1263C : FE;
 1263D : FE;
 1263E : FE;
 1263F : FE;
 12640 : FE;
 12641 : FE;
 12642 : FE;
 12643 : FE;
 12644 : FE;
 12645 : FE;
 12646 : FE;
 12647 : FE;
 12648 : FE;
 12649 : FE;
 1264A : FE;
 1264B : FE;
 1264C : FE;
 1264D : FE;
 1264E : FE;
 1264F : FE;
 12650 : FE;
 12651 : FE;
 12652 : FE;
 12653 : FE;
 12654 : FE;
 12655 : FE;
 12656 : FE;
 12657 : FE;
 12658 : FE;
 12659 : FE;
 1265A : FE;
 1265B : FE;
 1265C : FE;
 1265D : FE;
 1265E : FE;
 1265F : FE;
 12660 : FE;
 12661 : FE;
 12662 : FE;
 12663 : FE;
 12664 : FE;
 12665 : FE;
 12666 : FE;
 12667 : FE;
 12668 : FE;
 12669 : FE;
 1266A : FE;
 1266B : FE;
 1266C : FE;
 1266D : FE;
 1266E : FE;
 1266F : FE;
 12670 : FE;
 12671 : FE;
 12672 : FE;
 12673 : FE;
 12674 : FE;
 12675 : FE;
 12676 : FE;
 12677 : FE;
 12678 : FE;
 12679 : FE;
 1267A : FE;
 1267B : FE;
 1267C : FE;
 1267D : FE;
 1267E : FE;
 1267F : FE;
 12680 : FE;
 12681 : FE;
 12682 : FE;
 12683 : FE;
 12684 : FE;
 12685 : FE;
 12686 : FE;
 12687 : FE;
 12688 : FE;
 12689 : FE;
 1268A : FE;
 1268B : FE;
 1268C : FE;
 1268D : FE;
 1268E : FE;
 1268F : FE;
 12690 : FE;
 12691 : FE;
 12692 : FE;
 12693 : FE;
 12694 : FE;
 12695 : FE;
 12696 : FE;
 12697 : FE;
 12698 : FE;
 12699 : FE;
 1269A : FE;
 1269B : FE;
 1269C : FE;
 1269D : FE;
 1269E : FE;
 1269F : FE;
 126A0 : FE;
 126A1 : FE;
 126A2 : FE;
 126A3 : FE;
 126A4 : FE;
 126A5 : FE;
 126A6 : FE;
 126A7 : FE;
 126A8 : FE;
 126A9 : FE;
 126AA : FE;
 126AB : FE;
 126AC : FE;
 126AD : FE;
 126AE : FE;
 126AF : FE;
 126B0 : FE;
 126B1 : FE;
 126B2 : FE;
 126B3 : FE;
 126B4 : FE;
 126B5 : FE;
 126B6 : FE;
 126B7 : FE;
 126B8 : FE;
 126B9 : FE;
 126BA : FE;
 126BB : FE;
 126BC : FE;
 126BD : FE;
 126BE : FE;
 126BF : FE;
 126C0 : FE;
 126C1 : FE;
 126C2 : FE;
 126C3 : FE;
 126C4 : FE;
 126C5 : FE;
 126C6 : FE;
 126C7 : FE;
 126C8 : FE;
 126C9 : FE;
 126CA : FE;
 126CB : FE;
 126CC : FE;
 126CD : FE;
 126CE : FE;
 126CF : FE;
 126D0 : FE;
 126D1 : FE;
 126D2 : FE;
 126D3 : FE;
 126D4 : FE;
 126D5 : FE;
 126D6 : FE;
 126D7 : FE;
 126D8 : FE;
 126D9 : FE;
 126DA : FE;
 126DB : FE;
 126DC : FE;
 126DD : FE;
 126DE : FE;
 126DF : FE;
 126E0 : FE;
 126E1 : FE;
 126E2 : FE;
 126E3 : FE;
 126E4 : FE;
 126E5 : FE;
 126E6 : FE;
 126E7 : FE;
 126E8 : FE;
 126E9 : FE;
 126EA : FE;
 126EB : FE;
 126EC : FE;
 126ED : FE;
 126EE : FE;
 126EF : FE;
 126F0 : FE;
 126F1 : FE;
 126F2 : FE;
 126F3 : FE;
 126F4 : FE;
 126F5 : FE;
 126F6 : FE;
 126F7 : FE;
 126F8 : FE;
 126F9 : FE;
 126FA : FE;
 126FB : FE;
 126FC : FE;
 126FD : FE;
 126FE : FE;
 126FF : FE;
 12700 : FE;
 12701 : FE;
 12702 : FE;
 12703 : FE;
 12704 : FE;
 12705 : FE;
 12706 : FE;
 12707 : FE;
 12708 : FE;
 12709 : FE;
 1270A : FE;
 1270B : FE;
 1270C : FE;
 1270D : FE;
 1270E : FE;
 1270F : FE;
 12710 : FE;
 12711 : FE;
 12712 : FE;
 12713 : FE;
 12714 : FE;
 12715 : FE;
 12716 : FE;
 12717 : FE;
 12718 : FE;
 12719 : FE;
 1271A : FE;
 1271B : FE;
 1271C : FE;
 1271D : FE;
 1271E : FE;
 1271F : FE;
 12720 : FE;
 12721 : FE;
 12722 : FE;
 12723 : FE;
 12724 : FE;
 12725 : FE;
 12726 : FE;
 12727 : FE;
 12728 : FE;
 12729 : FE;
 1272A : FE;
 1272B : FE;
 1272C : FE;
 1272D : FE;
 1272E : FE;
 1272F : FE;
 12730 : FE;
 12731 : FE;
 12732 : FE;
 12733 : FE;
 12734 : FE;
 12735 : FE;
 12736 : FE;
 12737 : FE;
 12738 : FE;
 12739 : FE;
 1273A : FE;
 1273B : FE;
 1273C : FE;
 1273D : FE;
 1273E : FE;
 1273F : FE;
 12740 : FE;
 12741 : FE;
 12742 : FE;
 12743 : FE;
 12744 : FE;
 12745 : FE;
 12746 : FE;
 12747 : FE;
 12748 : FE;
 12749 : FE;
 1274A : FE;
 1274B : FE;
 1274C : FE;
 1274D : FE;
 1274E : FE;
 1274F : FE;
 12750 : FE;
 12751 : FE;
 12752 : FE;
 12753 : FE;
 12754 : FE;
 12755 : FE;
 12756 : FE;
 12757 : FE;
 12758 : FE;
 12759 : FE;
 1275A : FE;
 1275B : FE;
 1275C : FE;
 1275D : FE;
 1275E : FE;
 1275F : FE;
 12760 : FE;
 12761 : FE;
 12762 : FE;
 12763 : FE;
 12764 : FE;
 12765 : FE;
 12766 : FE;
 12767 : FE;
 12768 : FE;
 12769 : FE;
 1276A : FE;
 1276B : FE;
 1276C : FE;
 1276D : FE;
 1276E : FE;
 1276F : FE;
 12770 : FE;
 12771 : FE;
 12772 : FE;
 12773 : FE;
 12774 : FE;
 12775 : FE;
 12776 : FE;
 12777 : FE;
 12778 : FE;
 12779 : FE;
 1277A : FE;
 1277B : FE;
 1277C : FE;
 1277D : FE;
 1277E : FE;
 1277F : FE;
 12780 : FE;
 12781 : FE;
 12782 : FE;
 12783 : FE;
 12784 : FE;
 12785 : FE;
 12786 : FE;
 12787 : FE;
 12788 : FE;
 12789 : FE;
 1278A : FE;
 1278B : FE;
 1278C : FE;
 1278D : FE;
 1278E : FE;
 1278F : FE;
 12790 : FE;
 12791 : FE;
 12792 : FE;
 12793 : FE;
 12794 : FE;
 12795 : FE;
 12796 : FE;
 12797 : FE;
 12798 : FE;
 12799 : FE;
 1279A : FE;
 1279B : FE;
 1279C : FE;
 1279D : FE;
 1279E : FE;
 1279F : FE;
 127A0 : FE;
 127A1 : FE;
 127A2 : FE;
 127A3 : FE;
 127A4 : FE;
 127A5 : FE;
 127A6 : FE;
 127A7 : FE;
 127A8 : FE;
 127A9 : FE;
 127AA : FE;
 127AB : FE;
 127AC : FE;
 127AD : FE;
 127AE : FE;
 127AF : FE;
 127B0 : FE;
 127B1 : FE;
 127B2 : FE;
 127B3 : FE;
 127B4 : FE;
 127B5 : FE;
 127B6 : FE;
 127B7 : FE;
 127B8 : FE;
 127B9 : FE;
 127BA : FE;
 127BB : FE;
 127BC : FE;
 127BD : FE;
 127BE : FE;
 127BF : FE;
 127C0 : FE;
 127C1 : FE;
 127C2 : FE;
 127C3 : FE;
 127C4 : FE;
 127C5 : FE;
 127C6 : FE;
 127C7 : FE;
 127C8 : FE;
 127C9 : FE;
 127CA : FE;
 127CB : FE;
 127CC : FE;
 127CD : FE;
 127CE : FE;
 127CF : FE;
 127D0 : FE;
 127D1 : FE;
 127D2 : FE;
 127D3 : FE;
 127D4 : FE;
 127D5 : FE;
 127D6 : FE;
 127D7 : FE;
 127D8 : FE;
 127D9 : FE;
 127DA : FE;
 127DB : FE;
 127DC : FE;
 127DD : FE;
 127DE : FE;
 127DF : FE;
 127E0 : FE;
 127E1 : FE;
 127E2 : FE;
 127E3 : FE;
 127E4 : FE;
 127E5 : FE;
 127E6 : FE;
 127E7 : FE;
 127E8 : FE;
 127E9 : FE;
 127EA : FE;
 127EB : FE;
 127EC : FE;
 127ED : FE;
 127EE : FE;
 127EF : FE;
 127F0 : FE;
 127F1 : FE;
 127F2 : FE;
 127F3 : FE;
 127F4 : FE;
 127F5 : FE;
 127F6 : FE;
 127F7 : FE;
 127F8 : FE;
 127F9 : FE;
 127FA : FE;
 127FB : FE;
 127FC : FE;
 127FD : FE;
 127FE : FE;
 127FF : FE;
 12800 : FE;
 12801 : FE;
 12802 : FE;
 12803 : FE;
 12804 : FE;
 12805 : FE;
 12806 : FE;
 12807 : FE;
 12808 : FE;
 12809 : FE;
 1280A : FE;
 1280B : FE;
 1280C : FE;
 1280D : FE;
 1280E : FE;
 1280F : FE;
 12810 : FE;
 12811 : FE;
 12812 : FE;
 12813 : FE;
 12814 : FE;
 12815 : FE;
 12816 : FE;
 12817 : FE;
 12818 : FE;
 12819 : FE;
 1281A : FE;
 1281B : FE;
 1281C : FE;
 1281D : FE;
 1281E : FE;
 1281F : FE;
 12820 : FE;
 12821 : FE;
 12822 : FE;
 12823 : FE;
 12824 : FE;
 12825 : FE;
 12826 : FE;
 12827 : FE;
 12828 : FE;
 12829 : FE;
 1282A : FE;
 1282B : FE;
 1282C : FE;
 1282D : FE;
 1282E : FE;
 1282F : FE;
 12830 : FE;
 12831 : FE;
 12832 : FE;
 12833 : FE;
 12834 : FE;
 12835 : FE;
 12836 : FE;
 12837 : FE;
 12838 : FE;
 12839 : FE;
 1283A : FE;
 1283B : FE;
 1283C : FE;
 1283D : FE;
 1283E : FE;
 1283F : FE;
 12840 : FE;
 12841 : FE;
 12842 : FE;
 12843 : FE;
 12844 : FE;
 12845 : FE;
 12846 : FE;
 12847 : FE;
 12848 : FE;
 12849 : FE;
 1284A : FE;
 1284B : FE;
 1284C : FE;
 1284D : FE;
 1284E : FE;
 1284F : FE;
 12850 : FE;
 12851 : FE;
 12852 : FE;
 12853 : FE;
 12854 : FE;
 12855 : FE;
 12856 : FE;
 12857 : FE;
 12858 : FE;
 12859 : FE;
 1285A : FE;
 1285B : FE;
 1285C : FE;
 1285D : FE;
 1285E : FE;
 1285F : FE;
 12860 : FE;
 12861 : FE;
 12862 : FE;
 12863 : FE;
 12864 : FE;
 12865 : FE;
 12866 : FE;
 12867 : FE;
 12868 : FE;
 12869 : FE;
 1286A : FE;
 1286B : FE;
 1286C : FE;
 1286D : FE;
 1286E : FE;
 1286F : FE;
 12870 : FE;
 12871 : FE;
 12872 : FE;
 12873 : FE;
 12874 : FE;
 12875 : FE;
 12876 : FE;
 12877 : FE;
 12878 : FE;
 12879 : FE;
 1287A : FE;
 1287B : FE;
 1287C : FE;
 1287D : FE;
 1287E : FE;
 1287F : FE;
 12880 : FE;
 12881 : FE;
 12882 : FE;
 12883 : FE;
 12884 : FE;
 12885 : FE;
 12886 : FE;
 12887 : FE;
 12888 : FE;
 12889 : FE;
 1288A : FE;
 1288B : FE;
 1288C : FE;
 1288D : FE;
 1288E : FE;
 1288F : FE;
 12890 : FE;
 12891 : FE;
 12892 : FE;
 12893 : FE;
 12894 : FE;
 12895 : FE;
 12896 : FE;
 12897 : FE;
 12898 : FE;
 12899 : FE;
 1289A : FE;
 1289B : FE;
 1289C : FE;
 1289D : FE;
 1289E : FE;
 1289F : FE;
 128A0 : FE;
 128A1 : FE;
 128A2 : FE;
 128A3 : FE;
 128A4 : FE;
 128A5 : FE;
 128A6 : FE;
 128A7 : FE;
 128A8 : FE;
 128A9 : FE;
 128AA : FE;
 128AB : FE;
 128AC : FE;
 128AD : FE;
 128AE : FE;
 128AF : FE;
 128B0 : FE;
 128B1 : FE;
 128B2 : FE;
 128B3 : FE;
 128B4 : FE;
 128B5 : FE;
 128B6 : FE;
 128B7 : FE;
 128B8 : FE;
 128B9 : FE;
 128BA : FE;
 128BB : FE;
 128BC : FE;
 128BD : FE;
 128BE : FE;
 128BF : FE;
 128C0 : FE;
 128C1 : FE;
 128C2 : FE;
 128C3 : FE;
 128C4 : FE;
 128C5 : FE;
 128C6 : FE;
 128C7 : FE;
 128C8 : FE;
 128C9 : FE;
 128CA : FE;
 128CB : FE;
 128CC : FE;
 128CD : FE;
 128CE : FE;
 128CF : FE;
 128D0 : FE;
 128D1 : FE;
 128D2 : FE;
 128D3 : FE;
 128D4 : FE;
 128D5 : FE;
 128D6 : FE;
 128D7 : FE;
 128D8 : FE;
 128D9 : FE;
 128DA : FE;
 128DB : FE;
 128DC : FE;
 128DD : FE;
 128DE : FE;
 128DF : FE;
 128E0 : FE;
 128E1 : FE;
 128E2 : FE;
 128E3 : FE;
 128E4 : FE;
 128E5 : FE;
 128E6 : FE;
 128E7 : FE;
 128E8 : FE;
 128E9 : FE;
 128EA : FE;
 128EB : FE;
 128EC : FE;
 128ED : FE;
 128EE : FE;
 128EF : FE;
 128F0 : FE;
 128F1 : FE;
 128F2 : FE;
 128F3 : FE;
 128F4 : FE;
 128F5 : FE;
 128F6 : FE;
 128F7 : FE;
 128F8 : FE;
 128F9 : FE;
 128FA : FE;
 128FB : FE;
 128FC : FE;
 128FD : FE;
 128FE : FE;
 128FF : FE;
 12900 : FE;
 12901 : FE;
 12902 : FE;
 12903 : FE;
 12904 : FE;
 12905 : FE;
 12906 : FE;
 12907 : FE;
 12908 : FE;
 12909 : FE;
 1290A : FE;
 1290B : FE;
 1290C : FE;
 1290D : FE;
 1290E : FE;
 1290F : FE;
 12910 : FE;
 12911 : FE;
 12912 : FE;
 12913 : FE;
 12914 : FE;
 12915 : FE;
 12916 : FE;
 12917 : FE;
 12918 : FE;
 12919 : FE;
 1291A : FE;
 1291B : FE;
 1291C : FE;
 1291D : FE;
 1291E : FE;
 1291F : FE;
 12920 : FE;
 12921 : FE;
 12922 : FE;
 12923 : FE;
 12924 : FE;
 12925 : FE;
 12926 : FE;
 12927 : FE;
 12928 : FE;
 12929 : FE;
 1292A : FE;
 1292B : FE;
 1292C : FE;
 1292D : FE;
 1292E : FE;
 1292F : FE;
 12930 : FE;
 12931 : FE;
 12932 : FE;
 12933 : FE;
 12934 : FE;
 12935 : FE;
 12936 : FE;
 12937 : FE;
 12938 : FE;
 12939 : FE;
 1293A : FE;
 1293B : FE;
 1293C : FE;
 1293D : FE;
 1293E : FE;
 1293F : FE;
 12940 : FE;
 12941 : FE;
 12942 : FE;
 12943 : FE;
 12944 : FE;
 12945 : FE;
 12946 : FE;
 12947 : FE;
 12948 : FE;
 12949 : FE;
 1294A : FE;
 1294B : FE;
 1294C : FE;
 1294D : FE;
 1294E : FE;
 1294F : FE;
 12950 : FE;
 12951 : FE;
 12952 : FE;
 12953 : FE;
 12954 : FE;
 12955 : FE;
 12956 : FE;
 12957 : FE;
 12958 : FE;
 12959 : FE;
 1295A : FE;
 1295B : FE;
 1295C : FE;
 1295D : FE;
 1295E : FE;
 1295F : FE;
 12960 : FE;
 12961 : FE;
 12962 : FE;
 12963 : FE;
 12964 : FE;
 12965 : FE;
 12966 : FE;
 12967 : FE;
 12968 : FE;
 12969 : FE;
 1296A : FE;
 1296B : FE;
 1296C : FE;
 1296D : FE;
 1296E : FE;
 1296F : FE;
 12970 : FE;
 12971 : FE;
 12972 : FE;
 12973 : FE;
 12974 : FE;
 12975 : FE;
 12976 : FE;
 12977 : FE;
 12978 : FE;
 12979 : FE;
 1297A : FE;
 1297B : FE;
 1297C : FE;
 1297D : FE;
 1297E : FE;
 1297F : FE;
 12980 : FE;
 12981 : FE;
 12982 : FE;
 12983 : FE;
 12984 : FE;
 12985 : FE;
 12986 : FE;
 12987 : FE;
 12988 : FE;
 12989 : FE;
 1298A : FE;
 1298B : FE;
 1298C : FE;
 1298D : FE;
 1298E : FE;
 1298F : FE;
 12990 : FE;
 12991 : FE;
 12992 : FE;
 12993 : FE;
 12994 : FE;
 12995 : FE;
 12996 : FE;
 12997 : FE;
 12998 : FE;
 12999 : FE;
 1299A : FE;
 1299B : FE;
 1299C : FE;
 1299D : FE;
 1299E : FE;
 1299F : FE;
 129A0 : FE;
 129A1 : FE;
 129A2 : FE;
 129A3 : FE;
 129A4 : FE;
 129A5 : FE;
 129A6 : FE;
 129A7 : FE;
 129A8 : FE;
 129A9 : FE;
 129AA : FE;
 129AB : FE;
 129AC : FE;
 129AD : FE;
 129AE : FE;
 129AF : FE;
 129B0 : FE;
 129B1 : FE;
 129B2 : FE;
 129B3 : FE;
 129B4 : FE;
 129B5 : FE;
 129B6 : FE;
 129B7 : FE;
 129B8 : FE;
 129B9 : FE;
 129BA : FE;
 129BB : FE;
 129BC : FE;
 129BD : FE;
 129BE : FE;
 129BF : FE;
 129C0 : FE;
 129C1 : FE;
 129C2 : FE;
 129C3 : FE;
 129C4 : FE;
 129C5 : FE;
 129C6 : FE;
 129C7 : FE;
 129C8 : FE;
 129C9 : FE;
 129CA : FE;
 129CB : FE;
 129CC : FE;
 129CD : FE;
 129CE : FE;
 129CF : FE;
 129D0 : FE;
 129D1 : FE;
 129D2 : FE;
 129D3 : FE;
 129D4 : FE;
 129D5 : FE;
 129D6 : FE;
 129D7 : FE;
 129D8 : FE;
 129D9 : FE;
 129DA : FE;
 129DB : FE;
 129DC : FE;
 129DD : FE;
 129DE : FE;
 129DF : FE;
 129E0 : FE;
 129E1 : FE;
 129E2 : FE;
 129E3 : FE;
 129E4 : FE;
 129E5 : FE;
 129E6 : FE;
 129E7 : FE;
 129E8 : FE;
 129E9 : FE;
 129EA : FE;
 129EB : FE;
 129EC : FE;
 129ED : FE;
 129EE : FE;
 129EF : FE;
 129F0 : FE;
 129F1 : FE;
 129F2 : FE;
 129F3 : FE;
 129F4 : FE;
 129F5 : FE;
 129F6 : FE;
 129F7 : FE;
 129F8 : FE;
 129F9 : FE;
 129FA : FE;
 129FB : FE;
 129FC : FE;
 129FD : FE;
 129FE : FE;
 129FF : FE;
 12A00 : FE;
 12A01 : FE;
 12A02 : FE;
 12A03 : FE;
 12A04 : FE;
 12A05 : FE;
 12A06 : FE;
 12A07 : FE;
 12A08 : FE;
 12A09 : FE;
 12A0A : FE;
 12A0B : FE;
 12A0C : FE;
 12A0D : FE;
 12A0E : FE;
 12A0F : FE;
 12A10 : FE;
 12A11 : FE;
 12A12 : FE;
 12A13 : FE;
 12A14 : FE;
 12A15 : FE;
 12A16 : FE;
 12A17 : FE;
 12A18 : FE;
 12A19 : FE;
 12A1A : FE;
 12A1B : FE;
 12A1C : FE;
 12A1D : FE;
 12A1E : FE;
 12A1F : FE;
 12A20 : FE;
 12A21 : FE;
 12A22 : FE;
 12A23 : FE;
 12A24 : FE;
 12A25 : FE;
 12A26 : FE;
 12A27 : FE;
 12A28 : FE;
 12A29 : FE;
 12A2A : FE;
 12A2B : FE;
 12A2C : FE;
 12A2D : FE;
 12A2E : FE;
 12A2F : FE;
 12A30 : FE;
 12A31 : FE;
 12A32 : FE;
 12A33 : FE;
 12A34 : FE;
 12A35 : FE;
 12A36 : FE;
 12A37 : FE;
 12A38 : FE;
 12A39 : FE;
 12A3A : FE;
 12A3B : FE;
 12A3C : FE;
 12A3D : FE;
 12A3E : FE;
 12A3F : FE;
 12A40 : FE;
 12A41 : FE;
 12A42 : FE;
 12A43 : FE;
 12A44 : FE;
 12A45 : FE;
 12A46 : FE;
 12A47 : FE;
 12A48 : FE;
 12A49 : FE;
 12A4A : FE;
 12A4B : FE;
 12A4C : FE;
 12A4D : FE;
 12A4E : FE;
 12A4F : FE;
 12A50 : FE;
 12A51 : FE;
 12A52 : FE;
 12A53 : FE;
 12A54 : FE;
 12A55 : FE;
 12A56 : FE;
 12A57 : FE;
 12A58 : FE;
 12A59 : FE;
 12A5A : FE;
 12A5B : FE;
 12A5C : FE;
 12A5D : FE;
 12A5E : FE;
 12A5F : FE;
 12A60 : FE;
 12A61 : FE;
 12A62 : FE;
 12A63 : FE;
 12A64 : FE;
 12A65 : FE;
 12A66 : FE;
 12A67 : FE;
 12A68 : FE;
 12A69 : FE;
 12A6A : FE;
 12A6B : FE;
 12A6C : FE;
 12A6D : FE;
 12A6E : FE;
 12A6F : FE;
 12A70 : FE;
 12A71 : FE;
 12A72 : FE;
 12A73 : FE;
 12A74 : FE;
 12A75 : FE;
 12A76 : FE;
 12A77 : FE;
 12A78 : FE;
 12A79 : FE;
 12A7A : FE;
 12A7B : FE;
 12A7C : FE;
 12A7D : FE;
 12A7E : FE;
 12A7F : FE;
 12A80 : FE;
 12A81 : FE;
 12A82 : FE;
 12A83 : FE;
 12A84 : FE;
 12A85 : FE;
 12A86 : FE;
 12A87 : FE;
 12A88 : FE;
 12A89 : FE;
 12A8A : FE;
 12A8B : FE;
 12A8C : FE;
 12A8D : FE;
 12A8E : FE;
 12A8F : FE;
 12A90 : FE;
 12A91 : FE;
 12A92 : FE;
 12A93 : FE;
 12A94 : FE;
 12A95 : FE;
 12A96 : FE;
 12A97 : FE;
 12A98 : FE;
 12A99 : FE;
 12A9A : FE;
 12A9B : FE;
 12A9C : FE;
 12A9D : FE;
 12A9E : FE;
 12A9F : FE;
 12AA0 : FE;
 12AA1 : FE;
 12AA2 : FE;
 12AA3 : FE;
 12AA4 : FE;
 12AA5 : FE;
 12AA6 : FE;
 12AA7 : FE;
 12AA8 : FE;
 12AA9 : FE;
 12AAA : FE;
 12AAB : FE;
 12AAC : FE;
 12AAD : FE;
 12AAE : FE;
 12AAF : FE;
 12AB0 : FE;
 12AB1 : FE;
 12AB2 : FE;
 12AB3 : FE;
 12AB4 : FE;
 12AB5 : FE;
 12AB6 : FE;
 12AB7 : FE;
 12AB8 : FE;
 12AB9 : FE;
 12ABA : FE;
 12ABB : FE;
 12ABC : FE;
 12ABD : FE;
 12ABE : FE;
 12ABF : FE;
 12AC0 : FE;
 12AC1 : FE;
 12AC2 : FE;
 12AC3 : FE;
 12AC4 : FE;
 12AC5 : FE;
 12AC6 : FE;
 12AC7 : FE;
 12AC8 : FE;
 12AC9 : FE;
 12ACA : FE;
 12ACB : FE;
 12ACC : FE;
 12ACD : FE;
 12ACE : FE;
 12ACF : FE;
 12AD0 : FE;
 12AD1 : FE;
 12AD2 : FE;
 12AD3 : FE;
 12AD4 : FE;
 12AD5 : FE;
 12AD6 : FE;
 12AD7 : FE;
 12AD8 : FE;
 12AD9 : FE;
 12ADA : FE;
 12ADB : FE;
 12ADC : FE;
 12ADD : FE;
 12ADE : FE;
 12ADF : FE;
 12AE0 : FE;
 12AE1 : FE;
 12AE2 : FE;
 12AE3 : FE;
 12AE4 : FE;
 12AE5 : FE;
 12AE6 : FE;
 12AE7 : FE;
 12AE8 : FE;
 12AE9 : FE;
 12AEA : FE;
 12AEB : FE;
 12AEC : FE;
 12AED : FE;
 12AEE : FE;
 12AEF : FE;
 12AF0 : FE;
 12AF1 : FE;
 12AF2 : FE;
 12AF3 : FE;
 12AF4 : FE;
 12AF5 : FE;
 12AF6 : FE;
 12AF7 : FE;
 12AF8 : FE;
 12AF9 : FE;
 12AFA : FE;
 12AFB : FE;
 12AFC : FE;
 12AFD : FE;
 12AFE : FE;
 12AFF : FE;
 12B00 : FE;
 12B01 : FE;
 12B02 : FE;
 12B03 : FE;
 12B04 : FE;
 12B05 : FE;
 12B06 : FE;
 12B07 : FE;
 12B08 : FE;
 12B09 : FE;
 12B0A : FE;
 12B0B : FE;
 12B0C : FE;
 12B0D : FE;
 12B0E : FE;
 12B0F : FE;
 12B10 : FE;
 12B11 : FE;
 12B12 : FE;
 12B13 : FE;
 12B14 : FE;
 12B15 : FE;
 12B16 : FE;
 12B17 : FE;
 12B18 : FE;
 12B19 : FE;
 12B1A : FE;
 12B1B : FE;
 12B1C : FE;
 12B1D : FE;
 12B1E : FE;
 12B1F : FE;
 12B20 : FE;
 12B21 : FE;
 12B22 : FE;
 12B23 : FE;
 12B24 : FE;
 12B25 : FE;
 12B26 : FE;
 12B27 : FE;
 12B28 : FE;
 12B29 : FE;
 12B2A : FE;
 12B2B : FE;
 12B2C : FE;
 12B2D : FE;
 12B2E : FE;
 12B2F : FE;
 12B30 : FE;
 12B31 : FE;
 12B32 : FE;
 12B33 : FE;
 12B34 : FE;
 12B35 : FE;
 12B36 : FE;
 12B37 : FE;
 12B38 : FE;
 12B39 : FE;
 12B3A : FE;
 12B3B : FE;
 12B3C : FE;
 12B3D : FE;
 12B3E : FE;
 12B3F : FE;
 12B40 : FE;
 12B41 : FE;
 12B42 : FE;
 12B43 : FE;
 12B44 : FE;
 12B45 : FE;
 12B46 : FE;
 12B47 : FE;
 12B48 : FE;
 12B49 : FE;
 12B4A : FE;
 12B4B : FE;
 12B4C : FE;
 12B4D : FE;
 12B4E : FE;
 12B4F : FE;
 12B50 : FE;
 12B51 : FE;
 12B52 : FE;
 12B53 : FE;
 12B54 : FE;
 12B55 : FE;
 12B56 : FE;
 12B57 : FE;
 12B58 : FE;
 12B59 : FE;
 12B5A : FE;
 12B5B : FE;
 12B5C : FE;
 12B5D : FE;
 12B5E : FE;
 12B5F : FE;
 12B60 : FE;
 12B61 : FE;
 12B62 : FE;
 12B63 : FE;
 12B64 : FE;
 12B65 : FE;
 12B66 : FE;
 12B67 : FE;
 12B68 : FE;
 12B69 : FE;
 12B6A : FE;
 12B6B : FE;
 12B6C : FE;
 12B6D : FE;
 12B6E : FE;
 12B6F : FE;
 12B70 : FE;
 12B71 : FE;
 12B72 : FE;
 12B73 : FE;
 12B74 : FE;
 12B75 : FE;
 12B76 : FE;
 12B77 : FE;
 12B78 : FE;
 12B79 : FE;
 12B7A : FE;
 12B7B : FE;
 12B7C : FE;
 12B7D : FE;
 12B7E : FE;
 12B7F : FE;
 12B80 : FE;
 12B81 : FE;
 12B82 : FE;
 12B83 : FE;
 12B84 : FE;
 12B85 : FE;
 12B86 : FE;
 12B87 : FE;
 12B88 : FE;
 12B89 : FE;
 12B8A : FE;
 12B8B : FE;
 12B8C : FE;
 12B8D : FE;
 12B8E : FE;
 12B8F : FE;
 12B90 : FE;
 12B91 : FE;
 12B92 : FE;
 12B93 : FE;
 12B94 : FE;
 12B95 : FE;
 12B96 : FE;
 12B97 : FE;
 12B98 : FE;
 12B99 : FE;
 12B9A : FE;
 12B9B : FE;
 12B9C : FE;
 12B9D : FE;
 12B9E : FE;
 12B9F : FE;
 12BA0 : FE;
 12BA1 : FE;
 12BA2 : FE;
 12BA3 : FE;
 12BA4 : FE;
 12BA5 : FE;
 12BA6 : FE;
 12BA7 : FE;
 12BA8 : FE;
 12BA9 : FE;
 12BAA : FE;
 12BAB : FE;
 12BAC : FE;
 12BAD : FE;
 12BAE : FE;
 12BAF : FE;
 12BB0 : FE;
 12BB1 : FE;
 12BB2 : FE;
 12BB3 : FE;
 12BB4 : FE;
 12BB5 : FE;
 12BB6 : FE;
 12BB7 : FE;
 12BB8 : FE;
 12BB9 : FE;
 12BBA : FE;
 12BBB : FE;
 12BBC : FE;
 12BBD : FE;
 12BBE : FE;
 12BBF : FE;
 12BC0 : FE;
 12BC1 : FE;
 12BC2 : FE;
 12BC3 : FE;
 12BC4 : FE;
 12BC5 : FE;
 12BC6 : FE;
 12BC7 : FE;
 12BC8 : FE;
 12BC9 : FE;
 12BCA : FE;
 12BCB : FE;
 12BCC : FE;
 12BCD : FE;
 12BCE : FE;
 12BCF : FE;
 12BD0 : FE;
 12BD1 : FE;
 12BD2 : FE;
 12BD3 : FE;
 12BD4 : FE;
 12BD5 : FE;
 12BD6 : FE;
 12BD7 : FE;
 12BD8 : FE;
 12BD9 : FE;
 12BDA : FE;
 12BDB : FE;
 12BDC : FE;
 12BDD : FE;
 12BDE : FE;
 12BDF : FE;
 12BE0 : FE;
 12BE1 : FE;
 12BE2 : FE;
 12BE3 : FE;
 12BE4 : FE;
 12BE5 : FE;
 12BE6 : FE;
 12BE7 : FE;
 12BE8 : FE;
 12BE9 : FE;
 12BEA : FE;
 12BEB : FE;
 12BEC : FE;
 12BED : FE;
 12BEE : FE;
 12BEF : FE;
 12BF0 : FE;
 12BF1 : FE;
 12BF2 : FE;
 12BF3 : FE;
 12BF4 : FE;
 12BF5 : FE;
 12BF6 : FE;
 12BF7 : FE;
 12BF8 : FE;
 12BF9 : FE;
 12BFA : FE;
 12BFB : FE;
 12BFC : FE;
 12BFD : FE;
 12BFE : FE;
 12BFF : 00;
END;
