Fitter report for soc_system
Sat Nov  1 17:37:55 2025
Quartus Prime Version 23.1std.0 Build 991 11/28/2023 SC Lite Edition


---------------------
; Table of Contents ;
---------------------
  1. Legal Notice
  2. Fitter Summary
  3. Fitter Settings
  4. Parallel Compilation
  5. Fitter Netlist Optimizations
  6. Ignored Assignments
  7. Incremental Compilation Preservation Summary
  8. Incremental Compilation Partition Settings
  9. Incremental Compilation Placement Preservation
 10. Fitter Resource Usage Summary
 11. Input Pins
 12. Output Pins
 13. I/O Bank Usage
 14. All Package Pins
 15. I/O Assignment Warnings
 16. Fitter Resource Utilization by Entity
 17. Delay Chain Summary
 18. Pad To Core Delay Chain Fanout
 19. Control Signals
 20. Global & Other Fast Signals
 21. Fitter RAM Summary
 22. I/O Rules Summary
 23. I/O Rules Details
 24. I/O Rules Matrix
 25. Fitter Device Options
 26. Operating Settings and Conditions
 27. Fitter Messages



----------------
; Legal Notice ;
----------------
Copyright (C) 2023  Intel Corporation. All rights reserved.
Your use of Intel Corporation's design tools, logic functions 
and other software and tools, and any partner logic 
functions, and any output files from any of the foregoing 
(including device programming or simulation files), and any 
associated documentation or information are expressly subject 
to the terms and conditions of the Intel Program License 
Subscription Agreement, the Intel Quartus Prime License Agreement,
the Intel FPGA IP License Agreement, or other applicable license
agreement, including, without limitation, that your use is for
the sole purpose of programming logic devices manufactured by
Intel and sold by Intel or its authorized distributors.  Please
refer to the applicable agreement for further details, at
https://fpgasoftware.intel.com/eula.



+----------------------------------------------------------------------------------+
; Fitter Summary                                                                   ;
+---------------------------------+------------------------------------------------+
; Fitter Status                   ; Failed - Sat Nov  1 17:37:55 2025              ;
; Quartus Prime Version           ; 23.1std.0 Build 991 11/28/2023 SC Lite Edition ;
; Revision Name                   ; soc_system                                     ;
; Top-level Entity Name           ; unidade_de_controle                            ;
; Family                          ; Cyclone V                                      ;
; Device                          ; 5CSEMA5F31C6                                   ;
; Timing Models                   ; Final                                          ;
; Logic utilization (in ALMs)     ; 676 / 32,070 ( 2 % )                           ;
; Total registers                 ; 360                                            ;
; Total pins                      ; 67 / 457 ( 15 % )                              ;
; Total virtual pins              ; 0                                              ;
; Total block memory bits         ; 1,232,896 / 4,065,280 ( 30 % )                 ;
; Total RAM Blocks                ; 0 / 397 ( 0 % )                                ;
; Total DSP Blocks                ; 0 / 87 ( 0 % )                                 ;
; Total HSSI RX PCSs              ; 0                                              ;
; Total HSSI PMA RX Deserializers ; 0                                              ;
; Total HSSI TX PCSs              ; 0                                              ;
; Total HSSI PMA TX Serializers   ; 0                                              ;
; Total PLLs                      ; 1 / 6 ( 17 % )                                 ;
; Total DLLs                      ; 0 / 4 ( 0 % )                                  ;
+---------------------------------+------------------------------------------------+


+----------------------------------------------------------------------------------------------------------------------------------------------------+
; Fitter Settings                                                                                                                                    ;
+--------------------------------------------------------------------+---------------------------------------+---------------------------------------+
; Option                                                             ; Setting                               ; Default Value                         ;
+--------------------------------------------------------------------+---------------------------------------+---------------------------------------+
; Device                                                             ; 5CSEMA5F31C6                          ;                                       ;
; Minimum Core Junction Temperature                                  ; 0                                     ;                                       ;
; Maximum Core Junction Temperature                                  ; 85                                    ;                                       ;
; Device I/O Standard                                                ; 2.5 V                                 ;                                       ;
; Regenerate Full Fit Report During ECO Compiles                     ; On                                    ; Off                                   ;
; Use smart compilation                                              ; Off                                   ; Off                                   ;
; Enable parallel Assembler and Timing Analyzer during compilation   ; On                                    ; On                                    ;
; Enable compact report table                                        ; Off                                   ; Off                                   ;
; Router Timing Optimization Level                                   ; Normal                                ; Normal                                ;
; Perform Clocking Topology Analysis During Routing                  ; Off                                   ; Off                                   ;
; Placement Effort Multiplier                                        ; 1.0                                   ; 1.0                                   ;
; Device initialization clock source                                 ; INIT_INTOSC                           ; INIT_INTOSC                           ;
; Optimize Hold Timing                                               ; All Paths                             ; All Paths                             ;
; Optimize Multi-Corner Timing                                       ; On                                    ; On                                    ;
; Auto RAM to MLAB Conversion                                        ; On                                    ; On                                    ;
; Equivalent RAM and MLAB Power Up                                   ; Auto                                  ; Auto                                  ;
; Equivalent RAM and MLAB Paused Read Capabilities                   ; Care                                  ; Care                                  ;
; Power Optimization During Fitting                                  ; Normal compilation                    ; Normal compilation                    ;
; SSN Optimization                                                   ; Off                                   ; Off                                   ;
; Optimize Timing                                                    ; Normal compilation                    ; Normal compilation                    ;
; Optimize Timing for ECOs                                           ; Off                                   ; Off                                   ;
; Optimize IOC Register Placement for Timing                         ; Normal                                ; Normal                                ;
; Final Placement Optimizations                                      ; Automatically                         ; Automatically                         ;
; Fitter Aggressive Routability Optimizations                        ; Automatically                         ; Automatically                         ;
; Fitter Initial Placement Seed                                      ; 1                                     ; 1                                     ;
; Periphery to Core Placement and Routing Optimization               ; Off                                   ; Off                                   ;
; Weak Pull-Up Resistor                                              ; Off                                   ; Off                                   ;
; Enable Bus-Hold Circuitry                                          ; Off                                   ; Off                                   ;
; Auto Packed Registers                                              ; Auto                                  ; Auto                                  ;
; Auto Delay Chains                                                  ; On                                    ; On                                    ;
; Auto Delay Chains for High Fanout Input Pins                       ; Off                                   ; Off                                   ;
; Treat Bidirectional Pin as Output Pin                              ; Off                                   ; Off                                   ;
; Perform Physical Synthesis for Combinational Logic for Fitting     ; Off                                   ; Off                                   ;
; Perform Physical Synthesis for Combinational Logic for Performance ; Off                                   ; Off                                   ;
; Perform Register Duplication for Performance                       ; Off                                   ; Off                                   ;
; Perform Register Retiming for Performance                          ; Off                                   ; Off                                   ;
; Perform Asynchronous Signal Pipelining                             ; Off                                   ; Off                                   ;
; Fitter Effort                                                      ; Auto Fit                              ; Auto Fit                              ;
; Physical Synthesis Effort Level                                    ; Normal                                ; Normal                                ;
; Logic Cell Insertion - Logic Duplication                           ; Auto                                  ; Auto                                  ;
; Auto Register Duplication                                          ; Auto                                  ; Auto                                  ;
; Auto Global Clock                                                  ; On                                    ; On                                    ;
; Auto Global Register Control Signals                               ; On                                    ; On                                    ;
; Reserve all unused pins                                            ; As input tri-stated with weak pull-up ; As input tri-stated with weak pull-up ;
; Synchronizer Identification                                        ; Auto                                  ; Auto                                  ;
; Enable Beneficial Skew Optimization                                ; On                                    ; On                                    ;
; Optimize Design for Metastability                                  ; On                                    ; On                                    ;
; Active Serial clock source                                         ; FREQ_100MHz                           ; FREQ_100MHz                           ;
; Force Fitter to Avoid Periphery Placement Warnings                 ; Off                                   ; Off                                   ;
; Clamping Diode                                                     ; Off                                   ; Off                                   ;
; Enable input tri-state on active configuration pins in user mode   ; Off                                   ; Off                                   ;
; Advanced Physical Optimization                                     ; On                                    ; On                                    ;
+--------------------------------------------------------------------+---------------------------------------+---------------------------------------+


+------------------------------------------+
; Parallel Compilation                     ;
+----------------------------+-------------+
; Processors                 ; Number      ;
+----------------------------+-------------+
; Number detected on machine ; 2           ;
; Maximum allowed            ; 2           ;
;                            ;             ;
; Average used               ; 1.00        ;
; Maximum used               ; 2           ;
;                            ;             ;
; Usage by Processor         ; % Time Used ;
;     Processor 1            ; 100.0%      ;
;     Processor 2            ;   0.0%      ;
+----------------------------+-------------+


+-----------------------------------------------------------------------------------------------------------------------------------------------------------------------------------------------------------------------------------------------------+
; Fitter Netlist Optimizations                                                                                                                                                                                                                        ;
+-------------------------------------------------------------------------------------------------------+---------+-----------+----------------------------+-----------+----------------+------------------+------------------+-----------------------+
; Node                                                                                                  ; Action  ; Operation ; Reason                     ; Node Port ; Node Port Name ; Destination Node ; Destination Port ; Destination Port Name ;
+-------------------------------------------------------------------------------------------------------+---------+-----------+----------------------------+-----------+----------------+------------------+------------------+-----------------------+
; clock_75mhz:clock_75|clock_75mhz_0002:clock_75mhz_inst|altera_pll:altera_pll_i|outclk_wire[0]~CLKENA0 ; Created ; Placement ; Fitter Periphery Placement ;           ;                ;                  ;                  ;                       ;
; clock_50Mhz~inputCLKENA0                                                                              ; Created ; Placement ; Fitter Periphery Placement ;           ;                ;                  ;                  ;                       ;
+-------------------------------------------------------------------------------------------------------+---------+-----------+----------------------------+-----------+----------------+------------------+------------------+-----------------------+


+----------------------------------------------------------------------------------------------------------------------------------------------------------------------------------------------------------------------------------------------------+
; Ignored Assignments                                                                                                                                                                                                                                ;
+-----------------------------------------------------------+---------------------+--------------+----------------------------------------------------------------------------------------------+-----------------------------------+----------------+
; Name                                                      ; Ignored Entity      ; Ignored From ; Ignored To                                                                                   ; Ignored Value                     ; Ignored Source ;
+-----------------------------------------------------------+---------------------+--------------+----------------------------------------------------------------------------------------------+-----------------------------------+----------------+
; Location                                                  ;                     ;              ; ADC_CONVST                                                                                   ; PIN_AJ4                           ; QSF Assignment ;
; Location                                                  ;                     ;              ; ADC_DIN                                                                                      ; PIN_AK4                           ; QSF Assignment ;
; Location                                                  ;                     ;              ; ADC_DOUT                                                                                     ; PIN_AK3                           ; QSF Assignment ;
; Location                                                  ;                     ;              ; ADC_SCLK                                                                                     ; PIN_AK2                           ; QSF Assignment ;
; Location                                                  ;                     ;              ; AUD_ADCDAT                                                                                   ; PIN_K7                            ; QSF Assignment ;
; Location                                                  ;                     ;              ; AUD_ADCLRCK                                                                                  ; PIN_K8                            ; QSF Assignment ;
; Location                                                  ;                     ;              ; AUD_BCLK                                                                                     ; PIN_H7                            ; QSF Assignment ;
; Location                                                  ;                     ;              ; AUD_DACDAT                                                                                   ; PIN_J7                            ; QSF Assignment ;
; Location                                                  ;                     ;              ; AUD_DACLRCK                                                                                  ; PIN_H8                            ; QSF Assignment ;
; Location                                                  ;                     ;              ; AUD_XCK                                                                                      ; PIN_G7                            ; QSF Assignment ;
; Location                                                  ;                     ;              ; CLOCK2_50                                                                                    ; PIN_AA16                          ; QSF Assignment ;
; Location                                                  ;                     ;              ; CLOCK3_50                                                                                    ; PIN_Y26                           ; QSF Assignment ;
; Location                                                  ;                     ;              ; CLOCK4_50                                                                                    ; PIN_K14                           ; QSF Assignment ;
; Location                                                  ;                     ;              ; CLOCK_50                                                                                     ; PIN_AF14                          ; QSF Assignment ;
; Location                                                  ;                     ;              ; DRAM_ADDR[0]                                                                                 ; PIN_AK14                          ; QSF Assignment ;
; Location                                                  ;                     ;              ; DRAM_ADDR[10]                                                                                ; PIN_AG12                          ; QSF Assignment ;
; Location                                                  ;                     ;              ; DRAM_ADDR[11]                                                                                ; PIN_AH13                          ; QSF Assignment ;
; Location                                                  ;                     ;              ; DRAM_ADDR[12]                                                                                ; PIN_AJ14                          ; QSF Assignment ;
; Location                                                  ;                     ;              ; DRAM_ADDR[1]                                                                                 ; PIN_AH14                          ; QSF Assignment ;
; Location                                                  ;                     ;              ; DRAM_ADDR[2]                                                                                 ; PIN_AG15                          ; QSF Assignment ;
; Location                                                  ;                     ;              ; DRAM_ADDR[3]                                                                                 ; PIN_AE14                          ; QSF Assignment ;
; Location                                                  ;                     ;              ; DRAM_ADDR[4]                                                                                 ; PIN_AB15                          ; QSF Assignment ;
; Location                                                  ;                     ;              ; DRAM_ADDR[5]                                                                                 ; PIN_AC14                          ; QSF Assignment ;
; Location                                                  ;                     ;              ; DRAM_ADDR[6]                                                                                 ; PIN_AD14                          ; QSF Assignment ;
; Location                                                  ;                     ;              ; DRAM_ADDR[7]                                                                                 ; PIN_AF15                          ; QSF Assignment ;
; Location                                                  ;                     ;              ; DRAM_ADDR[8]                                                                                 ; PIN_AH15                          ; QSF Assignment ;
; Location                                                  ;                     ;              ; DRAM_ADDR[9]                                                                                 ; PIN_AG13                          ; QSF Assignment ;
; Location                                                  ;                     ;              ; DRAM_BA[0]                                                                                   ; PIN_AF13                          ; QSF Assignment ;
; Location                                                  ;                     ;              ; DRAM_BA[1]                                                                                   ; PIN_AJ12                          ; QSF Assignment ;
; Location                                                  ;                     ;              ; DRAM_CAS_N                                                                                   ; PIN_AF11                          ; QSF Assignment ;
; Location                                                  ;                     ;              ; DRAM_CKE                                                                                     ; PIN_AK13                          ; QSF Assignment ;
; Location                                                  ;                     ;              ; DRAM_CLK                                                                                     ; PIN_AH12                          ; QSF Assignment ;
; Location                                                  ;                     ;              ; DRAM_CS_N                                                                                    ; PIN_AG11                          ; QSF Assignment ;
; Location                                                  ;                     ;              ; DRAM_DQ[0]                                                                                   ; PIN_AK6                           ; QSF Assignment ;
; Location                                                  ;                     ;              ; DRAM_DQ[10]                                                                                  ; PIN_AJ9                           ; QSF Assignment ;
; Location                                                  ;                     ;              ; DRAM_DQ[11]                                                                                  ; PIN_AH9                           ; QSF Assignment ;
; Location                                                  ;                     ;              ; DRAM_DQ[12]                                                                                  ; PIN_AH8                           ; QSF Assignment ;
; Location                                                  ;                     ;              ; DRAM_DQ[13]                                                                                  ; PIN_AH7                           ; QSF Assignment ;
; Location                                                  ;                     ;              ; DRAM_DQ[14]                                                                                  ; PIN_AJ6                           ; QSF Assignment ;
; Location                                                  ;                     ;              ; DRAM_DQ[15]                                                                                  ; PIN_AJ5                           ; QSF Assignment ;
; Location                                                  ;                     ;              ; DRAM_DQ[1]                                                                                   ; PIN_AJ7                           ; QSF Assignment ;
; Location                                                  ;                     ;              ; DRAM_DQ[2]                                                                                   ; PIN_AK7                           ; QSF Assignment ;
; Location                                                  ;                     ;              ; DRAM_DQ[3]                                                                                   ; PIN_AK8                           ; QSF Assignment ;
; Location                                                  ;                     ;              ; DRAM_DQ[4]                                                                                   ; PIN_AK9                           ; QSF Assignment ;
; Location                                                  ;                     ;              ; DRAM_DQ[5]                                                                                   ; PIN_AG10                          ; QSF Assignment ;
; Location                                                  ;                     ;              ; DRAM_DQ[6]                                                                                   ; PIN_AK11                          ; QSF Assignment ;
; Location                                                  ;                     ;              ; DRAM_DQ[7]                                                                                   ; PIN_AJ11                          ; QSF Assignment ;
; Location                                                  ;                     ;              ; DRAM_DQ[8]                                                                                   ; PIN_AH10                          ; QSF Assignment ;
; Location                                                  ;                     ;              ; DRAM_DQ[9]                                                                                   ; PIN_AJ10                          ; QSF Assignment ;
; Location                                                  ;                     ;              ; DRAM_LDQM                                                                                    ; PIN_AB13                          ; QSF Assignment ;
; Location                                                  ;                     ;              ; DRAM_RAS_N                                                                                   ; PIN_AE13                          ; QSF Assignment ;
; Location                                                  ;                     ;              ; DRAM_UDQM                                                                                    ; PIN_AK12                          ; QSF Assignment ;
; Location                                                  ;                     ;              ; DRAM_WE_N                                                                                    ; PIN_AA13                          ; QSF Assignment ;
; Location                                                  ;                     ;              ; FAN_CTRL                                                                                     ; PIN_AA12                          ; QSF Assignment ;
; Location                                                  ;                     ;              ; FPGA_I2C_SCLK                                                                                ; PIN_J12                           ; QSF Assignment ;
; Location                                                  ;                     ;              ; FPGA_I2C_SDAT                                                                                ; PIN_K12                           ; QSF Assignment ;
; Location                                                  ;                     ;              ; GPIO_0[0]                                                                                    ; PIN_AC18                          ; QSF Assignment ;
; Location                                                  ;                     ;              ; GPIO_0[10]                                                                                   ; PIN_AH18                          ; QSF Assignment ;
; Location                                                  ;                     ;              ; GPIO_0[11]                                                                                   ; PIN_AH17                          ; QSF Assignment ;
; Location                                                  ;                     ;              ; GPIO_0[12]                                                                                   ; PIN_AG16                          ; QSF Assignment ;
; Location                                                  ;                     ;              ; GPIO_0[13]                                                                                   ; PIN_AE16                          ; QSF Assignment ;
; Location                                                  ;                     ;              ; GPIO_0[14]                                                                                   ; PIN_AF16                          ; QSF Assignment ;
; Location                                                  ;                     ;              ; GPIO_0[15]                                                                                   ; PIN_AG17                          ; QSF Assignment ;
; Location                                                  ;                     ;              ; GPIO_0[16]                                                                                   ; PIN_AA18                          ; QSF Assignment ;
; Location                                                  ;                     ;              ; GPIO_0[17]                                                                                   ; PIN_AA19                          ; QSF Assignment ;
; Location                                                  ;                     ;              ; GPIO_0[18]                                                                                   ; PIN_AE17                          ; QSF Assignment ;
; Location                                                  ;                     ;              ; GPIO_0[19]                                                                                   ; PIN_AC20                          ; QSF Assignment ;
; Location                                                  ;                     ;              ; GPIO_0[1]                                                                                    ; PIN_Y17                           ; QSF Assignment ;
; Location                                                  ;                     ;              ; GPIO_0[20]                                                                                   ; PIN_AH19                          ; QSF Assignment ;
; Location                                                  ;                     ;              ; GPIO_0[21]                                                                                   ; PIN_AJ20                          ; QSF Assignment ;
; Location                                                  ;                     ;              ; GPIO_0[22]                                                                                   ; PIN_AH20                          ; QSF Assignment ;
; Location                                                  ;                     ;              ; GPIO_0[23]                                                                                   ; PIN_AK21                          ; QSF Assignment ;
; Location                                                  ;                     ;              ; GPIO_0[24]                                                                                   ; PIN_AD19                          ; QSF Assignment ;
; Location                                                  ;                     ;              ; GPIO_0[25]                                                                                   ; PIN_AD20                          ; QSF Assignment ;
; Location                                                  ;                     ;              ; GPIO_0[26]                                                                                   ; PIN_AE18                          ; QSF Assignment ;
; Location                                                  ;                     ;              ; GPIO_0[27]                                                                                   ; PIN_AE19                          ; QSF Assignment ;
; Location                                                  ;                     ;              ; GPIO_0[28]                                                                                   ; PIN_AF20                          ; QSF Assignment ;
; Location                                                  ;                     ;              ; GPIO_0[29]                                                                                   ; PIN_AF21                          ; QSF Assignment ;
; Location                                                  ;                     ;              ; GPIO_0[2]                                                                                    ; PIN_AD17                          ; QSF Assignment ;
; Location                                                  ;                     ;              ; GPIO_0[30]                                                                                   ; PIN_AF19                          ; QSF Assignment ;
; Location                                                  ;                     ;              ; GPIO_0[31]                                                                                   ; PIN_AG21                          ; QSF Assignment ;
; Location                                                  ;                     ;              ; GPIO_0[32]                                                                                   ; PIN_AF18                          ; QSF Assignment ;
; Location                                                  ;                     ;              ; GPIO_0[33]                                                                                   ; PIN_AG20                          ; QSF Assignment ;
; Location                                                  ;                     ;              ; GPIO_0[34]                                                                                   ; PIN_AG18                          ; QSF Assignment ;
; Location                                                  ;                     ;              ; GPIO_0[35]                                                                                   ; PIN_AJ21                          ; QSF Assignment ;
; Location                                                  ;                     ;              ; GPIO_0[3]                                                                                    ; PIN_Y18                           ; QSF Assignment ;
; Location                                                  ;                     ;              ; GPIO_0[4]                                                                                    ; PIN_AK16                          ; QSF Assignment ;
; Location                                                  ;                     ;              ; GPIO_0[5]                                                                                    ; PIN_AK18                          ; QSF Assignment ;
; Location                                                  ;                     ;              ; GPIO_0[6]                                                                                    ; PIN_AK19                          ; QSF Assignment ;
; Location                                                  ;                     ;              ; GPIO_0[7]                                                                                    ; PIN_AJ19                          ; QSF Assignment ;
; Location                                                  ;                     ;              ; GPIO_0[8]                                                                                    ; PIN_AJ17                          ; QSF Assignment ;
; Location                                                  ;                     ;              ; GPIO_0[9]                                                                                    ; PIN_AJ16                          ; QSF Assignment ;
; Location                                                  ;                     ;              ; GPIO_1[0]                                                                                    ; PIN_AB17                          ; QSF Assignment ;
; Location                                                  ;                     ;              ; GPIO_1[10]                                                                                   ; PIN_AG26                          ; QSF Assignment ;
; Location                                                  ;                     ;              ; GPIO_1[11]                                                                                   ; PIN_AH24                          ; QSF Assignment ;
; Location                                                  ;                     ;              ; GPIO_1[12]                                                                                   ; PIN_AH27                          ; QSF Assignment ;
; Location                                                  ;                     ;              ; GPIO_1[13]                                                                                   ; PIN_AJ27                          ; QSF Assignment ;
; Location                                                  ;                     ;              ; GPIO_1[14]                                                                                   ; PIN_AK29                          ; QSF Assignment ;
; Location                                                  ;                     ;              ; GPIO_1[15]                                                                                   ; PIN_AK28                          ; QSF Assignment ;
; Location                                                  ;                     ;              ; GPIO_1[16]                                                                                   ; PIN_AK27                          ; QSF Assignment ;
; Location                                                  ;                     ;              ; GPIO_1[17]                                                                                   ; PIN_AJ26                          ; QSF Assignment ;
; Location                                                  ;                     ;              ; GPIO_1[18]                                                                                   ; PIN_AK26                          ; QSF Assignment ;
; Location                                                  ;                     ;              ; GPIO_1[19]                                                                                   ; PIN_AH25                          ; QSF Assignment ;
; Location                                                  ;                     ;              ; GPIO_1[1]                                                                                    ; PIN_AA21                          ; QSF Assignment ;
; Location                                                  ;                     ;              ; GPIO_1[20]                                                                                   ; PIN_AJ25                          ; QSF Assignment ;
; Location                                                  ;                     ;              ; GPIO_1[21]                                                                                   ; PIN_AJ24                          ; QSF Assignment ;
; Location                                                  ;                     ;              ; GPIO_1[22]                                                                                   ; PIN_AK24                          ; QSF Assignment ;
; Location                                                  ;                     ;              ; GPIO_1[23]                                                                                   ; PIN_AG23                          ; QSF Assignment ;
; Location                                                  ;                     ;              ; GPIO_1[24]                                                                                   ; PIN_AK23                          ; QSF Assignment ;
; Location                                                  ;                     ;              ; GPIO_1[25]                                                                                   ; PIN_AH23                          ; QSF Assignment ;
; Location                                                  ;                     ;              ; GPIO_1[26]                                                                                   ; PIN_AK22                          ; QSF Assignment ;
; Location                                                  ;                     ;              ; GPIO_1[27]                                                                                   ; PIN_AJ22                          ; QSF Assignment ;
; Location                                                  ;                     ;              ; GPIO_1[28]                                                                                   ; PIN_AH22                          ; QSF Assignment ;
; Location                                                  ;                     ;              ; GPIO_1[29]                                                                                   ; PIN_AG22                          ; QSF Assignment ;
; Location                                                  ;                     ;              ; GPIO_1[2]                                                                                    ; PIN_AB21                          ; QSF Assignment ;
; Location                                                  ;                     ;              ; GPIO_1[30]                                                                                   ; PIN_AF24                          ; QSF Assignment ;
; Location                                                  ;                     ;              ; GPIO_1[31]                                                                                   ; PIN_AF23                          ; QSF Assignment ;
; Location                                                  ;                     ;              ; GPIO_1[32]                                                                                   ; PIN_AE22                          ; QSF Assignment ;
; Location                                                  ;                     ;              ; GPIO_1[33]                                                                                   ; PIN_AD21                          ; QSF Assignment ;
; Location                                                  ;                     ;              ; GPIO_1[34]                                                                                   ; PIN_AA20                          ; QSF Assignment ;
; Location                                                  ;                     ;              ; GPIO_1[35]                                                                                   ; PIN_AC22                          ; QSF Assignment ;
; Location                                                  ;                     ;              ; GPIO_1[3]                                                                                    ; PIN_AC23                          ; QSF Assignment ;
; Location                                                  ;                     ;              ; GPIO_1[4]                                                                                    ; PIN_AD24                          ; QSF Assignment ;
; Location                                                  ;                     ;              ; GPIO_1[5]                                                                                    ; PIN_AE23                          ; QSF Assignment ;
; Location                                                  ;                     ;              ; GPIO_1[6]                                                                                    ; PIN_AE24                          ; QSF Assignment ;
; Location                                                  ;                     ;              ; GPIO_1[7]                                                                                    ; PIN_AF25                          ; QSF Assignment ;
; Location                                                  ;                     ;              ; GPIO_1[8]                                                                                    ; PIN_AF26                          ; QSF Assignment ;
; Location                                                  ;                     ;              ; GPIO_1[9]                                                                                    ; PIN_AG25                          ; QSF Assignment ;
; Location                                                  ;                     ;              ; HEX0[0]                                                                                      ; PIN_AE26                          ; QSF Assignment ;
; Location                                                  ;                     ;              ; HEX0[1]                                                                                      ; PIN_AE27                          ; QSF Assignment ;
; Location                                                  ;                     ;              ; HEX0[2]                                                                                      ; PIN_AE28                          ; QSF Assignment ;
; Location                                                  ;                     ;              ; HEX0[3]                                                                                      ; PIN_AG27                          ; QSF Assignment ;
; Location                                                  ;                     ;              ; HEX0[4]                                                                                      ; PIN_AF28                          ; QSF Assignment ;
; Location                                                  ;                     ;              ; HEX0[5]                                                                                      ; PIN_AG28                          ; QSF Assignment ;
; Location                                                  ;                     ;              ; HEX0[6]                                                                                      ; PIN_AH28                          ; QSF Assignment ;
; Location                                                  ;                     ;              ; HEX1[0]                                                                                      ; PIN_AJ29                          ; QSF Assignment ;
; Location                                                  ;                     ;              ; HEX1[1]                                                                                      ; PIN_AH29                          ; QSF Assignment ;
; Location                                                  ;                     ;              ; HEX1[2]                                                                                      ; PIN_AH30                          ; QSF Assignment ;
; Location                                                  ;                     ;              ; HEX1[3]                                                                                      ; PIN_AG30                          ; QSF Assignment ;
; Location                                                  ;                     ;              ; HEX1[4]                                                                                      ; PIN_AF29                          ; QSF Assignment ;
; Location                                                  ;                     ;              ; HEX1[5]                                                                                      ; PIN_AF30                          ; QSF Assignment ;
; Location                                                  ;                     ;              ; HEX1[6]                                                                                      ; PIN_AD27                          ; QSF Assignment ;
; Location                                                  ;                     ;              ; HEX2[0]                                                                                      ; PIN_AB23                          ; QSF Assignment ;
; Location                                                  ;                     ;              ; HEX2[1]                                                                                      ; PIN_AE29                          ; QSF Assignment ;
; Location                                                  ;                     ;              ; HEX2[2]                                                                                      ; PIN_AD29                          ; QSF Assignment ;
; Location                                                  ;                     ;              ; HEX2[3]                                                                                      ; PIN_AC28                          ; QSF Assignment ;
; Location                                                  ;                     ;              ; HEX2[4]                                                                                      ; PIN_AD30                          ; QSF Assignment ;
; Location                                                  ;                     ;              ; HEX2[5]                                                                                      ; PIN_AC29                          ; QSF Assignment ;
; Location                                                  ;                     ;              ; HEX2[6]                                                                                      ; PIN_AC30                          ; QSF Assignment ;
; Location                                                  ;                     ;              ; HEX3[0]                                                                                      ; PIN_AD26                          ; QSF Assignment ;
; Location                                                  ;                     ;              ; HEX3[1]                                                                                      ; PIN_AC27                          ; QSF Assignment ;
; Location                                                  ;                     ;              ; HEX3[2]                                                                                      ; PIN_AD25                          ; QSF Assignment ;
; Location                                                  ;                     ;              ; HEX3[3]                                                                                      ; PIN_AC25                          ; QSF Assignment ;
; Location                                                  ;                     ;              ; HEX3[4]                                                                                      ; PIN_AB28                          ; QSF Assignment ;
; Location                                                  ;                     ;              ; HEX3[5]                                                                                      ; PIN_AB25                          ; QSF Assignment ;
; Location                                                  ;                     ;              ; HEX3[6]                                                                                      ; PIN_AB22                          ; QSF Assignment ;
; Location                                                  ;                     ;              ; HEX4[0]                                                                                      ; PIN_AA24                          ; QSF Assignment ;
; Location                                                  ;                     ;              ; HEX4[1]                                                                                      ; PIN_Y23                           ; QSF Assignment ;
; Location                                                  ;                     ;              ; HEX4[2]                                                                                      ; PIN_Y24                           ; QSF Assignment ;
; Location                                                  ;                     ;              ; HEX4[3]                                                                                      ; PIN_W22                           ; QSF Assignment ;
; Location                                                  ;                     ;              ; HEX4[4]                                                                                      ; PIN_W24                           ; QSF Assignment ;
; Location                                                  ;                     ;              ; HEX4[5]                                                                                      ; PIN_V23                           ; QSF Assignment ;
; Location                                                  ;                     ;              ; HEX4[6]                                                                                      ; PIN_W25                           ; QSF Assignment ;
; Location                                                  ;                     ;              ; HEX5[0]                                                                                      ; PIN_V25                           ; QSF Assignment ;
; Location                                                  ;                     ;              ; HEX5[1]                                                                                      ; PIN_AA28                          ; QSF Assignment ;
; Location                                                  ;                     ;              ; HEX5[2]                                                                                      ; PIN_Y27                           ; QSF Assignment ;
; Location                                                  ;                     ;              ; HEX5[3]                                                                                      ; PIN_AB27                          ; QSF Assignment ;
; Location                                                  ;                     ;              ; HEX5[4]                                                                                      ; PIN_AB26                          ; QSF Assignment ;
; Location                                                  ;                     ;              ; HEX5[5]                                                                                      ; PIN_AA26                          ; QSF Assignment ;
; Location                                                  ;                     ;              ; HEX5[6]                                                                                      ; PIN_AA25                          ; QSF Assignment ;
; Location                                                  ;                     ;              ; IRDA_RXD                                                                                     ; PIN_AA30                          ; QSF Assignment ;
; Location                                                  ;                     ;              ; IRDA_TXD                                                                                     ; PIN_AB30                          ; QSF Assignment ;
; Location                                                  ;                     ;              ; KEY[0]                                                                                       ; PIN_AA14                          ; QSF Assignment ;
; Location                                                  ;                     ;              ; KEY[1]                                                                                       ; PIN_AA15                          ; QSF Assignment ;
; Location                                                  ;                     ;              ; KEY[2]                                                                                       ; PIN_W15                           ; QSF Assignment ;
; Location                                                  ;                     ;              ; KEY[3]                                                                                       ; PIN_Y16                           ; QSF Assignment ;
; Location                                                  ;                     ;              ; LEDR[0]                                                                                      ; PIN_V16                           ; QSF Assignment ;
; Location                                                  ;                     ;              ; LEDR[1]                                                                                      ; PIN_W16                           ; QSF Assignment ;
; Location                                                  ;                     ;              ; LEDR[2]                                                                                      ; PIN_V17                           ; QSF Assignment ;
; Location                                                  ;                     ;              ; LEDR[3]                                                                                      ; PIN_V18                           ; QSF Assignment ;
; Location                                                  ;                     ;              ; LEDR[4]                                                                                      ; PIN_W17                           ; QSF Assignment ;
; Location                                                  ;                     ;              ; LEDR[5]                                                                                      ; PIN_W19                           ; QSF Assignment ;
; Location                                                  ;                     ;              ; LEDR[6]                                                                                      ; PIN_Y19                           ; QSF Assignment ;
; Location                                                  ;                     ;              ; LEDR[7]                                                                                      ; PIN_W20                           ; QSF Assignment ;
; Location                                                  ;                     ;              ; LEDR[8]                                                                                      ; PIN_W21                           ; QSF Assignment ;
; Location                                                  ;                     ;              ; LEDR[9]                                                                                      ; PIN_Y21                           ; QSF Assignment ;
; Location                                                  ;                     ;              ; PS2_CLK                                                                                      ; PIN_AD7                           ; QSF Assignment ;
; Location                                                  ;                     ;              ; PS2_CLK2                                                                                     ; PIN_AD9                           ; QSF Assignment ;
; Location                                                  ;                     ;              ; PS2_DAT                                                                                      ; PIN_AE7                           ; QSF Assignment ;
; Location                                                  ;                     ;              ; PS2_DAT2                                                                                     ; PIN_AE9                           ; QSF Assignment ;
; Location                                                  ;                     ;              ; QSPI_FLASH_CE_n                                                                              ; PIN_C9                            ; QSF Assignment ;
; Location                                                  ;                     ;              ; QSPI_FLASH_DATA[0]                                                                           ; PIN_D10                           ; QSF Assignment ;
; Location                                                  ;                     ;              ; QSPI_FLASH_DATA[1]                                                                           ; PIN_A9                            ; QSF Assignment ;
; Location                                                  ;                     ;              ; QSPI_FLASH_DATA[2]                                                                           ; PIN_A8                            ; QSF Assignment ;
; Location                                                  ;                     ;              ; QSPI_FLASH_DATA[3]                                                                           ; PIN_C7                            ; QSF Assignment ;
; Location                                                  ;                     ;              ; QSPI_FLASH_SCLK                                                                              ; PIN_B7                            ; QSF Assignment ;
; Location                                                  ;                     ;              ; RISCV_JTAG_TCK                                                                               ; PIN_E7                            ; QSF Assignment ;
; Location                                                  ;                     ;              ; RISCV_JTAG_TDI                                                                               ; PIN_F9                            ; QSF Assignment ;
; Location                                                  ;                     ;              ; RISCV_JTAG_TDO                                                                               ; PIN_F8                            ; QSF Assignment ;
; Location                                                  ;                     ;              ; RISCV_JTAG_TMS                                                                               ; PIN_E6                            ; QSF Assignment ;
; Location                                                  ;                     ;              ; SW[0]                                                                                        ; PIN_AB12                          ; QSF Assignment ;
; Location                                                  ;                     ;              ; SW[1]                                                                                        ; PIN_AC12                          ; QSF Assignment ;
; Location                                                  ;                     ;              ; SW[2]                                                                                        ; PIN_AF9                           ; QSF Assignment ;
; Location                                                  ;                     ;              ; SW[3]                                                                                        ; PIN_AF10                          ; QSF Assignment ;
; Location                                                  ;                     ;              ; SW[4]                                                                                        ; PIN_AD11                          ; QSF Assignment ;
; Location                                                  ;                     ;              ; SW[5]                                                                                        ; PIN_AD12                          ; QSF Assignment ;
; Location                                                  ;                     ;              ; SW[6]                                                                                        ; PIN_AE11                          ; QSF Assignment ;
; Location                                                  ;                     ;              ; SW[7]                                                                                        ; PIN_AC9                           ; QSF Assignment ;
; Location                                                  ;                     ;              ; SW[8]                                                                                        ; PIN_AD10                          ; QSF Assignment ;
; Location                                                  ;                     ;              ; SW[9]                                                                                        ; PIN_AE12                          ; QSF Assignment ;
; Location                                                  ;                     ;              ; TD_CLK27                                                                                     ; PIN_H15                           ; QSF Assignment ;
; Location                                                  ;                     ;              ; TD_DATA[0]                                                                                   ; PIN_D2                            ; QSF Assignment ;
; Location                                                  ;                     ;              ; TD_DATA[1]                                                                                   ; PIN_B1                            ; QSF Assignment ;
; Location                                                  ;                     ;              ; TD_DATA[2]                                                                                   ; PIN_E2                            ; QSF Assignment ;
; Location                                                  ;                     ;              ; TD_DATA[3]                                                                                   ; PIN_B2                            ; QSF Assignment ;
; Location                                                  ;                     ;              ; TD_DATA[4]                                                                                   ; PIN_D1                            ; QSF Assignment ;
; Location                                                  ;                     ;              ; TD_DATA[5]                                                                                   ; PIN_E1                            ; QSF Assignment ;
; Location                                                  ;                     ;              ; TD_DATA[6]                                                                                   ; PIN_C2                            ; QSF Assignment ;
; Location                                                  ;                     ;              ; TD_DATA[7]                                                                                   ; PIN_B3                            ; QSF Assignment ;
; Location                                                  ;                     ;              ; TD_HS                                                                                        ; PIN_A5                            ; QSF Assignment ;
; Location                                                  ;                     ;              ; TD_RESET_N                                                                                   ; PIN_F6                            ; QSF Assignment ;
; Location                                                  ;                     ;              ; TD_VS                                                                                        ; PIN_A3                            ; QSF Assignment ;
; Location                                                  ;                     ;              ; UART_CTS                                                                                     ; PIN_C8                            ; QSF Assignment ;
; Location                                                  ;                     ;              ; UART_RTS                                                                                     ; PIN_B8                            ; QSF Assignment ;
; Location                                                  ;                     ;              ; UART_RX                                                                                      ; PIN_E9                            ; QSF Assignment ;
; Location                                                  ;                     ;              ; UART_TX                                                                                      ; PIN_D9                            ; QSF Assignment ;
; Location                                                  ;                     ;              ; VGA_BLANK_N                                                                                  ; PIN_F10                           ; QSF Assignment ;
; Location                                                  ;                     ;              ; VGA_B[0]                                                                                     ; PIN_B13                           ; QSF Assignment ;
; Location                                                  ;                     ;              ; VGA_B[1]                                                                                     ; PIN_G13                           ; QSF Assignment ;
; Location                                                  ;                     ;              ; VGA_B[2]                                                                                     ; PIN_H13                           ; QSF Assignment ;
; Location                                                  ;                     ;              ; VGA_B[3]                                                                                     ; PIN_F14                           ; QSF Assignment ;
; Location                                                  ;                     ;              ; VGA_B[4]                                                                                     ; PIN_H14                           ; QSF Assignment ;
; Location                                                  ;                     ;              ; VGA_B[5]                                                                                     ; PIN_F15                           ; QSF Assignment ;
; Location                                                  ;                     ;              ; VGA_B[6]                                                                                     ; PIN_G15                           ; QSF Assignment ;
; Location                                                  ;                     ;              ; VGA_B[7]                                                                                     ; PIN_J14                           ; QSF Assignment ;
; Location                                                  ;                     ;              ; VGA_CLK                                                                                      ; PIN_A11                           ; QSF Assignment ;
; Location                                                  ;                     ;              ; VGA_G[0]                                                                                     ; PIN_J9                            ; QSF Assignment ;
; Location                                                  ;                     ;              ; VGA_G[1]                                                                                     ; PIN_J10                           ; QSF Assignment ;
; Location                                                  ;                     ;              ; VGA_G[2]                                                                                     ; PIN_H12                           ; QSF Assignment ;
; Location                                                  ;                     ;              ; VGA_G[3]                                                                                     ; PIN_G10                           ; QSF Assignment ;
; Location                                                  ;                     ;              ; VGA_G[4]                                                                                     ; PIN_G11                           ; QSF Assignment ;
; Location                                                  ;                     ;              ; VGA_G[5]                                                                                     ; PIN_G12                           ; QSF Assignment ;
; Location                                                  ;                     ;              ; VGA_G[6]                                                                                     ; PIN_F11                           ; QSF Assignment ;
; Location                                                  ;                     ;              ; VGA_G[7]                                                                                     ; PIN_E11                           ; QSF Assignment ;
; Location                                                  ;                     ;              ; VGA_HS                                                                                       ; PIN_B11                           ; QSF Assignment ;
; Location                                                  ;                     ;              ; VGA_R[0]                                                                                     ; PIN_A13                           ; QSF Assignment ;
; Location                                                  ;                     ;              ; VGA_R[1]                                                                                     ; PIN_C13                           ; QSF Assignment ;
; Location                                                  ;                     ;              ; VGA_R[2]                                                                                     ; PIN_E13                           ; QSF Assignment ;
; Location                                                  ;                     ;              ; VGA_R[3]                                                                                     ; PIN_B12                           ; QSF Assignment ;
; Location                                                  ;                     ;              ; VGA_R[4]                                                                                     ; PIN_C12                           ; QSF Assignment ;
; Location                                                  ;                     ;              ; VGA_R[5]                                                                                     ; PIN_D12                           ; QSF Assignment ;
; Location                                                  ;                     ;              ; VGA_R[6]                                                                                     ; PIN_E12                           ; QSF Assignment ;
; Location                                                  ;                     ;              ; VGA_R[7]                                                                                     ; PIN_F13                           ; QSF Assignment ;
; Location                                                  ;                     ;              ; VGA_SYNC_N                                                                                   ; PIN_C10                           ; QSF Assignment ;
; Location                                                  ;                     ;              ; VGA_VS                                                                                       ; PIN_D11                           ; QSF Assignment ;
; I/O Standard                                              ; unidade_de_controle ;              ; ADC_CONVST                                                                                   ; 3.3-V LVTTL                       ; QSF Assignment ;
; I/O Standard                                              ; unidade_de_controle ;              ; ADC_DIN                                                                                      ; 3.3-V LVTTL                       ; QSF Assignment ;
; I/O Standard                                              ; unidade_de_controle ;              ; ADC_DOUT                                                                                     ; 3.3-V LVTTL                       ; QSF Assignment ;
; I/O Standard                                              ; unidade_de_controle ;              ; ADC_SCLK                                                                                     ; 3.3-V LVTTL                       ; QSF Assignment ;
; I/O Standard                                              ; unidade_de_controle ;              ; AUD_ADCDAT                                                                                   ; 3.3-V LVTTL                       ; QSF Assignment ;
; I/O Standard                                              ; unidade_de_controle ;              ; AUD_ADCLRCK                                                                                  ; 3.3-V LVTTL                       ; QSF Assignment ;
; I/O Standard                                              ; unidade_de_controle ;              ; AUD_BCLK                                                                                     ; 3.3-V LVTTL                       ; QSF Assignment ;
; I/O Standard                                              ; unidade_de_controle ;              ; AUD_DACDAT                                                                                   ; 3.3-V LVTTL                       ; QSF Assignment ;
; I/O Standard                                              ; unidade_de_controle ;              ; AUD_DACLRCK                                                                                  ; 3.3-V LVTTL                       ; QSF Assignment ;
; I/O Standard                                              ; unidade_de_controle ;              ; AUD_XCK                                                                                      ; 3.3-V LVTTL                       ; QSF Assignment ;
; I/O Standard                                              ; unidade_de_controle ;              ; CLOCK2_50                                                                                    ; 3.3-V LVTTL                       ; QSF Assignment ;
; I/O Standard                                              ; unidade_de_controle ;              ; CLOCK3_50                                                                                    ; 3.3-V LVTTL                       ; QSF Assignment ;
; I/O Standard                                              ; unidade_de_controle ;              ; CLOCK4_50                                                                                    ; 3.3-V LVTTL                       ; QSF Assignment ;
; I/O Standard                                              ; unidade_de_controle ;              ; CLOCK_50                                                                                     ; 3.3-V LVTTL                       ; QSF Assignment ;
; I/O Standard                                              ; unidade_de_controle ;              ; DRAM_ADDR[0]                                                                                 ; 3.3-V LVTTL                       ; QSF Assignment ;
; I/O Standard                                              ; unidade_de_controle ;              ; DRAM_ADDR[10]                                                                                ; 3.3-V LVTTL                       ; QSF Assignment ;
; I/O Standard                                              ; unidade_de_controle ;              ; DRAM_ADDR[11]                                                                                ; 3.3-V LVTTL                       ; QSF Assignment ;
; I/O Standard                                              ; unidade_de_controle ;              ; DRAM_ADDR[12]                                                                                ; 3.3-V LVTTL                       ; QSF Assignment ;
; I/O Standard                                              ; unidade_de_controle ;              ; DRAM_ADDR[1]                                                                                 ; 3.3-V LVTTL                       ; QSF Assignment ;
; I/O Standard                                              ; unidade_de_controle ;              ; DRAM_ADDR[2]                                                                                 ; 3.3-V LVTTL                       ; QSF Assignment ;
; I/O Standard                                              ; unidade_de_controle ;              ; DRAM_ADDR[3]                                                                                 ; 3.3-V LVTTL                       ; QSF Assignment ;
; I/O Standard                                              ; unidade_de_controle ;              ; DRAM_ADDR[4]                                                                                 ; 3.3-V LVTTL                       ; QSF Assignment ;
; I/O Standard                                              ; unidade_de_controle ;              ; DRAM_ADDR[5]                                                                                 ; 3.3-V LVTTL                       ; QSF Assignment ;
; I/O Standard                                              ; unidade_de_controle ;              ; DRAM_ADDR[6]                                                                                 ; 3.3-V LVTTL                       ; QSF Assignment ;
; I/O Standard                                              ; unidade_de_controle ;              ; DRAM_ADDR[7]                                                                                 ; 3.3-V LVTTL                       ; QSF Assignment ;
; I/O Standard                                              ; unidade_de_controle ;              ; DRAM_ADDR[8]                                                                                 ; 3.3-V LVTTL                       ; QSF Assignment ;
; I/O Standard                                              ; unidade_de_controle ;              ; DRAM_ADDR[9]                                                                                 ; 3.3-V LVTTL                       ; QSF Assignment ;
; I/O Standard                                              ; unidade_de_controle ;              ; DRAM_BA[0]                                                                                   ; 3.3-V LVTTL                       ; QSF Assignment ;
; I/O Standard                                              ; unidade_de_controle ;              ; DRAM_BA[1]                                                                                   ; 3.3-V LVTTL                       ; QSF Assignment ;
; I/O Standard                                              ; unidade_de_controle ;              ; DRAM_CAS_N                                                                                   ; 3.3-V LVTTL                       ; QSF Assignment ;
; I/O Standard                                              ; unidade_de_controle ;              ; DRAM_CKE                                                                                     ; 3.3-V LVTTL                       ; QSF Assignment ;
; I/O Standard                                              ; unidade_de_controle ;              ; DRAM_CLK                                                                                     ; 3.3-V LVTTL                       ; QSF Assignment ;
; I/O Standard                                              ; unidade_de_controle ;              ; DRAM_CS_N                                                                                    ; 3.3-V LVTTL                       ; QSF Assignment ;
; I/O Standard                                              ; unidade_de_controle ;              ; DRAM_DQ[0]                                                                                   ; 3.3-V LVTTL                       ; QSF Assignment ;
; I/O Standard                                              ; unidade_de_controle ;              ; DRAM_DQ[10]                                                                                  ; 3.3-V LVTTL                       ; QSF Assignment ;
; I/O Standard                                              ; unidade_de_controle ;              ; DRAM_DQ[11]                                                                                  ; 3.3-V LVTTL                       ; QSF Assignment ;
; I/O Standard                                              ; unidade_de_controle ;              ; DRAM_DQ[12]                                                                                  ; 3.3-V LVTTL                       ; QSF Assignment ;
; I/O Standard                                              ; unidade_de_controle ;              ; DRAM_DQ[13]                                                                                  ; 3.3-V LVTTL                       ; QSF Assignment ;
; I/O Standard                                              ; unidade_de_controle ;              ; DRAM_DQ[14]                                                                                  ; 3.3-V LVTTL                       ; QSF Assignment ;
; I/O Standard                                              ; unidade_de_controle ;              ; DRAM_DQ[15]                                                                                  ; 3.3-V LVTTL                       ; QSF Assignment ;
; I/O Standard                                              ; unidade_de_controle ;              ; DRAM_DQ[1]                                                                                   ; 3.3-V LVTTL                       ; QSF Assignment ;
; I/O Standard                                              ; unidade_de_controle ;              ; DRAM_DQ[2]                                                                                   ; 3.3-V LVTTL                       ; QSF Assignment ;
; I/O Standard                                              ; unidade_de_controle ;              ; DRAM_DQ[3]                                                                                   ; 3.3-V LVTTL                       ; QSF Assignment ;
; I/O Standard                                              ; unidade_de_controle ;              ; DRAM_DQ[4]                                                                                   ; 3.3-V LVTTL                       ; QSF Assignment ;
; I/O Standard                                              ; unidade_de_controle ;              ; DRAM_DQ[5]                                                                                   ; 3.3-V LVTTL                       ; QSF Assignment ;
; I/O Standard                                              ; unidade_de_controle ;              ; DRAM_DQ[6]                                                                                   ; 3.3-V LVTTL                       ; QSF Assignment ;
; I/O Standard                                              ; unidade_de_controle ;              ; DRAM_DQ[7]                                                                                   ; 3.3-V LVTTL                       ; QSF Assignment ;
; I/O Standard                                              ; unidade_de_controle ;              ; DRAM_DQ[8]                                                                                   ; 3.3-V LVTTL                       ; QSF Assignment ;
; I/O Standard                                              ; unidade_de_controle ;              ; DRAM_DQ[9]                                                                                   ; 3.3-V LVTTL                       ; QSF Assignment ;
; I/O Standard                                              ; unidade_de_controle ;              ; DRAM_LDQM                                                                                    ; 3.3-V LVTTL                       ; QSF Assignment ;
; I/O Standard                                              ; unidade_de_controle ;              ; DRAM_RAS_N                                                                                   ; 3.3-V LVTTL                       ; QSF Assignment ;
; I/O Standard                                              ; unidade_de_controle ;              ; DRAM_UDQM                                                                                    ; 3.3-V LVTTL                       ; QSF Assignment ;
; I/O Standard                                              ; unidade_de_controle ;              ; DRAM_WE_N                                                                                    ; 3.3-V LVTTL                       ; QSF Assignment ;
; I/O Standard                                              ; unidade_de_controle ;              ; FAN_CTRL                                                                                     ; 3.3-V LVTTL                       ; QSF Assignment ;
; I/O Standard                                              ; unidade_de_controle ;              ; FPGA_I2C_SCLK                                                                                ; 3.3-V LVTTL                       ; QSF Assignment ;
; I/O Standard                                              ; unidade_de_controle ;              ; FPGA_I2C_SDAT                                                                                ; 3.3-V LVTTL                       ; QSF Assignment ;
; I/O Standard                                              ; unidade_de_controle ;              ; GPIO_0[0]                                                                                    ; 3.3-V LVTTL                       ; QSF Assignment ;
; I/O Standard                                              ; unidade_de_controle ;              ; GPIO_0[10]                                                                                   ; 3.3-V LVTTL                       ; QSF Assignment ;
; I/O Standard                                              ; unidade_de_controle ;              ; GPIO_0[11]                                                                                   ; 3.3-V LVTTL                       ; QSF Assignment ;
; I/O Standard                                              ; unidade_de_controle ;              ; GPIO_0[12]                                                                                   ; 3.3-V LVTTL                       ; QSF Assignment ;
; I/O Standard                                              ; unidade_de_controle ;              ; GPIO_0[13]                                                                                   ; 3.3-V LVTTL                       ; QSF Assignment ;
; I/O Standard                                              ; unidade_de_controle ;              ; GPIO_0[14]                                                                                   ; 3.3-V LVTTL                       ; QSF Assignment ;
; I/O Standard                                              ; unidade_de_controle ;              ; GPIO_0[15]                                                                                   ; 3.3-V LVTTL                       ; QSF Assignment ;
; I/O Standard                                              ; unidade_de_controle ;              ; GPIO_0[16]                                                                                   ; 3.3-V LVTTL                       ; QSF Assignment ;
; I/O Standard                                              ; unidade_de_controle ;              ; GPIO_0[17]                                                                                   ; 3.3-V LVTTL                       ; QSF Assignment ;
; I/O Standard                                              ; unidade_de_controle ;              ; GPIO_0[18]                                                                                   ; 3.3-V LVTTL                       ; QSF Assignment ;
; I/O Standard                                              ; unidade_de_controle ;              ; GPIO_0[19]                                                                                   ; 3.3-V LVTTL                       ; QSF Assignment ;
; I/O Standard                                              ; unidade_de_controle ;              ; GPIO_0[1]                                                                                    ; 3.3-V LVTTL                       ; QSF Assignment ;
; I/O Standard                                              ; unidade_de_controle ;              ; GPIO_0[20]                                                                                   ; 3.3-V LVTTL                       ; QSF Assignment ;
; I/O Standard                                              ; unidade_de_controle ;              ; GPIO_0[21]                                                                                   ; 3.3-V LVTTL                       ; QSF Assignment ;
; I/O Standard                                              ; unidade_de_controle ;              ; GPIO_0[22]                                                                                   ; 3.3-V LVTTL                       ; QSF Assignment ;
; I/O Standard                                              ; unidade_de_controle ;              ; GPIO_0[23]                                                                                   ; 3.3-V LVTTL                       ; QSF Assignment ;
; I/O Standard                                              ; unidade_de_controle ;              ; GPIO_0[24]                                                                                   ; 3.3-V LVTTL                       ; QSF Assignment ;
; I/O Standard                                              ; unidade_de_controle ;              ; GPIO_0[25]                                                                                   ; 3.3-V LVTTL                       ; QSF Assignment ;
; I/O Standard                                              ; unidade_de_controle ;              ; GPIO_0[26]                                                                                   ; 3.3-V LVTTL                       ; QSF Assignment ;
; I/O Standard                                              ; unidade_de_controle ;              ; GPIO_0[27]                                                                                   ; 3.3-V LVTTL                       ; QSF Assignment ;
; I/O Standard                                              ; unidade_de_controle ;              ; GPIO_0[28]                                                                                   ; 3.3-V LVTTL                       ; QSF Assignment ;
; I/O Standard                                              ; unidade_de_controle ;              ; GPIO_0[29]                                                                                   ; 3.3-V LVTTL                       ; QSF Assignment ;
; I/O Standard                                              ; unidade_de_controle ;              ; GPIO_0[2]                                                                                    ; 3.3-V LVTTL                       ; QSF Assignment ;
; I/O Standard                                              ; unidade_de_controle ;              ; GPIO_0[30]                                                                                   ; 3.3-V LVTTL                       ; QSF Assignment ;
; I/O Standard                                              ; unidade_de_controle ;              ; GPIO_0[31]                                                                                   ; 3.3-V LVTTL                       ; QSF Assignment ;
; I/O Standard                                              ; unidade_de_controle ;              ; GPIO_0[32]                                                                                   ; 3.3-V LVTTL                       ; QSF Assignment ;
; I/O Standard                                              ; unidade_de_controle ;              ; GPIO_0[33]                                                                                   ; 3.3-V LVTTL                       ; QSF Assignment ;
; I/O Standard                                              ; unidade_de_controle ;              ; GPIO_0[34]                                                                                   ; 3.3-V LVTTL                       ; QSF Assignment ;
; I/O Standard                                              ; unidade_de_controle ;              ; GPIO_0[35]                                                                                   ; 3.3-V LVTTL                       ; QSF Assignment ;
; I/O Standard                                              ; unidade_de_controle ;              ; GPIO_0[3]                                                                                    ; 3.3-V LVTTL                       ; QSF Assignment ;
; I/O Standard                                              ; unidade_de_controle ;              ; GPIO_0[4]                                                                                    ; 3.3-V LVTTL                       ; QSF Assignment ;
; I/O Standard                                              ; unidade_de_controle ;              ; GPIO_0[5]                                                                                    ; 3.3-V LVTTL                       ; QSF Assignment ;
; I/O Standard                                              ; unidade_de_controle ;              ; GPIO_0[6]                                                                                    ; 3.3-V LVTTL                       ; QSF Assignment ;
; I/O Standard                                              ; unidade_de_controle ;              ; GPIO_0[7]                                                                                    ; 3.3-V LVTTL                       ; QSF Assignment ;
; I/O Standard                                              ; unidade_de_controle ;              ; GPIO_0[8]                                                                                    ; 3.3-V LVTTL                       ; QSF Assignment ;
; I/O Standard                                              ; unidade_de_controle ;              ; GPIO_0[9]                                                                                    ; 3.3-V LVTTL                       ; QSF Assignment ;
; I/O Standard                                              ; unidade_de_controle ;              ; GPIO_1[0]                                                                                    ; 3.3-V LVTTL                       ; QSF Assignment ;
; I/O Standard                                              ; unidade_de_controle ;              ; GPIO_1[10]                                                                                   ; 3.3-V LVTTL                       ; QSF Assignment ;
; I/O Standard                                              ; unidade_de_controle ;              ; GPIO_1[11]                                                                                   ; 3.3-V LVTTL                       ; QSF Assignment ;
; I/O Standard                                              ; unidade_de_controle ;              ; GPIO_1[12]                                                                                   ; 3.3-V LVTTL                       ; QSF Assignment ;
; I/O Standard                                              ; unidade_de_controle ;              ; GPIO_1[13]                                                                                   ; 3.3-V LVTTL                       ; QSF Assignment ;
; I/O Standard                                              ; unidade_de_controle ;              ; GPIO_1[14]                                                                                   ; 3.3-V LVTTL                       ; QSF Assignment ;
; I/O Standard                                              ; unidade_de_controle ;              ; GPIO_1[15]                                                                                   ; 3.3-V LVTTL                       ; QSF Assignment ;
; I/O Standard                                              ; unidade_de_controle ;              ; GPIO_1[16]                                                                                   ; 3.3-V LVTTL                       ; QSF Assignment ;
; I/O Standard                                              ; unidade_de_controle ;              ; GPIO_1[17]                                                                                   ; 3.3-V LVTTL                       ; QSF Assignment ;
; I/O Standard                                              ; unidade_de_controle ;              ; GPIO_1[18]                                                                                   ; 3.3-V LVTTL                       ; QSF Assignment ;
; I/O Standard                                              ; unidade_de_controle ;              ; GPIO_1[19]                                                                                   ; 3.3-V LVTTL                       ; QSF Assignment ;
; I/O Standard                                              ; unidade_de_controle ;              ; GPIO_1[1]                                                                                    ; 3.3-V LVTTL                       ; QSF Assignment ;
; I/O Standard                                              ; unidade_de_controle ;              ; GPIO_1[20]                                                                                   ; 3.3-V LVTTL                       ; QSF Assignment ;
; I/O Standard                                              ; unidade_de_controle ;              ; GPIO_1[21]                                                                                   ; 3.3-V LVTTL                       ; QSF Assignment ;
; I/O Standard                                              ; unidade_de_controle ;              ; GPIO_1[22]                                                                                   ; 3.3-V LVTTL                       ; QSF Assignment ;
; I/O Standard                                              ; unidade_de_controle ;              ; GPIO_1[23]                                                                                   ; 3.3-V LVTTL                       ; QSF Assignment ;
; I/O Standard                                              ; unidade_de_controle ;              ; GPIO_1[24]                                                                                   ; 3.3-V LVTTL                       ; QSF Assignment ;
; I/O Standard                                              ; unidade_de_controle ;              ; GPIO_1[25]                                                                                   ; 3.3-V LVTTL                       ; QSF Assignment ;
; I/O Standard                                              ; unidade_de_controle ;              ; GPIO_1[26]                                                                                   ; 3.3-V LVTTL                       ; QSF Assignment ;
; I/O Standard                                              ; unidade_de_controle ;              ; GPIO_1[27]                                                                                   ; 3.3-V LVTTL                       ; QSF Assignment ;
; I/O Standard                                              ; unidade_de_controle ;              ; GPIO_1[28]                                                                                   ; 3.3-V LVTTL                       ; QSF Assignment ;
; I/O Standard                                              ; unidade_de_controle ;              ; GPIO_1[29]                                                                                   ; 3.3-V LVTTL                       ; QSF Assignment ;
; I/O Standard                                              ; unidade_de_controle ;              ; GPIO_1[2]                                                                                    ; 3.3-V LVTTL                       ; QSF Assignment ;
; I/O Standard                                              ; unidade_de_controle ;              ; GPIO_1[30]                                                                                   ; 3.3-V LVTTL                       ; QSF Assignment ;
; I/O Standard                                              ; unidade_de_controle ;              ; GPIO_1[31]                                                                                   ; 3.3-V LVTTL                       ; QSF Assignment ;
; I/O Standard                                              ; unidade_de_controle ;              ; GPIO_1[32]                                                                                   ; 3.3-V LVTTL                       ; QSF Assignment ;
; I/O Standard                                              ; unidade_de_controle ;              ; GPIO_1[33]                                                                                   ; 3.3-V LVTTL                       ; QSF Assignment ;
; I/O Standard                                              ; unidade_de_controle ;              ; GPIO_1[34]                                                                                   ; 3.3-V LVTTL                       ; QSF Assignment ;
; I/O Standard                                              ; unidade_de_controle ;              ; GPIO_1[35]                                                                                   ; 3.3-V LVTTL                       ; QSF Assignment ;
; I/O Standard                                              ; unidade_de_controle ;              ; GPIO_1[3]                                                                                    ; 3.3-V LVTTL                       ; QSF Assignment ;
; I/O Standard                                              ; unidade_de_controle ;              ; GPIO_1[4]                                                                                    ; 3.3-V LVTTL                       ; QSF Assignment ;
; I/O Standard                                              ; unidade_de_controle ;              ; GPIO_1[5]                                                                                    ; 3.3-V LVTTL                       ; QSF Assignment ;
; I/O Standard                                              ; unidade_de_controle ;              ; GPIO_1[6]                                                                                    ; 3.3-V LVTTL                       ; QSF Assignment ;
; I/O Standard                                              ; unidade_de_controle ;              ; GPIO_1[7]                                                                                    ; 3.3-V LVTTL                       ; QSF Assignment ;
; I/O Standard                                              ; unidade_de_controle ;              ; GPIO_1[8]                                                                                    ; 3.3-V LVTTL                       ; QSF Assignment ;
; I/O Standard                                              ; unidade_de_controle ;              ; GPIO_1[9]                                                                                    ; 3.3-V LVTTL                       ; QSF Assignment ;
; I/O Standard                                              ; unidade_de_controle ;              ; HEX0[0]                                                                                      ; 3.3-V LVTTL                       ; QSF Assignment ;
; I/O Standard                                              ; unidade_de_controle ;              ; HEX0[1]                                                                                      ; 3.3-V LVTTL                       ; QSF Assignment ;
; I/O Standard                                              ; unidade_de_controle ;              ; HEX0[2]                                                                                      ; 3.3-V LVTTL                       ; QSF Assignment ;
; I/O Standard                                              ; unidade_de_controle ;              ; HEX0[3]                                                                                      ; 3.3-V LVTTL                       ; QSF Assignment ;
; I/O Standard                                              ; unidade_de_controle ;              ; HEX0[4]                                                                                      ; 3.3-V LVTTL                       ; QSF Assignment ;
; I/O Standard                                              ; unidade_de_controle ;              ; HEX0[5]                                                                                      ; 3.3-V LVTTL                       ; QSF Assignment ;
; I/O Standard                                              ; unidade_de_controle ;              ; HEX0[6]                                                                                      ; 3.3-V LVTTL                       ; QSF Assignment ;
; I/O Standard                                              ; unidade_de_controle ;              ; HEX1[0]                                                                                      ; 3.3-V LVTTL                       ; QSF Assignment ;
; I/O Standard                                              ; unidade_de_controle ;              ; HEX1[1]                                                                                      ; 3.3-V LVTTL                       ; QSF Assignment ;
; I/O Standard                                              ; unidade_de_controle ;              ; HEX1[2]                                                                                      ; 3.3-V LVTTL                       ; QSF Assignment ;
; I/O Standard                                              ; unidade_de_controle ;              ; HEX1[3]                                                                                      ; 3.3-V LVTTL                       ; QSF Assignment ;
; I/O Standard                                              ; unidade_de_controle ;              ; HEX1[4]                                                                                      ; 3.3-V LVTTL                       ; QSF Assignment ;
; I/O Standard                                              ; unidade_de_controle ;              ; HEX1[5]                                                                                      ; 3.3-V LVTTL                       ; QSF Assignment ;
; I/O Standard                                              ; unidade_de_controle ;              ; HEX1[6]                                                                                      ; 3.3-V LVTTL                       ; QSF Assignment ;
; I/O Standard                                              ; unidade_de_controle ;              ; HEX2[0]                                                                                      ; 3.3-V LVTTL                       ; QSF Assignment ;
; I/O Standard                                              ; unidade_de_controle ;              ; HEX2[1]                                                                                      ; 3.3-V LVTTL                       ; QSF Assignment ;
; I/O Standard                                              ; unidade_de_controle ;              ; HEX2[2]                                                                                      ; 3.3-V LVTTL                       ; QSF Assignment ;
; I/O Standard                                              ; unidade_de_controle ;              ; HEX2[3]                                                                                      ; 3.3-V LVTTL                       ; QSF Assignment ;
; I/O Standard                                              ; unidade_de_controle ;              ; HEX2[4]                                                                                      ; 3.3-V LVTTL                       ; QSF Assignment ;
; I/O Standard                                              ; unidade_de_controle ;              ; HEX2[5]                                                                                      ; 3.3-V LVTTL                       ; QSF Assignment ;
; I/O Standard                                              ; unidade_de_controle ;              ; HEX2[6]                                                                                      ; 3.3-V LVTTL                       ; QSF Assignment ;
; I/O Standard                                              ; unidade_de_controle ;              ; HEX3[0]                                                                                      ; 3.3-V LVTTL                       ; QSF Assignment ;
; I/O Standard                                              ; unidade_de_controle ;              ; HEX3[1]                                                                                      ; 3.3-V LVTTL                       ; QSF Assignment ;
; I/O Standard                                              ; unidade_de_controle ;              ; HEX3[2]                                                                                      ; 3.3-V LVTTL                       ; QSF Assignment ;
; I/O Standard                                              ; unidade_de_controle ;              ; HEX3[3]                                                                                      ; 3.3-V LVTTL                       ; QSF Assignment ;
; I/O Standard                                              ; unidade_de_controle ;              ; HEX3[4]                                                                                      ; 3.3-V LVTTL                       ; QSF Assignment ;
; I/O Standard                                              ; unidade_de_controle ;              ; HEX3[5]                                                                                      ; 3.3-V LVTTL                       ; QSF Assignment ;
; I/O Standard                                              ; unidade_de_controle ;              ; HEX3[6]                                                                                      ; 3.3-V LVTTL                       ; QSF Assignment ;
; I/O Standard                                              ; unidade_de_controle ;              ; HEX4[0]                                                                                      ; 3.3-V LVTTL                       ; QSF Assignment ;
; I/O Standard                                              ; unidade_de_controle ;              ; HEX4[1]                                                                                      ; 3.3-V LVTTL                       ; QSF Assignment ;
; I/O Standard                                              ; unidade_de_controle ;              ; HEX4[2]                                                                                      ; 3.3-V LVTTL                       ; QSF Assignment ;
; I/O Standard                                              ; unidade_de_controle ;              ; HEX4[3]                                                                                      ; 3.3-V LVTTL                       ; QSF Assignment ;
; I/O Standard                                              ; unidade_de_controle ;              ; HEX4[4]                                                                                      ; 3.3-V LVTTL                       ; QSF Assignment ;
; I/O Standard                                              ; unidade_de_controle ;              ; HEX4[5]                                                                                      ; 3.3-V LVTTL                       ; QSF Assignment ;
; I/O Standard                                              ; unidade_de_controle ;              ; HEX4[6]                                                                                      ; 3.3-V LVTTL                       ; QSF Assignment ;
; I/O Standard                                              ; unidade_de_controle ;              ; HEX5[0]                                                                                      ; 3.3-V LVTTL                       ; QSF Assignment ;
; I/O Standard                                              ; unidade_de_controle ;              ; HEX5[1]                                                                                      ; 3.3-V LVTTL                       ; QSF Assignment ;
; I/O Standard                                              ; unidade_de_controle ;              ; HEX5[2]                                                                                      ; 3.3-V LVTTL                       ; QSF Assignment ;
; I/O Standard                                              ; unidade_de_controle ;              ; HEX5[3]                                                                                      ; 3.3-V LVTTL                       ; QSF Assignment ;
; I/O Standard                                              ; unidade_de_controle ;              ; HEX5[4]                                                                                      ; 3.3-V LVTTL                       ; QSF Assignment ;
; I/O Standard                                              ; unidade_de_controle ;              ; HEX5[5]                                                                                      ; 3.3-V LVTTL                       ; QSF Assignment ;
; I/O Standard                                              ; unidade_de_controle ;              ; HEX5[6]                                                                                      ; 3.3-V LVTTL                       ; QSF Assignment ;
; I/O Standard                                              ; unidade_de_controle ;              ; HPS_CONV_USB_N                                                                               ; 3.3-V LVTTL                       ; QSF Assignment ;
; I/O Standard                                              ; unidade_de_controle ;              ; HPS_DDR3_ADDR[0]                                                                             ; SSTL-15 CLASS I                   ; QSF Assignment ;
; I/O Standard                                              ; unidade_de_controle ;              ; HPS_DDR3_ADDR[10]                                                                            ; SSTL-15 CLASS I                   ; QSF Assignment ;
; I/O Standard                                              ; unidade_de_controle ;              ; HPS_DDR3_ADDR[11]                                                                            ; SSTL-15 CLASS I                   ; QSF Assignment ;
; I/O Standard                                              ; unidade_de_controle ;              ; HPS_DDR3_ADDR[12]                                                                            ; SSTL-15 CLASS I                   ; QSF Assignment ;
; I/O Standard                                              ; unidade_de_controle ;              ; HPS_DDR3_ADDR[13]                                                                            ; SSTL-15 CLASS I                   ; QSF Assignment ;
; I/O Standard                                              ; unidade_de_controle ;              ; HPS_DDR3_ADDR[14]                                                                            ; SSTL-15 CLASS I                   ; QSF Assignment ;
; I/O Standard                                              ; unidade_de_controle ;              ; HPS_DDR3_ADDR[1]                                                                             ; SSTL-15 CLASS I                   ; QSF Assignment ;
; I/O Standard                                              ; unidade_de_controle ;              ; HPS_DDR3_ADDR[2]                                                                             ; SSTL-15 CLASS I                   ; QSF Assignment ;
; I/O Standard                                              ; unidade_de_controle ;              ; HPS_DDR3_ADDR[3]                                                                             ; SSTL-15 CLASS I                   ; QSF Assignment ;
; I/O Standard                                              ; unidade_de_controle ;              ; HPS_DDR3_ADDR[4]                                                                             ; SSTL-15 CLASS I                   ; QSF Assignment ;
; I/O Standard                                              ; unidade_de_controle ;              ; HPS_DDR3_ADDR[5]                                                                             ; SSTL-15 CLASS I                   ; QSF Assignment ;
; I/O Standard                                              ; unidade_de_controle ;              ; HPS_DDR3_ADDR[6]                                                                             ; SSTL-15 CLASS I                   ; QSF Assignment ;
; I/O Standard                                              ; unidade_de_controle ;              ; HPS_DDR3_ADDR[7]                                                                             ; SSTL-15 CLASS I                   ; QSF Assignment ;
; I/O Standard                                              ; unidade_de_controle ;              ; HPS_DDR3_ADDR[8]                                                                             ; SSTL-15 CLASS I                   ; QSF Assignment ;
; I/O Standard                                              ; unidade_de_controle ;              ; HPS_DDR3_ADDR[9]                                                                             ; SSTL-15 CLASS I                   ; QSF Assignment ;
; I/O Standard                                              ; unidade_de_controle ;              ; HPS_DDR3_BA[0]                                                                               ; SSTL-15 CLASS I                   ; QSF Assignment ;
; I/O Standard                                              ; unidade_de_controle ;              ; HPS_DDR3_BA[1]                                                                               ; SSTL-15 CLASS I                   ; QSF Assignment ;
; I/O Standard                                              ; unidade_de_controle ;              ; HPS_DDR3_BA[2]                                                                               ; SSTL-15 CLASS I                   ; QSF Assignment ;
; I/O Standard                                              ; unidade_de_controle ;              ; HPS_DDR3_CAS_N                                                                               ; SSTL-15 CLASS I                   ; QSF Assignment ;
; I/O Standard                                              ; unidade_de_controle ;              ; HPS_DDR3_CKE                                                                                 ; SSTL-15 CLASS I                   ; QSF Assignment ;
; I/O Standard                                              ; unidade_de_controle ;              ; HPS_DDR3_CK_N                                                                                ; DIFFERENTIAL 1.5-V SSTL CLASS I   ; QSF Assignment ;
; I/O Standard                                              ; unidade_de_controle ;              ; HPS_DDR3_CK_P                                                                                ; DIFFERENTIAL 1.5-V SSTL CLASS I   ; QSF Assignment ;
; I/O Standard                                              ; unidade_de_controle ;              ; HPS_DDR3_CS_N                                                                                ; SSTL-15 CLASS I                   ; QSF Assignment ;
; I/O Standard                                              ; unidade_de_controle ;              ; HPS_DDR3_DM[0]                                                                               ; SSTL-15 CLASS I                   ; QSF Assignment ;
; I/O Standard                                              ; unidade_de_controle ;              ; HPS_DDR3_DM[1]                                                                               ; SSTL-15 CLASS I                   ; QSF Assignment ;
; I/O Standard                                              ; unidade_de_controle ;              ; HPS_DDR3_DM[2]                                                                               ; SSTL-15 CLASS I                   ; QSF Assignment ;
; I/O Standard                                              ; unidade_de_controle ;              ; HPS_DDR3_DM[3]                                                                               ; SSTL-15 CLASS I                   ; QSF Assignment ;
; I/O Standard                                              ; unidade_de_controle ;              ; HPS_DDR3_DQS_N[0]                                                                            ; DIFFERENTIAL 1.5-V SSTL CLASS I   ; QSF Assignment ;
; I/O Standard                                              ; unidade_de_controle ;              ; HPS_DDR3_DQS_N[1]                                                                            ; DIFFERENTIAL 1.5-V SSTL CLASS I   ; QSF Assignment ;
; I/O Standard                                              ; unidade_de_controle ;              ; HPS_DDR3_DQS_N[2]                                                                            ; DIFFERENTIAL 1.5-V SSTL CLASS I   ; QSF Assignment ;
; I/O Standard                                              ; unidade_de_controle ;              ; HPS_DDR3_DQS_N[3]                                                                            ; DIFFERENTIAL 1.5-V SSTL CLASS I   ; QSF Assignment ;
; I/O Standard                                              ; unidade_de_controle ;              ; HPS_DDR3_DQS_P[0]                                                                            ; DIFFERENTIAL 1.5-V SSTL CLASS I   ; QSF Assignment ;
; I/O Standard                                              ; unidade_de_controle ;              ; HPS_DDR3_DQS_P[1]                                                                            ; DIFFERENTIAL 1.5-V SSTL CLASS I   ; QSF Assignment ;
; I/O Standard                                              ; unidade_de_controle ;              ; HPS_DDR3_DQS_P[2]                                                                            ; DIFFERENTIAL 1.5-V SSTL CLASS I   ; QSF Assignment ;
; I/O Standard                                              ; unidade_de_controle ;              ; HPS_DDR3_DQS_P[3]                                                                            ; DIFFERENTIAL 1.5-V SSTL CLASS I   ; QSF Assignment ;
; I/O Standard                                              ; unidade_de_controle ;              ; HPS_DDR3_DQ[0]                                                                               ; SSTL-15 CLASS I                   ; QSF Assignment ;
; I/O Standard                                              ; unidade_de_controle ;              ; HPS_DDR3_DQ[10]                                                                              ; SSTL-15 CLASS I                   ; QSF Assignment ;
; I/O Standard                                              ; unidade_de_controle ;              ; HPS_DDR3_DQ[11]                                                                              ; SSTL-15 CLASS I                   ; QSF Assignment ;
; I/O Standard                                              ; unidade_de_controle ;              ; HPS_DDR3_DQ[12]                                                                              ; SSTL-15 CLASS I                   ; QSF Assignment ;
; I/O Standard                                              ; unidade_de_controle ;              ; HPS_DDR3_DQ[13]                                                                              ; SSTL-15 CLASS I                   ; QSF Assignment ;
; I/O Standard                                              ; unidade_de_controle ;              ; HPS_DDR3_DQ[14]                                                                              ; SSTL-15 CLASS I                   ; QSF Assignment ;
; I/O Standard                                              ; unidade_de_controle ;              ; HPS_DDR3_DQ[15]                                                                              ; SSTL-15 CLASS I                   ; QSF Assignment ;
; I/O Standard                                              ; unidade_de_controle ;              ; HPS_DDR3_DQ[16]                                                                              ; SSTL-15 CLASS I                   ; QSF Assignment ;
; I/O Standard                                              ; unidade_de_controle ;              ; HPS_DDR3_DQ[17]                                                                              ; SSTL-15 CLASS I                   ; QSF Assignment ;
; I/O Standard                                              ; unidade_de_controle ;              ; HPS_DDR3_DQ[18]                                                                              ; SSTL-15 CLASS I                   ; QSF Assignment ;
; I/O Standard                                              ; unidade_de_controle ;              ; HPS_DDR3_DQ[19]                                                                              ; SSTL-15 CLASS I                   ; QSF Assignment ;
; I/O Standard                                              ; unidade_de_controle ;              ; HPS_DDR3_DQ[1]                                                                               ; SSTL-15 CLASS I                   ; QSF Assignment ;
; I/O Standard                                              ; unidade_de_controle ;              ; HPS_DDR3_DQ[20]                                                                              ; SSTL-15 CLASS I                   ; QSF Assignment ;
; I/O Standard                                              ; unidade_de_controle ;              ; HPS_DDR3_DQ[21]                                                                              ; SSTL-15 CLASS I                   ; QSF Assignment ;
; I/O Standard                                              ; unidade_de_controle ;              ; HPS_DDR3_DQ[22]                                                                              ; SSTL-15 CLASS I                   ; QSF Assignment ;
; I/O Standard                                              ; unidade_de_controle ;              ; HPS_DDR3_DQ[23]                                                                              ; SSTL-15 CLASS I                   ; QSF Assignment ;
; I/O Standard                                              ; unidade_de_controle ;              ; HPS_DDR3_DQ[24]                                                                              ; SSTL-15 CLASS I                   ; QSF Assignment ;
; I/O Standard                                              ; unidade_de_controle ;              ; HPS_DDR3_DQ[25]                                                                              ; SSTL-15 CLASS I                   ; QSF Assignment ;
; I/O Standard                                              ; unidade_de_controle ;              ; HPS_DDR3_DQ[26]                                                                              ; SSTL-15 CLASS I                   ; QSF Assignment ;
; I/O Standard                                              ; unidade_de_controle ;              ; HPS_DDR3_DQ[27]                                                                              ; SSTL-15 CLASS I                   ; QSF Assignment ;
; I/O Standard                                              ; unidade_de_controle ;              ; HPS_DDR3_DQ[28]                                                                              ; SSTL-15 CLASS I                   ; QSF Assignment ;
; I/O Standard                                              ; unidade_de_controle ;              ; HPS_DDR3_DQ[29]                                                                              ; SSTL-15 CLASS I                   ; QSF Assignment ;
; I/O Standard                                              ; unidade_de_controle ;              ; HPS_DDR3_DQ[2]                                                                               ; SSTL-15 CLASS I                   ; QSF Assignment ;
; I/O Standard                                              ; unidade_de_controle ;              ; HPS_DDR3_DQ[30]                                                                              ; SSTL-15 CLASS I                   ; QSF Assignment ;
; I/O Standard                                              ; unidade_de_controle ;              ; HPS_DDR3_DQ[31]                                                                              ; SSTL-15 CLASS I                   ; QSF Assignment ;
; I/O Standard                                              ; unidade_de_controle ;              ; HPS_DDR3_DQ[3]                                                                               ; SSTL-15 CLASS I                   ; QSF Assignment ;
; I/O Standard                                              ; unidade_de_controle ;              ; HPS_DDR3_DQ[4]                                                                               ; SSTL-15 CLASS I                   ; QSF Assignment ;
; I/O Standard                                              ; unidade_de_controle ;              ; HPS_DDR3_DQ[5]                                                                               ; SSTL-15 CLASS I                   ; QSF Assignment ;
; I/O Standard                                              ; unidade_de_controle ;              ; HPS_DDR3_DQ[6]                                                                               ; SSTL-15 CLASS I                   ; QSF Assignment ;
; I/O Standard                                              ; unidade_de_controle ;              ; HPS_DDR3_DQ[7]                                                                               ; SSTL-15 CLASS I                   ; QSF Assignment ;
; I/O Standard                                              ; unidade_de_controle ;              ; HPS_DDR3_DQ[8]                                                                               ; SSTL-15 CLASS I                   ; QSF Assignment ;
; I/O Standard                                              ; unidade_de_controle ;              ; HPS_DDR3_DQ[9]                                                                               ; SSTL-15 CLASS I                   ; QSF Assignment ;
; I/O Standard                                              ; unidade_de_controle ;              ; HPS_DDR3_ODT                                                                                 ; SSTL-15 CLASS I                   ; QSF Assignment ;
; I/O Standard                                              ; unidade_de_controle ;              ; HPS_DDR3_RAS_N                                                                               ; SSTL-15 CLASS I                   ; QSF Assignment ;
; I/O Standard                                              ; unidade_de_controle ;              ; HPS_DDR3_RESET_N                                                                             ; SSTL-15 CLASS I                   ; QSF Assignment ;
; I/O Standard                                              ; unidade_de_controle ;              ; HPS_DDR3_RZQ                                                                                 ; SSTL-15 CLASS I                   ; QSF Assignment ;
; I/O Standard                                              ; unidade_de_controle ;              ; HPS_DDR3_WE_N                                                                                ; SSTL-15 CLASS I                   ; QSF Assignment ;
; I/O Standard                                              ; unidade_de_controle ;              ; HPS_ENET_GTX_CLK                                                                             ; 3.3-V LVTTL                       ; QSF Assignment ;
; I/O Standard                                              ; unidade_de_controle ;              ; HPS_ENET_INT_N                                                                               ; 3.3-V LVTTL                       ; QSF Assignment ;
; I/O Standard                                              ; unidade_de_controle ;              ; HPS_ENET_MDC                                                                                 ; 3.3-V LVTTL                       ; QSF Assignment ;
; I/O Standard                                              ; unidade_de_controle ;              ; HPS_ENET_MDIO                                                                                ; 3.3-V LVTTL                       ; QSF Assignment ;
; I/O Standard                                              ; unidade_de_controle ;              ; HPS_ENET_RX_CLK                                                                              ; 3.3-V LVTTL                       ; QSF Assignment ;
; I/O Standard                                              ; unidade_de_controle ;              ; HPS_ENET_RX_DATA[0]                                                                          ; 3.3-V LVTTL                       ; QSF Assignment ;
; I/O Standard                                              ; unidade_de_controle ;              ; HPS_ENET_RX_DATA[1]                                                                          ; 3.3-V LVTTL                       ; QSF Assignment ;
; I/O Standard                                              ; unidade_de_controle ;              ; HPS_ENET_RX_DATA[2]                                                                          ; 3.3-V LVTTL                       ; QSF Assignment ;
; I/O Standard                                              ; unidade_de_controle ;              ; HPS_ENET_RX_DATA[3]                                                                          ; 3.3-V LVTTL                       ; QSF Assignment ;
; I/O Standard                                              ; unidade_de_controle ;              ; HPS_ENET_RX_DV                                                                               ; 3.3-V LVTTL                       ; QSF Assignment ;
; I/O Standard                                              ; unidade_de_controle ;              ; HPS_ENET_TX_DATA[0]                                                                          ; 3.3-V LVTTL                       ; QSF Assignment ;
; I/O Standard                                              ; unidade_de_controle ;              ; HPS_ENET_TX_DATA[1]                                                                          ; 3.3-V LVTTL                       ; QSF Assignment ;
; I/O Standard                                              ; unidade_de_controle ;              ; HPS_ENET_TX_DATA[2]                                                                          ; 3.3-V LVTTL                       ; QSF Assignment ;
; I/O Standard                                              ; unidade_de_controle ;              ; HPS_ENET_TX_DATA[3]                                                                          ; 3.3-V LVTTL                       ; QSF Assignment ;
; I/O Standard                                              ; unidade_de_controle ;              ; HPS_ENET_TX_EN                                                                               ; 3.3-V LVTTL                       ; QSF Assignment ;
; I/O Standard                                              ; unidade_de_controle ;              ; HPS_FLASH_DATA[0]                                                                            ; 3.3-V LVTTL                       ; QSF Assignment ;
; I/O Standard                                              ; unidade_de_controle ;              ; HPS_FLASH_DATA[1]                                                                            ; 3.3-V LVTTL                       ; QSF Assignment ;
; I/O Standard                                              ; unidade_de_controle ;              ; HPS_FLASH_DATA[2]                                                                            ; 3.3-V LVTTL                       ; QSF Assignment ;
; I/O Standard                                              ; unidade_de_controle ;              ; HPS_FLASH_DATA[3]                                                                            ; 3.3-V LVTTL                       ; QSF Assignment ;
; I/O Standard                                              ; unidade_de_controle ;              ; HPS_FLASH_DCLK                                                                               ; 3.3-V LVTTL                       ; QSF Assignment ;
; I/O Standard                                              ; unidade_de_controle ;              ; HPS_FLASH_NCSO                                                                               ; 3.3-V LVTTL                       ; QSF Assignment ;
; I/O Standard                                              ; unidade_de_controle ;              ; HPS_GSENSOR_INT                                                                              ; 3.3-V LVTTL                       ; QSF Assignment ;
; I/O Standard                                              ; unidade_de_controle ;              ; HPS_I2C1_SCLK                                                                                ; 3.3-V LVTTL                       ; QSF Assignment ;
; I/O Standard                                              ; unidade_de_controle ;              ; HPS_I2C1_SDAT                                                                                ; 3.3-V LVTTL                       ; QSF Assignment ;
; I/O Standard                                              ; unidade_de_controle ;              ; HPS_I2C2_SCLK                                                                                ; 3.3-V LVTTL                       ; QSF Assignment ;
; I/O Standard                                              ; unidade_de_controle ;              ; HPS_I2C2_SDAT                                                                                ; 3.3-V LVTTL                       ; QSF Assignment ;
; I/O Standard                                              ; unidade_de_controle ;              ; HPS_I2C_CONTROL                                                                              ; 3.3-V LVTTL                       ; QSF Assignment ;
; I/O Standard                                              ; unidade_de_controle ;              ; HPS_KEY                                                                                      ; 3.3-V LVTTL                       ; QSF Assignment ;
; I/O Standard                                              ; unidade_de_controle ;              ; HPS_LED                                                                                      ; 3.3-V LVTTL                       ; QSF Assignment ;
; I/O Standard                                              ; unidade_de_controle ;              ; HPS_LTC_GPIO                                                                                 ; 3.3-V LVTTL                       ; QSF Assignment ;
; I/O Standard                                              ; unidade_de_controle ;              ; HPS_SD_CLK                                                                                   ; 3.3-V LVTTL                       ; QSF Assignment ;
; I/O Standard                                              ; unidade_de_controle ;              ; HPS_SD_CMD                                                                                   ; 3.3-V LVTTL                       ; QSF Assignment ;
; I/O Standard                                              ; unidade_de_controle ;              ; HPS_SD_DATA[0]                                                                               ; 3.3-V LVTTL                       ; QSF Assignment ;
; I/O Standard                                              ; unidade_de_controle ;              ; HPS_SD_DATA[1]                                                                               ; 3.3-V LVTTL                       ; QSF Assignment ;
; I/O Standard                                              ; unidade_de_controle ;              ; HPS_SD_DATA[2]                                                                               ; 3.3-V LVTTL                       ; QSF Assignment ;
; I/O Standard                                              ; unidade_de_controle ;              ; HPS_SD_DATA[3]                                                                               ; 3.3-V LVTTL                       ; QSF Assignment ;
; I/O Standard                                              ; unidade_de_controle ;              ; HPS_SPIM_CLK                                                                                 ; 3.3-V LVTTL                       ; QSF Assignment ;
; I/O Standard                                              ; unidade_de_controle ;              ; HPS_SPIM_MISO                                                                                ; 3.3-V LVTTL                       ; QSF Assignment ;
; I/O Standard                                              ; unidade_de_controle ;              ; HPS_SPIM_MOSI                                                                                ; 3.3-V LVTTL                       ; QSF Assignment ;
; I/O Standard                                              ; unidade_de_controle ;              ; HPS_SPIM_SS                                                                                  ; 3.3-V LVTTL                       ; QSF Assignment ;
; I/O Standard                                              ; unidade_de_controle ;              ; HPS_UART_RX                                                                                  ; 3.3-V LVTTL                       ; QSF Assignment ;
; I/O Standard                                              ; unidade_de_controle ;              ; HPS_UART_TX                                                                                  ; 3.3-V LVTTL                       ; QSF Assignment ;
; I/O Standard                                              ; unidade_de_controle ;              ; HPS_USB_CLKOUT                                                                               ; 3.3-V LVTTL                       ; QSF Assignment ;
; I/O Standard                                              ; unidade_de_controle ;              ; HPS_USB_DATA[0]                                                                              ; 3.3-V LVTTL                       ; QSF Assignment ;
; I/O Standard                                              ; unidade_de_controle ;              ; HPS_USB_DATA[1]                                                                              ; 3.3-V LVTTL                       ; QSF Assignment ;
; I/O Standard                                              ; unidade_de_controle ;              ; HPS_USB_DATA[2]                                                                              ; 3.3-V LVTTL                       ; QSF Assignment ;
; I/O Standard                                              ; unidade_de_controle ;              ; HPS_USB_DATA[3]                                                                              ; 3.3-V LVTTL                       ; QSF Assignment ;
; I/O Standard                                              ; unidade_de_controle ;              ; HPS_USB_DATA[4]                                                                              ; 3.3-V LVTTL                       ; QSF Assignment ;
; I/O Standard                                              ; unidade_de_controle ;              ; HPS_USB_DATA[5]                                                                              ; 3.3-V LVTTL                       ; QSF Assignment ;
; I/O Standard                                              ; unidade_de_controle ;              ; HPS_USB_DATA[6]                                                                              ; 3.3-V LVTTL                       ; QSF Assignment ;
; I/O Standard                                              ; unidade_de_controle ;              ; HPS_USB_DATA[7]                                                                              ; 3.3-V LVTTL                       ; QSF Assignment ;
; I/O Standard                                              ; unidade_de_controle ;              ; HPS_USB_DIR                                                                                  ; 3.3-V LVTTL                       ; QSF Assignment ;
; I/O Standard                                              ; unidade_de_controle ;              ; HPS_USB_NXT                                                                                  ; 3.3-V LVTTL                       ; QSF Assignment ;
; I/O Standard                                              ; unidade_de_controle ;              ; HPS_USB_STP                                                                                  ; 3.3-V LVTTL                       ; QSF Assignment ;
; I/O Standard                                              ; unidade_de_controle ;              ; IRDA_RXD                                                                                     ; 3.3-V LVTTL                       ; QSF Assignment ;
; I/O Standard                                              ; unidade_de_controle ;              ; IRDA_TXD                                                                                     ; 3.3-V LVTTL                       ; QSF Assignment ;
; I/O Standard                                              ; unidade_de_controle ;              ; KEY[0]                                                                                       ; 3.3-V LVTTL                       ; QSF Assignment ;
; I/O Standard                                              ; unidade_de_controle ;              ; KEY[1]                                                                                       ; 3.3-V LVTTL                       ; QSF Assignment ;
; I/O Standard                                              ; unidade_de_controle ;              ; KEY[2]                                                                                       ; 3.3-V LVTTL                       ; QSF Assignment ;
; I/O Standard                                              ; unidade_de_controle ;              ; KEY[3]                                                                                       ; 3.3-V LVTTL                       ; QSF Assignment ;
; I/O Standard                                              ; unidade_de_controle ;              ; LEDR[0]                                                                                      ; 3.3-V LVTTL                       ; QSF Assignment ;
; I/O Standard                                              ; unidade_de_controle ;              ; LEDR[1]                                                                                      ; 3.3-V LVTTL                       ; QSF Assignment ;
; I/O Standard                                              ; unidade_de_controle ;              ; LEDR[2]                                                                                      ; 3.3-V LVTTL                       ; QSF Assignment ;
; I/O Standard                                              ; unidade_de_controle ;              ; LEDR[3]                                                                                      ; 3.3-V LVTTL                       ; QSF Assignment ;
; I/O Standard                                              ; unidade_de_controle ;              ; LEDR[4]                                                                                      ; 3.3-V LVTTL                       ; QSF Assignment ;
; I/O Standard                                              ; unidade_de_controle ;              ; LEDR[5]                                                                                      ; 3.3-V LVTTL                       ; QSF Assignment ;
; I/O Standard                                              ; unidade_de_controle ;              ; LEDR[6]                                                                                      ; 3.3-V LVTTL                       ; QSF Assignment ;
; I/O Standard                                              ; unidade_de_controle ;              ; LEDR[7]                                                                                      ; 3.3-V LVTTL                       ; QSF Assignment ;
; I/O Standard                                              ; unidade_de_controle ;              ; LEDR[8]                                                                                      ; 3.3-V LVTTL                       ; QSF Assignment ;
; I/O Standard                                              ; unidade_de_controle ;              ; LEDR[9]                                                                                      ; 3.3-V LVTTL                       ; QSF Assignment ;
; I/O Standard                                              ; unidade_de_controle ;              ; PS2_CLK                                                                                      ; 3.3-V LVTTL                       ; QSF Assignment ;
; I/O Standard                                              ; unidade_de_controle ;              ; PS2_CLK2                                                                                     ; 3.3-V LVTTL                       ; QSF Assignment ;
; I/O Standard                                              ; unidade_de_controle ;              ; PS2_DAT                                                                                      ; 3.3-V LVTTL                       ; QSF Assignment ;
; I/O Standard                                              ; unidade_de_controle ;              ; PS2_DAT2                                                                                     ; 3.3-V LVTTL                       ; QSF Assignment ;
; I/O Standard                                              ; unidade_de_controle ;              ; QSPI_FLASH_CE_n                                                                              ; 3.3-V LVTTL                       ; QSF Assignment ;
; I/O Standard                                              ; unidade_de_controle ;              ; QSPI_FLASH_DATA[0]                                                                           ; 3.3-V LVTTL                       ; QSF Assignment ;
; I/O Standard                                              ; unidade_de_controle ;              ; QSPI_FLASH_DATA[1]                                                                           ; 3.3-V LVTTL                       ; QSF Assignment ;
; I/O Standard                                              ; unidade_de_controle ;              ; QSPI_FLASH_DATA[2]                                                                           ; 3.3-V LVTTL                       ; QSF Assignment ;
; I/O Standard                                              ; unidade_de_controle ;              ; QSPI_FLASH_DATA[3]                                                                           ; 3.3-V LVTTL                       ; QSF Assignment ;
; I/O Standard                                              ; unidade_de_controle ;              ; QSPI_FLASH_SCLK                                                                              ; 3.3-V LVTTL                       ; QSF Assignment ;
; I/O Standard                                              ; unidade_de_controle ;              ; RISCV_JTAG_TCK                                                                               ; 3.3-V LVTTL                       ; QSF Assignment ;
; I/O Standard                                              ; unidade_de_controle ;              ; RISCV_JTAG_TDI                                                                               ; 3.3-V LVTTL                       ; QSF Assignment ;
; I/O Standard                                              ; unidade_de_controle ;              ; RISCV_JTAG_TDO                                                                               ; 3.3-V LVTTL                       ; QSF Assignment ;
; I/O Standard                                              ; unidade_de_controle ;              ; RISCV_JTAG_TMS                                                                               ; 3.3-V LVTTL                       ; QSF Assignment ;
; I/O Standard                                              ; unidade_de_controle ;              ; SW[0]                                                                                        ; 3.3-V LVTTL                       ; QSF Assignment ;
; I/O Standard                                              ; unidade_de_controle ;              ; SW[1]                                                                                        ; 3.3-V LVTTL                       ; QSF Assignment ;
; I/O Standard                                              ; unidade_de_controle ;              ; SW[2]                                                                                        ; 3.3-V LVTTL                       ; QSF Assignment ;
; I/O Standard                                              ; unidade_de_controle ;              ; SW[3]                                                                                        ; 3.3-V LVTTL                       ; QSF Assignment ;
; I/O Standard                                              ; unidade_de_controle ;              ; SW[4]                                                                                        ; 3.3-V LVTTL                       ; QSF Assignment ;
; I/O Standard                                              ; unidade_de_controle ;              ; SW[5]                                                                                        ; 3.3-V LVTTL                       ; QSF Assignment ;
; I/O Standard                                              ; unidade_de_controle ;              ; SW[6]                                                                                        ; 3.3-V LVTTL                       ; QSF Assignment ;
; I/O Standard                                              ; unidade_de_controle ;              ; SW[7]                                                                                        ; 3.3-V LVTTL                       ; QSF Assignment ;
; I/O Standard                                              ; unidade_de_controle ;              ; SW[8]                                                                                        ; 3.3-V LVTTL                       ; QSF Assignment ;
; I/O Standard                                              ; unidade_de_controle ;              ; SW[9]                                                                                        ; 3.3-V LVTTL                       ; QSF Assignment ;
; I/O Standard                                              ; unidade_de_controle ;              ; TD_CLK27                                                                                     ; 3.3-V LVTTL                       ; QSF Assignment ;
; I/O Standard                                              ; unidade_de_controle ;              ; TD_DATA[0]                                                                                   ; 3.3-V LVTTL                       ; QSF Assignment ;
; I/O Standard                                              ; unidade_de_controle ;              ; TD_DATA[1]                                                                                   ; 3.3-V LVTTL                       ; QSF Assignment ;
; I/O Standard                                              ; unidade_de_controle ;              ; TD_DATA[2]                                                                                   ; 3.3-V LVTTL                       ; QSF Assignment ;
; I/O Standard                                              ; unidade_de_controle ;              ; TD_DATA[3]                                                                                   ; 3.3-V LVTTL                       ; QSF Assignment ;
; I/O Standard                                              ; unidade_de_controle ;              ; TD_DATA[4]                                                                                   ; 3.3-V LVTTL                       ; QSF Assignment ;
; I/O Standard                                              ; unidade_de_controle ;              ; TD_DATA[5]                                                                                   ; 3.3-V LVTTL                       ; QSF Assignment ;
; I/O Standard                                              ; unidade_de_controle ;              ; TD_DATA[6]                                                                                   ; 3.3-V LVTTL                       ; QSF Assignment ;
; I/O Standard                                              ; unidade_de_controle ;              ; TD_DATA[7]                                                                                   ; 3.3-V LVTTL                       ; QSF Assignment ;
; I/O Standard                                              ; unidade_de_controle ;              ; TD_HS                                                                                        ; 3.3-V LVTTL                       ; QSF Assignment ;
; I/O Standard                                              ; unidade_de_controle ;              ; TD_RESET_N                                                                                   ; 3.3-V LVTTL                       ; QSF Assignment ;
; I/O Standard                                              ; unidade_de_controle ;              ; TD_VS                                                                                        ; 3.3-V LVTTL                       ; QSF Assignment ;
; I/O Standard                                              ; unidade_de_controle ;              ; UART_CTS                                                                                     ; 3.3-V LVTTL                       ; QSF Assignment ;
; I/O Standard                                              ; unidade_de_controle ;              ; UART_RTS                                                                                     ; 3.3-V LVTTL                       ; QSF Assignment ;
; I/O Standard                                              ; unidade_de_controle ;              ; UART_RX                                                                                      ; 3.3-V LVTTL                       ; QSF Assignment ;
; I/O Standard                                              ; unidade_de_controle ;              ; UART_TX                                                                                      ; 3.3-V LVTTL                       ; QSF Assignment ;
; I/O Standard                                              ; unidade_de_controle ;              ; VGA_BLANK_N                                                                                  ; 3.3-V LVTTL                       ; QSF Assignment ;
; I/O Standard                                              ; unidade_de_controle ;              ; VGA_B[0]                                                                                     ; 3.3-V LVTTL                       ; QSF Assignment ;
; I/O Standard                                              ; unidade_de_controle ;              ; VGA_B[1]                                                                                     ; 3.3-V LVTTL                       ; QSF Assignment ;
; I/O Standard                                              ; unidade_de_controle ;              ; VGA_B[2]                                                                                     ; 3.3-V LVTTL                       ; QSF Assignment ;
; I/O Standard                                              ; unidade_de_controle ;              ; VGA_B[3]                                                                                     ; 3.3-V LVTTL                       ; QSF Assignment ;
; I/O Standard                                              ; unidade_de_controle ;              ; VGA_B[4]                                                                                     ; 3.3-V LVTTL                       ; QSF Assignment ;
; I/O Standard                                              ; unidade_de_controle ;              ; VGA_B[5]                                                                                     ; 3.3-V LVTTL                       ; QSF Assignment ;
; I/O Standard                                              ; unidade_de_controle ;              ; VGA_B[6]                                                                                     ; 3.3-V LVTTL                       ; QSF Assignment ;
; I/O Standard                                              ; unidade_de_controle ;              ; VGA_B[7]                                                                                     ; 3.3-V LVTTL                       ; QSF Assignment ;
; I/O Standard                                              ; unidade_de_controle ;              ; VGA_CLK                                                                                      ; 3.3-V LVTTL                       ; QSF Assignment ;
; I/O Standard                                              ; unidade_de_controle ;              ; VGA_G[0]                                                                                     ; 3.3-V LVTTL                       ; QSF Assignment ;
; I/O Standard                                              ; unidade_de_controle ;              ; VGA_G[1]                                                                                     ; 3.3-V LVTTL                       ; QSF Assignment ;
; I/O Standard                                              ; unidade_de_controle ;              ; VGA_G[2]                                                                                     ; 3.3-V LVTTL                       ; QSF Assignment ;
; I/O Standard                                              ; unidade_de_controle ;              ; VGA_G[3]                                                                                     ; 3.3-V LVTTL                       ; QSF Assignment ;
; I/O Standard                                              ; unidade_de_controle ;              ; VGA_G[4]                                                                                     ; 3.3-V LVTTL                       ; QSF Assignment ;
; I/O Standard                                              ; unidade_de_controle ;              ; VGA_G[5]                                                                                     ; 3.3-V LVTTL                       ; QSF Assignment ;
; I/O Standard                                              ; unidade_de_controle ;              ; VGA_G[6]                                                                                     ; 3.3-V LVTTL                       ; QSF Assignment ;
; I/O Standard                                              ; unidade_de_controle ;              ; VGA_G[7]                                                                                     ; 3.3-V LVTTL                       ; QSF Assignment ;
; I/O Standard                                              ; unidade_de_controle ;              ; VGA_HS                                                                                       ; 3.3-V LVTTL                       ; QSF Assignment ;
; I/O Standard                                              ; unidade_de_controle ;              ; VGA_R[0]                                                                                     ; 3.3-V LVTTL                       ; QSF Assignment ;
; I/O Standard                                              ; unidade_de_controle ;              ; VGA_R[1]                                                                                     ; 3.3-V LVTTL                       ; QSF Assignment ;
; I/O Standard                                              ; unidade_de_controle ;              ; VGA_R[2]                                                                                     ; 3.3-V LVTTL                       ; QSF Assignment ;
; I/O Standard                                              ; unidade_de_controle ;              ; VGA_R[3]                                                                                     ; 3.3-V LVTTL                       ; QSF Assignment ;
; I/O Standard                                              ; unidade_de_controle ;              ; VGA_R[4]                                                                                     ; 3.3-V LVTTL                       ; QSF Assignment ;
; I/O Standard                                              ; unidade_de_controle ;              ; VGA_R[5]                                                                                     ; 3.3-V LVTTL                       ; QSF Assignment ;
; I/O Standard                                              ; unidade_de_controle ;              ; VGA_R[6]                                                                                     ; 3.3-V LVTTL                       ; QSF Assignment ;
; I/O Standard                                              ; unidade_de_controle ;              ; VGA_R[7]                                                                                     ; 3.3-V LVTTL                       ; QSF Assignment ;
; I/O Standard                                              ; unidade_de_controle ;              ; VGA_SYNC_N                                                                                   ; 3.3-V LVTTL                       ; QSF Assignment ;
; I/O Standard                                              ; unidade_de_controle ;              ; VGA_VS                                                                                       ; 3.3-V LVTTL                       ; QSF Assignment ;
; PLL Compensation Mode                                     ; unidade_de_controle ;              ; u0|hps_0|hps_io|border|hps_sdram_inst|pll0|fbout                                             ; DIRECT                            ; QSF Assignment ;
; Global Signal                                             ; unidade_de_controle ;              ; u0|hps_0|hps_io|border|hps_sdram_inst|p0|umemphy|uio_pads|dq_ddio[0].read_capture_clk_buffer ; OFF                               ; QSF Assignment ;
; Global Signal                                             ; unidade_de_controle ;              ; u0|hps_0|hps_io|border|hps_sdram_inst|p0|umemphy|uio_pads|dq_ddio[1].read_capture_clk_buffer ; OFF                               ; QSF Assignment ;
; Global Signal                                             ; unidade_de_controle ;              ; u0|hps_0|hps_io|border|hps_sdram_inst|p0|umemphy|uio_pads|dq_ddio[2].read_capture_clk_buffer ; OFF                               ; QSF Assignment ;
; Global Signal                                             ; unidade_de_controle ;              ; u0|hps_0|hps_io|border|hps_sdram_inst|p0|umemphy|uio_pads|dq_ddio[3].read_capture_clk_buffer ; OFF                               ; QSF Assignment ;
; Global Signal                                             ; unidade_de_controle ;              ; u0|hps_0|hps_io|border|hps_sdram_inst|p0|umemphy|uread_datapath|reset_n_fifo_wraddress[0]    ; OFF                               ; QSF Assignment ;
; Global Signal                                             ; unidade_de_controle ;              ; u0|hps_0|hps_io|border|hps_sdram_inst|p0|umemphy|uread_datapath|reset_n_fifo_wraddress[1]    ; OFF                               ; QSF Assignment ;
; Global Signal                                             ; unidade_de_controle ;              ; u0|hps_0|hps_io|border|hps_sdram_inst|p0|umemphy|uread_datapath|reset_n_fifo_wraddress[2]    ; OFF                               ; QSF Assignment ;
; Global Signal                                             ; unidade_de_controle ;              ; u0|hps_0|hps_io|border|hps_sdram_inst|p0|umemphy|uread_datapath|reset_n_fifo_wraddress[3]    ; OFF                               ; QSF Assignment ;
; Global Signal                                             ; unidade_de_controle ;              ; u0|hps_0|hps_io|border|hps_sdram_inst|p0|umemphy|uread_datapath|reset_n_fifo_write_side[0]   ; OFF                               ; QSF Assignment ;
; Global Signal                                             ; unidade_de_controle ;              ; u0|hps_0|hps_io|border|hps_sdram_inst|p0|umemphy|uread_datapath|reset_n_fifo_write_side[1]   ; OFF                               ; QSF Assignment ;
; Global Signal                                             ; unidade_de_controle ;              ; u0|hps_0|hps_io|border|hps_sdram_inst|p0|umemphy|uread_datapath|reset_n_fifo_write_side[2]   ; OFF                               ; QSF Assignment ;
; Global Signal                                             ; unidade_de_controle ;              ; u0|hps_0|hps_io|border|hps_sdram_inst|p0|umemphy|uread_datapath|reset_n_fifo_write_side[3]   ; OFF                               ; QSF Assignment ;
; Global Signal                                             ; unidade_de_controle ;              ; u0|hps_0|hps_io|border|hps_sdram_inst|p0|umemphy|ureset|phy_reset_mem_stable_n               ; OFF                               ; QSF Assignment ;
; Global Signal                                             ; unidade_de_controle ;              ; u0|hps_0|hps_io|border|hps_sdram_inst|p0|umemphy|ureset|phy_reset_n                          ; OFF                               ; QSF Assignment ;
; Current Strength                                          ; unidade_de_controle ;              ; HPS_DDR3_ADDR[0]                                                                             ; MAXIMUM CURRENT                   ; QSF Assignment ;
; Current Strength                                          ; unidade_de_controle ;              ; HPS_DDR3_ADDR[10]                                                                            ; MAXIMUM CURRENT                   ; QSF Assignment ;
; Current Strength                                          ; unidade_de_controle ;              ; HPS_DDR3_ADDR[11]                                                                            ; MAXIMUM CURRENT                   ; QSF Assignment ;
; Current Strength                                          ; unidade_de_controle ;              ; HPS_DDR3_ADDR[12]                                                                            ; MAXIMUM CURRENT                   ; QSF Assignment ;
; Current Strength                                          ; unidade_de_controle ;              ; HPS_DDR3_ADDR[13]                                                                            ; MAXIMUM CURRENT                   ; QSF Assignment ;
; Current Strength                                          ; unidade_de_controle ;              ; HPS_DDR3_ADDR[14]                                                                            ; MAXIMUM CURRENT                   ; QSF Assignment ;
; Current Strength                                          ; unidade_de_controle ;              ; HPS_DDR3_ADDR[1]                                                                             ; MAXIMUM CURRENT                   ; QSF Assignment ;
; Current Strength                                          ; unidade_de_controle ;              ; HPS_DDR3_ADDR[2]                                                                             ; MAXIMUM CURRENT                   ; QSF Assignment ;
; Current Strength                                          ; unidade_de_controle ;              ; HPS_DDR3_ADDR[3]                                                                             ; MAXIMUM CURRENT                   ; QSF Assignment ;
; Current Strength                                          ; unidade_de_controle ;              ; HPS_DDR3_ADDR[4]                                                                             ; MAXIMUM CURRENT                   ; QSF Assignment ;
; Current Strength                                          ; unidade_de_controle ;              ; HPS_DDR3_ADDR[5]                                                                             ; MAXIMUM CURRENT                   ; QSF Assignment ;
; Current Strength                                          ; unidade_de_controle ;              ; HPS_DDR3_ADDR[6]                                                                             ; MAXIMUM CURRENT                   ; QSF Assignment ;
; Current Strength                                          ; unidade_de_controle ;              ; HPS_DDR3_ADDR[7]                                                                             ; MAXIMUM CURRENT                   ; QSF Assignment ;
; Current Strength                                          ; unidade_de_controle ;              ; HPS_DDR3_ADDR[8]                                                                             ; MAXIMUM CURRENT                   ; QSF Assignment ;
; Current Strength                                          ; unidade_de_controle ;              ; HPS_DDR3_ADDR[9]                                                                             ; MAXIMUM CURRENT                   ; QSF Assignment ;
; Current Strength                                          ; unidade_de_controle ;              ; HPS_DDR3_BA[0]                                                                               ; MAXIMUM CURRENT                   ; QSF Assignment ;
; Current Strength                                          ; unidade_de_controle ;              ; HPS_DDR3_BA[1]                                                                               ; MAXIMUM CURRENT                   ; QSF Assignment ;
; Current Strength                                          ; unidade_de_controle ;              ; HPS_DDR3_BA[2]                                                                               ; MAXIMUM CURRENT                   ; QSF Assignment ;
; Current Strength                                          ; unidade_de_controle ;              ; HPS_DDR3_CAS_N                                                                               ; MAXIMUM CURRENT                   ; QSF Assignment ;
; Current Strength                                          ; unidade_de_controle ;              ; HPS_DDR3_CKE                                                                                 ; MAXIMUM CURRENT                   ; QSF Assignment ;
; Current Strength                                          ; unidade_de_controle ;              ; HPS_DDR3_CS_N                                                                                ; MAXIMUM CURRENT                   ; QSF Assignment ;
; Current Strength                                          ; unidade_de_controle ;              ; HPS_DDR3_ODT                                                                                 ; MAXIMUM CURRENT                   ; QSF Assignment ;
; Current Strength                                          ; unidade_de_controle ;              ; HPS_DDR3_RAS_N                                                                               ; MAXIMUM CURRENT                   ; QSF Assignment ;
; Current Strength                                          ; unidade_de_controle ;              ; HPS_DDR3_RESET_N                                                                             ; MAXIMUM CURRENT                   ; QSF Assignment ;
; Current Strength                                          ; unidade_de_controle ;              ; HPS_DDR3_WE_N                                                                                ; MAXIMUM CURRENT                   ; QSF Assignment ;
; Input Termination                                         ; unidade_de_controle ;              ; HPS_DDR3_DQS_N[0]                                                                            ; PARALLEL 50 OHM WITH CALIBRATION  ; QSF Assignment ;
; Input Termination                                         ; unidade_de_controle ;              ; HPS_DDR3_DQS_N[1]                                                                            ; PARALLEL 50 OHM WITH CALIBRATION  ; QSF Assignment ;
; Input Termination                                         ; unidade_de_controle ;              ; HPS_DDR3_DQS_N[2]                                                                            ; PARALLEL 50 OHM WITH CALIBRATION  ; QSF Assignment ;
; Input Termination                                         ; unidade_de_controle ;              ; HPS_DDR3_DQS_N[3]                                                                            ; PARALLEL 50 OHM WITH CALIBRATION  ; QSF Assignment ;
; Input Termination                                         ; unidade_de_controle ;              ; HPS_DDR3_DQS_P[0]                                                                            ; PARALLEL 50 OHM WITH CALIBRATION  ; QSF Assignment ;
; Input Termination                                         ; unidade_de_controle ;              ; HPS_DDR3_DQS_P[1]                                                                            ; PARALLEL 50 OHM WITH CALIBRATION  ; QSF Assignment ;
; Input Termination                                         ; unidade_de_controle ;              ; HPS_DDR3_DQS_P[2]                                                                            ; PARALLEL 50 OHM WITH CALIBRATION  ; QSF Assignment ;
; Input Termination                                         ; unidade_de_controle ;              ; HPS_DDR3_DQS_P[3]                                                                            ; PARALLEL 50 OHM WITH CALIBRATION  ; QSF Assignment ;
; Input Termination                                         ; unidade_de_controle ;              ; HPS_DDR3_DQ[0]                                                                               ; PARALLEL 50 OHM WITH CALIBRATION  ; QSF Assignment ;
; Input Termination                                         ; unidade_de_controle ;              ; HPS_DDR3_DQ[10]                                                                              ; PARALLEL 50 OHM WITH CALIBRATION  ; QSF Assignment ;
; Input Termination                                         ; unidade_de_controle ;              ; HPS_DDR3_DQ[11]                                                                              ; PARALLEL 50 OHM WITH CALIBRATION  ; QSF Assignment ;
; Input Termination                                         ; unidade_de_controle ;              ; HPS_DDR3_DQ[12]                                                                              ; PARALLEL 50 OHM WITH CALIBRATION  ; QSF Assignment ;
; Input Termination                                         ; unidade_de_controle ;              ; HPS_DDR3_DQ[13]                                                                              ; PARALLEL 50 OHM WITH CALIBRATION  ; QSF Assignment ;
; Input Termination                                         ; unidade_de_controle ;              ; HPS_DDR3_DQ[14]                                                                              ; PARALLEL 50 OHM WITH CALIBRATION  ; QSF Assignment ;
; Input Termination                                         ; unidade_de_controle ;              ; HPS_DDR3_DQ[15]                                                                              ; PARALLEL 50 OHM WITH CALIBRATION  ; QSF Assignment ;
; Input Termination                                         ; unidade_de_controle ;              ; HPS_DDR3_DQ[16]                                                                              ; PARALLEL 50 OHM WITH CALIBRATION  ; QSF Assignment ;
; Input Termination                                         ; unidade_de_controle ;              ; HPS_DDR3_DQ[17]                                                                              ; PARALLEL 50 OHM WITH CALIBRATION  ; QSF Assignment ;
; Input Termination                                         ; unidade_de_controle ;              ; HPS_DDR3_DQ[18]                                                                              ; PARALLEL 50 OHM WITH CALIBRATION  ; QSF Assignment ;
; Input Termination                                         ; unidade_de_controle ;              ; HPS_DDR3_DQ[19]                                                                              ; PARALLEL 50 OHM WITH CALIBRATION  ; QSF Assignment ;
; Input Termination                                         ; unidade_de_controle ;              ; HPS_DDR3_DQ[1]                                                                               ; PARALLEL 50 OHM WITH CALIBRATION  ; QSF Assignment ;
; Input Termination                                         ; unidade_de_controle ;              ; HPS_DDR3_DQ[20]                                                                              ; PARALLEL 50 OHM WITH CALIBRATION  ; QSF Assignment ;
; Input Termination                                         ; unidade_de_controle ;              ; HPS_DDR3_DQ[21]                                                                              ; PARALLEL 50 OHM WITH CALIBRATION  ; QSF Assignment ;
; Input Termination                                         ; unidade_de_controle ;              ; HPS_DDR3_DQ[22]                                                                              ; PARALLEL 50 OHM WITH CALIBRATION  ; QSF Assignment ;
; Input Termination                                         ; unidade_de_controle ;              ; HPS_DDR3_DQ[23]                                                                              ; PARALLEL 50 OHM WITH CALIBRATION  ; QSF Assignment ;
; Input Termination                                         ; unidade_de_controle ;              ; HPS_DDR3_DQ[24]                                                                              ; PARALLEL 50 OHM WITH CALIBRATION  ; QSF Assignment ;
; Input Termination                                         ; unidade_de_controle ;              ; HPS_DDR3_DQ[25]                                                                              ; PARALLEL 50 OHM WITH CALIBRATION  ; QSF Assignment ;
; Input Termination                                         ; unidade_de_controle ;              ; HPS_DDR3_DQ[26]                                                                              ; PARALLEL 50 OHM WITH CALIBRATION  ; QSF Assignment ;
; Input Termination                                         ; unidade_de_controle ;              ; HPS_DDR3_DQ[27]                                                                              ; PARALLEL 50 OHM WITH CALIBRATION  ; QSF Assignment ;
; Input Termination                                         ; unidade_de_controle ;              ; HPS_DDR3_DQ[28]                                                                              ; PARALLEL 50 OHM WITH CALIBRATION  ; QSF Assignment ;
; Input Termination                                         ; unidade_de_controle ;              ; HPS_DDR3_DQ[29]                                                                              ; PARALLEL 50 OHM WITH CALIBRATION  ; QSF Assignment ;
; Input Termination                                         ; unidade_de_controle ;              ; HPS_DDR3_DQ[2]                                                                               ; PARALLEL 50 OHM WITH CALIBRATION  ; QSF Assignment ;
; Input Termination                                         ; unidade_de_controle ;              ; HPS_DDR3_DQ[30]                                                                              ; PARALLEL 50 OHM WITH CALIBRATION  ; QSF Assignment ;
; Input Termination                                         ; unidade_de_controle ;              ; HPS_DDR3_DQ[31]                                                                              ; PARALLEL 50 OHM WITH CALIBRATION  ; QSF Assignment ;
; Input Termination                                         ; unidade_de_controle ;              ; HPS_DDR3_DQ[3]                                                                               ; PARALLEL 50 OHM WITH CALIBRATION  ; QSF Assignment ;
; Input Termination                                         ; unidade_de_controle ;              ; HPS_DDR3_DQ[4]                                                                               ; PARALLEL 50 OHM WITH CALIBRATION  ; QSF Assignment ;
; Input Termination                                         ; unidade_de_controle ;              ; HPS_DDR3_DQ[5]                                                                               ; PARALLEL 50 OHM WITH CALIBRATION  ; QSF Assignment ;
; Input Termination                                         ; unidade_de_controle ;              ; HPS_DDR3_DQ[6]                                                                               ; PARALLEL 50 OHM WITH CALIBRATION  ; QSF Assignment ;
; Input Termination                                         ; unidade_de_controle ;              ; HPS_DDR3_DQ[7]                                                                               ; PARALLEL 50 OHM WITH CALIBRATION  ; QSF Assignment ;
; Input Termination                                         ; unidade_de_controle ;              ; HPS_DDR3_DQ[8]                                                                               ; PARALLEL 50 OHM WITH CALIBRATION  ; QSF Assignment ;
; Input Termination                                         ; unidade_de_controle ;              ; HPS_DDR3_DQ[9]                                                                               ; PARALLEL 50 OHM WITH CALIBRATION  ; QSF Assignment ;
; Output Termination                                        ; unidade_de_controle ;              ; HPS_DDR3_CK_N                                                                                ; SERIES 50 OHM WITHOUT CALIBRATION ; QSF Assignment ;
; Output Termination                                        ; unidade_de_controle ;              ; HPS_DDR3_CK_P                                                                                ; SERIES 50 OHM WITHOUT CALIBRATION ; QSF Assignment ;
; Output Termination                                        ; unidade_de_controle ;              ; HPS_DDR3_DM[0]                                                                               ; SERIES 50 OHM WITH CALIBRATION    ; QSF Assignment ;
; Output Termination                                        ; unidade_de_controle ;              ; HPS_DDR3_DM[1]                                                                               ; SERIES 50 OHM WITH CALIBRATION    ; QSF Assignment ;
; Output Termination                                        ; unidade_de_controle ;              ; HPS_DDR3_DM[2]                                                                               ; SERIES 50 OHM WITH CALIBRATION    ; QSF Assignment ;
; Output Termination                                        ; unidade_de_controle ;              ; HPS_DDR3_DM[3]                                                                               ; SERIES 50 OHM WITH CALIBRATION    ; QSF Assignment ;
; Output Termination                                        ; unidade_de_controle ;              ; HPS_DDR3_DQS_N[0]                                                                            ; SERIES 50 OHM WITH CALIBRATION    ; QSF Assignment ;
; Output Termination                                        ; unidade_de_controle ;              ; HPS_DDR3_DQS_N[1]                                                                            ; SERIES 50 OHM WITH CALIBRATION    ; QSF Assignment ;
; Output Termination                                        ; unidade_de_controle ;              ; HPS_DDR3_DQS_N[2]                                                                            ; SERIES 50 OHM WITH CALIBRATION    ; QSF Assignment ;
; Output Termination                                        ; unidade_de_controle ;              ; HPS_DDR3_DQS_N[3]                                                                            ; SERIES 50 OHM WITH CALIBRATION    ; QSF Assignment ;
; Output Termination                                        ; unidade_de_controle ;              ; HPS_DDR3_DQS_P[0]                                                                            ; SERIES 50 OHM WITH CALIBRATION    ; QSF Assignment ;
; Output Termination                                        ; unidade_de_controle ;              ; HPS_DDR3_DQS_P[1]                                                                            ; SERIES 50 OHM WITH CALIBRATION    ; QSF Assignment ;
; Output Termination                                        ; unidade_de_controle ;              ; HPS_DDR3_DQS_P[2]                                                                            ; SERIES 50 OHM WITH CALIBRATION    ; QSF Assignment ;
; Output Termination                                        ; unidade_de_controle ;              ; HPS_DDR3_DQS_P[3]                                                                            ; SERIES 50 OHM WITH CALIBRATION    ; QSF Assignment ;
; Output Termination                                        ; unidade_de_controle ;              ; HPS_DDR3_DQ[0]                                                                               ; SERIES 50 OHM WITH CALIBRATION    ; QSF Assignment ;
; Output Termination                                        ; unidade_de_controle ;              ; HPS_DDR3_DQ[10]                                                                              ; SERIES 50 OHM WITH CALIBRATION    ; QSF Assignment ;
; Output Termination                                        ; unidade_de_controle ;              ; HPS_DDR3_DQ[11]                                                                              ; SERIES 50 OHM WITH CALIBRATION    ; QSF Assignment ;
; Output Termination                                        ; unidade_de_controle ;              ; HPS_DDR3_DQ[12]                                                                              ; SERIES 50 OHM WITH CALIBRATION    ; QSF Assignment ;
; Output Termination                                        ; unidade_de_controle ;              ; HPS_DDR3_DQ[13]                                                                              ; SERIES 50 OHM WITH CALIBRATION    ; QSF Assignment ;
; Output Termination                                        ; unidade_de_controle ;              ; HPS_DDR3_DQ[14]                                                                              ; SERIES 50 OHM WITH CALIBRATION    ; QSF Assignment ;
; Output Termination                                        ; unidade_de_controle ;              ; HPS_DDR3_DQ[15]                                                                              ; SERIES 50 OHM WITH CALIBRATION    ; QSF Assignment ;
; Output Termination                                        ; unidade_de_controle ;              ; HPS_DDR3_DQ[16]                                                                              ; SERIES 50 OHM WITH CALIBRATION    ; QSF Assignment ;
; Output Termination                                        ; unidade_de_controle ;              ; HPS_DDR3_DQ[17]                                                                              ; SERIES 50 OHM WITH CALIBRATION    ; QSF Assignment ;
; Output Termination                                        ; unidade_de_controle ;              ; HPS_DDR3_DQ[18]                                                                              ; SERIES 50 OHM WITH CALIBRATION    ; QSF Assignment ;
; Output Termination                                        ; unidade_de_controle ;              ; HPS_DDR3_DQ[19]                                                                              ; SERIES 50 OHM WITH CALIBRATION    ; QSF Assignment ;
; Output Termination                                        ; unidade_de_controle ;              ; HPS_DDR3_DQ[1]                                                                               ; SERIES 50 OHM WITH CALIBRATION    ; QSF Assignment ;
; Output Termination                                        ; unidade_de_controle ;              ; HPS_DDR3_DQ[20]                                                                              ; SERIES 50 OHM WITH CALIBRATION    ; QSF Assignment ;
; Output Termination                                        ; unidade_de_controle ;              ; HPS_DDR3_DQ[21]                                                                              ; SERIES 50 OHM WITH CALIBRATION    ; QSF Assignment ;
; Output Termination                                        ; unidade_de_controle ;              ; HPS_DDR3_DQ[22]                                                                              ; SERIES 50 OHM WITH CALIBRATION    ; QSF Assignment ;
; Output Termination                                        ; unidade_de_controle ;              ; HPS_DDR3_DQ[23]                                                                              ; SERIES 50 OHM WITH CALIBRATION    ; QSF Assignment ;
; Output Termination                                        ; unidade_de_controle ;              ; HPS_DDR3_DQ[24]                                                                              ; SERIES 50 OHM WITH CALIBRATION    ; QSF Assignment ;
; Output Termination                                        ; unidade_de_controle ;              ; HPS_DDR3_DQ[25]                                                                              ; SERIES 50 OHM WITH CALIBRATION    ; QSF Assignment ;
; Output Termination                                        ; unidade_de_controle ;              ; HPS_DDR3_DQ[26]                                                                              ; SERIES 50 OHM WITH CALIBRATION    ; QSF Assignment ;
; Output Termination                                        ; unidade_de_controle ;              ; HPS_DDR3_DQ[27]                                                                              ; SERIES 50 OHM WITH CALIBRATION    ; QSF Assignment ;
; Output Termination                                        ; unidade_de_controle ;              ; HPS_DDR3_DQ[28]                                                                              ; SERIES 50 OHM WITH CALIBRATION    ; QSF Assignment ;
; Output Termination                                        ; unidade_de_controle ;              ; HPS_DDR3_DQ[29]                                                                              ; SERIES 50 OHM WITH CALIBRATION    ; QSF Assignment ;
; Output Termination                                        ; unidade_de_controle ;              ; HPS_DDR3_DQ[2]                                                                               ; SERIES 50 OHM WITH CALIBRATION    ; QSF Assignment ;
; Output Termination                                        ; unidade_de_controle ;              ; HPS_DDR3_DQ[30]                                                                              ; SERIES 50 OHM WITH CALIBRATION    ; QSF Assignment ;
; Output Termination                                        ; unidade_de_controle ;              ; HPS_DDR3_DQ[31]                                                                              ; SERIES 50 OHM WITH CALIBRATION    ; QSF Assignment ;
; Output Termination                                        ; unidade_de_controle ;              ; HPS_DDR3_DQ[3]                                                                               ; SERIES 50 OHM WITH CALIBRATION    ; QSF Assignment ;
; Output Termination                                        ; unidade_de_controle ;              ; HPS_DDR3_DQ[4]                                                                               ; SERIES 50 OHM WITH CALIBRATION    ; QSF Assignment ;
; Output Termination                                        ; unidade_de_controle ;              ; HPS_DDR3_DQ[5]                                                                               ; SERIES 50 OHM WITH CALIBRATION    ; QSF Assignment ;
; Output Termination                                        ; unidade_de_controle ;              ; HPS_DDR3_DQ[6]                                                                               ; SERIES 50 OHM WITH CALIBRATION    ; QSF Assignment ;
; Output Termination                                        ; unidade_de_controle ;              ; HPS_DDR3_DQ[7]                                                                               ; SERIES 50 OHM WITH CALIBRATION    ; QSF Assignment ;
; Output Termination                                        ; unidade_de_controle ;              ; HPS_DDR3_DQ[8]                                                                               ; SERIES 50 OHM WITH CALIBRATION    ; QSF Assignment ;
; Output Termination                                        ; unidade_de_controle ;              ; HPS_DDR3_DQ[9]                                                                               ; SERIES 50 OHM WITH CALIBRATION    ; QSF Assignment ;
; D5 Delay (output register to io buffer)                   ; unidade_de_controle ;              ; HPS_DDR3_CK_N                                                                                ; 2                                 ; QSF Assignment ;
; D5 Delay (output register to io buffer)                   ; unidade_de_controle ;              ; HPS_DDR3_CK_P                                                                                ; 2                                 ; QSF Assignment ;
; Enable Beneficial Skew Optimization for non global clocks ; unidade_de_controle ;              ; u0|hps_0|hps_io|border|hps_sdram_inst                                                        ; ON                                ; QSF Assignment ;
+-----------------------------------------------------------+---------------------+--------------+----------------------------------------------------------------------------------------------+-----------------------------------+----------------+


+---------------------------------------------------------------------------------------------------+
; Incremental Compilation Preservation Summary                                                      ;
+---------------------+---------------------+----------------------------+--------------------------+
; Type                ; Total [A + B]       ; From Design Partitions [A] ; From Rapid Recompile [B] ;
+---------------------+---------------------+----------------------------+--------------------------+
; Placement (by node) ;                     ;                            ;                          ;
;     -- Requested    ; 0.00 % ( 0 / 1888 ) ; 0.00 % ( 0 / 1888 )        ; 0.00 % ( 0 / 1888 )      ;
;     -- Achieved     ; 0.00 % ( 0 / 1888 ) ; 0.00 % ( 0 / 1888 )        ; 0.00 % ( 0 / 1888 )      ;
;                     ;                     ;                            ;                          ;
; Routing (by net)    ;                     ;                            ;                          ;
;     -- Requested    ; 0.00 % ( 0 / 0 )    ; 0.00 % ( 0 / 0 )           ; 0.00 % ( 0 / 0 )         ;
;     -- Achieved     ; 0.00 % ( 0 / 0 )    ; 0.00 % ( 0 / 0 )           ; 0.00 % ( 0 / 0 )         ;
+---------------------+---------------------+----------------------------+--------------------------+


+----------------------------------------------------------------------------------------------------------------------------------------------------------------------------------------+
; Incremental Compilation Partition Settings                                                                                                                                             ;
+--------------------------------+----------------+-------------------+-------------------------+------------------------+------------------------------+--------------------------------+
; Partition Name                 ; Partition Type ; Netlist Type Used ; Preservation Level Used ; Netlist Type Requested ; Preservation Level Requested ; Contents                       ;
+--------------------------------+----------------+-------------------+-------------------------+------------------------+------------------------------+--------------------------------+
; Top                            ; User-created   ; Source File       ; N/A                     ; Source File            ; N/A                          ;                                ;
; hard_block:auto_generated_inst ; Auto-generated ; Source File       ; N/A                     ; Source File            ; N/A                          ; hard_block:auto_generated_inst ;
+--------------------------------+----------------+-------------------+-------------------------+------------------------+------------------------------+--------------------------------+


+------------------------------------------------------------------------------------------------------------------------------------+
; Incremental Compilation Placement Preservation                                                                                     ;
+--------------------------------+-----------------------+-------------------------+-------------------+---------------------+-------+
; Partition Name                 ; Preservation Achieved ; Preservation Level Used ; Netlist Type Used ; Preservation Method ; Notes ;
+--------------------------------+-----------------------+-------------------------+-------------------+---------------------+-------+
; Top                            ; 0.00 % ( 0 / 1880 )   ; N/A                     ; Source File       ; N/A                 ;       ;
; hard_block:auto_generated_inst ; 0.00 % ( 0 / 8 )      ; N/A                     ; Source File       ; N/A                 ;       ;
+--------------------------------+-----------------------+-------------------------+-------------------+---------------------+-------+


+---------------------------------------------------------------------------------------------+
; Fitter Resource Usage Summary                                                               ;
+-------------------------------------------------------------+-----------------------+-------+
; Resource                                                    ; Usage                 ; %     ;
+-------------------------------------------------------------+-----------------------+-------+
; Logic utilization (ALMs needed / total ALMs on device)      ; 676 / 32,070          ; 2 %   ;
; ALMs needed [=A-B+C]                                        ; 676                   ;       ;
;     [A] ALMs used in final placement [=a+b+c+d]             ; 676 / 32,070          ; 2 %   ;
;         [a] ALMs used for LUT logic and registers           ; 114                   ;       ;
;         [b] ALMs used for LUT logic                         ; 496                   ;       ;
;         [c] ALMs used for registers                         ; 66                    ;       ;
;         [d] ALMs used for memory (up to half of total ALMs) ; 0                     ;       ;
;     [B] Estimate of ALMs recoverable by dense packing       ; 0 / 32,070            ; 0 %   ;
;     [C] Estimate of ALMs unavailable [=a+b+c+d]             ; 0 / 32,070            ; 0 %   ;
;         [a] Due to location constrained logic               ; 0                     ;       ;
;         [b] Due to LAB-wide signal conflicts                ; 0                     ;       ;
;         [c] Due to LAB input limits                         ; 0                     ;       ;
;         [d] Due to virtual I/Os                             ; 0                     ;       ;
;                                                             ;                       ;       ;
; Difficulty packing design                                   ; No fit                ;       ;
;                                                             ;                       ;       ;
; Total LABs:  partially or completely used                   ; 82 / 3,207            ; 3 %   ;
;     -- Logic LABs                                           ; 82                    ;       ;
;     -- Memory LABs (up to half of total LABs)               ; 0                     ;       ;
;                                                             ;                       ;       ;
; Combinational ALUT usage for logic                          ; 1,220                 ;       ;
;     -- 7 input functions                                    ; 5                     ;       ;
;     -- 6 input functions                                    ; 190                   ;       ;
;     -- 5 input functions                                    ; 118                   ;       ;
;     -- 4 input functions                                    ; 203                   ;       ;
;     -- <=3 input functions                                  ; 704                   ;       ;
; Combinational ALUT usage for route-throughs                 ; 0                     ;       ;
;                                                             ;                       ;       ;
; Dedicated logic registers                                   ; 360                   ;       ;
;     -- By type:                                             ;                       ;       ;
;         -- Primary logic registers                          ; 360 / 64,140          ; < 1 % ;
;         -- Secondary logic registers                        ; 0 / 64,140            ; 0 %   ;
;     -- By function:                                         ;                       ;       ;
;         -- Design implementation registers                  ; 360                   ;       ;
;         -- Routing optimization registers                   ; 0                     ;       ;
;                                                             ;                       ;       ;
; Virtual pins                                                ; 0                     ;       ;
; I/O pins                                                    ; 67 / 457              ; 15 %  ;
;     -- Clock pins                                           ; 3 / 8                 ; 38 %  ;
;     -- Dedicated input pins                                 ; 0 / 21                ; 0 %   ;
;                                                             ;                       ;       ;
; Hard processor system peripheral utilization                ;                       ;       ;
;     -- Boot from FPGA                                       ; 0 / 1 ( 0 % )         ;       ;
;     -- Clock resets                                         ; 0 / 1 ( 0 % )         ;       ;
;     -- Cross trigger                                        ; 0 / 1 ( 0 % )         ;       ;
;     -- S2F AXI                                              ; 0 / 1 ( 0 % )         ;       ;
;     -- F2S AXI                                              ; 0 / 1 ( 0 % )         ;       ;
;     -- AXI Lightweight                                      ; 0 / 1 ( 0 % )         ;       ;
;     -- SDRAM                                                ; 0 / 1 ( 0 % )         ;       ;
;     -- Interrupts                                           ; 0 / 1 ( 0 % )         ;       ;
;     -- JTAG                                                 ; 0 / 1 ( 0 % )         ;       ;
;     -- Loan I/O                                             ; 0 / 1 ( 0 % )         ;       ;
;     -- MPU event standby                                    ; 0 / 1 ( 0 % )         ;       ;
;     -- MPU general purpose                                  ; 0 / 1 ( 0 % )         ;       ;
;     -- STM event                                            ; 0 / 1 ( 0 % )         ;       ;
;     -- TPIU trace                                           ; 0 / 1 ( 0 % )         ;       ;
;     -- DMA                                                  ; 0 / 1 ( 0 % )         ;       ;
;     -- CAN                                                  ; 0 / 2 ( 0 % )         ;       ;
;     -- EMAC                                                 ; 0 / 2 ( 0 % )         ;       ;
;     -- I2C                                                  ; 0 / 4 ( 0 % )         ;       ;
;     -- NAND Flash                                           ; 0 / 1 ( 0 % )         ;       ;
;     -- QSPI                                                 ; 0 / 1 ( 0 % )         ;       ;
;     -- SDMMC                                                ; 0 / 1 ( 0 % )         ;       ;
;     -- SPI Master                                           ; 0 / 2 ( 0 % )         ;       ;
;     -- SPI Slave                                            ; 0 / 2 ( 0 % )         ;       ;
;     -- UART                                                 ; 0 / 2 ( 0 % )         ;       ;
;     -- USB                                                  ; 0 / 2 ( 0 % )         ;       ;
;                                                             ;                       ;       ;
; M10K blocks                                                 ; 153 / 397             ; 39 %  ;
; Total MLAB memory bits                                      ; 0                     ;       ;
; Total block memory bits                                     ; 1,232,896 / 4,065,280 ; 30 %  ;
; Total block memory implementation bits                      ; 1,566,720 / 4,065,280 ; 39 %  ;
;                                                             ;                       ;       ;
; Total DSP Blocks                                            ; 0 / 87                ; 0 %   ;
;                                                             ;                       ;       ;
; Fractional PLLs                                             ; 1 / 6                 ; 17 %  ;
; Global signals                                              ; 2                     ;       ;
;     -- Global clocks                                        ; 2 / 16                ; 13 %  ;
;     -- Quadrant clocks                                      ; 0 / 66                ; 0 %   ;
;     -- Horizontal periphery clocks                          ; 0 / 18                ; 0 %   ;
; SERDES Transmitters                                         ; 0 / 100               ; 0 %   ;
; SERDES Receivers                                            ; 0 / 100               ; 0 %   ;
; JTAGs                                                       ; 0 / 1                 ; 0 %   ;
; ASMI blocks                                                 ; 0 / 1                 ; 0 %   ;
; CRC blocks                                                  ; 0 / 1                 ; 0 %   ;
; Remote update blocks                                        ; 0 / 1                 ; 0 %   ;
; Oscillator blocks                                           ; 0 / 1                 ; 0 %   ;
; Impedance control blocks                                    ; 0 / 4                 ; 0 %   ;
; Hard Memory Controllers                                     ; 0 / 2                 ; 0 %   ;
; Maximum fan-out                                             ; 484                   ;       ;
; Highest non-global fan-out                                  ; 484                   ;       ;
; Total fan-out                                               ; 10877                 ;       ;
; Average fan-out                                             ; 5.76                  ;       ;
+-------------------------------------------------------------+-----------------------+-------+


+-----------------------------------------------------------------------------------------------------------------------------------------------------------------------------------------------------------------------------------------------------------------------------------------------------+
; Input Pins                                                                                                                                                                                                                                                                                          ;
+----------------------+-------+----------+--------------+--------------+--------------+-----------------------+--------------------+--------+----------------+-----------------+----------+--------------+--------------+-------------+---------------------------+----------------------+-----------+
; Name                 ; Pin # ; I/O Bank ; X coordinate ; Y coordinate ; Z coordinate ; Combinational Fan-Out ; Registered Fan-Out ; Global ; Input Register ; PCI I/O Enabled ; Bus Hold ; Weak Pull Up ; I/O Standard ; Termination ; Termination Control Block ; Location assigned by ; Slew Rate ;
+----------------------+-------+----------+--------------+--------------+--------------+-----------------------+--------------------+--------+----------------+-----------------+----------+--------------+--------------+-------------+---------------------------+----------------------+-----------+
; botao_zoom_in_input  ; AH28  ; 5A       ; 89           ; 4            ; 94           ; 0                     ; 0                  ; no     ; no             ; no              ; no       ; Off          ; 2.5 V        ; Off         ; --                        ; Fitter               ; no        ;
; botao_zoom_out_input ; AG27  ; 5A       ; 89           ; 4            ; 77           ; 0                     ; 0                  ; no     ; no             ; no              ; no       ; Off          ; 2.5 V        ; Off         ; --                        ; Fitter               ; no        ;
; clock_50Mhz          ; K14   ; 8A       ; 32           ; 81           ; 0            ; 8                     ; 0                  ; yes    ; no             ; no              ; no       ; Off          ; 2.5 V        ; Off         ; --                        ; Fitter               ; no        ;
; instrucao[0]         ; AC27  ; 5A       ; 89           ; 16           ; 20           ; 0                     ; 0                  ; no     ; no             ; no              ; no       ; Off          ; 2.5 V        ; Off         ; --                        ; Fitter               ; no        ;
; instrucao[10]        ; AC30  ; 5B       ; 89           ; 25           ; 54           ; 1                     ; 0                  ; no     ; no             ; no              ; no       ; Off          ; 2.5 V        ; Off         ; --                        ; Fitter               ; no        ;
; instrucao[11]        ; AA28  ; 5B       ; 89           ; 21           ; 54           ; 1                     ; 0                  ; no     ; no             ; no              ; no       ; Off          ; 2.5 V        ; Off         ; --                        ; Fitter               ; no        ;
; instrucao[12]        ; AB28  ; 5B       ; 89           ; 21           ; 37           ; 1                     ; 0                  ; no     ; no             ; no              ; no       ; Off          ; 2.5 V        ; Off         ; --                        ; Fitter               ; no        ;
; instrucao[13]        ; AC28  ; 5B       ; 89           ; 20           ; 77           ; 1                     ; 0                  ; no     ; no             ; no              ; no       ; Off          ; 2.5 V        ; Off         ; --                        ; Fitter               ; no        ;
; instrucao[14]        ; AD30  ; 5B       ; 89           ; 25           ; 37           ; 1                     ; 0                  ; no     ; no             ; no              ; no       ; Off          ; 2.5 V        ; Off         ; --                        ; Fitter               ; no        ;
; instrucao[15]        ; AC29  ; 5B       ; 89           ; 20           ; 94           ; 1                     ; 0                  ; no     ; no             ; no              ; no       ; Off          ; 2.5 V        ; Off         ; --                        ; Fitter               ; no        ;
; instrucao[16]        ; AD29  ; 5B       ; 89           ; 23           ; 54           ; 1                     ; 0                  ; no     ; no             ; no              ; no       ; Off          ; 2.5 V        ; Off         ; --                        ; Fitter               ; no        ;
; instrucao[17]        ; AA25  ; 5A       ; 89           ; 9            ; 37           ; 1                     ; 0                  ; no     ; no             ; no              ; no       ; Off          ; 2.5 V        ; Off         ; --                        ; Fitter               ; no        ;
; instrucao[18]        ; Y26   ; 5B       ; 89           ; 25           ; 3            ; 1                     ; 0                  ; no     ; no             ; no              ; no       ; Off          ; 2.5 V        ; Off         ; --                        ; Fitter               ; no        ;
; instrucao[19]        ; AB27  ; 5B       ; 89           ; 23           ; 20           ; 1                     ; 0                  ; no     ; no             ; no              ; no       ; Off          ; 2.5 V        ; Off         ; --                        ; Fitter               ; no        ;
; instrucao[1]         ; Y23   ; 5A       ; 89           ; 13           ; 3            ; 0                     ; 0                  ; no     ; no             ; no              ; no       ; Off          ; 2.5 V        ; Off         ; --                        ; Fitter               ; no        ;
; instrucao[20]        ; AG30  ; 5A       ; 89           ; 16           ; 54           ; 1                     ; 0                  ; no     ; no             ; no              ; no       ; Off          ; 2.5 V        ; Off         ; --                        ; Fitter               ; no        ;
; instrucao[21]        ; AG28  ; 5A       ; 89           ; 13           ; 37           ; 1                     ; 0                  ; no     ; no             ; no              ; no       ; Off          ; 2.5 V        ; Off         ; --                        ; Fitter               ; no        ;
; instrucao[22]        ; AF29  ; 5A       ; 89           ; 15           ; 37           ; 1                     ; 0                  ; no     ; no             ; no              ; no       ; Off          ; 2.5 V        ; Off         ; --                        ; Fitter               ; no        ;
; instrucao[23]        ; AE27  ; 5A       ; 89           ; 11           ; 77           ; 1                     ; 0                  ; no     ; no             ; no              ; no       ; Off          ; 2.5 V        ; Off         ; --                        ; Fitter               ; no        ;
; instrucao[24]        ; AH30  ; 5A       ; 89           ; 16           ; 37           ; 1                     ; 0                  ; no     ; no             ; no              ; no       ; Off          ; 2.5 V        ; Off         ; --                        ; Fitter               ; no        ;
; instrucao[25]        ; AF30  ; 5A       ; 89           ; 15           ; 54           ; 1                     ; 0                  ; no     ; no             ; no              ; no       ; Off          ; 2.5 V        ; Off         ; --                        ; Fitter               ; no        ;
; instrucao[26]        ; AE28  ; 5A       ; 89           ; 11           ; 94           ; 1                     ; 0                  ; no     ; no             ; no              ; no       ; Off          ; 2.5 V        ; Off         ; --                        ; Fitter               ; no        ;
; instrucao[27]        ; AB26  ; 5A       ; 89           ; 9            ; 54           ; 1                     ; 0                  ; no     ; no             ; no              ; no       ; Off          ; 2.5 V        ; Off         ; --                        ; Fitter               ; no        ;
; instrucao[28]        ; AF28  ; 5A       ; 89           ; 13           ; 54           ; 1                     ; 0                  ; no     ; no             ; no              ; no       ; Off          ; 2.5 V        ; Off         ; --                        ; Fitter               ; no        ;
; instrucao[29]        ; AD27  ; 5A       ; 89           ; 8            ; 54           ; 1                     ; 0                  ; no     ; no             ; no              ; no       ; Off          ; 2.5 V        ; Off         ; --                        ; Fitter               ; no        ;
; instrucao[2]         ; AA24  ; 5A       ; 89           ; 11           ; 43           ; 0                     ; 0                  ; no     ; no             ; no              ; no       ; Off          ; 2.5 V        ; Off         ; --                        ; Fitter               ; no        ;
; instrucao[30]        ; AJ29  ; 5A       ; 89           ; 6            ; 37           ; 1                     ; 0                  ; no     ; no             ; no              ; no       ; Off          ; 2.5 V        ; Off         ; --                        ; Fitter               ; no        ;
; instrucao[31]        ; AH29  ; 5A       ; 89           ; 6            ; 54           ; 1                     ; 0                  ; no     ; no             ; no              ; no       ; Off          ; 2.5 V        ; Off         ; --                        ; Fitter               ; no        ;
; instrucao[3]         ; AB25  ; 5A       ; 89           ; 11           ; 60           ; 0                     ; 0                  ; no     ; no             ; no              ; no       ; Off          ; 2.5 V        ; Off         ; --                        ; Fitter               ; no        ;
; instrucao[4]         ; AA26  ; 5B       ; 89           ; 23           ; 3            ; 1                     ; 0                  ; no     ; no             ; no              ; no       ; Off          ; 2.5 V        ; Off         ; --                        ; Fitter               ; no        ;
; instrucao[5]         ; Y27   ; 5B       ; 89           ; 25           ; 20           ; 1                     ; 0                  ; no     ; no             ; no              ; no       ; Off          ; 2.5 V        ; Off         ; --                        ; Fitter               ; no        ;
; instrucao[6]         ; AA30  ; 5B       ; 89           ; 21           ; 20           ; 1                     ; 0                  ; no     ; no             ; no              ; no       ; Off          ; 2.5 V        ; Off         ; --                        ; Fitter               ; no        ;
; instrucao[7]         ; AB30  ; 5B       ; 89           ; 21           ; 3            ; 1                     ; 0                  ; no     ; no             ; no              ; no       ; Off          ; 2.5 V        ; Off         ; --                        ; Fitter               ; no        ;
; instrucao[8]         ; V25   ; 5B       ; 89           ; 20           ; 60           ; 1                     ; 0                  ; no     ; no             ; no              ; no       ; Off          ; 2.5 V        ; Off         ; --                        ; Fitter               ; no        ;
; instrucao[9]         ; W25   ; 5B       ; 89           ; 20           ; 43           ; 1                     ; 0                  ; no     ; no             ; no              ; no       ; Off          ; 2.5 V        ; Off         ; --                        ; Fitter               ; no        ;
; reset_input          ; AE29  ; 5B       ; 89           ; 23           ; 37           ; 1                     ; 0                  ; no     ; no             ; no              ; no       ; Off          ; 2.5 V        ; Off         ; --                        ; Fitter               ; no        ;
; sinal_wb             ; AE26  ; 5A       ; 89           ; 8            ; 37           ; 2                     ; 0                  ; no     ; no             ; no              ; no       ; Off          ; 2.5 V        ; Off         ; --                        ; Fitter               ; no        ;
+----------------------+-------+----------+--------------+--------------+--------------+-----------------------+--------------------+--------+----------------+-----------------+----------+--------------+--------------+-------------+---------------------------+----------------------+-----------+


+--------------------------------------------------------------------------------------------------------------------------------------------------------------------------------------------------------------------------------------------------------------------------------------------------------------------------------------------------------------------------------------------------------------------------------------------------------------------------------------------------------+
; Output Pins                                                                                                                                                                                                                                                                                                                                                                                                                                                                                            ;
+-------------------+-------+----------+--------------+--------------+--------------+-----------------+------------------------+-----------+-----------------+------------+---------------+----------+--------------+--------------+------------------+-----------------------------------+---------------------------+----------------------------+-----------------------------+---------------------+-----------------------------+----------------------+----------------------+---------------------+
; Name              ; Pin # ; I/O Bank ; X coordinate ; Y coordinate ; Z coordinate ; Output Register ; Output Enable Register ; Slew Rate ; PCI I/O Enabled ; Open Drain ; TRI Primitive ; Bus Hold ; Weak Pull Up ; I/O Standard ; Current Strength ; Termination                       ; Termination Control Block ; Output Buffer Pre-emphasis ; Voltage Output Differential ; Output Buffer Delay ; Output Buffer Delay Control ; Location assigned by ; Output Enable Source ; Output Enable Group ;
+-------------------+-------+----------+--------------+--------------+--------------+-----------------+------------------------+-----------+-----------------+------------+---------------+----------+--------------+--------------+------------------+-----------------------------------+---------------------------+----------------------------+-----------------------------+---------------------+-----------------------------+----------------------+----------------------+---------------------+
; blank             ; AD26  ; 5A       ; 89           ; 16           ; 3            ; no              ; no                     ; 1         ; no              ; no         ; no            ; no       ; Off          ; 2.5 V        ; Default          ; Series 50 Ohm without Calibration ; --                        ; no                         ; no                          ; 0                   ; Off                         ; Fitter               ; -                    ; -                   ;
; blue[0]           ; AB23  ; 5A       ; 89           ; 9            ; 20           ; no              ; no                     ; 1         ; no              ; no         ; no            ; no       ; Off          ; 2.5 V        ; Default          ; Series 50 Ohm without Calibration ; --                        ; no                         ; no                          ; 0                   ; Off                         ; Fitter               ; -                    ; -                   ;
; blue[1]           ; Y21   ; 5A       ; 89           ; 6            ; 20           ; no              ; no                     ; 1         ; no              ; no         ; no            ; no       ; Off          ; 2.5 V        ; Default          ; Series 50 Ohm without Calibration ; --                        ; no                         ; no                          ; 0                   ; Off                         ; Fitter               ; -                    ; -                   ;
; blue[2]           ; W21   ; 5A       ; 89           ; 8            ; 3            ; no              ; no                     ; 1         ; no              ; no         ; no            ; no       ; Off          ; 2.5 V        ; Default          ; Series 50 Ohm without Calibration ; --                        ; no                         ; no                          ; 0                   ; Off                         ; Fitter               ; -                    ; -                   ;
; blue[3]           ; W22   ; 5A       ; 89           ; 8            ; 20           ; no              ; no                     ; 1         ; no              ; no         ; no            ; no       ; Off          ; 2.5 V        ; Default          ; Series 50 Ohm without Calibration ; --                        ; no                         ; no                          ; 0                   ; Off                         ; Fitter               ; -                    ; -                   ;
; blue[4]           ; AB22  ; 5A       ; 89           ; 9            ; 3            ; no              ; no                     ; 1         ; no              ; no         ; no            ; no       ; Off          ; 2.5 V        ; Default          ; Series 50 Ohm without Calibration ; --                        ; no                         ; no                          ; 0                   ; Off                         ; Fitter               ; -                    ; -                   ;
; blue[5]           ; W20   ; 5A       ; 89           ; 6            ; 3            ; no              ; no                     ; 1         ; no              ; no         ; no            ; no       ; Off          ; 2.5 V        ; Default          ; Series 50 Ohm without Calibration ; --                        ; no                         ; no                          ; 0                   ; Off                         ; Fitter               ; -                    ; -                   ;
; blue[6]           ; AC25  ; 5A       ; 89           ; 4            ; 60           ; no              ; no                     ; 1         ; no              ; no         ; no            ; no       ; Off          ; 2.5 V        ; Default          ; Series 50 Ohm without Calibration ; --                        ; no                         ; no                          ; 0                   ; Off                         ; Fitter               ; -                    ; -                   ;
; blue[7]           ; AD25  ; 5A       ; 89           ; 4            ; 43           ; no              ; no                     ; 1         ; no              ; no         ; no            ; no       ; Off          ; 2.5 V        ; Default          ; Series 50 Ohm without Calibration ; --                        ; no                         ; no                          ; 0                   ; Off                         ; Fitter               ; -                    ; -                   ;
; clk               ; V23   ; 5A       ; 89           ; 15           ; 3            ; no              ; no                     ; 1         ; no              ; no         ; no            ; no       ; Off          ; 2.5 V        ; Default          ; Series 50 Ohm without Calibration ; --                        ; no                         ; no                          ; 0                   ; Off                         ; Fitter               ; -                    ; -                   ;
; green[0]          ; AF6   ; 3A       ; 12           ; 0            ; 34           ; no              ; no                     ; 1         ; no              ; no         ; no            ; no       ; Off          ; 2.5 V        ; Default          ; Series 50 Ohm without Calibration ; --                        ; no                         ; no                          ; 0                   ; Off                         ; Fitter               ; -                    ; -                   ;
; green[1]          ; AG2   ; 3A       ; 16           ; 0            ; 34           ; no              ; no                     ; 1         ; no              ; no         ; no            ; no       ; Off          ; 2.5 V        ; Default          ; Series 50 Ohm without Calibration ; --                        ; no                         ; no                          ; 0                   ; Off                         ; Fitter               ; -                    ; -                   ;
; green[2]          ; AH3   ; 3A       ; 16           ; 0            ; 51           ; no              ; no                     ; 1         ; no              ; no         ; no            ; no       ; Off          ; 2.5 V        ; Default          ; Series 50 Ohm without Calibration ; --                        ; no                         ; no                          ; 0                   ; Off                         ; Fitter               ; -                    ; -                   ;
; green[3]          ; AH5   ; 3A       ; 14           ; 0            ; 51           ; no              ; no                     ; 1         ; no              ; no         ; no            ; no       ; Off          ; 2.5 V        ; Default          ; Series 50 Ohm without Calibration ; --                        ; no                         ; no                          ; 0                   ; Off                         ; Fitter               ; -                    ; -                   ;
; green[4]          ; AF9   ; 3A       ; 8            ; 0            ; 34           ; no              ; no                     ; 1         ; no              ; no         ; no            ; no       ; Off          ; 2.5 V        ; Default          ; Series 50 Ohm without Calibration ; --                        ; no                         ; no                          ; 0                   ; Off                         ; Fitter               ; -                    ; -                   ;
; green[5]          ; AG6   ; 3A       ; 12           ; 0            ; 51           ; no              ; no                     ; 1         ; no              ; no         ; no            ; no       ; Off          ; 2.5 V        ; Default          ; Series 50 Ohm without Calibration ; --                        ; no                         ; no                          ; 0                   ; Off                         ; Fitter               ; -                    ; -                   ;
; green[6]          ; AG7   ; 3A       ; 10           ; 0            ; 91           ; no              ; no                     ; 1         ; no              ; no         ; no            ; no       ; Off          ; 2.5 V        ; Default          ; Series 50 Ohm without Calibration ; --                        ; no                         ; no                          ; 0                   ; Off                         ; Fitter               ; -                    ; -                   ;
; green[7]          ; AF8   ; 3A       ; 10           ; 0            ; 74           ; no              ; no                     ; 1         ; no              ; no         ; no            ; no       ; Off          ; 2.5 V        ; Default          ; Series 50 Ohm without Calibration ; --                        ; no                         ; no                          ; 0                   ; Off                         ; Fitter               ; -                    ; -                   ;
; hsync             ; AD12  ; 3A       ; 16           ; 0            ; 17           ; no              ; no                     ; 1         ; no              ; no         ; no            ; no       ; Off          ; 2.5 V        ; Default          ; Series 50 Ohm without Calibration ; --                        ; no                         ; no                          ; 0                   ; Off                         ; Fitter               ; -                    ; -                   ;
; proxima_instrucao ; Y24   ; 5A       ; 89           ; 13           ; 20           ; no              ; no                     ; 1         ; no              ; no         ; no            ; no       ; Off          ; 2.5 V        ; Default          ; Series 50 Ohm without Calibration ; --                        ; no                         ; no                          ; 0                   ; Off                         ; Fitter               ; -                    ; -                   ;
; red[0]            ; AH4   ; 3A       ; 6            ; 0            ; 51           ; no              ; no                     ; 1         ; no              ; no         ; no            ; no       ; Off          ; 2.5 V        ; Default          ; Series 50 Ohm without Calibration ; --                        ; no                         ; no                          ; 0                   ; Off                         ; Fitter               ; -                    ; -                   ;
; red[1]            ; AE11  ; 3A       ; 4            ; 0            ; 34           ; no              ; no                     ; 1         ; no              ; no         ; no            ; no       ; Off          ; 2.5 V        ; Default          ; Series 50 Ohm without Calibration ; --                        ; no                         ; no                          ; 0                   ; Off                         ; Fitter               ; -                    ; -                   ;
; red[2]            ; AD9   ; 3A       ; 2            ; 0            ; 74           ; no              ; no                     ; 1         ; no              ; no         ; no            ; no       ; Off          ; 2.5 V        ; Default          ; Series 50 Ohm without Calibration ; --                        ; no                         ; no                          ; 0                   ; Off                         ; Fitter               ; -                    ; -                   ;
; red[3]            ; AG8   ; 3A       ; 8            ; 0            ; 51           ; no              ; no                     ; 1         ; no              ; no         ; no            ; no       ; Off          ; 2.5 V        ; Default          ; Series 50 Ohm without Calibration ; --                        ; no                         ; no                          ; 0                   ; Off                         ; Fitter               ; -                    ; -                   ;
; red[4]            ; AE9   ; 3A       ; 2            ; 0            ; 91           ; no              ; no                     ; 1         ; no              ; no         ; no            ; no       ; Off          ; 2.5 V        ; Default          ; Series 50 Ohm without Calibration ; --                        ; no                         ; no                          ; 0                   ; Off                         ; Fitter               ; -                    ; -                   ;
; red[5]            ; AF10  ; 3A       ; 4            ; 0            ; 51           ; no              ; no                     ; 1         ; no              ; no         ; no            ; no       ; Off          ; 2.5 V        ; Default          ; Series 50 Ohm without Calibration ; --                        ; no                         ; no                          ; 0                   ; Off                         ; Fitter               ; -                    ; -                   ;
; red[6]            ; AG3   ; 3A       ; 6            ; 0            ; 34           ; no              ; no                     ; 1         ; no              ; no         ; no            ; no       ; Off          ; 2.5 V        ; Default          ; Series 50 Ohm without Calibration ; --                        ; no                         ; no                          ; 0                   ; Off                         ; Fitter               ; -                    ; -                   ;
; red[7]            ; AG5   ; 3A       ; 14           ; 0            ; 34           ; no              ; no                     ; 1         ; no              ; no         ; no            ; no       ; Off          ; 2.5 V        ; Default          ; Series 50 Ohm without Calibration ; --                        ; no                         ; no                          ; 0                   ; Off                         ; Fitter               ; -                    ; -                   ;
; sync              ; W24   ; 5A       ; 89           ; 15           ; 20           ; no              ; no                     ; 1         ; no              ; no         ; no            ; no       ; Off          ; 2.5 V        ; Default          ; Series 50 Ohm without Calibration ; --                        ; no                         ; no                          ; 0                   ; Off                         ; Fitter               ; -                    ; -                   ;
; vsync             ; AJ1   ; 3A       ; 14           ; 0            ; 0            ; no              ; no                     ; 1         ; no              ; no         ; no            ; no       ; Off          ; 2.5 V        ; Default          ; Series 50 Ohm without Calibration ; --                        ; no                         ; no                          ; 0                   ; Off                         ; Fitter               ; -                    ; -                   ;
+-------------------+-------+----------+--------------+--------------+--------------+-----------------+------------------------+-----------+-----------------+------------+---------------+----------+--------------+--------------+------------------+-----------------------------------+---------------------------+----------------------------+-----------------------------+---------------------+-----------------------------+----------------------+----------------------+---------------------+


+-----------------------------------------------------------------------------+
; I/O Bank Usage                                                              ;
+----------+-------------------+---------------+--------------+---------------+
; I/O Bank ; Usage             ; VCCIO Voltage ; VREF Voltage ; VCCPD Voltage ;
+----------+-------------------+---------------+--------------+---------------+
; B2L      ; 0 / 0 ( -- )      ; --            ; --           ; --            ;
; B1L      ; 0 / 0 ( -- )      ; --            ; --           ; --            ;
; 3A       ; 18 / 32 ( 56 % )  ; 2.5V          ; --           ; 2.5V          ;
; 3B       ; 0 / 48 ( 0 % )    ; 2.5V          ; --           ; 2.5V          ;
; 4A       ; 0 / 80 ( 0 % )    ; 2.5V          ; --           ; 2.5V          ;
; 5A       ; 32 / 32 ( 100 % ) ; 2.5V          ; --           ; 2.5V          ;
; 5B       ; 16 / 16 ( 100 % ) ; 2.5V          ; --           ; 2.5V          ;
; 6B       ; 0 / 44 ( 0 % )    ; 2.5V          ; --           ; 2.5V          ;
; 6A       ; 0 / 56 ( 0 % )    ; 2.5V          ; --           ; 2.5V          ;
; 7A       ; 0 / 19 ( 0 % )    ; 2.5V          ; --           ; 2.5V          ;
; 7B       ; 0 / 22 ( 0 % )    ; 2.5V          ; --           ; 2.5V          ;
; 7C       ; 0 / 12 ( 0 % )    ; 2.5V          ; --           ; 2.5V          ;
; 7D       ; 0 / 14 ( 0 % )    ; 2.5V          ; --           ; 2.5V          ;
; 8A       ; 1 / 80 ( 1 % )    ; 2.5V          ; --           ; 2.5V          ;
+----------+-------------------+---------------+--------------+---------------+


+-----------------------------------------------------------------------------------------------------------------------------------------------------------------------------------+
; All Package Pins                                                                                                                                                                  ;
+----------+------------+----------------+---------------------------------+--------+--------------+---------------------+--------------+-----------------+----------+--------------+
; Location ; Pad Number ; I/O Bank       ; Pin Name/Usage                  ; Dir.   ; I/O Standard ; Voltage             ; I/O Type     ; User Assignment ; Bus Hold ; Weak Pull Up ;
+----------+------------+----------------+---------------------------------+--------+--------------+---------------------+--------------+-----------------+----------+--------------+
; A2       ;            ;                ; GND                             ; gnd    ;              ;                     ; --           ;                 ; --       ; --           ;
; A3       ; 493        ; 8A             ; RESERVED_INPUT_WITH_WEAK_PULLUP ;        ;              ;                     ; Column I/O   ;                 ; no       ; On           ;
; A4       ; 491        ; 8A             ; RESERVED_INPUT_WITH_WEAK_PULLUP ;        ;              ;                     ; Column I/O   ;                 ; no       ; On           ;
; A5       ; 489        ; 8A             ; RESERVED_INPUT_WITH_WEAK_PULLUP ;        ;              ;                     ; Column I/O   ;                 ; no       ; On           ;
; A6       ; 487        ; 8A             ; RESERVED_INPUT_WITH_WEAK_PULLUP ;        ;              ;                     ; Column I/O   ;                 ; no       ; On           ;
; A7       ;            ; 8A             ; VCCIO8A                         ; power  ;              ; 2.5V                ; --           ;                 ; --       ; --           ;
; A8       ; 473        ; 8A             ; RESERVED_INPUT_WITH_WEAK_PULLUP ;        ;              ;                     ; Column I/O   ;                 ; no       ; On           ;
; A9       ; 471        ; 8A             ; RESERVED_INPUT_WITH_WEAK_PULLUP ;        ;              ;                     ; Column I/O   ;                 ; no       ; On           ;
; A10      ; 465        ; 8A             ; RESERVED_INPUT_WITH_WEAK_PULLUP ;        ;              ;                     ; Column I/O   ;                 ; no       ; On           ;
; A11      ; 463        ; 8A             ; RESERVED_INPUT_WITH_WEAK_PULLUP ;        ;              ;                     ; Column I/O   ;                 ; no       ; On           ;
; A12      ;            ;                ; GND                             ; gnd    ;              ;                     ; --           ;                 ; --       ; --           ;
; A13      ; 461        ; 8A             ; RESERVED_INPUT_WITH_WEAK_PULLUP ;        ;              ;                     ; Column I/O   ;                 ; no       ; On           ;
; A14      ; 455        ; 7D             ; RESERVED_INPUT_WITH_WEAK_PULLUP ;        ;              ;                     ; Column I/O   ;                 ; no       ; On           ;
; A15      ; 447        ; 7D             ; RESERVED_INPUT_WITH_WEAK_PULLUP ;        ;              ;                     ; Column I/O   ;                 ; no       ; On           ;
; A16      ; 439        ; 7C             ; RESERVED_INPUT_WITH_WEAK_PULLUP ;        ;              ;                     ; Column I/O   ;                 ; no       ; On           ;
; A17      ;            ;                ; GND                             ; gnd    ;              ;                     ; --           ;                 ; --       ; --           ;
; A18      ; 425        ; 7B             ; RESERVED_INPUT_WITH_WEAK_PULLUP ;        ;              ;                     ; Column I/O   ;                 ; no       ; On           ;
; A19      ; 423        ; 7B             ; RESERVED_INPUT_WITH_WEAK_PULLUP ;        ;              ;                     ; Column I/O   ;                 ; no       ; On           ;
; A20      ; 415        ; 7B             ; RESERVED_INPUT_WITH_WEAK_PULLUP ;        ;              ;                     ; Column I/O   ;                 ; no       ; On           ;
; A21      ; 411        ; 7B             ; RESERVED_INPUT_WITH_WEAK_PULLUP ;        ;              ;                     ; Column I/O   ;                 ; no       ; On           ;
; A22      ;            ;                ; GND                             ; gnd    ;              ;                     ; --           ;                 ; --       ; --           ;
; A23      ; 395        ; 7A             ; RESERVED_INPUT_WITH_WEAK_PULLUP ;        ;              ;                     ; Column I/O   ;                 ; no       ; On           ;
; A24      ; 391        ; 7A             ; RESERVED_INPUT_WITH_WEAK_PULLUP ;        ;              ;                     ; Column I/O   ;                 ; no       ; On           ;
; A25      ; 389        ; 7A             ; RESERVED_INPUT_WITH_WEAK_PULLUP ;        ;              ;                     ; Column I/O   ;                 ; no       ; On           ;
; A26      ; 382        ; 7A             ; ^GND                            ;        ;              ;                     ; --           ;                 ; --       ; --           ;
; A27      ;            ;                ; GND                             ; gnd    ;              ;                     ; --           ;                 ; --       ; --           ;
; A28      ; 380        ; 7A             ; ^HPS_TRST                       ;        ;              ;                     ; --           ;                 ; --       ; --           ;
; A29      ; 378        ; 7A             ; ^HPS_TMS                        ;        ;              ;                     ; --           ;                 ; --       ; --           ;
; AA1      ;            ;                ; GND                             ; gnd    ;              ;                     ; --           ;                 ; --       ; --           ;
; AA2      ;            ;                ; GND                             ; gnd    ;              ;                     ; --           ;                 ; --       ; --           ;
; AA3      ;            ;                ; GND                             ; gnd    ;              ;                     ; --           ;                 ; --       ; --           ;
; AA4      ;            ;                ; GND                             ; gnd    ;              ;                     ; --           ;                 ; --       ; --           ;
; AA5      ;            ; --             ; VCC                             ; power  ;              ; 1.1V                ; --           ;                 ; --       ; --           ;
; AA6      ;            ;                ; GND                             ; gnd    ;              ;                     ; --           ;                 ; --       ; --           ;
; AA7      ;            ;                ; DNU                             ;        ;              ;                     ; --           ;                 ; --       ; --           ;
; AA8      ;            ; --             ; VCCA_FPLL                       ; power  ;              ; 2.5V                ; --           ;                 ; --       ; --           ;
; AA9      ;            ;                ; GND                             ; gnd    ;              ;                     ; --           ;                 ; --       ; --           ;
; AA10     ;            ; 3A             ; VCCPD3A                         ; power  ;              ; 2.5V                ; --           ;                 ; --       ; --           ;
; AA11     ;            ;                ; GND                             ; gnd    ;              ;                     ; --           ;                 ; --       ; --           ;
; AA12     ; 74         ; 3A             ; RESERVED_INPUT_WITH_WEAK_PULLUP ;        ;              ;                     ; Column I/O   ;                 ; no       ; On           ;
; AA13     ; 90         ; 3B             ; RESERVED_INPUT_WITH_WEAK_PULLUP ;        ;              ;                     ; Column I/O   ;                 ; no       ; On           ;
; AA14     ; 122        ; 3B             ; RESERVED_INPUT_WITH_WEAK_PULLUP ;        ;              ;                     ; Column I/O   ;                 ; no       ; On           ;
; AA15     ; 120        ; 3B             ; RESERVED_INPUT_WITH_WEAK_PULLUP ;        ;              ;                     ; Column I/O   ;                 ; no       ; On           ;
; AA16     ; 146        ; 4A             ; RESERVED_INPUT_WITH_WEAK_PULLUP ;        ;              ;                     ; Column I/O   ;                 ; no       ; On           ;
; AA17     ;            ; 4A             ; VCCIO4A                         ; power  ;              ; 2.5V                ; --           ;                 ; --       ; --           ;
; AA18     ; 168        ; 4A             ; RESERVED_INPUT_WITH_WEAK_PULLUP ;        ;              ;                     ; Column I/O   ;                 ; no       ; On           ;
; AA19     ; 176        ; 4A             ; RESERVED_INPUT_WITH_WEAK_PULLUP ;        ;              ;                     ; Column I/O   ;                 ; no       ; On           ;
; AA20     ; 200        ; 4A             ; RESERVED_INPUT_WITH_WEAK_PULLUP ;        ;              ;                     ; Column I/O   ;                 ; no       ; On           ;
; AA21     ; 210        ; 4A             ; RESERVED_INPUT_WITH_WEAK_PULLUP ;        ;              ;                     ; Column I/O   ;                 ; no       ; On           ;
; AA22     ;            ;                ; GND                             ; gnd    ;              ;                     ; --           ;                 ; --       ; --           ;
; AA23     ;            ; --             ; VCCPGM                          ; power  ;              ; 1.8V/2.5V/3.0V/3.3V ; --           ;                 ; --       ; --           ;
; AA24     ; 228        ; 5A             ; instrucao[2]                    ; input  ; 2.5 V        ;                     ; Row I/O      ; N               ; no       ; Off          ;
; AA25     ; 224        ; 5A             ; instrucao[17]                   ; input  ; 2.5 V        ;                     ; Row I/O      ; N               ; no       ; Off          ;
; AA26     ; 252        ; 5B             ; instrucao[4]                    ; input  ; 2.5 V        ;                     ; Row I/O      ; N               ; no       ; Off          ;
; AA27     ;            ; 5B             ; VCCIO5B                         ; power  ;              ; 2.5V                ; --           ;                 ; --       ; --           ;
; AA28     ; 251        ; 5B             ; instrucao[11]                   ; input  ; 2.5 V        ;                     ; Row I/O      ; N               ; no       ; Off          ;
; AA29     ;            ; 5B             ; VREFB5BN0                       ; power  ;              ;                     ; --           ;                 ; --       ; --           ;
; AA30     ; 250        ; 5B             ; instrucao[6]                    ; input  ; 2.5 V        ;                     ; Row I/O      ; N               ; no       ; Off          ;
; AB1      ;            ;                ; GND                             ; gnd    ;              ;                     ; --           ;                 ; --       ; --           ;
; AB2      ;            ;                ; GND                             ; gnd    ;              ;                     ; --           ;                 ; --       ; --           ;
; AB3      ;            ;                ; DNU                             ;        ;              ;                     ; --           ;                 ; --       ; --           ;
; AB4      ;            ;                ; DNU                             ;        ;              ;                     ; --           ;                 ; --       ; --           ;
; AB5      ;            ;                ; GND                             ; gnd    ;              ;                     ; --           ;                 ; --       ; --           ;
; AB6      ;            ; --             ; VCCA_FPLL                       ; power  ;              ; 2.5V                ; --           ;                 ; --       ; --           ;
; AB7      ;            ;                ; GND                             ; gnd    ;              ;                     ; --           ;                 ; --       ; --           ;
; AB8      ; 43         ; 3A             ; ^nCSO, DATA4                    ;        ;              ;                     ; Weak Pull Up ;                 ; --       ; On           ;
; AB9      ; 42         ; 3A             ; #TDO                            ; output ;              ;                     ; --           ;                 ; --       ; --           ;
; AB10     ;            ; --             ; VCCPGM                          ; power  ;              ; 1.8V/2.5V/3.0V/3.3V ; --           ;                 ; --       ; --           ;
; AB11     ;            ; --             ; VCC_AUX                         ; power  ;              ; 2.5V                ; --           ;                 ; --       ; --           ;
; AB12     ; 72         ; 3A             ; RESERVED_INPUT_WITH_WEAK_PULLUP ;        ;              ;                     ; Column I/O   ;                 ; no       ; On           ;
; AB13     ; 88         ; 3B             ; RESERVED_INPUT_WITH_WEAK_PULLUP ;        ;              ;                     ; Column I/O   ;                 ; no       ; On           ;
; AB14     ;            ; 3B             ; VCCIO3B                         ; power  ;              ; 2.5V                ; --           ;                 ; --       ; --           ;
; AB15     ; 106        ; 3B             ; RESERVED_INPUT_WITH_WEAK_PULLUP ;        ;              ;                     ; Column I/O   ;                 ; no       ; On           ;
; AB16     ;            ; --             ; VCC_AUX                         ; power  ;              ; 2.5V                ; --           ;                 ; --       ; --           ;
; AB17     ; 144        ; 4A             ; RESERVED_INPUT_WITH_WEAK_PULLUP ;        ;              ;                     ; Column I/O   ;                 ; no       ; On           ;
; AB18     ;            ; 3B, 4A         ; VCCPD3B4A                       ; power  ;              ; 2.5V                ; --           ;                 ; --       ; --           ;
; AB19     ;            ;                ; GND                             ; gnd    ;              ;                     ; --           ;                 ; --       ; --           ;
; AB20     ;            ; 3B, 4A         ; VCCPD3B4A                       ; power  ;              ; 2.5V                ; --           ;                 ; --       ; --           ;
; AB21     ; 208        ; 4A             ; RESERVED_INPUT_WITH_WEAK_PULLUP ;        ;              ;                     ; Column I/O   ;                 ; no       ; On           ;
; AB22     ; 225        ; 5A             ; blue[4]                         ; output ; 2.5 V        ;                     ; Row I/O      ; N               ; no       ; Off          ;
; AB23     ; 227        ; 5A             ; blue[0]                         ; output ; 2.5 V        ;                     ; Row I/O      ; N               ; no       ; Off          ;
; AB24     ;            ; 5A             ; VCCIO5A                         ; power  ;              ; 2.5V                ; --           ;                 ; --       ; --           ;
; AB25     ; 230        ; 5A             ; instrucao[3]                    ; input  ; 2.5 V        ;                     ; Row I/O      ; N               ; no       ; Off          ;
; AB26     ; 226        ; 5A             ; instrucao[27]                   ; input  ; 2.5 V        ;                     ; Row I/O      ; N               ; no       ; Off          ;
; AB27     ; 254        ; 5B             ; instrucao[19]                   ; input  ; 2.5 V        ;                     ; Row I/O      ; N               ; no       ; Off          ;
; AB28     ; 249        ; 5B             ; instrucao[12]                   ; input  ; 2.5 V        ;                     ; Row I/O      ; N               ; no       ; Off          ;
; AB29     ;            ;                ; GND                             ; gnd    ;              ;                     ; --           ;                 ; --       ; --           ;
; AB30     ; 248        ; 5B             ; instrucao[7]                    ; input  ; 2.5 V        ;                     ; Row I/O      ; N               ; no       ; Off          ;
; AC1      ;            ;                ; GND                             ; gnd    ;              ;                     ; --           ;                 ; --       ; --           ;
; AC2      ;            ;                ; GND                             ; gnd    ;              ;                     ; --           ;                 ; --       ; --           ;
; AC3      ;            ;                ; GND                             ; gnd    ;              ;                     ; --           ;                 ; --       ; --           ;
; AC4      ;            ;                ; GND                             ; gnd    ;              ;                     ; --           ;                 ; --       ; --           ;
; AC5      ; 46         ; 3A             ; #TCK                            ; input  ;              ;                     ; --           ;                 ; --       ; --           ;
; AC6      ;            ;                ; GND                             ; gnd    ;              ;                     ; --           ;                 ; --       ; --           ;
; AC7      ; 45         ; 3A             ; ^AS_DATA3, DATA3                ;        ;              ;                     ; Weak Pull Up ;                 ; --       ; On           ;
; AC8      ;            ;                ; GND                             ; gnd    ;              ;                     ; --           ;                 ; --       ; --           ;
; AC9      ; 58         ; 3A             ; RESERVED_INPUT_WITH_WEAK_PULLUP ;        ;              ;                     ; Column I/O   ;                 ; no       ; On           ;
; AC10     ;            ; 3A             ; VCCPD3A                         ; power  ;              ; 2.5V                ; --           ;                 ; --       ; --           ;
; AC11     ;            ; 3A             ; VCCIO3A                         ; power  ;              ; 2.5V                ; --           ;                 ; --       ; --           ;
; AC12     ; 82         ; 3A             ; RESERVED_INPUT_WITH_WEAK_PULLUP ;        ;              ;                     ; Column I/O   ;                 ; no       ; On           ;
; AC13     ;            ; 3B, 4A         ; VCCPD3B4A                       ; power  ;              ; 2.5V                ; --           ;                 ; --       ; --           ;
; AC14     ; 104        ; 3B             ; RESERVED_INPUT_WITH_WEAK_PULLUP ;        ;              ;                     ; Column I/O   ;                 ; no       ; On           ;
; AC15     ;            ; 3B, 4A         ; VCCPD3B4A                       ; power  ;              ; 2.5V                ; --           ;                 ; --       ; --           ;
; AC16     ;            ;                ; GND                             ; gnd    ;              ;                     ; --           ;                 ; --       ; --           ;
; AC17     ;            ; 3B, 4A         ; VCCPD3B4A                       ; power  ;              ; 2.5V                ; --           ;                 ; --       ; --           ;
; AC18     ; 162        ; 4A             ; RESERVED_INPUT_WITH_WEAK_PULLUP ;        ;              ;                     ; Column I/O   ;                 ; no       ; On           ;
; AC19     ;            ; 3B, 4A         ; VCCPD3B4A                       ; power  ;              ; 2.5V                ; --           ;                 ; --       ; --           ;
; AC20     ; 186        ; 4A             ; RESERVED_INPUT_WITH_WEAK_PULLUP ;        ;              ;                     ; Column I/O   ;                 ; no       ; On           ;
; AC21     ;            ; 4A             ; VCCIO4A                         ; power  ;              ; 2.5V                ; --           ;                 ; --       ; --           ;
; AC22     ; 207        ; 4A             ; RESERVED_INPUT_WITH_WEAK_PULLUP ;        ;              ;                     ; Column I/O   ;                 ; no       ; On           ;
; AC23     ; 205        ; 4A             ; RESERVED_INPUT_WITH_WEAK_PULLUP ;        ;              ;                     ; Column I/O   ;                 ; no       ; On           ;
; AC24     ;            ; 5A             ; VREFB5AN0                       ; power  ;              ;                     ; --           ;                 ; --       ; --           ;
; AC25     ; 215        ; 5A             ; blue[6]                         ; output ; 2.5 V        ;                     ; Row I/O      ; N               ; no       ; Off          ;
; AC26     ;            ;                ; GND                             ; gnd    ;              ;                     ; --           ;                 ; --       ; --           ;
; AC27     ; 242        ; 5A             ; instrucao[0]                    ; input  ; 2.5 V        ;                     ; Row I/O      ; N               ; no       ; Off          ;
; AC28     ; 245        ; 5B             ; instrucao[13]                   ; input  ; 2.5 V        ;                     ; Row I/O      ; N               ; no       ; Off          ;
; AC29     ; 247        ; 5B             ; instrucao[15]                   ; input  ; 2.5 V        ;                     ; Row I/O      ; N               ; no       ; Off          ;
; AC30     ; 259        ; 5B             ; instrucao[10]                   ; input  ; 2.5 V        ;                     ; Row I/O      ; N               ; no       ; Off          ;
; AD1      ;            ;                ; GND                             ; gnd    ;              ;                     ; --           ;                 ; --       ; --           ;
; AD2      ;            ;                ; GND                             ; gnd    ;              ;                     ; --           ;                 ; --       ; --           ;
; AD3      ;            ;                ; DNU                             ;        ;              ;                     ; --           ;                 ; --       ; --           ;
; AD4      ;            ;                ; DNU                             ;        ;              ;                     ; --           ;                 ; --       ; --           ;
; AD5      ;            ;                ; GND                             ; gnd    ;              ;                     ; --           ;                 ; --       ; --           ;
; AD6      ;            ; 3A             ; VREFB3AN0                       ; power  ;              ;                     ; --           ;                 ; --       ; --           ;
; AD7      ; 62         ; 3A             ; RESERVED_INPUT_WITH_WEAK_PULLUP ;        ;              ;                     ; Column I/O   ;                 ; no       ; On           ;
; AD8      ;            ; 3A             ; VCCIO3A                         ; power  ;              ; 2.5V                ; --           ;                 ; --       ; --           ;
; AD9      ; 55         ; 3A             ; red[2]                          ; output ; 2.5 V        ;                     ; Column I/O   ; N               ; no       ; Off          ;
; AD10     ; 56         ; 3A             ; RESERVED_INPUT_WITH_WEAK_PULLUP ;        ;              ;                     ; Column I/O   ;                 ; no       ; On           ;
; AD11     ; 54         ; 3A             ; RESERVED_INPUT_WITH_WEAK_PULLUP ;        ;              ;                     ; Column I/O   ;                 ; no       ; On           ;
; AD12     ; 80         ; 3A             ; hsync                           ; output ; 2.5 V        ;                     ; Column I/O   ; N               ; no       ; Off          ;
; AD13     ;            ; 3B             ; VCCIO3B                         ; power  ;              ; 2.5V                ; --           ;                 ; --       ; --           ;
; AD14     ; 98         ; 3B             ; RESERVED_INPUT_WITH_WEAK_PULLUP ;        ;              ;                     ; Column I/O   ;                 ; no       ; On           ;
; AD15     ;            ;                ; DNU                             ;        ;              ;                     ; --           ;                 ; --       ; --           ;
; AD16     ;            ; 3B, 4A         ; VCCPD3B4A                       ; power  ;              ; 2.5V                ; --           ;                 ; --       ; --           ;
; AD17     ; 160        ; 4A             ; RESERVED_INPUT_WITH_WEAK_PULLUP ;        ;              ;                     ; Column I/O   ;                 ; no       ; On           ;
; AD18     ;            ; 4A             ; VCCIO4A                         ; power  ;              ; 2.5V                ; --           ;                 ; --       ; --           ;
; AD19     ; 184        ; 4A             ; RESERVED_INPUT_WITH_WEAK_PULLUP ;        ;              ;                     ; Column I/O   ;                 ; no       ; On           ;
; AD20     ; 199        ; 4A             ; RESERVED_INPUT_WITH_WEAK_PULLUP ;        ;              ;                     ; Column I/O   ;                 ; no       ; On           ;
; AD21     ; 197        ; 4A             ; RESERVED_INPUT_WITH_WEAK_PULLUP ;        ;              ;                     ; Column I/O   ;                 ; no       ; On           ;
; AD22     ;            ; --             ; VCC_AUX                         ; power  ;              ; 2.5V                ; --           ;                 ; --       ; --           ;
; AD23     ;            ;                ; GND                             ; gnd    ;              ;                     ; --           ;                 ; --       ; --           ;
; AD24     ; 211        ; 4A             ; RESERVED_INPUT_WITH_WEAK_PULLUP ;        ;              ;                     ; Column I/O   ;                 ; no       ; On           ;
; AD25     ; 213        ; 5A             ; blue[7]                         ; output ; 2.5 V        ;                     ; Row I/O      ; N               ; no       ; Off          ;
; AD26     ; 240        ; 5A             ; blank                           ; output ; 2.5 V        ;                     ; Row I/O      ; N               ; no       ; Off          ;
; AD27     ; 222        ; 5A             ; instrucao[29]                   ; input  ; 2.5 V        ;                     ; Row I/O      ; N               ; no       ; Off          ;
; AD28     ;            ; 5A             ; VCCIO5A                         ; power  ;              ; 2.5V                ; --           ;                 ; --       ; --           ;
; AD29     ; 255        ; 5B             ; instrucao[16]                   ; input  ; 2.5 V        ;                     ; Row I/O      ; N               ; no       ; Off          ;
; AD30     ; 257        ; 5B             ; instrucao[14]                   ; input  ; 2.5 V        ;                     ; Row I/O      ; N               ; no       ; Off          ;
; AE1      ;            ;                ; GND                             ; gnd    ;              ;                     ; --           ;                 ; --       ; --           ;
; AE2      ;            ;                ; GND                             ; gnd    ;              ;                     ; --           ;                 ; --       ; --           ;
; AE3      ;            ;                ; GND                             ; gnd    ;              ;                     ; --           ;                 ; --       ; --           ;
; AE4      ;            ;                ; GND                             ; gnd    ;              ;                     ; --           ;                 ; --       ; --           ;
; AE5      ; 49         ; 3A             ; ^AS_DATA1, DATA1                ;        ;              ;                     ; Weak Pull Up ;                 ; --       ; On           ;
; AE6      ; 51         ; 3A             ; ^AS_DATA0, ASDO, DATA0          ;        ;              ;                     ; Weak Pull Up ;                 ; --       ; On           ;
; AE7      ; 60         ; 3A             ; RESERVED_INPUT_WITH_WEAK_PULLUP ;        ;              ;                     ; Column I/O   ;                 ; no       ; On           ;
; AE8      ; 47         ; 3A             ; ^AS_DATA2, DATA2                ;        ;              ;                     ; Weak Pull Up ;                 ; --       ; On           ;
; AE9      ; 53         ; 3A             ; red[4]                          ; output ; 2.5 V        ;                     ; Column I/O   ; N               ; no       ; Off          ;
; AE10     ;            ;                ; GND                             ; gnd    ;              ;                     ; --           ;                 ; --       ; --           ;
; AE11     ; 59         ; 3A             ; red[1]                          ; output ; 2.5 V        ;                     ; Column I/O   ; N               ; no       ; Off          ;
; AE12     ; 52         ; 3A             ; RESERVED_INPUT_WITH_WEAK_PULLUP ;        ;              ;                     ; Column I/O   ;                 ; no       ; On           ;
; AE13     ; 95         ; 3B             ; RESERVED_INPUT_WITH_WEAK_PULLUP ;        ;              ;                     ; Column I/O   ;                 ; no       ; On           ;
; AE14     ; 96         ; 3B             ; RESERVED_INPUT_WITH_WEAK_PULLUP ;        ;              ;                     ; Column I/O   ;                 ; no       ; On           ;
; AE15     ;            ; 3B             ; VCCIO3B                         ; power  ;              ; 2.5V                ; --           ;                 ; --       ; --           ;
; AE16     ; 139        ; 4A             ; RESERVED_INPUT_WITH_WEAK_PULLUP ;        ;              ;                     ; Column I/O   ;                 ; no       ; On           ;
; AE17     ; 135        ; 4A             ; RESERVED_INPUT_WITH_WEAK_PULLUP ;        ;              ;                     ; Column I/O   ;                 ; no       ; On           ;
; AE18     ; 167        ; 4A             ; RESERVED_INPUT_WITH_WEAK_PULLUP ;        ;              ;                     ; Column I/O   ;                 ; no       ; On           ;
; AE19     ; 165        ; 4A             ; RESERVED_INPUT_WITH_WEAK_PULLUP ;        ;              ;                     ; Column I/O   ;                 ; no       ; On           ;
; AE20     ;            ;                ; GND                             ; gnd    ;              ;                     ; --           ;                 ; --       ; --           ;
; AE21     ;            ; 3B, 4A         ; VCCPD3B4A                       ; power  ;              ; 2.5V                ; --           ;                 ; --       ; --           ;
; AE22     ; 191        ; 4A             ; RESERVED_INPUT_WITH_WEAK_PULLUP ;        ;              ;                     ; Column I/O   ;                 ; no       ; On           ;
; AE23     ; 189        ; 4A             ; RESERVED_INPUT_WITH_WEAK_PULLUP ;        ;              ;                     ; Column I/O   ;                 ; no       ; On           ;
; AE24     ; 209        ; 4A             ; RESERVED_INPUT_WITH_WEAK_PULLUP ;        ;              ;                     ; Column I/O   ;                 ; no       ; On           ;
; AE25     ;            ; 4A             ; VCCIO4A                         ; power  ;              ; 2.5V                ; --           ;                 ; --       ; --           ;
; AE26     ; 220        ; 5A             ; sinal_wb                        ; input  ; 2.5 V        ;                     ; Row I/O      ; N               ; no       ; Off          ;
; AE27     ; 229        ; 5A             ; instrucao[23]                   ; input  ; 2.5 V        ;                     ; Row I/O      ; N               ; no       ; Off          ;
; AE28     ; 231        ; 5A             ; instrucao[26]                   ; input  ; 2.5 V        ;                     ; Row I/O      ; N               ; no       ; Off          ;
; AE29     ; 253        ; 5B             ; reset_input                     ; input  ; 2.5 V        ;                     ; Row I/O      ; N               ; no       ; Off          ;
; AE30     ;            ; 5B             ; VCCIO5B                         ; power  ;              ; 2.5V                ; --           ;                 ; --       ; --           ;
; AF1      ;            ;                ; GND                             ; gnd    ;              ;                     ; --           ;                 ; --       ; --           ;
; AF2      ;            ;                ; GND                             ; gnd    ;              ;                     ; --           ;                 ; --       ; --           ;
; AF3      ;            ;                ; GND                             ; gnd    ;              ;                     ; --           ;                 ; --       ; --           ;
; AF4      ; 66         ; 3A             ; RESERVED_INPUT_WITH_WEAK_PULLUP ;        ;              ;                     ; Column I/O   ;                 ; no       ; On           ;
; AF5      ; 64         ; 3A             ; RESERVED_INPUT_WITH_WEAK_PULLUP ;        ;              ;                     ; Column I/O   ;                 ; no       ; On           ;
; AF6      ; 75         ; 3A             ; green[0]                        ; output ; 2.5 V        ;                     ; Column I/O   ; N               ; no       ; Off          ;
; AF7      ;            ; 3A             ; VCCIO3A                         ; power  ;              ; 2.5V                ; --           ;                 ; --       ; --           ;
; AF8      ; 70         ; 3A             ; green[7]                        ; output ; 2.5 V        ;                     ; Column I/O   ; N               ; no       ; Off          ;
; AF9      ; 67         ; 3A             ; green[4]                        ; output ; 2.5 V        ;                     ; Column I/O   ; N               ; no       ; Off          ;
; AF10     ; 57         ; 3A             ; red[5]                          ; output ; 2.5 V        ;                     ; Column I/O   ; N               ; no       ; Off          ;
; AF11     ; 87         ; 3B             ; RESERVED_INPUT_WITH_WEAK_PULLUP ;        ;              ;                     ; Column I/O   ;                 ; no       ; On           ;
; AF12     ;            ;                ; GND                             ; gnd    ;              ;                     ; --           ;                 ; --       ; --           ;
; AF13     ; 93         ; 3B             ; RESERVED_INPUT_WITH_WEAK_PULLUP ;        ;              ;                     ; Column I/O   ;                 ; no       ; On           ;
; AF14     ; 114        ; 3B             ; RESERVED_INPUT_WITH_WEAK_PULLUP ;        ;              ;                     ; Column I/O   ;                 ; no       ; On           ;
; AF15     ; 112        ; 3B             ; RESERVED_INPUT_WITH_WEAK_PULLUP ;        ;              ;                     ; Column I/O   ;                 ; no       ; On           ;
; AF16     ; 137        ; 4A             ; RESERVED_INPUT_WITH_WEAK_PULLUP ;        ;              ;                     ; Column I/O   ;                 ; no       ; On           ;
; AF17     ;            ;                ; GND                             ; gnd    ;              ;                     ; --           ;                 ; --       ; --           ;
; AF18     ; 133        ; 4A             ; RESERVED_INPUT_WITH_WEAK_PULLUP ;        ;              ;                     ; Column I/O   ;                 ; no       ; On           ;
; AF19     ; 159        ; 4A             ; RESERVED_INPUT_WITH_WEAK_PULLUP ;        ;              ;                     ; Column I/O   ;                 ; no       ; On           ;
; AF20     ; 175        ; 4A             ; RESERVED_INPUT_WITH_WEAK_PULLUP ;        ;              ;                     ; Column I/O   ;                 ; no       ; On           ;
; AF21     ; 173        ; 4A             ; RESERVED_INPUT_WITH_WEAK_PULLUP ;        ;              ;                     ; Column I/O   ;                 ; no       ; On           ;
; AF22     ;            ; 4A             ; VCCIO4A                         ; power  ;              ; 2.5V                ; --           ;                 ; --       ; --           ;
; AF23     ; 183        ; 4A             ; RESERVED_INPUT_WITH_WEAK_PULLUP ;        ;              ;                     ; Column I/O   ;                 ; no       ; On           ;
; AF24     ; 181        ; 4A             ; RESERVED_INPUT_WITH_WEAK_PULLUP ;        ;              ;                     ; Column I/O   ;                 ; no       ; On           ;
; AF25     ; 206        ; 4A             ; RESERVED_INPUT_WITH_WEAK_PULLUP ;        ;              ;                     ; Column I/O   ;                 ; no       ; On           ;
; AF26     ; 204        ; 4A             ; RESERVED_INPUT_WITH_WEAK_PULLUP ;        ;              ;                     ; Column I/O   ;                 ; no       ; On           ;
; AF27     ;            ;                ; GND                             ; gnd    ;              ;                     ; --           ;                 ; --       ; --           ;
; AF28     ; 235        ; 5A             ; instrucao[28]                   ; input  ; 2.5 V        ;                     ; Row I/O      ; N               ; no       ; Off          ;
; AF29     ; 237        ; 5A             ; instrucao[22]                   ; input  ; 2.5 V        ;                     ; Row I/O      ; N               ; no       ; Off          ;
; AF30     ; 239        ; 5A             ; instrucao[25]                   ; input  ; 2.5 V        ;                     ; Row I/O      ; N               ; no       ; Off          ;
; AG1      ; 71         ; 3A             ; RESERVED_INPUT_WITH_WEAK_PULLUP ;        ;              ;                     ; Column I/O   ;                 ; no       ; On           ;
; AG2      ; 83         ; 3A             ; green[1]                        ; output ; 2.5 V        ;                     ; Column I/O   ; N               ; no       ; Off          ;
; AG3      ; 63         ; 3A             ; red[6]                          ; output ; 2.5 V        ;                     ; Column I/O   ; N               ; no       ; Off          ;
; AG4      ;            ; 3A             ; VCCIO3A                         ; power  ;              ; 2.5V                ; --           ;                 ; --       ; --           ;
; AG5      ; 78         ; 3A             ; red[7]                          ; output ; 2.5 V        ;                     ; Column I/O   ; N               ; no       ; Off          ;
; AG6      ; 73         ; 3A             ; green[5]                        ; output ; 2.5 V        ;                     ; Column I/O   ; N               ; no       ; Off          ;
; AG7      ; 68         ; 3A             ; green[6]                        ; output ; 2.5 V        ;                     ; Column I/O   ; N               ; no       ; Off          ;
; AG8      ; 65         ; 3A             ; red[3]                          ; output ; 2.5 V        ;                     ; Column I/O   ; N               ; no       ; Off          ;
; AG9      ;            ;                ; GND                             ; gnd    ;              ;                     ; --           ;                 ; --       ; --           ;
; AG10     ; 86         ; 3B             ; RESERVED_INPUT_WITH_WEAK_PULLUP ;        ;              ;                     ; Column I/O   ;                 ; no       ; On           ;
; AG11     ; 85         ; 3B             ; RESERVED_INPUT_WITH_WEAK_PULLUP ;        ;              ;                     ; Column I/O   ;                 ; no       ; On           ;
; AG12     ; 103        ; 3B             ; RESERVED_INPUT_WITH_WEAK_PULLUP ;        ;              ;                     ; Column I/O   ;                 ; no       ; On           ;
; AG13     ; 101        ; 3B             ; RESERVED_INPUT_WITH_WEAK_PULLUP ;        ;              ;                     ; Column I/O   ;                 ; no       ; On           ;
; AG14     ;            ;                ; GND                             ; gnd    ;              ;                     ; --           ;                 ; --       ; --           ;
; AG15     ; 127        ; 3B             ; RESERVED_INPUT_WITH_WEAK_PULLUP ;        ;              ;                     ; Column I/O   ;                 ; no       ; On           ;
; AG16     ; 134        ; 4A             ; RESERVED_INPUT_WITH_WEAK_PULLUP ;        ;              ;                     ; Column I/O   ;                 ; no       ; On           ;
; AG17     ; 132        ; 4A             ; RESERVED_INPUT_WITH_WEAK_PULLUP ;        ;              ;                     ; Column I/O   ;                 ; no       ; On           ;
; AG18     ; 150        ; 4A             ; RESERVED_INPUT_WITH_WEAK_PULLUP ;        ;              ;                     ; Column I/O   ;                 ; no       ; On           ;
; AG19     ;            ; 4A             ; VCCIO4A                         ; power  ;              ; 2.5V                ; --           ;                 ; --       ; --           ;
; AG20     ; 157        ; 4A             ; RESERVED_INPUT_WITH_WEAK_PULLUP ;        ;              ;                     ; Column I/O   ;                 ; no       ; On           ;
; AG21     ; 143        ; 4A             ; RESERVED_INPUT_WITH_WEAK_PULLUP ;        ;              ;                     ; Column I/O   ;                 ; no       ; On           ;
; AG22     ; 166        ; 4A             ; RESERVED_INPUT_WITH_WEAK_PULLUP ;        ;              ;                     ; Column I/O   ;                 ; no       ; On           ;
; AG23     ; 163        ; 4A             ; RESERVED_INPUT_WITH_WEAK_PULLUP ;        ;              ;                     ; Column I/O   ;                 ; no       ; On           ;
; AG24     ;            ;                ; GND                             ; gnd    ;              ;                     ; --           ;                 ; --       ; --           ;
; AG25     ; 190        ; 4A             ; RESERVED_INPUT_WITH_WEAK_PULLUP ;        ;              ;                     ; Column I/O   ;                 ; no       ; On           ;
; AG26     ; 203        ; 4A             ; RESERVED_INPUT_WITH_WEAK_PULLUP ;        ;              ;                     ; Column I/O   ;                 ; no       ; On           ;
; AG27     ; 212        ; 5A             ; botao_zoom_out_input            ; input  ; 2.5 V        ;                     ; Row I/O      ; N               ; no       ; Off          ;
; AG28     ; 233        ; 5A             ; instrucao[21]                   ; input  ; 2.5 V        ;                     ; Row I/O      ; N               ; no       ; Off          ;
; AG29     ;            ; 5A             ; VCCIO5A                         ; power  ;              ; 2.5V                ; --           ;                 ; --       ; --           ;
; AG30     ; 243        ; 5A             ; instrucao[20]                   ; input  ; 2.5 V        ;                     ; Row I/O      ; N               ; no       ; Off          ;
; AH1      ;            ;                ; GND                             ; gnd    ;              ;                     ; --           ;                 ; --       ; --           ;
; AH2      ; 69         ; 3A             ; RESERVED_INPUT_WITH_WEAK_PULLUP ;        ;              ;                     ; Column I/O   ;                 ; no       ; On           ;
; AH3      ; 81         ; 3A             ; green[2]                        ; output ; 2.5 V        ;                     ; Column I/O   ; N               ; no       ; Off          ;
; AH4      ; 61         ; 3A             ; red[0]                          ; output ; 2.5 V        ;                     ; Column I/O   ; N               ; no       ; Off          ;
; AH5      ; 76         ; 3A             ; green[3]                        ; output ; 2.5 V        ;                     ; Column I/O   ; N               ; no       ; Off          ;
; AH6      ;            ;                ; GND                             ; gnd    ;              ;                     ; --           ;                 ; --       ; --           ;
; AH7      ; 115        ; 3B             ; RESERVED_INPUT_WITH_WEAK_PULLUP ;        ;              ;                     ; Column I/O   ;                 ; no       ; On           ;
; AH8      ; 113        ; 3B             ; RESERVED_INPUT_WITH_WEAK_PULLUP ;        ;              ;                     ; Column I/O   ;                 ; no       ; On           ;
; AH9      ; 84         ; 3B             ; RESERVED_INPUT_WITH_WEAK_PULLUP ;        ;              ;                     ; Column I/O   ;                 ; no       ; On           ;
; AH10     ; 118        ; 3B             ; RESERVED_INPUT_WITH_WEAK_PULLUP ;        ;              ;                     ; Column I/O   ;                 ; no       ; On           ;
; AH11     ;            ;                ; GND                             ; gnd    ;              ;                     ; --           ;                 ; --       ; --           ;
; AH12     ; 126        ; 3B             ; RESERVED_INPUT_WITH_WEAK_PULLUP ;        ;              ;                     ; Column I/O   ;                 ; no       ; On           ;
; AH13     ; 111        ; 3B             ; RESERVED_INPUT_WITH_WEAK_PULLUP ;        ;              ;                     ; Column I/O   ;                 ; no       ; On           ;
; AH14     ; 109        ; 3B             ; RESERVED_INPUT_WITH_WEAK_PULLUP ;        ;              ;                     ; Column I/O   ;                 ; no       ; On           ;
; AH15     ; 125        ; 3B             ; RESERVED_INPUT_WITH_WEAK_PULLUP ;        ;              ;                     ; Column I/O   ;                 ; no       ; On           ;
; AH16     ;            ; 4A             ; VCCIO4A                         ; power  ;              ; 2.5V                ; --           ;                 ; --       ; --           ;
; AH17     ; 147        ; 4A             ; RESERVED_INPUT_WITH_WEAK_PULLUP ;        ;              ;                     ; Column I/O   ;                 ; no       ; On           ;
; AH18     ; 145        ; 4A             ; RESERVED_INPUT_WITH_WEAK_PULLUP ;        ;              ;                     ; Column I/O   ;                 ; no       ; On           ;
; AH19     ; 148        ; 4A             ; RESERVED_INPUT_WITH_WEAK_PULLUP ;        ;              ;                     ; Column I/O   ;                 ; no       ; On           ;
; AH20     ; 141        ; 4A             ; RESERVED_INPUT_WITH_WEAK_PULLUP ;        ;              ;                     ; Column I/O   ;                 ; no       ; On           ;
; AH21     ;            ;                ; GND                             ; gnd    ;              ;                     ; --           ;                 ; --       ; --           ;
; AH22     ; 164        ; 4A             ; RESERVED_INPUT_WITH_WEAK_PULLUP ;        ;              ;                     ; Column I/O   ;                 ; no       ; On           ;
; AH23     ; 174        ; 4A             ; RESERVED_INPUT_WITH_WEAK_PULLUP ;        ;              ;                     ; Column I/O   ;                 ; no       ; On           ;
; AH24     ; 161        ; 4A             ; RESERVED_INPUT_WITH_WEAK_PULLUP ;        ;              ;                     ; Column I/O   ;                 ; no       ; On           ;
; AH25     ; 188        ; 4A             ; RESERVED_INPUT_WITH_WEAK_PULLUP ;        ;              ;                     ; Column I/O   ;                 ; no       ; On           ;
; AH26     ;            ; 4A             ; VCCIO4A                         ; power  ;              ; 2.5V                ; --           ;                 ; --       ; --           ;
; AH27     ; 201        ; 4A             ; RESERVED_INPUT_WITH_WEAK_PULLUP ;        ;              ;                     ; Column I/O   ;                 ; no       ; On           ;
; AH28     ; 214        ; 5A             ; botao_zoom_in_input             ; input  ; 2.5 V        ;                     ; Row I/O      ; N               ; no       ; Off          ;
; AH29     ; 218        ; 5A             ; instrucao[31]                   ; input  ; 2.5 V        ;                     ; Row I/O      ; N               ; no       ; Off          ;
; AH30     ; 241        ; 5A             ; instrucao[24]                   ; input  ; 2.5 V        ;                     ; Row I/O      ; N               ; no       ; Off          ;
; AJ1      ; 79         ; 3A             ; vsync                           ; output ; 2.5 V        ;                     ; Column I/O   ; N               ; no       ; Off          ;
; AJ2      ; 77         ; 3A             ; RESERVED_INPUT_WITH_WEAK_PULLUP ;        ;              ;                     ; Column I/O   ;                 ; no       ; On           ;
; AJ3      ;            ;                ; GND                             ; gnd    ;              ;                     ; --           ;                 ; --       ; --           ;
; AJ4      ; 94         ; 3B             ; RESERVED_INPUT_WITH_WEAK_PULLUP ;        ;              ;                     ; Column I/O   ;                 ; no       ; On           ;
; AJ5      ; 99         ; 3B             ; RESERVED_INPUT_WITH_WEAK_PULLUP ;        ;              ;                     ; Column I/O   ;                 ; no       ; On           ;
; AJ6      ; 102        ; 3B             ; RESERVED_INPUT_WITH_WEAK_PULLUP ;        ;              ;                     ; Column I/O   ;                 ; no       ; On           ;
; AJ7      ; 100        ; 3B             ; RESERVED_INPUT_WITH_WEAK_PULLUP ;        ;              ;                     ; Column I/O   ;                 ; no       ; On           ;
; AJ8      ;            ; 3B             ; VCCIO3B                         ; power  ;              ; 2.5V                ; --           ;                 ; --       ; --           ;
; AJ9      ; 110        ; 3B             ; RESERVED_INPUT_WITH_WEAK_PULLUP ;        ;              ;                     ; Column I/O   ;                 ; no       ; On           ;
; AJ10     ; 116        ; 3B             ; RESERVED_INPUT_WITH_WEAK_PULLUP ;        ;              ;                     ; Column I/O   ;                 ; no       ; On           ;
; AJ11     ; 119        ; 3B             ; RESERVED_INPUT_WITH_WEAK_PULLUP ;        ;              ;                     ; Column I/O   ;                 ; no       ; On           ;
; AJ12     ; 124        ; 3B             ; RESERVED_INPUT_WITH_WEAK_PULLUP ;        ;              ;                     ; Column I/O   ;                 ; no       ; On           ;
; AJ13     ;            ; 3B             ; VCCIO3B                         ; power  ;              ; 2.5V                ; --           ;                 ; --       ; --           ;
; AJ14     ; 131        ; 3B             ; RESERVED_INPUT_WITH_WEAK_PULLUP ;        ;              ;                     ; Column I/O   ;                 ; no       ; On           ;
; AJ15     ;            ; 3B             ; VREFB3BN0                       ; power  ;              ;                     ; --           ;                 ; --       ; --           ;
; AJ16     ; 142        ; 4A             ; RESERVED_INPUT_WITH_WEAK_PULLUP ;        ;              ;                     ; Column I/O   ;                 ; no       ; On           ;
; AJ17     ; 151        ; 4A             ; RESERVED_INPUT_WITH_WEAK_PULLUP ;        ;              ;                     ; Column I/O   ;                 ; no       ; On           ;
; AJ18     ;            ;                ; GND                             ; gnd    ;              ;                     ; --           ;                 ; --       ; --           ;
; AJ19     ; 155        ; 4A             ; RESERVED_INPUT_WITH_WEAK_PULLUP ;        ;              ;                     ; Column I/O   ;                 ; no       ; On           ;
; AJ20     ; 158        ; 4A             ; RESERVED_INPUT_WITH_WEAK_PULLUP ;        ;              ;                     ; Column I/O   ;                 ; no       ; On           ;
; AJ21     ; 156        ; 4A             ; RESERVED_INPUT_WITH_WEAK_PULLUP ;        ;              ;                     ; Column I/O   ;                 ; no       ; On           ;
; AJ22     ; 172        ; 4A             ; RESERVED_INPUT_WITH_WEAK_PULLUP ;        ;              ;                     ; Column I/O   ;                 ; no       ; On           ;
; AJ23     ;            ; 4A             ; VCCIO4A                         ; power  ;              ; 2.5V                ; --           ;                 ; --       ; --           ;
; AJ24     ; 182        ; 4A             ; RESERVED_INPUT_WITH_WEAK_PULLUP ;        ;              ;                     ; Column I/O   ;                 ; no       ; On           ;
; AJ25     ; 180        ; 4A             ; RESERVED_INPUT_WITH_WEAK_PULLUP ;        ;              ;                     ; Column I/O   ;                 ; no       ; On           ;
; AJ26     ; 187        ; 4A             ; RESERVED_INPUT_WITH_WEAK_PULLUP ;        ;              ;                     ; Column I/O   ;                 ; no       ; On           ;
; AJ27     ; 195        ; 4A             ; RESERVED_INPUT_WITH_WEAK_PULLUP ;        ;              ;                     ; Column I/O   ;                 ; no       ; On           ;
; AJ28     ;            ;                ; GND                             ; gnd    ;              ;                     ; --           ;                 ; --       ; --           ;
; AJ29     ; 216        ; 5A             ; instrucao[30]                   ; input  ; 2.5 V        ;                     ; Row I/O      ; N               ; no       ; Off          ;
; AJ30     ;            ;                ; GND                             ; gnd    ;              ;                     ; --           ;                 ; --       ; --           ;
; AK2      ; 91         ; 3B             ; RESERVED_INPUT_WITH_WEAK_PULLUP ;        ;              ;                     ; Column I/O   ;                 ; no       ; On           ;
; AK3      ; 89         ; 3B             ; RESERVED_INPUT_WITH_WEAK_PULLUP ;        ;              ;                     ; Column I/O   ;                 ; no       ; On           ;
; AK4      ; 92         ; 3B             ; RESERVED_INPUT_WITH_WEAK_PULLUP ;        ;              ;                     ; Column I/O   ;                 ; no       ; On           ;
; AK5      ;            ;                ; GND                             ; gnd    ;              ;                     ; --           ;                 ; --       ; --           ;
; AK6      ; 97         ; 3B             ; RESERVED_INPUT_WITH_WEAK_PULLUP ;        ;              ;                     ; Column I/O   ;                 ; no       ; On           ;
; AK7      ; 107        ; 3B             ; RESERVED_INPUT_WITH_WEAK_PULLUP ;        ;              ;                     ; Column I/O   ;                 ; no       ; On           ;
; AK8      ; 105        ; 3B             ; RESERVED_INPUT_WITH_WEAK_PULLUP ;        ;              ;                     ; Column I/O   ;                 ; no       ; On           ;
; AK9      ; 108        ; 3B             ; RESERVED_INPUT_WITH_WEAK_PULLUP ;        ;              ;                     ; Column I/O   ;                 ; no       ; On           ;
; AK10     ;            ; 3B             ; VCCIO3B                         ; power  ;              ; 2.5V                ; --           ;                 ; --       ; --           ;
; AK11     ; 117        ; 3B             ; RESERVED_INPUT_WITH_WEAK_PULLUP ;        ;              ;                     ; Column I/O   ;                 ; no       ; On           ;
; AK12     ; 123        ; 3B             ; RESERVED_INPUT_WITH_WEAK_PULLUP ;        ;              ;                     ; Column I/O   ;                 ; no       ; On           ;
; AK13     ; 121        ; 3B             ; RESERVED_INPUT_WITH_WEAK_PULLUP ;        ;              ;                     ; Column I/O   ;                 ; no       ; On           ;
; AK14     ; 129        ; 3B             ; RESERVED_INPUT_WITH_WEAK_PULLUP ;        ;              ;                     ; Column I/O   ;                 ; no       ; On           ;
; AK15     ;            ;                ; GND                             ; gnd    ;              ;                     ; --           ;                 ; --       ; --           ;
; AK16     ; 140        ; 4A             ; RESERVED_INPUT_WITH_WEAK_PULLUP ;        ;              ;                     ; Column I/O   ;                 ; no       ; On           ;
; AK17     ;            ; 4A             ; VREFB4AN0                       ; power  ;              ;                     ; --           ;                 ; --       ; --           ;
; AK18     ; 149        ; 4A             ; RESERVED_INPUT_WITH_WEAK_PULLUP ;        ;              ;                     ; Column I/O   ;                 ; no       ; On           ;
; AK19     ; 153        ; 4A             ; RESERVED_INPUT_WITH_WEAK_PULLUP ;        ;              ;                     ; Column I/O   ;                 ; no       ; On           ;
; AK20     ;            ; 4A             ; VCCIO4A                         ; power  ;              ; 2.5V                ; --           ;                 ; --       ; --           ;
; AK21     ; 171        ; 4A             ; RESERVED_INPUT_WITH_WEAK_PULLUP ;        ;              ;                     ; Column I/O   ;                 ; no       ; On           ;
; AK22     ; 169        ; 4A             ; RESERVED_INPUT_WITH_WEAK_PULLUP ;        ;              ;                     ; Column I/O   ;                 ; no       ; On           ;
; AK23     ; 179        ; 4A             ; RESERVED_INPUT_WITH_WEAK_PULLUP ;        ;              ;                     ; Column I/O   ;                 ; no       ; On           ;
; AK24     ; 177        ; 4A             ; RESERVED_INPUT_WITH_WEAK_PULLUP ;        ;              ;                     ; Column I/O   ;                 ; no       ; On           ;
; AK25     ;            ;                ; GND                             ; gnd    ;              ;                     ; --           ;                 ; --       ; --           ;
; AK26     ; 185        ; 4A             ; RESERVED_INPUT_WITH_WEAK_PULLUP ;        ;              ;                     ; Column I/O   ;                 ; no       ; On           ;
; AK27     ; 193        ; 4A             ; RESERVED_INPUT_WITH_WEAK_PULLUP ;        ;              ;                     ; Column I/O   ;                 ; no       ; On           ;
; AK28     ; 198        ; 4A             ; RESERVED_INPUT_WITH_WEAK_PULLUP ;        ;              ;                     ; Column I/O   ;                 ; no       ; On           ;
; AK29     ; 196        ; 4A             ; RESERVED_INPUT_WITH_WEAK_PULLUP ;        ;              ;                     ; Column I/O   ;                 ; no       ; On           ;
; B1       ; 509        ; 8A             ; RESERVED_INPUT_WITH_WEAK_PULLUP ;        ;              ;                     ; Column I/O   ;                 ; no       ; On           ;
; B2       ; 507        ; 8A             ; RESERVED_INPUT_WITH_WEAK_PULLUP ;        ;              ;                     ; Column I/O   ;                 ; no       ; On           ;
; B3       ; 513        ; 8A             ; RESERVED_INPUT_WITH_WEAK_PULLUP ;        ;              ;                     ; Column I/O   ;                 ; no       ; On           ;
; B4       ;            ; 8A             ; VCCIO8A                         ; power  ;              ; 2.5V                ; --           ;                 ; --       ; --           ;
; B5       ; 512        ; 8A             ; RESERVED_INPUT_WITH_WEAK_PULLUP ;        ;              ;                     ; Column I/O   ;                 ; no       ; On           ;
; B6       ; 510        ; 8A             ; RESERVED_INPUT_WITH_WEAK_PULLUP ;        ;              ;                     ; Column I/O   ;                 ; no       ; On           ;
; B7       ; 477        ; 8A             ; RESERVED_INPUT_WITH_WEAK_PULLUP ;        ;              ;                     ; Column I/O   ;                 ; no       ; On           ;
; B8       ; 481        ; 8A             ; RESERVED_INPUT_WITH_WEAK_PULLUP ;        ;              ;                     ; Column I/O   ;                 ; no       ; On           ;
; B9       ;            ;                ; GND                             ; gnd    ;              ;                     ; --           ;                 ; --       ; --           ;
; B10      ;            ; 8A             ; VREFB8AN0                       ; power  ;              ;                     ; --           ;                 ; --       ; --           ;
; B11      ; 469        ; 8A             ; RESERVED_INPUT_WITH_WEAK_PULLUP ;        ;              ;                     ; Column I/O   ;                 ; no       ; On           ;
; B12      ; 464        ; 8A             ; RESERVED_INPUT_WITH_WEAK_PULLUP ;        ;              ;                     ; Column I/O   ;                 ; no       ; On           ;
; B13      ; 459        ; 8A             ; RESERVED_INPUT_WITH_WEAK_PULLUP ;        ;              ;                     ; Column I/O   ;                 ; no       ; On           ;
; B14      ;            ;                ; GND                             ; gnd    ;              ;                     ; --           ;                 ; --       ; --           ;
; B15      ; 451        ; 7D             ; RESERVED_INPUT_WITH_WEAK_PULLUP ;        ;              ;                     ; Column I/O   ;                 ; no       ; On           ;
; B16      ; 441        ; 7C             ; RESERVED_INPUT_WITH_WEAK_PULLUP ;        ;              ;                     ; Column I/O   ;                 ; no       ; On           ;
; B17      ; 431        ; 7C             ; RESERVED_INPUT_WITH_WEAK_PULLUP ;        ;              ;                     ; Column I/O   ;                 ; no       ; On           ;
; B18      ; 418        ; 7B             ; RESERVED_INPUT_WITH_WEAK_PULLUP ;        ;              ;                     ; Column I/O   ;                 ; no       ; On           ;
; B19      ;            ;                ; GND                             ; gnd    ;              ;                     ; --           ;                 ; --       ; --           ;
; B20      ; 417        ; 7B             ; RESERVED_INPUT_WITH_WEAK_PULLUP ;        ;              ;                     ; Column I/O   ;                 ; no       ; On           ;
; B21      ; 413        ; 7B             ; RESERVED_INPUT_WITH_WEAK_PULLUP ;        ;              ;                     ; Column I/O   ;                 ; no       ; On           ;
; B22      ; 399        ; 7A             ; RESERVED_INPUT_WITH_WEAK_PULLUP ;        ;              ;                     ; Column I/O   ;                 ; no       ; On           ;
; B23      ; 397        ; 7A             ; RESERVED_INPUT_WITH_WEAK_PULLUP ;        ;              ;                     ; Column I/O   ;                 ; no       ; On           ;
; B24      ;            ;                ; GND                             ; gnd    ;              ;                     ; --           ;                 ; --       ; --           ;
; B25      ; 387        ; 7A             ; RESERVED_INPUT_WITH_WEAK_PULLUP ;        ;              ;                     ; Column I/O   ;                 ; no       ; On           ;
; B26      ; 386        ; 7A             ; RESERVED_INPUT_WITH_WEAK_PULLUP ;        ;              ;                     ; Column I/O   ;                 ; no       ; On           ;
; B27      ; 381        ; 7A             ; ^HPS_TDI                        ;        ;              ;                     ; --           ;                 ; --       ; --           ;
; B28      ; 376        ; 7A             ; ^HPS_TDO                        ;        ;              ;                     ; --           ;                 ; --       ; --           ;
; B29      ;            ;                ; GND                             ; gnd    ;              ;                     ; --           ;                 ; --       ; --           ;
; B30      ; 365        ; 6A             ; RESERVED_INPUT_WITH_WEAK_PULLUP ;        ;              ;                     ; Row I/O      ;                 ; no       ; On           ;
; C1       ;            ;                ; GND                             ; gnd    ;              ;                     ; --           ;                 ; --       ; --           ;
; C2       ; 517        ; 8A             ; RESERVED_INPUT_WITH_WEAK_PULLUP ;        ;              ;                     ; Column I/O   ;                 ; no       ; On           ;
; C3       ; 511        ; 8A             ; RESERVED_INPUT_WITH_WEAK_PULLUP ;        ;              ;                     ; Column I/O   ;                 ; no       ; On           ;
; C4       ; 501        ; 8A             ; RESERVED_INPUT_WITH_WEAK_PULLUP ;        ;              ;                     ; Column I/O   ;                 ; no       ; On           ;
; C5       ; 497        ; 8A             ; RESERVED_INPUT_WITH_WEAK_PULLUP ;        ;              ;                     ; Column I/O   ;                 ; no       ; On           ;
; C6       ;            ;                ; GND                             ; gnd    ;              ;                     ; --           ;                 ; --       ; --           ;
; C7       ; 475        ; 8A             ; RESERVED_INPUT_WITH_WEAK_PULLUP ;        ;              ;                     ; Column I/O   ;                 ; no       ; On           ;
; C8       ; 479        ; 8A             ; RESERVED_INPUT_WITH_WEAK_PULLUP ;        ;              ;                     ; Column I/O   ;                 ; no       ; On           ;
; C9       ; 485        ; 8A             ; RESERVED_INPUT_WITH_WEAK_PULLUP ;        ;              ;                     ; Column I/O   ;                 ; no       ; On           ;
; C10      ; 483        ; 8A             ; RESERVED_INPUT_WITH_WEAK_PULLUP ;        ;              ;                     ; Column I/O   ;                 ; no       ; On           ;
; C11      ;            ; 8A             ; VCCIO8A                         ; power  ;              ; 2.5V                ; --           ;                 ; --       ; --           ;
; C12      ; 467        ; 8A             ; RESERVED_INPUT_WITH_WEAK_PULLUP ;        ;              ;                     ; Column I/O   ;                 ; no       ; On           ;
; C13      ; 462        ; 8A             ; RESERVED_INPUT_WITH_WEAK_PULLUP ;        ;              ;                     ; Column I/O   ;                 ; no       ; On           ;
; C14      ; 448        ; 7D             ; RESERVED_INPUT_WITH_WEAK_PULLUP ;        ;              ;                     ; Column I/O   ;                 ; no       ; On           ;
; C15      ; 453        ; 7D             ; RESERVED_INPUT_WITH_WEAK_PULLUP ;        ;              ;                     ; Column I/O   ;                 ; no       ; On           ;
; C16      ;            ;                ; GND                             ; gnd    ;              ;                     ; --           ;                 ; --       ; --           ;
; C17      ; 433        ; 7C             ; RESERVED_INPUT_WITH_WEAK_PULLUP ;        ;              ;                     ; Column I/O   ;                 ; no       ; On           ;
; C18      ; 435        ; 7C             ; RESERVED_INPUT_WITH_WEAK_PULLUP ;        ;              ;                     ; Column I/O   ;                 ; no       ; On           ;
; C19      ; 427        ; 7B             ; RESERVED_INPUT_WITH_WEAK_PULLUP ;        ;              ;                     ; Column I/O   ;                 ; no       ; On           ;
; C20      ; 421        ; 7B             ; RESERVED_INPUT_WITH_WEAK_PULLUP ;        ;              ;                     ; Column I/O   ;                 ; no       ; On           ;
; C21      ;            ;                ; GND                             ; gnd    ;              ;                     ; --           ;                 ; --       ; --           ;
; C22      ; 396        ; 7A             ; RESERVED_INPUT_WITH_WEAK_PULLUP ;        ;              ;                     ; Column I/O   ;                 ; no       ; On           ;
; C23      ; 401        ; 7A             ; RESERVED_INPUT_WITH_WEAK_PULLUP ;        ;              ;                     ; Column I/O   ;                 ; no       ; On           ;
; C24      ; 393        ; 7A             ; RESERVED_INPUT_WITH_WEAK_PULLUP ;        ;              ;                     ; Column I/O   ;                 ; no       ; On           ;
; C25      ; 388        ; 7A             ; RESERVED_INPUT_WITH_WEAK_PULLUP ;        ;              ;                     ; Column I/O   ;                 ; no       ; On           ;
; C26      ;            ;                ; GND                             ; gnd    ;              ;                     ; --           ;                 ; --       ; --           ;
; C27      ; 374        ; 7A             ; ^HPS_nRST                       ;        ;              ;                     ; --           ;                 ; --       ; --           ;
; C28      ; 369        ; 6A             ; RESERVED_INPUT_WITH_WEAK_PULLUP ;        ;              ;                     ; Row I/O      ;                 ; no       ; On           ;
; C29      ; 367        ; 6A             ; RESERVED_INPUT_WITH_WEAK_PULLUP ;        ;              ;                     ; Row I/O      ;                 ; no       ; On           ;
; C30      ; 363        ; 6A             ; RESERVED_INPUT_WITH_WEAK_PULLUP ;        ;              ;                     ; Row I/O      ;                 ; no       ; On           ;
; D1       ; 529        ; 8A             ; RESERVED_INPUT_WITH_WEAK_PULLUP ;        ;              ;                     ; Column I/O   ;                 ; no       ; On           ;
; D2       ; 515        ; 8A             ; RESERVED_INPUT_WITH_WEAK_PULLUP ;        ;              ;                     ; Column I/O   ;                 ; no       ; On           ;
; D3       ;            ;                ; GND                             ; gnd    ;              ;                     ; --           ;                 ; --       ; --           ;
; D4       ; 521        ; 8A             ; RESERVED_INPUT_WITH_WEAK_PULLUP ;        ;              ;                     ; Column I/O   ;                 ; no       ; On           ;
; D5       ; 499        ; 8A             ; RESERVED_INPUT_WITH_WEAK_PULLUP ;        ;              ;                     ; Column I/O   ;                 ; no       ; On           ;
; D6       ; 495        ; 8A             ; RESERVED_INPUT_WITH_WEAK_PULLUP ;        ;              ;                     ; Column I/O   ;                 ; no       ; On           ;
; D7       ; 505        ; 8A             ; RESERVED_INPUT_WITH_WEAK_PULLUP ;        ;              ;                     ; Column I/O   ;                 ; no       ; On           ;
; D8       ;            ; 8A             ; VCCIO8A                         ; power  ;              ; 2.5V                ; --           ;                 ; --       ; --           ;
; D9       ; 480        ; 8A             ; RESERVED_INPUT_WITH_WEAK_PULLUP ;        ;              ;                     ; Column I/O   ;                 ; no       ; On           ;
; D10      ; 472        ; 8A             ; RESERVED_INPUT_WITH_WEAK_PULLUP ;        ;              ;                     ; Column I/O   ;                 ; no       ; On           ;
; D11      ; 470        ; 8A             ; RESERVED_INPUT_WITH_WEAK_PULLUP ;        ;              ;                     ; Column I/O   ;                 ; no       ; On           ;
; D12      ; 496        ; 8A             ; RESERVED_INPUT_WITH_WEAK_PULLUP ;        ;              ;                     ; Column I/O   ;                 ; no       ; On           ;
; D13      ;            ;                ; GND                             ; gnd    ;              ;                     ; --           ;                 ; --       ; --           ;
; D14      ; 446        ; 7D             ; RESERVED_INPUT_WITH_WEAK_PULLUP ;        ;              ;                     ; Column I/O   ;                 ; no       ; On           ;
; D15      ; 449        ; 7D             ; RESERVED_INPUT_WITH_WEAK_PULLUP ;        ;              ;                     ; Column I/O   ;                 ; no       ; On           ;
; D16      ; 445        ; 7D             ; RESERVED_INPUT_WITH_WEAK_PULLUP ;        ;              ;                     ; Column I/O   ;                 ; no       ; On           ;
; D17      ; 440        ; 7C             ; RESERVED_INPUT_WITH_WEAK_PULLUP ;        ;              ;                     ; Column I/O   ;                 ; no       ; On           ;
; D18      ;            ; 7C             ; VCCIO7C_HPS                     ; power  ;              ; 2.5V                ; --           ;                 ; --       ; --           ;
; D19      ; 426        ; 7B             ; RESERVED_INPUT_WITH_WEAK_PULLUP ;        ;              ;                     ; Column I/O   ;                 ; no       ; On           ;
; D20      ; 420        ; 7B             ; RESERVED_INPUT_WITH_WEAK_PULLUP ;        ;              ;                     ; Column I/O   ;                 ; no       ; On           ;
; D21      ; 419        ; 7B             ; RESERVED_INPUT_WITH_WEAK_PULLUP ;        ;              ;                     ; Column I/O   ;                 ; no       ; On           ;
; D22      ; 402        ; 7A             ; RESERVED_INPUT_WITH_WEAK_PULLUP ;        ;              ;                     ; Column I/O   ;                 ; no       ; On           ;
; D23      ;            ;                ; GND                             ; gnd    ;              ;                     ; --           ;                 ; --       ; --           ;
; D24      ; 404        ; 7A             ; RESERVED_INPUT_WITH_WEAK_PULLUP ;        ;              ;                     ; Column I/O   ;                 ; no       ; On           ;
; D25      ; 384        ; 7A             ; ^HPS_CLK1                       ;        ;              ;                     ; --           ;                 ; --       ; --           ;
; D26      ; 373        ; 7A             ; ^GND                            ;        ;              ;                     ; --           ;                 ; --       ; --           ;
; D27      ; 371        ; 6A             ; HPS_RZQ_0                       ;        ;              ;                     ; --           ;                 ; no       ; On           ;
; D28      ;            ; 6A             ; VCCIO6A_HPS                     ; power  ;              ; 2.5V                ; --           ;                 ; --       ; --           ;
; D29      ; 361        ; 6A             ; RESERVED_INPUT_WITH_WEAK_PULLUP ;        ;              ;                     ; Row I/O      ;                 ; no       ; On           ;
; D30      ; 359        ; 6A             ; RESERVED_INPUT_WITH_WEAK_PULLUP ;        ;              ;                     ; Row I/O      ;                 ; no       ; On           ;
; E1       ; 527        ; 8A             ; RESERVED_INPUT_WITH_WEAK_PULLUP ;        ;              ;                     ; Column I/O   ;                 ; no       ; On           ;
; E2       ; 525        ; 8A             ; RESERVED_INPUT_WITH_WEAK_PULLUP ;        ;              ;                     ; Column I/O   ;                 ; no       ; On           ;
; E3       ; 523        ; 8A             ; RESERVED_INPUT_WITH_WEAK_PULLUP ;        ;              ;                     ; Column I/O   ;                 ; no       ; On           ;
; E4       ; 519        ; 8A             ; RESERVED_INPUT_WITH_WEAK_PULLUP ;        ;              ;                     ; Column I/O   ;                 ; no       ; On           ;
; E5       ;            ; 8A             ; VCCIO8A                         ; power  ;              ; 2.5V                ; --           ;                 ; --       ; --           ;
; E6       ; 533        ; 8A             ; RESERVED_INPUT_WITH_WEAK_PULLUP ;        ;              ;                     ; Column I/O   ;                 ; no       ; On           ;
; E7       ; 531        ; 8A             ; RESERVED_INPUT_WITH_WEAK_PULLUP ;        ;              ;                     ; Column I/O   ;                 ; no       ; On           ;
; E8       ; 503        ; 8A             ; RESERVED_INPUT_WITH_WEAK_PULLUP ;        ;              ;                     ; Column I/O   ;                 ; no       ; On           ;
; E9       ; 478        ; 8A             ; RESERVED_INPUT_WITH_WEAK_PULLUP ;        ;              ;                     ; Column I/O   ;                 ; no       ; On           ;
; E10      ;            ;                ; GND                             ; gnd    ;              ;                     ; --           ;                 ; --       ; --           ;
; E11      ; 504        ; 8A             ; RESERVED_INPUT_WITH_WEAK_PULLUP ;        ;              ;                     ; Column I/O   ;                 ; no       ; On           ;
; E12      ; 494        ; 8A             ; RESERVED_INPUT_WITH_WEAK_PULLUP ;        ;              ;                     ; Column I/O   ;                 ; no       ; On           ;
; E13      ; 488        ; 8A             ; RESERVED_INPUT_WITH_WEAK_PULLUP ;        ;              ;                     ; Column I/O   ;                 ; no       ; On           ;
; E14      ; 454        ; 7D             ; RESERVED_INPUT_WITH_WEAK_PULLUP ;        ;              ;                     ; Column I/O   ;                 ; no       ; On           ;
; E15      ;            ; 7D             ; VCCIO7D_HPS                     ; power  ;              ; 2.5V                ; --           ;                 ; --       ; --           ;
; E16      ; 443        ; 7D             ; RESERVED_INPUT_WITH_WEAK_PULLUP ;        ;              ;                     ; Column I/O   ;                 ; no       ; On           ;
; E17      ; 438        ; 7C             ; RESERVED_INPUT_WITH_WEAK_PULLUP ;        ;              ;                     ; Column I/O   ;                 ; no       ; On           ;
; E18      ; 437        ; 7C             ; RESERVED_INPUT_WITH_WEAK_PULLUP ;        ;              ;                     ; Column I/O   ;                 ; no       ; On           ;
; E19      ; 424        ; 7B             ; RESERVED_INPUT_WITH_WEAK_PULLUP ;        ;              ;                     ; Column I/O   ;                 ; no       ; On           ;
; E20      ;            ; 7B             ; VCCIO7B_HPS                     ; power  ;              ; 2.5V                ; --           ;                 ; --       ; --           ;
; E21      ; 412        ; 7B             ; RESERVED_INPUT_WITH_WEAK_PULLUP ;        ;              ;                     ; Column I/O   ;                 ; no       ; On           ;
; E22      ;            ; 7A, 7B, 7C, 7D ; VREFB7A7B7C7DN0_HPS             ; power  ;              ;                     ; --           ;                 ; --       ; --           ;
; E23      ; 394        ; 7A             ; RESERVED_INPUT_WITH_WEAK_PULLUP ;        ;              ;                     ; Column I/O   ;                 ; no       ; On           ;
; E24      ; 403        ; 7A             ; RESERVED_INPUT_WITH_WEAK_PULLUP ;        ;              ;                     ; Column I/O   ;                 ; no       ; On           ;
; E25      ;            ;                ; GND                             ; gnd    ;              ;                     ; --           ;                 ; --       ; --           ;
; E26      ;            ;                ; DNU                             ;        ;              ;                     ; --           ;                 ; --       ; --           ;
; E27      ; 357        ; 6A             ; RESERVED_INPUT_WITH_WEAK_PULLUP ;        ;              ;                     ; Row I/O      ;                 ; no       ; On           ;
; E28      ; 351        ; 6A             ; RESERVED_INPUT_WITH_WEAK_PULLUP ;        ;              ;                     ; Row I/O      ;                 ; no       ; On           ;
; E29      ; 353        ; 6A             ; RESERVED_INPUT_WITH_WEAK_PULLUP ;        ;              ;                     ; Row I/O      ;                 ; no       ; On           ;
; E30      ;            ;                ; GND                             ; gnd    ;              ;                     ; --           ;                 ; --       ; --           ;
; F1       ;            ;                ; DNU                             ;        ;              ;                     ; --           ;                 ; --       ; --           ;
; F2       ;            ;                ; GND                             ; gnd    ;              ;                     ; --           ;                 ; --       ; --           ;
; F3       ; 539        ; 9A             ; ^CONF_DONE                      ;        ;              ;                     ; --           ;                 ; --       ; --           ;
; F4       ; 541        ; 9A             ; ^nSTATUS                        ;        ;              ;                     ; --           ;                 ; --       ; --           ;
; F5       ;            ;                ; GND                             ; gnd    ;              ;                     ; --           ;                 ; --       ; --           ;
; F6       ; 537        ; 8A             ; RESERVED_INPUT_WITH_WEAK_PULLUP ;        ;              ;                     ; Column I/O   ;                 ; no       ; On           ;
; F7       ;            ;                ; GND                             ; gnd    ;              ;                     ; --           ;                 ; --       ; --           ;
; F8       ; 536        ; 8A             ; RESERVED_INPUT_WITH_WEAK_PULLUP ;        ;              ;                     ; Column I/O   ;                 ; no       ; On           ;
; F9       ; 534        ; 8A             ; RESERVED_INPUT_WITH_WEAK_PULLUP ;        ;              ;                     ; Column I/O   ;                 ; no       ; On           ;
; F10      ; 528        ; 8A             ; RESERVED_INPUT_WITH_WEAK_PULLUP ;        ;              ;                     ; Column I/O   ;                 ; no       ; On           ;
; F11      ; 502        ; 8A             ; RESERVED_INPUT_WITH_WEAK_PULLUP ;        ;              ;                     ; Column I/O   ;                 ; no       ; On           ;
; F12      ;            ; 8A             ; VCCIO8A                         ; power  ;              ; 2.5V                ; --           ;                 ; --       ; --           ;
; F13      ; 486        ; 8A             ; RESERVED_INPUT_WITH_WEAK_PULLUP ;        ;              ;                     ; Column I/O   ;                 ; no       ; On           ;
; F14      ; 468        ; 8A             ; RESERVED_INPUT_WITH_WEAK_PULLUP ;        ;              ;                     ; Column I/O   ;                 ; no       ; On           ;
; F15      ; 466        ; 8A             ; RESERVED_INPUT_WITH_WEAK_PULLUP ;        ;              ;                     ; Column I/O   ;                 ; no       ; On           ;
; F16      ; 442        ; 7D             ; RESERVED_INPUT_WITH_WEAK_PULLUP ;        ;              ;                     ; Column I/O   ;                 ; no       ; On           ;
; F17      ;            ;                ; GND                             ; gnd    ;              ;                     ; --           ;                 ; --       ; --           ;
; F18      ; 430        ; 7C             ; RESERVED_INPUT_WITH_WEAK_PULLUP ;        ;              ;                     ; Column I/O   ;                 ; no       ; On           ;
; F19      ; 410        ; 7B             ; RESERVED_INPUT_WITH_WEAK_PULLUP ;        ;              ;                     ; Column I/O   ;                 ; no       ; On           ;
; F20      ; 407        ; 7B             ; RESERVED_INPUT_WITH_WEAK_PULLUP ;        ;              ;                     ; Column I/O   ;                 ; no       ; On           ;
; F21      ; 409        ; 7B             ; RESERVED_INPUT_WITH_WEAK_PULLUP ;        ;              ;                     ; Column I/O   ;                 ; no       ; On           ;
; F22      ;            ; 7A             ; VCCIO7A_HPS                     ; power  ;              ; 2.5V                ; --           ;                 ; --       ; --           ;
; F23      ; 375        ; 7A             ; ^HPS_nPOR                       ;        ;              ;                     ; --           ;                 ; --       ; --           ;
; F24      ; 383        ; 7A             ; ^HPS_PORSEL                     ;        ;              ;                     ; --           ;                 ; --       ; --           ;
; F25      ; 385        ; 7A             ; ^HPS_CLK2                       ;        ;              ;                     ; --           ;                 ; --       ; --           ;
; F26      ; 341        ; 6A             ; RESERVED_INPUT_WITH_WEAK_PULLUP ;        ;              ;                     ; Row I/O      ;                 ; no       ; On           ;
; F27      ;            ;                ; GND                             ; gnd    ;              ;                     ; --           ;                 ; --       ; --           ;
; F28      ; 345        ; 6A             ; RESERVED_INPUT_WITH_WEAK_PULLUP ;        ;              ;                     ; Row I/O      ;                 ; no       ; On           ;
; F29      ; 349        ; 6A             ; RESERVED_INPUT_WITH_WEAK_PULLUP ;        ;              ;                     ; Row I/O      ;                 ; no       ; On           ;
; F30      ; 347        ; 6A             ; RESERVED_INPUT_WITH_WEAK_PULLUP ;        ;              ;                     ; Row I/O      ;                 ; no       ; On           ;
; G1       ;            ;                ; RREF                            ;        ;              ;                     ; --           ;                 ; --       ; --           ;
; G2       ;            ;                ; DNU                             ;        ;              ;                     ; --           ;                 ; --       ; --           ;
; G3       ;            ;                ; GND                             ; gnd    ;              ;                     ; --           ;                 ; --       ; --           ;
; G4       ;            ;                ; GND                             ; gnd    ;              ;                     ; --           ;                 ; --       ; --           ;
; G5       ; 542        ; 9A             ; ^nCE                            ;        ;              ;                     ; --           ;                 ; --       ; --           ;
; G6       ; 543        ; 9A             ; ^MSEL2                          ;        ;              ;                     ; --           ;                 ; --       ; --           ;
; G7       ; 535        ; 8A             ; RESERVED_INPUT_WITH_WEAK_PULLUP ;        ;              ;                     ; Column I/O   ;                 ; no       ; On           ;
; G8       ; 492        ; 8A             ; RESERVED_INPUT_WITH_WEAK_PULLUP ;        ;              ;                     ; Column I/O   ;                 ; no       ; On           ;
; G9       ;            ; 8A             ; VCCIO8A                         ; power  ;              ; 2.5V                ; --           ;                 ; --       ; --           ;
; G10      ; 526        ; 8A             ; RESERVED_INPUT_WITH_WEAK_PULLUP ;        ;              ;                     ; Column I/O   ;                 ; no       ; On           ;
; G11      ; 520        ; 8A             ; RESERVED_INPUT_WITH_WEAK_PULLUP ;        ;              ;                     ; Column I/O   ;                 ; no       ; On           ;
; G12      ; 518        ; 8A             ; RESERVED_INPUT_WITH_WEAK_PULLUP ;        ;              ;                     ; Column I/O   ;                 ; no       ; On           ;
; G13      ; 484        ; 8A             ; RESERVED_INPUT_WITH_WEAK_PULLUP ;        ;              ;                     ; Column I/O   ;                 ; no       ; On           ;
; G14      ;            ; 8A             ; VCCIO8A                         ; power  ;              ; 2.5V                ; --           ;                 ; --       ; --           ;
; G15      ; 460        ; 8A             ; RESERVED_INPUT_WITH_WEAK_PULLUP ;        ;              ;                     ; Column I/O   ;                 ; no       ; On           ;
; G16      ; 444        ; 7D             ; RESERVED_INPUT_WITH_WEAK_PULLUP ;        ;              ;                     ; Column I/O   ;                 ; no       ; On           ;
; G17      ; 436        ; 7C             ; RESERVED_INPUT_WITH_WEAK_PULLUP ;        ;              ;                     ; Column I/O   ;                 ; no       ; On           ;
; G18      ; 432        ; 7C             ; RESERVED_INPUT_WITH_WEAK_PULLUP ;        ;              ;                     ; Column I/O   ;                 ; no       ; On           ;
; G19      ;            ; 7B             ; VCCIO7B_HPS                     ; power  ;              ; 2.5V                ; --           ;                 ; --       ; --           ;
; G20      ; 416        ; 7B             ; RESERVED_INPUT_WITH_WEAK_PULLUP ;        ;              ;                     ; Column I/O   ;                 ; no       ; On           ;
; G21      ; 392        ; 7A             ; RESERVED_INPUT_WITH_WEAK_PULLUP ;        ;              ;                     ; Column I/O   ;                 ; no       ; On           ;
; G22      ; 400        ; 7A             ; RESERVED_INPUT_WITH_WEAK_PULLUP ;        ;              ;                     ; Column I/O   ;                 ; no       ; On           ;
; G23      ; 377        ; 7A             ; ^VCCRSTCLK_HPS                  ;        ;              ;                     ; --           ;                 ; --       ; --           ;
; G24      ;            ;                ; GND                             ; gnd    ;              ;                     ; --           ;                 ; --       ; --           ;
; G25      ; 370        ; 6A             ; RESERVED_INPUT_WITH_WEAK_PULLUP ;        ;              ;                     ; Row I/O      ;                 ; no       ; On           ;
; G26      ; 362        ; 6A             ; RESERVED_INPUT_WITH_WEAK_PULLUP ;        ;              ;                     ; Row I/O      ;                 ; no       ; On           ;
; G27      ; 339        ; 6A             ; RESERVED_INPUT_WITH_WEAK_PULLUP ;        ;              ;                     ; Row I/O      ;                 ; --       ; --           ;
; G28      ; 335        ; 6A             ; RESERVED_INPUT_WITH_WEAK_PULLUP ;        ;              ;                     ; Row I/O      ;                 ; no       ; On           ;
; G29      ;            ; 6A             ; VCCIO6A_HPS                     ; power  ;              ; 2.5V                ; --           ;                 ; --       ; --           ;
; G30      ; 343        ; 6A             ; RESERVED_INPUT_WITH_WEAK_PULLUP ;        ;              ;                     ; Row I/O      ;                 ; no       ; On           ;
; H1       ;            ;                ; GND                             ; gnd    ;              ;                     ; --           ;                 ; --       ; --           ;
; H2       ;            ;                ; GND                             ; gnd    ;              ;                     ; --           ;                 ; --       ; --           ;
; H3       ;            ;                ; DNU                             ;        ;              ;                     ; --           ;                 ; --       ; --           ;
; H4       ;            ;                ; DNU                             ;        ;              ;                     ; --           ;                 ; --       ; --           ;
; H5       ;            ;                ; GND                             ; gnd    ;              ;                     ; --           ;                 ; --       ; --           ;
; H6       ;            ; 8A             ; VCCIO8A                         ; power  ;              ; 2.5V                ; --           ;                 ; --       ; --           ;
; H7       ; 508        ; 8A             ; RESERVED_INPUT_WITH_WEAK_PULLUP ;        ;              ;                     ; Column I/O   ;                 ; no       ; On           ;
; H8       ; 490        ; 8A             ; RESERVED_INPUT_WITH_WEAK_PULLUP ;        ;              ;                     ; Column I/O   ;                 ; no       ; On           ;
; H9       ;            ; --             ; VCCBAT                          ; power  ;              ; 1.2V                ; --           ;                 ; --       ; --           ;
; H10      ;            ; --             ; VCC_AUX                         ; power  ;              ; 2.5V                ; --           ;                 ; --       ; --           ;
; H11      ;            ;                ; GND                             ; gnd    ;              ;                     ; --           ;                 ; --       ; --           ;
; H12      ; 500        ; 8A             ; RESERVED_INPUT_WITH_WEAK_PULLUP ;        ;              ;                     ; Column I/O   ;                 ; no       ; On           ;
; H13      ; 498        ; 8A             ; RESERVED_INPUT_WITH_WEAK_PULLUP ;        ;              ;                     ; Column I/O   ;                 ; no       ; On           ;
; H14      ; 482        ; 8A             ; RESERVED_INPUT_WITH_WEAK_PULLUP ;        ;              ;                     ; Column I/O   ;                 ; no       ; On           ;
; H15      ; 458        ; 8A             ; RESERVED_INPUT_WITH_WEAK_PULLUP ;        ;              ;                     ; Column I/O   ;                 ; no       ; On           ;
; H16      ;            ; 7D             ; VCCIO7D_HPS                     ; power  ;              ; 2.5V                ; --           ;                 ; --       ; --           ;
; H17      ; 434        ; 7C             ; RESERVED_INPUT_WITH_WEAK_PULLUP ;        ;              ;                     ; Column I/O   ;                 ; no       ; On           ;
; H18      ; 422        ; 7B             ; RESERVED_INPUT_WITH_WEAK_PULLUP ;        ;              ;                     ; Column I/O   ;                 ; no       ; On           ;
; H19      ; 406        ; 7B             ; RESERVED_INPUT_WITH_WEAK_PULLUP ;        ;              ;                     ; Column I/O   ;                 ; no       ; On           ;
; H20      ; 398        ; 7A             ; RESERVED_INPUT_WITH_WEAK_PULLUP ;        ;              ;                     ; Column I/O   ;                 ; no       ; On           ;
; H21      ;            ; 7A             ; VCCIO7A_HPS                     ; power  ;              ; 2.5V                ; --           ;                 ; --       ; --           ;
; H22      ; 379        ; 7A             ; ^HPS_TCK                        ;        ;              ;                     ; --           ;                 ; --       ; --           ;
; H23      ; 390        ; 7A             ; RESERVED_INPUT_WITH_WEAK_PULLUP ;        ;              ;                     ; Column I/O   ;                 ; no       ; On           ;
; H24      ; 364        ; 6A             ; RESERVED_INPUT_WITH_WEAK_PULLUP ;        ;              ;                     ; Row I/O      ;                 ; no       ; On           ;
; H25      ; 368        ; 6A             ; RESERVED_INPUT_WITH_WEAK_PULLUP ;        ;              ;                     ; Row I/O      ;                 ; no       ; On           ;
; H26      ;            ; 6A             ; VCCIO6A_HPS                     ; power  ;              ; 2.5V                ; --           ;                 ; --       ; --           ;
; H27      ; 360        ; 6A             ; RESERVED_INPUT_WITH_WEAK_PULLUP ;        ;              ;                     ; Row I/O      ;                 ; no       ; On           ;
; H28      ; 333        ; 6A             ; RESERVED_INPUT_WITH_WEAK_PULLUP ;        ;              ;                     ; Row I/O      ;                 ; no       ; On           ;
; H29      ; 331        ; 6A             ; RESERVED_INPUT_WITH_WEAK_PULLUP ;        ;              ;                     ; Row I/O      ;                 ; no       ; On           ;
; H30      ; 337        ; 6A             ; RESERVED_INPUT_WITH_WEAK_PULLUP ;        ;              ;                     ; Row I/O      ;                 ; no       ; On           ;
; J1       ;            ;                ; GND                             ; gnd    ;              ;                     ; --           ;                 ; --       ; --           ;
; J2       ;            ;                ; GND                             ; gnd    ;              ;                     ; --           ;                 ; --       ; --           ;
; J3       ;            ;                ; GND                             ; gnd    ;              ;                     ; --           ;                 ; --       ; --           ;
; J4       ;            ;                ; GND                             ; gnd    ;              ;                     ; --           ;                 ; --       ; --           ;
; J5       ; 545        ; 9A             ; ^nCONFIG                        ;        ;              ;                     ; --           ;                 ; --       ; --           ;
; J6       ; 547        ; 9A             ; ^GND                            ;        ;              ;                     ; --           ;                 ; --       ; --           ;
; J7       ; 506        ; 8A             ; RESERVED_INPUT_WITH_WEAK_PULLUP ;        ;              ;                     ; Column I/O   ;                 ; no       ; On           ;
; J8       ;            ;                ; GND                             ; gnd    ;              ;                     ; --           ;                 ; --       ; --           ;
; J9       ; 532        ; 8A             ; RESERVED_INPUT_WITH_WEAK_PULLUP ;        ;              ;                     ; Column I/O   ;                 ; no       ; On           ;
; J10      ; 530        ; 8A             ; RESERVED_INPUT_WITH_WEAK_PULLUP ;        ;              ;                     ; Column I/O   ;                 ; no       ; On           ;
; J11      ;            ; --             ; VCCPGM                          ; power  ;              ; 1.8V/2.5V/3.0V/3.3V ; --           ;                 ; --       ; --           ;
; J12      ; 516        ; 8A             ; RESERVED_INPUT_WITH_WEAK_PULLUP ;        ;              ;                     ; Column I/O   ;                 ; no       ; On           ;
; J13      ;            ; 8A             ; VCCIO8A                         ; power  ;              ; 2.5V                ; --           ;                 ; --       ; --           ;
; J14      ; 476        ; 8A             ; RESERVED_INPUT_WITH_WEAK_PULLUP ;        ;              ;                     ; Column I/O   ;                 ; no       ; On           ;
; J15      ;            ;                ; DNU                             ;        ;              ;                     ; --           ;                 ; --       ; --           ;
; J16      ;            ; --             ; VCC_AUX                         ; power  ;              ; 2.5V                ; --           ;                 ; --       ; --           ;
; J17      ;            ; 7C             ; VCCPD7C_HPS                     ; power  ;              ; 2.5V                ; --           ;                 ; --       ; --           ;
; J18      ;            ;                ; GND                             ; gnd    ;              ;                     ; --           ;                 ; --       ; --           ;
; J19      ; 408        ; 7B             ; RESERVED_INPUT_WITH_WEAK_PULLUP ;        ;              ;                     ; Column I/O   ;                 ; no       ; On           ;
; J20      ;            ; --             ; VCCRSTCLK_HPS                   ; power  ;              ; 1.8V/2.5V/3.0V/3.3V ; --           ;                 ; --       ; --           ;
; J21      ;            ; --             ; VCC_AUX_SHARED                  ; power  ;              ; 2.5V                ; --           ;                 ; --       ; --           ;
; J22      ; 372        ; 7A             ; ^GND                            ;        ;              ;                     ; --           ;                 ; --       ; --           ;
; J23      ; 354        ; 6A             ; RESERVED_INPUT_WITH_WEAK_PULLUP ;        ;              ;                     ; Row I/O      ;                 ; no       ; On           ;
; J24      ; 352        ; 6A             ; RESERVED_INPUT_WITH_WEAK_PULLUP ;        ;              ;                     ; Row I/O      ;                 ; no       ; On           ;
; J25      ; 344        ; 6A             ; RESERVED_INPUT_WITH_WEAK_PULLUP ;        ;              ;                     ; Row I/O      ;                 ; no       ; On           ;
; J26      ; 323        ; 6A             ; RESERVED_INPUT_WITH_WEAK_PULLUP ;        ;              ;                     ; Row I/O      ;                 ; no       ; On           ;
; J27      ; 346        ; 6A             ; RESERVED_INPUT_WITH_WEAK_PULLUP ;        ;              ;                     ; Row I/O      ;                 ; no       ; On           ;
; J28      ;            ;                ; GND                             ; gnd    ;              ;                     ; --           ;                 ; --       ; --           ;
; J29      ; 327        ; 6A             ; RESERVED_INPUT_WITH_WEAK_PULLUP ;        ;              ;                     ; Row I/O      ;                 ; no       ; On           ;
; J30      ; 329        ; 6A             ; RESERVED_INPUT_WITH_WEAK_PULLUP ;        ;              ;                     ; Row I/O      ;                 ; no       ; On           ;
; K1       ;            ;                ; GND                             ; gnd    ;              ;                     ; --           ;                 ; --       ; --           ;
; K2       ;            ;                ; GND                             ; gnd    ;              ;                     ; --           ;                 ; --       ; --           ;
; K3       ;            ;                ; DNU                             ;        ;              ;                     ; --           ;                 ; --       ; --           ;
; K4       ;            ;                ; DNU                             ;        ;              ;                     ; --           ;                 ; --       ; --           ;
; K5       ;            ;                ; GND                             ; gnd    ;              ;                     ; --           ;                 ; --       ; --           ;
; K6       ; 540        ; 9A             ; ^MSEL1                          ;        ;              ;                     ; --           ;                 ; --       ; --           ;
; K7       ; 522        ; 8A             ; RESERVED_INPUT_WITH_WEAK_PULLUP ;        ;              ;                     ; Column I/O   ;                 ; no       ; On           ;
; K8       ; 524        ; 8A             ; RESERVED_INPUT_WITH_WEAK_PULLUP ;        ;              ;                     ; Column I/O   ;                 ; no       ; On           ;
; K9       ;            ; --             ; VCCA_FPLL                       ; power  ;              ; 2.5V                ; --           ;                 ; --       ; --           ;
; K10      ;            ;                ; GND                             ; gnd    ;              ;                     ; --           ;                 ; --       ; --           ;
; K11      ;            ; 8A             ; VCCPD8A                         ; power  ;              ; 2.5V                ; --           ;                 ; --       ; --           ;
; K12      ; 514        ; 8A             ; RESERVED_INPUT_WITH_WEAK_PULLUP ;        ;              ;                     ; Column I/O   ;                 ; no       ; On           ;
; K13      ;            ; 8A             ; VCCPD8A                         ; power  ;              ; 2.5V                ; --           ;                 ; --       ; --           ;
; K14      ; 474        ; 8A             ; clock_50Mhz                     ; input  ; 2.5 V        ;                     ; Column I/O   ; N               ; no       ; Off          ;
; K15      ;            ;                ; GND                             ; gnd    ;              ;                     ; --           ;                 ; --       ; --           ;
; K16      ;            ; 7D             ; VCCPD7D_HPS                     ; power  ;              ; 2.5V                ; --           ;                 ; --       ; --           ;
; K17      ; 414        ; 7B             ; RESERVED_INPUT_WITH_WEAK_PULLUP ;        ;              ;                     ; Column I/O   ;                 ; no       ; On           ;
; K18      ;            ; 7B             ; VCCPD7B_HPS                     ; power  ;              ; 2.5V                ; --           ;                 ; --       ; --           ;
; K19      ;            ; 7A             ; VCCPD7A_HPS                     ; power  ;              ; 2.5V                ; --           ;                 ; --       ; --           ;
; K20      ;            ;                ; GND                             ; gnd    ;              ;                     ; --           ;                 ; --       ; --           ;
; K21      ; 366        ; 6A             ; RESERVED_INPUT_WITH_WEAK_PULLUP ;        ;              ;                     ; Row I/O      ;                 ; no       ; On           ;
; K22      ; 336        ; 6A             ; RESERVED_INPUT_WITH_WEAK_PULLUP ;        ;              ;                     ; Row I/O      ;                 ; no       ; On           ;
; K23      ; 338        ; 6A             ; RESERVED_INPUT_WITH_WEAK_PULLUP ;        ;              ;                     ; Row I/O      ;                 ; no       ; On           ;
; K24      ;            ; 6A             ; VCCIO6A_HPS                     ; power  ;              ; 2.5V                ; --           ;                 ; --       ; --           ;
; K25      ;            ;                ; GND                             ; gnd    ;              ;                     ; --           ;                 ; --       ; --           ;
; K26      ; 322        ; 6A             ; RESERVED_INPUT_WITH_WEAK_PULLUP ;        ;              ;                     ; Row I/O      ;                 ; no       ; On           ;
; K27      ; 319        ; 6A             ; RESERVED_INPUT_WITH_WEAK_PULLUP ;        ;              ;                     ; Row I/O      ;                 ; no       ; On           ;
; K28      ; 325        ; 6A             ; RESERVED_INPUT_WITH_WEAK_PULLUP ;        ;              ;                     ; Row I/O      ;                 ; no       ; On           ;
; K29      ; 321        ; 6A             ; RESERVED_INPUT_WITH_WEAK_PULLUP ;        ;              ;                     ; Row I/O      ;                 ; no       ; On           ;
; K30      ;            ; 6A             ; VCCIO6A_HPS                     ; power  ;              ; 2.5V                ; --           ;                 ; --       ; --           ;
; L1       ;            ;                ; GND                             ; gnd    ;              ;                     ; --           ;                 ; --       ; --           ;
; L2       ;            ;                ; GND                             ; gnd    ;              ;                     ; --           ;                 ; --       ; --           ;
; L3       ;            ;                ; GND                             ; gnd    ;              ;                     ; --           ;                 ; --       ; --           ;
; L4       ;            ;                ; GND                             ; gnd    ;              ;                     ; --           ;                 ; --       ; --           ;
; L5       ;            ; --             ; VCC                             ; power  ;              ; 1.1V                ; --           ;                 ; --       ; --           ;
; L6       ;            ;                ; GND                             ; gnd    ;              ;                     ; --           ;                 ; --       ; --           ;
; L7       ; 544        ; 9A             ; ^MSEL3                          ;        ;              ;                     ; --           ;                 ; --       ; --           ;
; L8       ; 538        ; 9A             ; ^MSEL0                          ;        ;              ;                     ; --           ;                 ; --       ; --           ;
; L9       ; 546        ; 9A             ; ^MSEL4                          ;        ;              ;                     ; --           ;                 ; --       ; --           ;
; L10      ;            ; 8A             ; VCCPD8A                         ; power  ;              ; 2.5V                ; --           ;                 ; --       ; --           ;
; L11      ;            ;                ; GND                             ; gnd    ;              ;                     ; --           ;                 ; --       ; --           ;
; L12      ;            ; 8A             ; VCCPD8A                         ; power  ;              ; 2.5V                ; --           ;                 ; --       ; --           ;
; L13      ;            ;                ; GND                             ; gnd    ;              ;                     ; --           ;                 ; --       ; --           ;
; L14      ;            ; 8A             ; VCCPD8A                         ; power  ;              ; 2.5V                ; --           ;                 ; --       ; --           ;
; L15      ;            ;                ; GND                             ; gnd    ;              ;                     ; --           ;                 ; --       ; --           ;
; L16      ;            ; --             ; VCC_HPS                         ; power  ;              ; 1.1V                ; --           ;                 ; --       ; --           ;
; L17      ;            ;                ; GND                             ; gnd    ;              ;                     ; --           ;                 ; --       ; --           ;
; L18      ;            ; --             ; VCC_HPS                         ; power  ;              ; 1.1V                ; --           ;                 ; --       ; --           ;
; L19      ;            ;                ; GND                             ; gnd    ;              ;                     ; --           ;                 ; --       ; --           ;
; L20      ;            ; --             ; VCC_HPS                         ; power  ;              ; 1.1V                ; --           ;                 ; --       ; --           ;
; L21      ;            ; --             ; VCCPLL_HPS                      ; power  ;              ; 2.5V                ; --           ;                 ; --       ; --           ;
; L22      ;            ;                ; GND                             ; gnd    ;              ;                     ; --           ;                 ; --       ; --           ;
; L23      ; 350        ; 6A             ; RESERVED_INPUT_WITH_WEAK_PULLUP ;        ;              ;                     ; Row I/O      ;                 ; no       ; On           ;
; L24      ; 328        ; 6A             ; RESERVED_INPUT_WITH_WEAK_PULLUP ;        ;              ;                     ; Row I/O      ;                 ; no       ; On           ;
; L25      ; 330        ; 6A             ; RESERVED_INPUT_WITH_WEAK_PULLUP ;        ;              ;                     ; Row I/O      ;                 ; no       ; On           ;
; L26      ; 320        ; 6A             ; RESERVED_INPUT_WITH_WEAK_PULLUP ;        ;              ;                     ; Row I/O      ;                 ; no       ; On           ;
; L27      ;            ; 6A             ; VCCIO6A_HPS                     ; power  ;              ; 2.5V                ; --           ;                 ; --       ; --           ;
; L28      ; 313        ; 6A             ; RESERVED_INPUT_WITH_WEAK_PULLUP ;        ;              ;                     ; Row I/O      ;                 ; no       ; On           ;
; L29      ; 315        ; 6A             ; RESERVED_INPUT_WITH_WEAK_PULLUP ;        ;              ;                     ; Row I/O      ;                 ; no       ; On           ;
; L30      ; 317        ; 6A             ; RESERVED_INPUT_WITH_WEAK_PULLUP ;        ;              ;                     ; Row I/O      ;                 ; no       ; On           ;
; M1       ;            ;                ; GND                             ; gnd    ;              ;                     ; --           ;                 ; --       ; --           ;
; M2       ;            ;                ; GND                             ; gnd    ;              ;                     ; --           ;                 ; --       ; --           ;
; M3       ;            ;                ; DNU                             ;        ;              ;                     ; --           ;                 ; --       ; --           ;
; M4       ;            ;                ; DNU                             ;        ;              ;                     ; --           ;                 ; --       ; --           ;
; M5       ;            ;                ; GND                             ; gnd    ;              ;                     ; --           ;                 ; --       ; --           ;
; M6       ;            ; --             ; VCC                             ; power  ;              ; 1.1V                ; --           ;                 ; --       ; --           ;
; M7       ;            ;                ; GND                             ; gnd    ;              ;                     ; --           ;                 ; --       ; --           ;
; M8       ;            ;                ; GND                             ; gnd    ;              ;                     ; --           ;                 ; --       ; --           ;
; M9       ;            ; --             ; VCC                             ; power  ;              ; 1.1V                ; --           ;                 ; --       ; --           ;
; M10      ;            ;                ; GND                             ; gnd    ;              ;                     ; --           ;                 ; --       ; --           ;
; M11      ;            ; --             ; VCC                             ; power  ;              ; 1.1V                ; --           ;                 ; --       ; --           ;
; M12      ;            ;                ; GND                             ; gnd    ;              ;                     ; --           ;                 ; --       ; --           ;
; M13      ;            ; --             ; VCC                             ; power  ;              ; 1.1V                ; --           ;                 ; --       ; --           ;
; M14      ;            ;                ; GND                             ; gnd    ;              ;                     ; --           ;                 ; --       ; --           ;
; M15      ;            ; --             ; VCC_HPS                         ; power  ;              ; 1.1V                ; --           ;                 ; --       ; --           ;
; M16      ;            ;                ; GND                             ; gnd    ;              ;                     ; --           ;                 ; --       ; --           ;
; M17      ; 450        ; 7D             ; RESERVED_INPUT_WITH_WEAK_PULLUP ;        ;              ;                     ; Column I/O   ;                 ; no       ; On           ;
; M18      ;            ;                ; GND                             ; gnd    ;              ;                     ; --           ;                 ; --       ; --           ;
; M19      ; 334        ; 6A             ; RESERVED_INPUT_WITH_WEAK_PULLUP ;        ;              ;                     ; Row I/O      ;                 ; no       ; On           ;
; M20      ;            ;                ; GND                             ; gnd    ;              ;                     ; --           ;                 ; --       ; --           ;
; M21      ;            ; 6A, 6B         ; VCCPD6A6B_HPS                   ; power  ;              ; 2.5V                ; --           ;                 ; --       ; --           ;
; M22      ; 308        ; 6A             ; RESERVED_INPUT_WITH_WEAK_PULLUP ;        ;              ;                     ; Row I/O      ;                 ; no       ; On           ;
; M23      ; 348        ; 6A             ; RESERVED_INPUT_WITH_WEAK_PULLUP ;        ;              ;                     ; Row I/O      ;                 ; no       ; On           ;
; M24      ;            ; 6A             ; VCCIO6A_HPS                     ; power  ;              ; 2.5V                ; --           ;                 ; --       ; --           ;
; M25      ; 324        ; 6A             ; RESERVED_INPUT_WITH_WEAK_PULLUP ;        ;              ;                     ; Row I/O      ;                 ; no       ; On           ;
; M26      ; 314        ; 6A             ; RESERVED_INPUT_WITH_WEAK_PULLUP ;        ;              ;                     ; Row I/O      ;                 ; no       ; On           ;
; M27      ; 312        ; 6A             ; RESERVED_INPUT_WITH_WEAK_PULLUP ;        ;              ;                     ; Row I/O      ;                 ; no       ; On           ;
; M28      ; 309        ; 6A             ; RESERVED_INPUT_WITH_WEAK_PULLUP ;        ;              ;                     ; Row I/O      ;                 ; no       ; On           ;
; M29      ;            ;                ; GND                             ; gnd    ;              ;                     ; --           ;                 ; --       ; --           ;
; M30      ; 311        ; 6A             ; RESERVED_INPUT_WITH_WEAK_PULLUP ;        ;              ;                     ; Row I/O      ;                 ; no       ; On           ;
; N1       ;            ;                ; GND                             ; gnd    ;              ;                     ; --           ;                 ; --       ; --           ;
; N2       ;            ;                ; GND                             ; gnd    ;              ;                     ; --           ;                 ; --       ; --           ;
; N3       ;            ;                ; GND                             ; gnd    ;              ;                     ; --           ;                 ; --       ; --           ;
; N4       ;            ;                ; GND                             ; gnd    ;              ;                     ; --           ;                 ; --       ; --           ;
; N5       ;            ; --             ; VCC                             ; power  ;              ; 1.1V                ; --           ;                 ; --       ; --           ;
; N6       ;            ;                ; GND                             ; gnd    ;              ;                     ; --           ;                 ; --       ; --           ;
; N7       ;            ; --             ; VCCA_FPLL                       ; power  ;              ; 2.5V                ; --           ;                 ; --       ; --           ;
; N8       ;            ;                ; GND                             ; gnd    ;              ;                     ; --           ;                 ; --       ; --           ;
; N9       ;            ;                ; GND                             ; gnd    ;              ;                     ; --           ;                 ; --       ; --           ;
; N10      ;            ; --             ; VCC                             ; power  ;              ; 1.1V                ; --           ;                 ; --       ; --           ;
; N11      ;            ;                ; GND                             ; gnd    ;              ;                     ; --           ;                 ; --       ; --           ;
; N12      ;            ; --             ; VCC                             ; power  ;              ; 1.1V                ; --           ;                 ; --       ; --           ;
; N13      ;            ;                ; GND                             ; gnd    ;              ;                     ; --           ;                 ; --       ; --           ;
; N14      ;            ; --             ; VCC                             ; power  ;              ; 1.1V                ; --           ;                 ; --       ; --           ;
; N15      ;            ;                ; GND                             ; gnd    ;              ;                     ; --           ;                 ; --       ; --           ;
; N16      ; 452        ; 7D             ; RESERVED_INPUT_WITH_WEAK_PULLUP ;        ;              ;                     ; Column I/O   ;                 ; no       ; On           ;
; N17      ;            ;                ; GND                             ; gnd    ;              ;                     ; --           ;                 ; --       ; --           ;
; N18      ; 332        ; 6A             ; RESERVED_INPUT_WITH_WEAK_PULLUP ;        ;              ;                     ; Row I/O      ;                 ; no       ; On           ;
; N19      ;            ;                ; GND                             ; gnd    ;              ;                     ; --           ;                 ; --       ; --           ;
; N20      ;            ; --             ; VCC_HPS                         ; power  ;              ; 1.1V                ; --           ;                 ; --       ; --           ;
; N21      ;            ; 6A             ; VCCIO6A_HPS                     ; power  ;              ; 2.5V                ; --           ;                 ; --       ; --           ;
; N22      ;            ; 6A, 6B         ; VCCPD6A6B_HPS                   ; power  ;              ; 2.5V                ; --           ;                 ; --       ; --           ;
; N23      ; 310        ; 6A             ; RESERVED_INPUT_WITH_WEAK_PULLUP ;        ;              ;                     ; Row I/O      ;                 ; no       ; On           ;
; N24      ; 318        ; 6A             ; RESERVED_INPUT_WITH_WEAK_PULLUP ;        ;              ;                     ; Row I/O      ;                 ; no       ; On           ;
; N25      ; 316        ; 6A             ; RESERVED_INPUT_WITH_WEAK_PULLUP ;        ;              ;                     ; Row I/O      ;                 ; no       ; On           ;
; N26      ;            ;                ; GND                             ; gnd    ;              ;                     ; --           ;                 ; --       ; --           ;
; N27      ; 297        ; 6B             ; RESERVED_INPUT_WITH_WEAK_PULLUP ;        ;              ;                     ; Row I/O      ;                 ; no       ; On           ;
; N28      ; 303        ; 6B             ; RESERVED_INPUT_WITH_WEAK_PULLUP ;        ;              ;                     ; Row I/O      ;                 ; no       ; On           ;
; N29      ; 305        ; 6B             ; RESERVED_INPUT_WITH_WEAK_PULLUP ;        ;              ;                     ; Row I/O      ;                 ; no       ; On           ;
; N30      ; 307        ; 6B             ; RESERVED_INPUT_WITH_WEAK_PULLUP ;        ;              ;                     ; Row I/O      ;                 ; no       ; On           ;
; P1       ;            ;                ; GND                             ; gnd    ;              ;                     ; --           ;                 ; --       ; --           ;
; P2       ;            ;                ; GND                             ; gnd    ;              ;                     ; --           ;                 ; --       ; --           ;
; P3       ;            ;                ; DNU                             ;        ;              ;                     ; --           ;                 ; --       ; --           ;
; P4       ;            ;                ; DNU                             ;        ;              ;                     ; --           ;                 ; --       ; --           ;
; P5       ;            ;                ; GND                             ; gnd    ;              ;                     ; --           ;                 ; --       ; --           ;
; P6       ;            ; --             ; VCCA_FPLL                       ; power  ;              ; 2.5V                ; --           ;                 ; --       ; --           ;
; P7       ;            ;                ; GND                             ; gnd    ;              ;                     ; --           ;                 ; --       ; --           ;
; P8       ;            ;                ; GND                             ; gnd    ;              ;                     ; --           ;                 ; --       ; --           ;
; P9       ;            ;                ; GND                             ; gnd    ;              ;                     ; --           ;                 ; --       ; --           ;
; P10      ;            ;                ; GND                             ; gnd    ;              ;                     ; --           ;                 ; --       ; --           ;
; P11      ;            ; --             ; VCC                             ; power  ;              ; 1.1V                ; --           ;                 ; --       ; --           ;
; P12      ;            ;                ; GND                             ; gnd    ;              ;                     ; --           ;                 ; --       ; --           ;
; P13      ;            ; --             ; VCC                             ; power  ;              ; 1.1V                ; --           ;                 ; --       ; --           ;
; P14      ;            ;                ; GND                             ; gnd    ;              ;                     ; --           ;                 ; --       ; --           ;
; P15      ;            ; --             ; VCC_HPS                         ; power  ;              ; 1.1V                ; --           ;                 ; --       ; --           ;
; P16      ;            ;                ; GND                             ; gnd    ;              ;                     ; --           ;                 ; --       ; --           ;
; P17      ;            ; --             ; VCC_HPS                         ; power  ;              ; 1.1V                ; --           ;                 ; --       ; --           ;
; P18      ;            ;                ; GND                             ; gnd    ;              ;                     ; --           ;                 ; --       ; --           ;
; P19      ;            ; --             ; VCC_HPS                         ; power  ;              ; 1.1V                ; --           ;                 ; --       ; --           ;
; P20      ;            ;                ; GND                             ; gnd    ;              ;                     ; --           ;                 ; --       ; --           ;
; P21      ;            ; 6A, 6B         ; VCCPD6A6B_HPS                   ; power  ;              ; 2.5V                ; --           ;                 ; --       ; --           ;
; P22      ; 294        ; 6B             ; RESERVED_INPUT_WITH_WEAK_PULLUP ;        ;              ;                     ; Row I/O      ;                 ; no       ; On           ;
; P23      ;            ; 6B             ; VCCIO6B_HPS                     ; power  ;              ; 2.5V                ; --           ;                 ; --       ; --           ;
; P24      ; 290        ; 6B             ; RESERVED_INPUT_WITH_WEAK_PULLUP ;        ;              ;                     ; Row I/O      ;                 ; no       ; On           ;
; P25      ; 288        ; 6B             ; RESERVED_INPUT_WITH_WEAK_PULLUP ;        ;              ;                     ; Row I/O      ;                 ; no       ; On           ;
; P26      ; 298        ; 6B             ; RESERVED_INPUT_WITH_WEAK_PULLUP ;        ;              ;                     ; Row I/O      ;                 ; no       ; On           ;
; P27      ; 296        ; 6B             ; RESERVED_INPUT_WITH_WEAK_PULLUP ;        ;              ;                     ; Row I/O      ;                 ; no       ; On           ;
; P28      ;            ; 6B             ; VCCIO6B_HPS                     ; power  ;              ; 2.5V                ; --           ;                 ; --       ; --           ;
; P29      ; 299        ; 6B             ; RESERVED_INPUT_WITH_WEAK_PULLUP ;        ;              ;                     ; Row I/O      ;                 ; no       ; On           ;
; P30      ; 301        ; 6B             ; RESERVED_INPUT_WITH_WEAK_PULLUP ;        ;              ;                     ; Row I/O      ;                 ; no       ; On           ;
; R1       ;            ;                ; GND                             ; gnd    ;              ;                     ; --           ;                 ; --       ; --           ;
; R2       ;            ;                ; GND                             ; gnd    ;              ;                     ; --           ;                 ; --       ; --           ;
; R3       ;            ;                ; GND                             ; gnd    ;              ;                     ; --           ;                 ; --       ; --           ;
; R4       ;            ;                ; GND                             ; gnd    ;              ;                     ; --           ;                 ; --       ; --           ;
; R5       ;            ; --             ; VCC                             ; power  ;              ; 1.1V                ; --           ;                 ; --       ; --           ;
; R6       ;            ;                ; GND                             ; gnd    ;              ;                     ; --           ;                 ; --       ; --           ;
; R7       ;            ; --             ; VCCA_FPLL                       ; power  ;              ; 2.5V                ; --           ;                 ; --       ; --           ;
; R8       ;            ;                ; GND                             ; gnd    ;              ;                     ; --           ;                 ; --       ; --           ;
; R9       ;            ;                ; GND                             ; gnd    ;              ;                     ; --           ;                 ; --       ; --           ;
; R10      ;            ; --             ; VCC                             ; power  ;              ; 1.1V                ; --           ;                 ; --       ; --           ;
; R11      ;            ;                ; GND                             ; gnd    ;              ;                     ; --           ;                 ; --       ; --           ;
; R12      ;            ; --             ; VCC                             ; power  ;              ; 1.1V                ; --           ;                 ; --       ; --           ;
; R13      ;            ;                ; GND                             ; gnd    ;              ;                     ; --           ;                 ; --       ; --           ;
; R14      ;            ; --             ; VCC                             ; power  ;              ; 1.1V                ; --           ;                 ; --       ; --           ;
; R15      ;            ;                ; GND                             ; gnd    ;              ;                     ; --           ;                 ; --       ; --           ;
; R16      ;            ; --             ; VCC_HPS                         ; power  ;              ; 1.1V                ; --           ;                 ; --       ; --           ;
; R17      ;            ;                ; GND                             ; gnd    ;              ;                     ; --           ;                 ; --       ; --           ;
; R18      ; 302        ; 6B             ; RESERVED_INPUT_WITH_WEAK_PULLUP ;        ;              ;                     ; Row I/O      ;                 ; no       ; On           ;
; R19      ; 300        ; 6B             ; RESERVED_INPUT_WITH_WEAK_PULLUP ;        ;              ;                     ; Row I/O      ;                 ; no       ; On           ;
; R20      ;            ; 6A, 6B         ; VCCPD6A6B_HPS                   ; power  ;              ; 2.5V                ; --           ;                 ; --       ; --           ;
; R21      ; 286        ; 6B             ; RESERVED_INPUT_WITH_WEAK_PULLUP ;        ;              ;                     ; Row I/O      ;                 ; no       ; On           ;
; R22      ; 284        ; 6B             ; RESERVED_INPUT_WITH_WEAK_PULLUP ;        ;              ;                     ; Row I/O      ;                 ; no       ; On           ;
; R23      ;            ; 6A, 6B         ; VCCPD6A6B_HPS                   ; power  ;              ; 2.5V                ; --           ;                 ; --       ; --           ;
; R24      ; 272        ; 6B             ; RESERVED_INPUT_WITH_WEAK_PULLUP ;        ;              ;                     ; Row I/O      ;                 ; no       ; On           ;
; R25      ;            ; 6B             ; VCCIO6B_HPS                     ; power  ;              ; 2.5V                ; --           ;                 ; --       ; --           ;
; R26      ; 280        ; 6B             ; RESERVED_INPUT_WITH_WEAK_PULLUP ;        ;              ;                     ; Row I/O      ;                 ; no       ; On           ;
; R27      ; 282        ; 6B             ; RESERVED_INPUT_WITH_WEAK_PULLUP ;        ;              ;                     ; Row I/O      ;                 ; no       ; On           ;
; R28      ; 293        ; 6B             ; RESERVED_INPUT_WITH_WEAK_PULLUP ;        ;              ;                     ; Row I/O      ;                 ; no       ; On           ;
; R29      ; 295        ; 6B             ; RESERVED_INPUT_WITH_WEAK_PULLUP ;        ;              ;                     ; Row I/O      ;                 ; no       ; On           ;
; R30      ;            ;                ; GND                             ; gnd    ;              ;                     ; --           ;                 ; --       ; --           ;
; T1       ;            ;                ; GND                             ; gnd    ;              ;                     ; --           ;                 ; --       ; --           ;
; T2       ;            ;                ; GND                             ; gnd    ;              ;                     ; --           ;                 ; --       ; --           ;
; T3       ;            ;                ; DNU                             ;        ;              ;                     ; --           ;                 ; --       ; --           ;
; T4       ;            ;                ; DNU                             ;        ;              ;                     ; --           ;                 ; --       ; --           ;
; T5       ;            ;                ; GND                             ; gnd    ;              ;                     ; --           ;                 ; --       ; --           ;
; T6       ;            ; --             ; VCC                             ; power  ;              ; 1.1V                ; --           ;                 ; --       ; --           ;
; T7       ;            ;                ; GND                             ; gnd    ;              ;                     ; --           ;                 ; --       ; --           ;
; T8       ;            ;                ; GND                             ; gnd    ;              ;                     ; --           ;                 ; --       ; --           ;
; T9       ;            ;                ; GND                             ; gnd    ;              ;                     ; --           ;                 ; --       ; --           ;
; T10      ;            ;                ; GND                             ; gnd    ;              ;                     ; --           ;                 ; --       ; --           ;
; T11      ;            ; --             ; VCC                             ; power  ;              ; 1.1V                ; --           ;                 ; --       ; --           ;
; T12      ;            ;                ; GND                             ; gnd    ;              ;                     ; --           ;                 ; --       ; --           ;
; T13      ;            ; --             ; VCC                             ; power  ;              ; 1.1V                ; --           ;                 ; --       ; --           ;
; T14      ;            ;                ; GND                             ; gnd    ;              ;                     ; --           ;                 ; --       ; --           ;
; T15      ;            ;                ; GND                             ; gnd    ;              ;                     ; --           ;                 ; --       ; --           ;
; T16      ;            ;                ; GND                             ; gnd    ;              ;                     ; --           ;                 ; --       ; --           ;
; T17      ;            ; --             ; VCC_HPS                         ; power  ;              ; 1.1V                ; --           ;                 ; --       ; --           ;
; T18      ;            ;                ; GND                             ; gnd    ;              ;                     ; --           ;                 ; --       ; --           ;
; T19      ;            ; --             ; VCC_HPS                         ; power  ;              ; 1.1V                ; --           ;                 ; --       ; --           ;
; T20      ;            ;                ; GND                             ; gnd    ;              ;                     ; --           ;                 ; --       ; --           ;
; T21      ; 278        ; 6B             ; RESERVED_INPUT_WITH_WEAK_PULLUP ;        ;              ;                     ; Row I/O      ;                 ; no       ; On           ;
; T22      ;            ; 6B             ; VCCIO6B_HPS                     ; power  ;              ; 2.5V                ; --           ;                 ; --       ; --           ;
; T23      ; 270        ; 6B             ; RESERVED_INPUT_WITH_WEAK_PULLUP ;        ;              ;                     ; Row I/O      ;                 ; no       ; On           ;
; T24      ; 268        ; 6B             ; RESERVED_INPUT_WITH_WEAK_PULLUP ;        ;              ;                     ; Row I/O      ;                 ; no       ; On           ;
; T25      ; 266        ; 6B             ; RESERVED_INPUT_WITH_WEAK_PULLUP ;        ;              ;                     ; Row I/O      ;                 ; no       ; On           ;
; T26      ; 304        ; 6B             ; RESERVED_INPUT_WITH_WEAK_PULLUP ;        ;              ;                     ; Row I/O      ;                 ; no       ; On           ;
; T27      ;            ;                ; GND                             ; gnd    ;              ;                     ; --           ;                 ; --       ; --           ;
; T28      ; 287        ; 6B             ; RESERVED_INPUT_WITH_WEAK_PULLUP ;        ;              ;                     ; Row I/O      ;                 ; no       ; On           ;
; T29      ; 289        ; 6B             ; RESERVED_INPUT_WITH_WEAK_PULLUP ;        ;              ;                     ; Row I/O      ;                 ; no       ; On           ;
; T30      ; 291        ; 6B             ; RESERVED_INPUT_WITH_WEAK_PULLUP ;        ;              ;                     ; Row I/O      ;                 ; no       ; On           ;
; U1       ;            ;                ; GND                             ; gnd    ;              ;                     ; --           ;                 ; --       ; --           ;
; U2       ;            ;                ; GND                             ; gnd    ;              ;                     ; --           ;                 ; --       ; --           ;
; U3       ;            ;                ; GND                             ; gnd    ;              ;                     ; --           ;                 ; --       ; --           ;
; U4       ;            ;                ; GND                             ; gnd    ;              ;                     ; --           ;                 ; --       ; --           ;
; U5       ;            ; --             ; VCC                             ; power  ;              ; 1.1V                ; --           ;                 ; --       ; --           ;
; U6       ;            ;                ; GND                             ; gnd    ;              ;                     ; --           ;                 ; --       ; --           ;
; U7       ; 50         ; 3A             ; ^DCLK                           ;        ;              ;                     ; Weak Pull Up ;                 ; --       ; On           ;
; U8       ; 48         ; 3A             ; #TDI                            ; input  ;              ;                     ; --           ;                 ; --       ; --           ;
; U9       ;            ;                ; GND                             ; gnd    ;              ;                     ; --           ;                 ; --       ; --           ;
; U10      ;            ; --             ; VCC                             ; power  ;              ; 1.1V                ; --           ;                 ; --       ; --           ;
; U11      ;            ;                ; GND                             ; gnd    ;              ;                     ; --           ;                 ; --       ; --           ;
; U12      ;            ; --             ; VCC                             ; power  ;              ; 1.1V                ; --           ;                 ; --       ; --           ;
; U13      ;            ;                ; GND                             ; gnd    ;              ;                     ; --           ;                 ; --       ; --           ;
; U14      ;            ; --             ; VCC                             ; power  ;              ; 1.1V                ; --           ;                 ; --       ; --           ;
; U15      ;            ;                ; GND                             ; gnd    ;              ;                     ; --           ;                 ; --       ; --           ;
; U16      ;            ; --             ; VCC_HPS                         ; power  ;              ; 1.1V                ; --           ;                 ; --       ; --           ;
; U17      ;            ;                ; GND                             ; gnd    ;              ;                     ; --           ;                 ; --       ; --           ;
; U18      ;            ; --             ; VCC_HPS                         ; power  ;              ; 1.1V                ; --           ;                 ; --       ; --           ;
; U19      ;            ; 6B             ; VCCIO6B_HPS                     ; power  ;              ; 2.5V                ; --           ;                 ; --       ; --           ;
; U20      ; 276        ; 6B             ; RESERVED_INPUT_WITH_WEAK_PULLUP ;        ;              ;                     ; Row I/O      ;                 ; no       ; On           ;
; U21      ;            ; --             ; VCC                             ; power  ;              ; 1.1V                ; --           ;                 ; --       ; --           ;
; U22      ;            ;                ; GND                             ; gnd    ;              ;                     ; --           ;                 ; --       ; --           ;
; U23      ;            ; 5B             ; VCCPD5B                         ; power  ;              ; 2.5V                ; --           ;                 ; --       ; --           ;
; U24      ;            ;                ; GND                             ; gnd    ;              ;                     ; --           ;                 ; --       ; --           ;
; U25      ; 264        ; 6B             ; RESERVED_INPUT_WITH_WEAK_PULLUP ;        ;              ;                     ; Row I/O      ;                 ; no       ; On           ;
; U26      ; 306        ; 6B             ; RESERVED_INPUT_WITH_WEAK_PULLUP ;        ;              ;                     ; Row I/O      ;                 ; no       ; On           ;
; U27      ; 273        ; 6B             ; RESERVED_INPUT_WITH_WEAK_PULLUP ;        ;              ;                     ; Row I/O      ;                 ; no       ; On           ;
; U28      ; 285        ; 6B             ; RESERVED_INPUT_WITH_WEAK_PULLUP ;        ;              ;                     ; Row I/O      ;                 ; no       ; On           ;
; U29      ;            ;                ; GND                             ; gnd    ;              ;                     ; --           ;                 ; --       ; --           ;
; U30      ; 283        ; 6B             ; RESERVED_INPUT_WITH_WEAK_PULLUP ;        ;              ;                     ; Row I/O      ;                 ; --       ; --           ;
; V1       ;            ;                ; GND                             ; gnd    ;              ;                     ; --           ;                 ; --       ; --           ;
; V2       ;            ;                ; GND                             ; gnd    ;              ;                     ; --           ;                 ; --       ; --           ;
; V3       ;            ;                ; DNU                             ;        ;              ;                     ; --           ;                 ; --       ; --           ;
; V4       ;            ;                ; DNU                             ;        ;              ;                     ; --           ;                 ; --       ; --           ;
; V5       ;            ;                ; GND                             ; gnd    ;              ;                     ; --           ;                 ; --       ; --           ;
; V6       ;            ; --             ; VCCA_FPLL                       ; power  ;              ; 2.5V                ; --           ;                 ; --       ; --           ;
; V7       ;            ;                ; GND                             ; gnd    ;              ;                     ; --           ;                 ; --       ; --           ;
; V8       ;            ; --             ; VCCA_FPLL                       ; power  ;              ; 2.5V                ; --           ;                 ; --       ; --           ;
; V9       ; 44         ; 3A             ; #TMS                            ; input  ;              ;                     ; --           ;                 ; --       ; --           ;
; V10      ;            ;                ; GND                             ; gnd    ;              ;                     ; --           ;                 ; --       ; --           ;
; V11      ;            ; --             ; VCC                             ; power  ;              ; 1.1V                ; --           ;                 ; --       ; --           ;
; V12      ;            ;                ; GND                             ; gnd    ;              ;                     ; --           ;                 ; --       ; --           ;
; V13      ;            ; --             ; VCC                             ; power  ;              ; 1.1V                ; --           ;                 ; --       ; --           ;
; V14      ;            ;                ; GND                             ; gnd    ;              ;                     ; --           ;                 ; --       ; --           ;
; V15      ;            ; --             ; VCC                             ; power  ;              ; 1.1V                ; --           ;                 ; --       ; --           ;
; V16      ; 138        ; 4A             ; RESERVED_INPUT_WITH_WEAK_PULLUP ;        ;              ;                     ; Column I/O   ;                 ; no       ; On           ;
; V17      ; 154        ; 4A             ; RESERVED_INPUT_WITH_WEAK_PULLUP ;        ;              ;                     ; Column I/O   ;                 ; no       ; On           ;
; V18      ; 194        ; 4A             ; RESERVED_INPUT_WITH_WEAK_PULLUP ;        ;              ;                     ; Column I/O   ;                 ; no       ; On           ;
; V19      ;            ;                ; GND                             ; gnd    ;              ;                     ; --           ;                 ; --       ; --           ;
; V20      ; 292        ; 6B             ; RESERVED_INPUT_WITH_WEAK_PULLUP ;        ;              ;                     ; Row I/O      ;                 ; no       ; On           ;
; V21      ;            ;                ; GND                             ; gnd    ;              ;                     ; --           ;                 ; --       ; --           ;
; V22      ;            ; 5A             ; VCCPD5A                         ; power  ;              ; 2.5V                ; --           ;                 ; --       ; --           ;
; V23      ; 236        ; 5A             ; clk                             ; output ; 2.5 V        ;                     ; Row I/O      ; N               ; no       ; Off          ;
; V24      ;            ; 5A             ; VCCPD5A                         ; power  ;              ; 2.5V                ; --           ;                 ; --       ; --           ;
; V25      ; 246        ; 5B             ; instrucao[8]                    ; input  ; 2.5 V        ;                     ; Row I/O      ; N               ; no       ; Off          ;
; V26      ;            ; 6B             ; VCCIO6B_HPS                     ; power  ;              ; 2.5V                ; --           ;                 ; --       ; --           ;
; V27      ; 265        ; 6B             ; RESERVED_INPUT_WITH_WEAK_PULLUP ;        ;              ;                     ; Row I/O      ;                 ; no       ; On           ;
; V28      ; 271        ; 6B             ; RESERVED_INPUT_WITH_WEAK_PULLUP ;        ;              ;                     ; Row I/O      ;                 ; no       ; On           ;
; V29      ; 275        ; 6B             ; RESERVED_INPUT_WITH_WEAK_PULLUP ;        ;              ;                     ; Row I/O      ;                 ; no       ; On           ;
; V30      ; 281        ; 6B             ; RESERVED_INPUT_WITH_WEAK_PULLUP ;        ;              ;                     ; Row I/O      ;                 ; no       ; On           ;
; W1       ;            ;                ; GND                             ; gnd    ;              ;                     ; --           ;                 ; --       ; --           ;
; W2       ;            ;                ; GND                             ; gnd    ;              ;                     ; --           ;                 ; --       ; --           ;
; W3       ;            ;                ; GND                             ; gnd    ;              ;                     ; --           ;                 ; --       ; --           ;
; W4       ;            ;                ; GND                             ; gnd    ;              ;                     ; --           ;                 ; --       ; --           ;
; W5       ;            ; --             ; VCC                             ; power  ;              ; 1.1V                ; --           ;                 ; --       ; --           ;
; W6       ;            ;                ; GND                             ; gnd    ;              ;                     ; --           ;                 ; --       ; --           ;
; W7       ;            ;                ; GND                             ; gnd    ;              ;                     ; --           ;                 ; --       ; --           ;
; W8       ;            ;                ; GND                             ; gnd    ;              ;                     ; --           ;                 ; --       ; --           ;
; W9       ;            ;                ; GND                             ; gnd    ;              ;                     ; --           ;                 ; --       ; --           ;
; W10      ;            ; --             ; VCC                             ; power  ;              ; 1.1V                ; --           ;                 ; --       ; --           ;
; W11      ;            ;                ; GND                             ; gnd    ;              ;                     ; --           ;                 ; --       ; --           ;
; W12      ;            ; --             ; VCC                             ; power  ;              ; 1.1V                ; --           ;                 ; --       ; --           ;
; W13      ;            ;                ; GND                             ; gnd    ;              ;                     ; --           ;                 ; --       ; --           ;
; W14      ;            ; --             ; VCC                             ; power  ;              ; 1.1V                ; --           ;                 ; --       ; --           ;
; W15      ; 130        ; 3B             ; RESERVED_INPUT_WITH_WEAK_PULLUP ;        ;              ;                     ; Column I/O   ;                 ; no       ; On           ;
; W16      ; 136        ; 4A             ; RESERVED_INPUT_WITH_WEAK_PULLUP ;        ;              ;                     ; Column I/O   ;                 ; no       ; On           ;
; W17      ; 152        ; 4A             ; RESERVED_INPUT_WITH_WEAK_PULLUP ;        ;              ;                     ; Column I/O   ;                 ; no       ; On           ;
; W18      ;            ;                ; GND                             ; gnd    ;              ;                     ; --           ;                 ; --       ; --           ;
; W19      ; 192        ; 4A             ; RESERVED_INPUT_WITH_WEAK_PULLUP ;        ;              ;                     ; Column I/O   ;                 ; no       ; On           ;
; W20      ; 217        ; 5A             ; blue[5]                         ; output ; 2.5 V        ;                     ; Row I/O      ; N               ; no       ; Off          ;
; W21      ; 221        ; 5A             ; blue[2]                         ; output ; 2.5 V        ;                     ; Row I/O      ; N               ; no       ; Off          ;
; W22      ; 223        ; 5A             ; blue[3]                         ; output ; 2.5 V        ;                     ; Row I/O      ; N               ; no       ; Off          ;
; W23      ;            ; 5A             ; VCCIO5A                         ; power  ;              ; 2.5V                ; --           ;                 ; --       ; --           ;
; W24      ; 238        ; 5A             ; sync                            ; output ; 2.5 V        ;                     ; Row I/O      ; N               ; no       ; Off          ;
; W25      ; 244        ; 5B             ; instrucao[9]                    ; input  ; 2.5 V        ;                     ; Row I/O      ; N               ; no       ; Off          ;
; W26      ; 274        ; 6B             ; RESERVED_INPUT_WITH_WEAK_PULLUP ;        ;              ;                     ; Row I/O      ;                 ; no       ; On           ;
; W27      ; 261        ; 6B             ; RESERVED_INPUT_WITH_WEAK_PULLUP ;        ;              ;                     ; Row I/O      ;                 ; no       ; On           ;
; W28      ;            ;                ; GND                             ; gnd    ;              ;                     ; --           ;                 ; --       ; --           ;
; W29      ; 279        ; 6B             ; RESERVED_INPUT_WITH_WEAK_PULLUP ;        ;              ;                     ; Row I/O      ;                 ; no       ; On           ;
; W30      ; 277        ; 6B             ; RESERVED_INPUT_WITH_WEAK_PULLUP ;        ;              ;                     ; Row I/O      ;                 ; no       ; On           ;
; Y1       ;            ;                ; GND                             ; gnd    ;              ;                     ; --           ;                 ; --       ; --           ;
; Y2       ;            ;                ; GND                             ; gnd    ;              ;                     ; --           ;                 ; --       ; --           ;
; Y3       ;            ;                ; DNU                             ;        ;              ;                     ; --           ;                 ; --       ; --           ;
; Y4       ;            ;                ; DNU                             ;        ;              ;                     ; --           ;                 ; --       ; --           ;
; Y5       ;            ;                ; GND                             ; gnd    ;              ;                     ; --           ;                 ; --       ; --           ;
; Y6       ;            ; --             ; VCC                             ; power  ;              ; 1.1V                ; --           ;                 ; --       ; --           ;
; Y7       ;            ;                ; GND                             ; gnd    ;              ;                     ; --           ;                 ; --       ; --           ;
; Y8       ;            ;                ; GND                             ; gnd    ;              ;                     ; --           ;                 ; --       ; --           ;
; Y9       ;            ; --             ; VCC                             ; power  ;              ; 1.1V                ; --           ;                 ; --       ; --           ;
; Y10      ;            ;                ; GND                             ; gnd    ;              ;                     ; --           ;                 ; --       ; --           ;
; Y11      ;            ; --             ; VCC                             ; power  ;              ; 1.1V                ; --           ;                 ; --       ; --           ;
; Y12      ;            ;                ; GND                             ; gnd    ;              ;                     ; --           ;                 ; --       ; --           ;
; Y13      ;            ; --             ; VCC                             ; power  ;              ; 1.1V                ; --           ;                 ; --       ; --           ;
; Y14      ;            ;                ; GND                             ; gnd    ;              ;                     ; --           ;                 ; --       ; --           ;
; Y15      ;            ;                ; GND                             ; gnd    ;              ;                     ; --           ;                 ; --       ; --           ;
; Y16      ; 128        ; 3B             ; RESERVED_INPUT_WITH_WEAK_PULLUP ;        ;              ;                     ; Column I/O   ;                 ; no       ; On           ;
; Y17      ; 170        ; 4A             ; RESERVED_INPUT_WITH_WEAK_PULLUP ;        ;              ;                     ; Column I/O   ;                 ; no       ; On           ;
; Y18      ; 178        ; 4A             ; RESERVED_INPUT_WITH_WEAK_PULLUP ;        ;              ;                     ; Column I/O   ;                 ; no       ; On           ;
; Y19      ; 202        ; 4A             ; RESERVED_INPUT_WITH_WEAK_PULLUP ;        ;              ;                     ; Column I/O   ;                 ; no       ; On           ;
; Y20      ;            ;                ; GND                             ; gnd    ;              ;                     ; --           ;                 ; --       ; --           ;
; Y21      ; 219        ; 5A             ; blue[1]                         ; output ; 2.5 V        ;                     ; Row I/O      ; N               ; no       ; Off          ;
; Y22      ;            ; --             ; VCCA_FPLL                       ; power  ;              ; 2.5V                ; --           ;                 ; --       ; --           ;
; Y23      ; 232        ; 5A             ; instrucao[1]                    ; input  ; 2.5 V        ;                     ; Row I/O      ; N               ; no       ; Off          ;
; Y24      ; 234        ; 5A             ; proxima_instrucao               ; output ; 2.5 V        ;                     ; Row I/O      ; N               ; no       ; Off          ;
; Y25      ;            ;                ; GND                             ; gnd    ;              ;                     ; --           ;                 ; --       ; --           ;
; Y26      ; 256        ; 5B             ; instrucao[18]                   ; input  ; 2.5 V        ;                     ; Row I/O      ; N               ; no       ; Off          ;
; Y27      ; 258        ; 5B             ; instrucao[5]                    ; input  ; 2.5 V        ;                     ; Row I/O      ; N               ; no       ; Off          ;
; Y28      ; 269        ; 6B             ; RESERVED_INPUT_WITH_WEAK_PULLUP ;        ;              ;                     ; Row I/O      ;                 ; no       ; On           ;
; Y29      ; 263        ; 6B             ; RESERVED_INPUT_WITH_WEAK_PULLUP ;        ;              ;                     ; Row I/O      ;                 ; no       ; On           ;
; Y30      ;            ;                ; GND                             ; gnd    ;              ;                     ; --           ;                 ; --       ; --           ;
+----------+------------+----------------+---------------------------------+--------+--------------+---------------------+--------------+-----------------+----------+--------------+
Note: Pin directions (input, output or bidir) are based on device operating in user mode.


+-------------------------------------------------------------+
; I/O Assignment Warnings                                     ;
+----------------------+--------------------------------------+
; Pin Name             ; Reason                               ;
+----------------------+--------------------------------------+
; hsync                ; Missing drive strength and slew rate ;
; vsync                ; Missing drive strength and slew rate ;
; red[0]               ; Missing drive strength and slew rate ;
; red[1]               ; Missing drive strength and slew rate ;
; red[2]               ; Missing drive strength and slew rate ;
; red[3]               ; Missing drive strength and slew rate ;
; red[4]               ; Missing drive strength and slew rate ;
; red[5]               ; Missing drive strength and slew rate ;
; red[6]               ; Missing drive strength and slew rate ;
; red[7]               ; Missing drive strength and slew rate ;
; green[0]             ; Missing drive strength and slew rate ;
; green[1]             ; Missing drive strength and slew rate ;
; green[2]             ; Missing drive strength and slew rate ;
; green[3]             ; Missing drive strength and slew rate ;
; green[4]             ; Missing drive strength and slew rate ;
; green[5]             ; Missing drive strength and slew rate ;
; green[6]             ; Missing drive strength and slew rate ;
; green[7]             ; Missing drive strength and slew rate ;
; blue[0]              ; Missing drive strength and slew rate ;
; blue[1]              ; Missing drive strength and slew rate ;
; blue[2]              ; Missing drive strength and slew rate ;
; blue[3]              ; Missing drive strength and slew rate ;
; blue[4]              ; Missing drive strength and slew rate ;
; blue[5]              ; Missing drive strength and slew rate ;
; blue[6]              ; Missing drive strength and slew rate ;
; blue[7]              ; Missing drive strength and slew rate ;
; sync                 ; Missing drive strength and slew rate ;
; clk                  ; Missing drive strength and slew rate ;
; blank                ; Missing drive strength and slew rate ;
; proxima_instrucao    ; Missing drive strength and slew rate ;
; instrucao[0]         ; Missing location assignment          ;
; instrucao[1]         ; Missing location assignment          ;
; instrucao[2]         ; Missing location assignment          ;
; instrucao[3]         ; Missing location assignment          ;
; botao_zoom_in_input  ; Missing location assignment          ;
; botao_zoom_out_input ; Missing location assignment          ;
; hsync                ; Missing location assignment          ;
; vsync                ; Missing location assignment          ;
; red[0]               ; Missing location assignment          ;
; red[1]               ; Missing location assignment          ;
; red[2]               ; Missing location assignment          ;
; red[3]               ; Missing location assignment          ;
; red[4]               ; Missing location assignment          ;
; red[5]               ; Missing location assignment          ;
; red[6]               ; Missing location assignment          ;
; red[7]               ; Missing location assignment          ;
; green[0]             ; Missing location assignment          ;
; green[1]             ; Missing location assignment          ;
; green[2]             ; Missing location assignment          ;
; green[3]             ; Missing location assignment          ;
; green[4]             ; Missing location assignment          ;
; green[5]             ; Missing location assignment          ;
; green[6]             ; Missing location assignment          ;
; green[7]             ; Missing location assignment          ;
; blue[0]              ; Missing location assignment          ;
; blue[1]              ; Missing location assignment          ;
; blue[2]              ; Missing location assignment          ;
; blue[3]              ; Missing location assignment          ;
; blue[4]              ; Missing location assignment          ;
; blue[5]              ; Missing location assignment          ;
; blue[6]              ; Missing location assignment          ;
; blue[7]              ; Missing location assignment          ;
; sync                 ; Missing location assignment          ;
; clk                  ; Missing location assignment          ;
; blank                ; Missing location assignment          ;
; proxima_instrucao    ; Missing location assignment          ;
; clock_50Mhz          ; Missing location assignment          ;
; instrucao[30]        ; Missing location assignment          ;
; instrucao[29]        ; Missing location assignment          ;
; instrucao[31]        ; Missing location assignment          ;
; sinal_wb             ; Missing location assignment          ;
; instrucao[23]        ; Missing location assignment          ;
; instrucao[24]        ; Missing location assignment          ;
; instrucao[25]        ; Missing location assignment          ;
; instrucao[26]        ; Missing location assignment          ;
; instrucao[21]        ; Missing location assignment          ;
; instrucao[22]        ; Missing location assignment          ;
; instrucao[27]        ; Missing location assignment          ;
; instrucao[28]        ; Missing location assignment          ;
; instrucao[20]        ; Missing location assignment          ;
; instrucao[17]        ; Missing location assignment          ;
; instrucao[19]        ; Missing location assignment          ;
; instrucao[18]        ; Missing location assignment          ;
; instrucao[4]         ; Missing location assignment          ;
; instrucao[5]         ; Missing location assignment          ;
; instrucao[6]         ; Missing location assignment          ;
; instrucao[7]         ; Missing location assignment          ;
; instrucao[8]         ; Missing location assignment          ;
; instrucao[9]         ; Missing location assignment          ;
; instrucao[10]        ; Missing location assignment          ;
; instrucao[11]        ; Missing location assignment          ;
; instrucao[12]        ; Missing location assignment          ;
; instrucao[13]        ; Missing location assignment          ;
; instrucao[14]        ; Missing location assignment          ;
; instrucao[15]        ; Missing location assignment          ;
; instrucao[16]        ; Missing location assignment          ;
; reset_input          ; Missing location assignment          ;
+----------------------+--------------------------------------+


+----------------------------------------------------------------------------------------------------------------------------------------------------------------------------------------------------------------------------------------------------------------------------------------------------------------------------------------------------------------------------------------------------------------------------------------------------------------------------------------------------------------------------------------------------------------------+
; Fitter Resource Utilization by Entity                                                                                                                                                                                                                                                                                                                                                                                                                                                                                                                                ;
+--------------------------------------------------+----------------------+----------------------------------+---------------------------------------------------+----------------------------------+----------------------+---------------------+---------------------------+---------------+-------------------+------------+------+--------------+-------------------------------------------------------------------------------------------------------------------------------------------------------------------------+-------------------------+--------------+
; Compilation Hierarchy Node                       ; ALMs needed [=A-B+C] ; [A] ALMs used in final placement ; [B] Estimate of ALMs recoverable by dense packing ; [C] Estimate of ALMs unavailable ; ALMs used for memory ; Combinational ALUTs ; Dedicated Logic Registers ; I/O Registers ; Block Memory Bits ; DSP Blocks ; Pins ; Virtual Pins ; Full Hierarchy Name                                                                                                                                                     ; Entity Name             ; Library Name ;
+--------------------------------------------------+----------------------+----------------------------------+---------------------------------------------------+----------------------------------+----------------------+---------------------+---------------------------+---------------+-------------------+------------+------+--------------+-------------------------------------------------------------------------------------------------------------------------------------------------------------------------+-------------------------+--------------+
; |unidade_de_controle                             ; 661.5 (221.5)        ; 676.0 (225.7)                    ; 14.5 (4.2)                                        ; 0.0 (0.0)                        ; 0.0 (0.0)            ; 1220 (395)          ; 360 (138)                 ; 0 (0)         ; 1232896           ; 0          ; 67   ; 0            ; |unidade_de_controle                                                                                                                                                    ; unidade_de_controle     ; work         ;
;    |alu:alu|                                     ; 8.8 (8.8)            ; 9.2 (9.2)                        ; 0.3 (0.3)                                         ; 0.0 (0.0)                        ; 0.0 (0.0)            ; 20 (20)             ; 0 (0)                     ; 0 (0)         ; 0                 ; 0          ; 0    ; 0            ; |unidade_de_controle|alu:alu                                                                                                                                            ; alu                     ; work         ;
;    |clock_75mhz:clock_75|                        ; 0.0 (0.0)            ; 0.0 (0.0)                        ; 0.0 (0.0)                                         ; 0.0 (0.0)                        ; 0.0 (0.0)            ; 0 (0)               ; 0 (0)                     ; 0 (0)         ; 0                 ; 0          ; 0    ; 0            ; |unidade_de_controle|clock_75mhz:clock_75                                                                                                                               ; clock_75mhz             ; clock_75mhz  ;
;       |clock_75mhz_0002:clock_75mhz_inst|        ; 0.0 (0.0)            ; 0.0 (0.0)                        ; 0.0 (0.0)                                         ; 0.0 (0.0)                        ; 0.0 (0.0)            ; 0 (0)               ; 0 (0)                     ; 0 (0)         ; 0                 ; 0          ; 0    ; 0            ; |unidade_de_controle|clock_75mhz:clock_75|clock_75mhz_0002:clock_75mhz_inst                                                                                             ; clock_75mhz_0002        ; clock_75mhz  ;
;          |altera_pll:altera_pll_i|               ; 0.0 (0.0)            ; 0.0 (0.0)                        ; 0.0 (0.0)                                         ; 0.0 (0.0)                        ; 0.0 (0.0)            ; 0 (0)               ; 0 (0)                     ; 0 (0)         ; 0                 ; 0          ; 0    ; 0            ; |unidade_de_controle|clock_75mhz:clock_75|clock_75mhz_0002:clock_75mhz_inst|altera_pll:altera_pll_i                                                                     ; altera_pll              ; work         ;
;    |controle_vga:controle_saida|                 ; 135.7 (21.1)         ; 137.2 (21.3)                     ; 1.5 (0.3)                                         ; 0.0 (0.0)                        ; 0.0 (0.0)            ; 233 (32)            ; 140 (29)                  ; 0 (0)         ; 618496            ; 0          ; 0    ; 0            ; |unidade_de_controle|controle_vga:controle_saida                                                                                                                        ; controle_vga            ; work         ;
;       |fifo_a:fifo_inst|                         ; 24.7 (0.0)           ; 24.8 (0.0)                       ; 0.1 (0.0)                                         ; 0.0 (0.0)                        ; 0.0 (0.0)            ; 48 (0)              ; 40 (0)                    ; 0 (0)         ; 4096              ; 0          ; 0    ; 0            ; |unidade_de_controle|controle_vga:controle_saida|fifo_a:fifo_inst                                                                                                       ; fifo_a                  ; work         ;
;          |scfifo:scfifo_component|               ; 24.7 (0.0)           ; 24.8 (0.0)                       ; 0.1 (0.0)                                         ; 0.0 (0.0)                        ; 0.0 (0.0)            ; 48 (0)              ; 40 (0)                    ; 0 (0)         ; 4096              ; 0          ; 0    ; 0            ; |unidade_de_controle|controle_vga:controle_saida|fifo_a:fifo_inst|scfifo:scfifo_component                                                                               ; scfifo                  ; work         ;
;             |scfifo_7nd1:auto_generated|         ; 24.7 (0.0)           ; 24.8 (0.0)                       ; 0.1 (0.0)                                         ; 0.0 (0.0)                        ; 0.0 (0.0)            ; 48 (0)              ; 40 (0)                    ; 0 (0)         ; 4096              ; 0          ; 0    ; 0            ; |unidade_de_controle|controle_vga:controle_saida|fifo_a:fifo_inst|scfifo:scfifo_component|scfifo_7nd1:auto_generated                                                    ; scfifo_7nd1             ; work         ;
;                |a_dpfifo_90c1:dpfifo|            ; 24.7 (11.3)          ; 24.8 (11.4)                      ; 0.1 (0.1)                                         ; 0.0 (0.0)                        ; 0.0 (0.0)            ; 48 (22)             ; 40 (14)                   ; 0 (0)         ; 4096              ; 0          ; 0    ; 0            ; |unidade_de_controle|controle_vga:controle_saida|fifo_a:fifo_inst|scfifo:scfifo_component|scfifo_7nd1:auto_generated|a_dpfifo_90c1:dpfifo                               ; a_dpfifo_90c1           ; work         ;
;                   |altsyncram_kep1:FIFOram|      ; 0.0 (0.0)            ; 0.0 (0.0)                        ; 0.0 (0.0)                                         ; 0.0 (0.0)                        ; 0.0 (0.0)            ; 0 (0)               ; 0 (0)                     ; 0 (0)         ; 4096              ; 0          ; 0    ; 0            ; |unidade_de_controle|controle_vga:controle_saida|fifo_a:fifo_inst|scfifo:scfifo_component|scfifo_7nd1:auto_generated|a_dpfifo_90c1:dpfifo|altsyncram_kep1:FIFOram       ; altsyncram_kep1         ; work         ;
;                   |cntr_037:usedw_counter|       ; 4.7 (4.7)            ; 4.7 (4.7)                        ; 0.0 (0.0)                                         ; 0.0 (0.0)                        ; 0.0 (0.0)            ; 9 (9)               ; 9 (9)                     ; 0 (0)         ; 0                 ; 0          ; 0    ; 0            ; |unidade_de_controle|controle_vga:controle_saida|fifo_a:fifo_inst|scfifo:scfifo_component|scfifo_7nd1:auto_generated|a_dpfifo_90c1:dpfifo|cntr_037:usedw_counter        ; cntr_037                ; work         ;
;                   |cntr_j2b:rd_ptr_msb|          ; 4.0 (4.0)            ; 4.0 (4.0)                        ; 0.0 (0.0)                                         ; 0.0 (0.0)                        ; 0.0 (0.0)            ; 8 (8)               ; 8 (8)                     ; 0 (0)         ; 0                 ; 0          ; 0    ; 0            ; |unidade_de_controle|controle_vga:controle_saida|fifo_a:fifo_inst|scfifo:scfifo_component|scfifo_7nd1:auto_generated|a_dpfifo_90c1:dpfifo|cntr_j2b:rd_ptr_msb           ; cntr_j2b                ; work         ;
;                   |cntr_k2b:wr_ptr|              ; 4.7 (4.7)            ; 4.7 (4.7)                        ; 0.0 (0.0)                                         ; 0.0 (0.0)                        ; 0.0 (0.0)            ; 9 (9)               ; 9 (9)                     ; 0 (0)         ; 0                 ; 0          ; 0    ; 0            ; |unidade_de_controle|controle_vga:controle_saida|fifo_a:fifo_inst|scfifo:scfifo_component|scfifo_7nd1:auto_generated|a_dpfifo_90c1:dpfifo|cntr_k2b:wr_ptr               ; cntr_k2b                ; work         ;
;       |ram_secundaria:ram_inst|                  ; 52.4 (0.0)           ; 53.0 (0.0)                       ; 0.6 (0.0)                                         ; 0.0 (0.0)                        ; 0.0 (0.0)            ; 93 (0)              ; 16 (0)                    ; 0 (0)         ; 614400            ; 0          ; 0    ; 0            ; |unidade_de_controle|controle_vga:controle_saida|ram_secundaria:ram_inst                                                                                                ; ram_secundaria          ; work         ;
;          |altsyncram:altsyncram_component|       ; 52.4 (0.0)           ; 53.0 (0.0)                       ; 0.6 (0.0)                                         ; 0.0 (0.0)                        ; 0.0 (0.0)            ; 93 (0)              ; 16 (0)                    ; 0 (0)         ; 614400            ; 0          ; 0    ; 0            ; |unidade_de_controle|controle_vga:controle_saida|ram_secundaria:ram_inst|altsyncram:altsyncram_component                                                                ; altsyncram              ; work         ;
;             |altsyncram_f3n2:auto_generated|     ; 52.4 (6.1)           ; 53.0 (6.3)                       ; 0.6 (0.2)                                         ; 0.0 (0.0)                        ; 0.0 (0.0)            ; 93 (0)              ; 16 (16)                   ; 0 (0)         ; 614400            ; 0          ; 0    ; 0            ; |unidade_de_controle|controle_vga:controle_saida|ram_secundaria:ram_inst|altsyncram:altsyncram_component|altsyncram_f3n2:auto_generated                                 ; altsyncram_f3n2         ; work         ;
;                |decode_g2a:rden_decode_a|        ; 2.8 (2.8)            ; 3.0 (3.0)                        ; 0.2 (0.2)                                         ; 0.0 (0.0)                        ; 0.0 (0.0)            ; 10 (10)             ; 0 (0)                     ; 0 (0)         ; 0                 ; 0          ; 0    ; 0            ; |unidade_de_controle|controle_vga:controle_saida|ram_secundaria:ram_inst|altsyncram:altsyncram_component|altsyncram_f3n2:auto_generated|decode_g2a:rden_decode_a        ; decode_g2a              ; work         ;
;                |decode_g2a:rden_decode_b|        ; 5.5 (5.5)            ; 5.5 (5.5)                        ; 0.0 (0.0)                                         ; 0.0 (0.0)                        ; 0.0 (0.0)            ; 11 (11)             ; 0 (0)                     ; 0 (0)         ; 0                 ; 0          ; 0    ; 0            ; |unidade_de_controle|controle_vga:controle_saida|ram_secundaria:ram_inst|altsyncram:altsyncram_component|altsyncram_f3n2:auto_generated|decode_g2a:rden_decode_b        ; decode_g2a              ; work         ;
;                |decode_nma:decode3|              ; 8.5 (8.5)            ; 8.5 (8.5)                        ; 0.0 (0.0)                                         ; 0.0 (0.0)                        ; 0.0 (0.0)            ; 13 (13)             ; 0 (0)                     ; 0 (0)         ; 0                 ; 0          ; 0    ; 0            ; |unidade_de_controle|controle_vga:controle_saida|ram_secundaria:ram_inst|altsyncram:altsyncram_component|altsyncram_f3n2:auto_generated|decode_nma:decode3              ; decode_nma              ; work         ;
;                |mux_7hb:mux4|                    ; 16.3 (16.3)          ; 16.5 (16.5)                      ; 0.2 (0.2)                                         ; 0.0 (0.0)                        ; 0.0 (0.0)            ; 33 (33)             ; 0 (0)                     ; 0 (0)         ; 0                 ; 0          ; 0    ; 0            ; |unidade_de_controle|controle_vga:controle_saida|ram_secundaria:ram_inst|altsyncram:altsyncram_component|altsyncram_f3n2:auto_generated|mux_7hb:mux4                    ; mux_7hb                 ; work         ;
;                |mux_7hb:mux5|                    ; 13.1 (13.1)          ; 13.2 (13.2)                      ; 0.0 (0.0)                                         ; 0.0 (0.0)                        ; 0.0 (0.0)            ; 26 (26)             ; 0 (0)                     ; 0 (0)         ; 0                 ; 0          ; 0    ; 0            ; |unidade_de_controle|controle_vga:controle_saida|ram_secundaria:ram_inst|altsyncram:altsyncram_component|altsyncram_f3n2:auto_generated|mux_7hb:mux5                    ; mux_7hb                 ; work         ;
;       |vga_module:vga|                           ; 37.5 (37.5)          ; 38.1 (38.1)                      ; 0.6 (0.6)                                         ; 0.0 (0.0)                        ; 0.0 (0.0)            ; 60 (60)             ; 55 (55)                   ; 0 (0)         ; 0                 ; 0          ; 0    ; 0            ; |unidade_de_controle|controle_vga:controle_saida|vga_module:vga                                                                                                         ; vga_module              ; work         ;
;    |debounce_bt:debouce_reset|                   ; 21.1 (0.2)           ; 21.2 (0.2)                       ; 0.1 (0.0)                                         ; 0.0 (0.0)                        ; 0.0 (0.0)            ; 39 (1)              ; 31 (0)                    ; 0 (0)         ; 0                 ; 0          ; 0    ; 0            ; |unidade_de_controle|debounce_bt:debouce_reset                                                                                                                          ; debounce_bt             ; work         ;
;       |clock_div:u1|                             ; 19.7 (19.7)          ; 19.8 (19.8)                      ; 0.1 (0.1)                                         ; 0.0 (0.0)                        ; 0.0 (0.0)            ; 38 (38)             ; 28 (28)                   ; 0 (0)         ; 0                 ; 0          ; 0    ; 0            ; |unidade_de_controle|debounce_bt:debouce_reset|clock_div:u1                                                                                                             ; clock_div               ; work         ;
;       |my_dff:d0|                                ; 0.2 (0.2)            ; 0.2 (0.2)                        ; 0.0 (0.0)                                         ; 0.0 (0.0)                        ; 0.0 (0.0)            ; 0 (0)               ; 1 (1)                     ; 0 (0)         ; 0                 ; 0          ; 0    ; 0            ; |unidade_de_controle|debounce_bt:debouce_reset|my_dff:d0                                                                                                                ; my_dff                  ; work         ;
;       |my_dff:d1|                                ; 0.5 (0.5)            ; 0.5 (0.5)                        ; 0.0 (0.0)                                         ; 0.0 (0.0)                        ; 0.0 (0.0)            ; 0 (0)               ; 1 (1)                     ; 0 (0)         ; 0                 ; 0          ; 0    ; 0            ; |unidade_de_controle|debounce_bt:debouce_reset|my_dff:d1                                                                                                                ; my_dff                  ; work         ;
;       |my_dff:d2|                                ; 0.5 (0.5)            ; 0.5 (0.5)                        ; 0.0 (0.0)                                         ; 0.0 (0.0)                        ; 0.0 (0.0)            ; 0 (0)               ; 1 (1)                     ; 0 (0)         ; 0                 ; 0          ; 0    ; 0            ; |unidade_de_controle|debounce_bt:debouce_reset|my_dff:d2                                                                                                                ; my_dff                  ; work         ;
;    |decodificador:decoder_instrucao|             ; 25.5 (23.4)          ; 26.3 (24.2)                      ; 0.8 (0.8)                                         ; 0.0 (0.0)                        ; 0.0 (0.0)            ; 30 (27)             ; 34 (28)                   ; 0 (0)         ; 0                 ; 0          ; 0    ; 0            ; |unidade_de_controle|decodificador:decoder_instrucao                                                                                                                    ; decodificador           ; work         ;
;       |delayed_clock_generator:gerador_de_sinal| ; 0.6 (0.6)            ; 0.6 (0.6)                        ; 0.0 (0.0)                                         ; 0.0 (0.0)                        ; 0.0 (0.0)            ; 1 (1)               ; 2 (2)                     ; 0 (0)         ; 0                 ; 0          ; 0    ; 0            ; |unidade_de_controle|decodificador:decoder_instrucao|delayed_clock_generator:gerador_de_sinal                                                                           ; delayed_clock_generator ; work         ;
;       |delayed_clock_generator:zoom_in_sinal|    ; 0.8 (0.8)            ; 0.8 (0.8)                        ; 0.0 (0.0)                                         ; 0.0 (0.0)                        ; 0.0 (0.0)            ; 1 (1)               ; 2 (2)                     ; 0 (0)         ; 0                 ; 0          ; 0    ; 0            ; |unidade_de_controle|decodificador:decoder_instrucao|delayed_clock_generator:zoom_in_sinal                                                                              ; delayed_clock_generator ; work         ;
;       |delayed_clock_generator:zoom_out_sinal|   ; 0.8 (0.8)            ; 0.8 (0.8)                        ; 0.0 (0.0)                                         ; 0.0 (0.0)                        ; 0.0 (0.0)            ; 1 (1)               ; 2 (2)                     ; 0 (0)         ; 0                 ; 0          ; 0    ; 0            ; |unidade_de_controle|decodificador:decoder_instrucao|delayed_clock_generator:zoom_out_sinal                                                                             ; delayed_clock_generator ; work         ;
;    |divisor_clock_por_2:divisor_clock_50MHZ|     ; 0.7 (0.7)            ; 0.7 (0.7)                        ; 0.0 (0.0)                                         ; 0.0 (0.0)                        ; 0.0 (0.0)            ; 1 (1)               ; 1 (1)                     ; 0 (0)         ; 0                 ; 0          ; 0    ; 0            ; |unidade_de_controle|divisor_clock_por_2:divisor_clock_50MHZ                                                                                                            ; divisor_clock_por_2     ; work         ;
;    |gerenciar_memoria_ram:gmr|                   ; 53.1 (3.0)           ; 53.8 (3.0)                       ; 0.7 (0.0)                                         ; 0.0 (0.0)                        ; 0.0 (0.0)            ; 95 (6)              ; 16 (0)                    ; 0 (0)         ; 614400            ; 0          ; 0    ; 0            ; |unidade_de_controle|gerenciar_memoria_ram:gmr                                                                                                                          ; gerenciar_memoria_ram   ; work         ;
;       |ram_leitura_2:ram_leitura_2_inst|         ; 50.1 (0.0)           ; 50.8 (0.0)                       ; 0.7 (0.0)                                         ; 0.0 (0.0)                        ; 0.0 (0.0)            ; 89 (0)              ; 16 (0)                    ; 0 (0)         ; 614400            ; 0          ; 0    ; 0            ; |unidade_de_controle|gerenciar_memoria_ram:gmr|ram_leitura_2:ram_leitura_2_inst                                                                                         ; ram_leitura_2           ; work         ;
;          |altsyncram:altsyncram_component|       ; 50.1 (0.0)           ; 50.8 (0.0)                       ; 0.7 (0.0)                                         ; 0.0 (0.0)                        ; 0.0 (0.0)            ; 89 (0)              ; 16 (0)                    ; 0 (0)         ; 614400            ; 0          ; 0    ; 0            ; |unidade_de_controle|gerenciar_memoria_ram:gmr|ram_leitura_2:ram_leitura_2_inst|altsyncram:altsyncram_component                                                         ; altsyncram              ; work         ;
;             |altsyncram_f3n2:auto_generated|     ; 50.1 (7.0)           ; 50.8 (7.2)                       ; 0.7 (0.2)                                         ; 0.0 (0.0)                        ; 0.0 (0.0)            ; 89 (0)              ; 16 (16)                   ; 0 (0)         ; 614400            ; 0          ; 0    ; 0            ; |unidade_de_controle|gerenciar_memoria_ram:gmr|ram_leitura_2:ram_leitura_2_inst|altsyncram:altsyncram_component|altsyncram_f3n2:auto_generated                          ; altsyncram_f3n2         ; work         ;
;                |decode_g2a:rden_decode_a|        ; 2.7 (2.7)            ; 2.8 (2.8)                        ; 0.2 (0.2)                                         ; 0.0 (0.0)                        ; 0.0 (0.0)            ; 10 (10)             ; 0 (0)                     ; 0 (0)         ; 0                 ; 0          ; 0    ; 0            ; |unidade_de_controle|gerenciar_memoria_ram:gmr|ram_leitura_2:ram_leitura_2_inst|altsyncram:altsyncram_component|altsyncram_f3n2:auto_generated|decode_g2a:rden_decode_a ; decode_g2a              ; work         ;
;                |decode_g2a:rden_decode_b|        ; 4.8 (4.8)            ; 5.0 (5.0)                        ; 0.2 (0.2)                                         ; 0.0 (0.0)                        ; 0.0 (0.0)            ; 10 (10)             ; 0 (0)                     ; 0 (0)         ; 0                 ; 0          ; 0    ; 0            ; |unidade_de_controle|gerenciar_memoria_ram:gmr|ram_leitura_2:ram_leitura_2_inst|altsyncram:altsyncram_component|altsyncram_f3n2:auto_generated|decode_g2a:rden_decode_b ; decode_g2a              ; work         ;
;                |decode_nma:decode3|              ; 7.1 (7.1)            ; 7.2 (7.2)                        ; 0.0 (0.0)                                         ; 0.0 (0.0)                        ; 0.0 (0.0)            ; 10 (10)             ; 0 (0)                     ; 0 (0)         ; 0                 ; 0          ; 0    ; 0            ; |unidade_de_controle|gerenciar_memoria_ram:gmr|ram_leitura_2:ram_leitura_2_inst|altsyncram:altsyncram_component|altsyncram_f3n2:auto_generated|decode_nma:decode3       ; decode_nma              ; work         ;
;                |mux_7hb:mux4|                    ; 16.0 (16.0)          ; 16.2 (16.2)                      ; 0.2 (0.2)                                         ; 0.0 (0.0)                        ; 0.0 (0.0)            ; 33 (33)             ; 0 (0)                     ; 0 (0)         ; 0                 ; 0          ; 0    ; 0            ; |unidade_de_controle|gerenciar_memoria_ram:gmr|ram_leitura_2:ram_leitura_2_inst|altsyncram:altsyncram_component|altsyncram_f3n2:auto_generated|mux_7hb:mux4             ; mux_7hb                 ; work         ;
;                |mux_7hb:mux5|                    ; 12.5 (12.5)          ; 12.5 (12.5)                      ; 0.0 (0.0)                                         ; 0.0 (0.0)                        ; 0.0 (0.0)            ; 26 (26)             ; 0 (0)                     ; 0 (0)         ; 0                 ; 0          ; 0    ; 0            ; |unidade_de_controle|gerenciar_memoria_ram:gmr|ram_leitura_2:ram_leitura_2_inst|altsyncram:altsyncram_component|altsyncram_f3n2:auto_generated|mux_7hb:mux5             ; mux_7hb                 ; work         ;
;    |lpm_divide:Div0|                             ; 94.0 (0.0)           ; 97.3 (0.0)                       ; 3.3 (0.0)                                         ; 0.0 (0.0)                        ; 0.0 (0.0)            ; 196 (0)             ; 0 (0)                     ; 0 (0)         ; 0                 ; 0          ; 0    ; 0            ; |unidade_de_controle|lpm_divide:Div0                                                                                                                                    ; lpm_divide              ; work         ;
;       |lpm_divide_qbm:auto_generated|            ; 94.0 (0.0)           ; 97.3 (0.0)                       ; 3.3 (0.0)                                         ; 0.0 (0.0)                        ; 0.0 (0.0)            ; 196 (0)             ; 0 (0)                     ; 0 (0)         ; 0                 ; 0          ; 0    ; 0            ; |unidade_de_controle|lpm_divide:Div0|lpm_divide_qbm:auto_generated                                                                                                      ; lpm_divide_qbm          ; work         ;
;          |sign_div_unsign_0mh:divider|           ; 94.0 (0.0)           ; 97.3 (0.0)                       ; 3.3 (0.0)                                         ; 0.0 (0.0)                        ; 0.0 (0.0)            ; 196 (0)             ; 0 (0)                     ; 0 (0)         ; 0                 ; 0          ; 0    ; 0            ; |unidade_de_controle|lpm_divide:Div0|lpm_divide_qbm:auto_generated|sign_div_unsign_0mh:divider                                                                          ; sign_div_unsign_0mh     ; work         ;
;             |alt_u_div_60f:divider|              ; 94.0 (94.0)          ; 97.3 (97.3)                      ; 3.3 (3.3)                                         ; 0.0 (0.0)                        ; 0.0 (0.0)            ; 196 (196)           ; 0 (0)                     ; 0 (0)         ; 0                 ; 0          ; 0    ; 0            ; |unidade_de_controle|lpm_divide:Div0|lpm_divide_qbm:auto_generated|sign_div_unsign_0mh:divider|alt_u_div_60f:divider                                                    ; alt_u_div_60f           ; work         ;
;    |lpm_divide:Mod0|                             ; 101.0 (0.0)          ; 104.5 (0.0)                      ; 3.5 (0.0)                                         ; 0.0 (0.0)                        ; 0.0 (0.0)            ; 211 (0)             ; 0 (0)                     ; 0 (0)         ; 0                 ; 0          ; 0    ; 0            ; |unidade_de_controle|lpm_divide:Mod0                                                                                                                                    ; lpm_divide              ; work         ;
;       |lpm_divide_t3m:auto_generated|            ; 101.0 (0.0)          ; 104.5 (0.0)                      ; 3.5 (0.0)                                         ; 0.0 (0.0)                        ; 0.0 (0.0)            ; 211 (0)             ; 0 (0)                     ; 0 (0)         ; 0                 ; 0          ; 0    ; 0            ; |unidade_de_controle|lpm_divide:Mod0|lpm_divide_t3m:auto_generated                                                                                                      ; lpm_divide_t3m          ; work         ;
;          |sign_div_unsign_0mh:divider|           ; 101.0 (0.0)          ; 104.5 (0.0)                      ; 3.5 (0.0)                                         ; 0.0 (0.0)                        ; 0.0 (0.0)            ; 211 (0)             ; 0 (0)                     ; 0 (0)         ; 0                 ; 0          ; 0    ; 0            ; |unidade_de_controle|lpm_divide:Mod0|lpm_divide_t3m:auto_generated|sign_div_unsign_0mh:divider                                                                          ; sign_div_unsign_0mh     ; work         ;
;             |alt_u_div_60f:divider|              ; 101.0 (101.0)        ; 104.5 (104.5)                    ; 3.5 (3.5)                                         ; 0.0 (0.0)                        ; 0.0 (0.0)            ; 211 (211)           ; 0 (0)                     ; 0 (0)         ; 0                 ; 0          ; 0    ; 0            ; |unidade_de_controle|lpm_divide:Mod0|lpm_divide_t3m:auto_generated|sign_div_unsign_0mh:divider|alt_u_div_60f:divider                                                    ; alt_u_div_60f           ; work         ;
+--------------------------------------------------+----------------------+----------------------------------+---------------------------------------------------+----------------------------------+----------------------+---------------------+---------------------------+---------------+-------------------+------------+------+--------------+-------------------------------------------------------------------------------------------------------------------------------------------------------------------------+-------------------------+--------------+
Note: For table entries with two numbers listed, the numbers in parentheses indicate the number of resources of the given type used by the specific entity alone. The numbers listed outside of parentheses indicate the total resources of the given type used by the specific entity and all of its sub-entities in the hierarchy.


+-------------------------------------------------------------------------------------------------------------------------------------+
; Delay Chain Summary                                                                                                                 ;
+----------------------+----------+----+------+------+----+------+-------+--------+------------------------+--------------------------+
; Name                 ; Pin Type ; D1 ; D3_0 ; D3_1 ; D4 ; D5   ; D5 OE ; D5 OCT ; T11 (Postamble Gating) ; T11 (Postamble Ungating) ;
+----------------------+----------+----+------+------+----+------+-------+--------+------------------------+--------------------------+
; instrucao[0]         ; Input    ; -- ; --   ; --   ; -- ; --   ; --    ; --     ; --                     ; --                       ;
; instrucao[1]         ; Input    ; -- ; --   ; --   ; -- ; --   ; --    ; --     ; --                     ; --                       ;
; instrucao[2]         ; Input    ; -- ; --   ; --   ; -- ; --   ; --    ; --     ; --                     ; --                       ;
; instrucao[3]         ; Input    ; -- ; --   ; --   ; -- ; --   ; --    ; --     ; --                     ; --                       ;
; botao_zoom_in_input  ; Input    ; -- ; --   ; --   ; -- ; --   ; --    ; --     ; --                     ; --                       ;
; botao_zoom_out_input ; Input    ; -- ; --   ; --   ; -- ; --   ; --    ; --     ; --                     ; --                       ;
; hsync                ; Output   ; -- ; --   ; --   ; -- ; (0)  ; (0)   ; --     ; --                     ; --                       ;
; vsync                ; Output   ; -- ; --   ; --   ; -- ; (0)  ; (0)   ; --     ; --                     ; --                       ;
; red[0]               ; Output   ; -- ; --   ; --   ; -- ; (0)  ; (0)   ; --     ; --                     ; --                       ;
; red[1]               ; Output   ; -- ; --   ; --   ; -- ; (0)  ; (0)   ; --     ; --                     ; --                       ;
; red[2]               ; Output   ; -- ; --   ; --   ; -- ; (0)  ; (0)   ; --     ; --                     ; --                       ;
; red[3]               ; Output   ; -- ; --   ; --   ; -- ; (0)  ; (0)   ; --     ; --                     ; --                       ;
; red[4]               ; Output   ; -- ; --   ; --   ; -- ; (0)  ; (0)   ; --     ; --                     ; --                       ;
; red[5]               ; Output   ; -- ; --   ; --   ; -- ; (0)  ; (0)   ; --     ; --                     ; --                       ;
; red[6]               ; Output   ; -- ; --   ; --   ; -- ; (0)  ; (0)   ; --     ; --                     ; --                       ;
; red[7]               ; Output   ; -- ; --   ; --   ; -- ; (0)  ; (0)   ; --     ; --                     ; --                       ;
; green[0]             ; Output   ; -- ; --   ; --   ; -- ; (0)  ; (0)   ; --     ; --                     ; --                       ;
; green[1]             ; Output   ; -- ; --   ; --   ; -- ; (0)  ; (0)   ; --     ; --                     ; --                       ;
; green[2]             ; Output   ; -- ; --   ; --   ; -- ; (0)  ; (0)   ; --     ; --                     ; --                       ;
; green[3]             ; Output   ; -- ; --   ; --   ; -- ; (0)  ; (0)   ; --     ; --                     ; --                       ;
; green[4]             ; Output   ; -- ; --   ; --   ; -- ; (0)  ; (0)   ; --     ; --                     ; --                       ;
; green[5]             ; Output   ; -- ; --   ; --   ; -- ; (0)  ; (0)   ; --     ; --                     ; --                       ;
; green[6]             ; Output   ; -- ; --   ; --   ; -- ; (0)  ; (0)   ; --     ; --                     ; --                       ;
; green[7]             ; Output   ; -- ; --   ; --   ; -- ; (0)  ; (0)   ; --     ; --                     ; --                       ;
; blue[0]              ; Output   ; -- ; --   ; --   ; -- ; (0)  ; (0)   ; --     ; --                     ; --                       ;
; blue[1]              ; Output   ; -- ; --   ; --   ; -- ; (0)  ; (0)   ; --     ; --                     ; --                       ;
; blue[2]              ; Output   ; -- ; --   ; --   ; -- ; (0)  ; (0)   ; --     ; --                     ; --                       ;
; blue[3]              ; Output   ; -- ; --   ; --   ; -- ; (0)  ; (0)   ; --     ; --                     ; --                       ;
; blue[4]              ; Output   ; -- ; --   ; --   ; -- ; (0)  ; (0)   ; --     ; --                     ; --                       ;
; blue[5]              ; Output   ; -- ; --   ; --   ; -- ; (0)  ; (0)   ; --     ; --                     ; --                       ;
; blue[6]              ; Output   ; -- ; --   ; --   ; -- ; (0)  ; (0)   ; --     ; --                     ; --                       ;
; blue[7]              ; Output   ; -- ; --   ; --   ; -- ; (0)  ; (0)   ; --     ; --                     ; --                       ;
; sync                 ; Output   ; -- ; --   ; --   ; -- ; (0)  ; (0)   ; --     ; --                     ; --                       ;
; clk                  ; Output   ; -- ; --   ; --   ; -- ; (0)  ; (0)   ; --     ; --                     ; --                       ;
; blank                ; Output   ; -- ; --   ; --   ; -- ; (0)  ; (0)   ; --     ; --                     ; --                       ;
; proxima_instrucao    ; Output   ; -- ; --   ; --   ; -- ; (0)  ; (0)   ; --     ; --                     ; --                       ;
; clock_50Mhz          ; Input    ; -- ; (0)  ; --   ; -- ; --   ; --    ; --     ; --                     ; --                       ;
; instrucao[30]        ; Input    ; -- ; (0)  ; --   ; -- ; --   ; --    ; --     ; --                     ; --                       ;
; instrucao[29]        ; Input    ; -- ; (0)  ; --   ; -- ; --   ; --    ; --     ; --                     ; --                       ;
; instrucao[31]        ; Input    ; -- ; (0)  ; --   ; -- ; --   ; --    ; --     ; --                     ; --                       ;
; sinal_wb             ; Input    ; -- ; (0)  ; --   ; -- ; --   ; --    ; --     ; --                     ; --                       ;
; instrucao[23]        ; Input    ; -- ; (0)  ; --   ; -- ; --   ; --    ; --     ; --                     ; --                       ;
; instrucao[24]        ; Input    ; -- ; (0)  ; --   ; -- ; --   ; --    ; --     ; --                     ; --                       ;
; instrucao[25]        ; Input    ; -- ; (0)  ; --   ; -- ; --   ; --    ; --     ; --                     ; --                       ;
; instrucao[26]        ; Input    ; -- ; (0)  ; --   ; -- ; --   ; --    ; --     ; --                     ; --                       ;
; instrucao[21]        ; Input    ; -- ; (0)  ; --   ; -- ; --   ; --    ; --     ; --                     ; --                       ;
; instrucao[22]        ; Input    ; -- ; (0)  ; --   ; -- ; --   ; --    ; --     ; --                     ; --                       ;
; instrucao[27]        ; Input    ; -- ; (0)  ; --   ; -- ; --   ; --    ; --     ; --                     ; --                       ;
; instrucao[28]        ; Input    ; -- ; (0)  ; --   ; -- ; --   ; --    ; --     ; --                     ; --                       ;
; instrucao[20]        ; Input    ; -- ; (0)  ; --   ; -- ; --   ; --    ; --     ; --                     ; --                       ;
; instrucao[17]        ; Input    ; -- ; (0)  ; --   ; -- ; --   ; --    ; --     ; --                     ; --                       ;
; instrucao[19]        ; Input    ; -- ; (0)  ; --   ; -- ; --   ; --    ; --     ; --                     ; --                       ;
; instrucao[18]        ; Input    ; -- ; (0)  ; --   ; -- ; --   ; --    ; --     ; --                     ; --                       ;
; instrucao[4]         ; Input    ; -- ; (0)  ; --   ; -- ; --   ; --    ; --     ; --                     ; --                       ;
; instrucao[5]         ; Input    ; -- ; (0)  ; --   ; -- ; --   ; --    ; --     ; --                     ; --                       ;
; instrucao[6]         ; Input    ; -- ; (0)  ; --   ; -- ; --   ; --    ; --     ; --                     ; --                       ;
; instrucao[7]         ; Input    ; -- ; (0)  ; --   ; -- ; --   ; --    ; --     ; --                     ; --                       ;
; instrucao[8]         ; Input    ; -- ; (0)  ; --   ; -- ; --   ; --    ; --     ; --                     ; --                       ;
; instrucao[9]         ; Input    ; -- ; (0)  ; --   ; -- ; --   ; --    ; --     ; --                     ; --                       ;
; instrucao[10]        ; Input    ; -- ; (0)  ; --   ; -- ; --   ; --    ; --     ; --                     ; --                       ;
; instrucao[11]        ; Input    ; -- ; (0)  ; --   ; -- ; --   ; --    ; --     ; --                     ; --                       ;
; instrucao[12]        ; Input    ; -- ; (0)  ; --   ; -- ; --   ; --    ; --     ; --                     ; --                       ;
; instrucao[13]        ; Input    ; -- ; (0)  ; --   ; -- ; --   ; --    ; --     ; --                     ; --                       ;
; instrucao[14]        ; Input    ; -- ; (0)  ; --   ; -- ; --   ; --    ; --     ; --                     ; --                       ;
; instrucao[15]        ; Input    ; -- ; (0)  ; --   ; -- ; --   ; --    ; --     ; --                     ; --                       ;
; instrucao[16]        ; Input    ; -- ; (0)  ; --   ; -- ; --   ; --    ; --     ; --                     ; --                       ;
; reset_input          ; Input    ; -- ; (0)  ; --   ; -- ; --   ; --    ; --     ; --                     ; --                       ;
+----------------------+----------+----+------+------+----+------+-------+--------+------------------------+--------------------------+


+----------------------------------------------------+
; Pad To Core Delay Chain Fanout                     ;
+----------------------+-------------------+---------+
; Source Pin / Fanout  ; Pad To Core Index ; Setting ;
+----------------------+-------------------+---------+
; instrucao[0]         ;                   ;         ;
; instrucao[1]         ;                   ;         ;
; instrucao[2]         ;                   ;         ;
; instrucao[3]         ;                   ;         ;
; botao_zoom_in_input  ;                   ;         ;
; botao_zoom_out_input ;                   ;         ;
; clock_50Mhz          ;                   ;         ;
; instrucao[30]        ;                   ;         ;
; instrucao[29]        ;                   ;         ;
; instrucao[31]        ;                   ;         ;
; sinal_wb             ;                   ;         ;
; instrucao[23]        ;                   ;         ;
; instrucao[24]        ;                   ;         ;
; instrucao[25]        ;                   ;         ;
; instrucao[26]        ;                   ;         ;
; instrucao[21]        ;                   ;         ;
; instrucao[22]        ;                   ;         ;
; instrucao[27]        ;                   ;         ;
; instrucao[28]        ;                   ;         ;
; instrucao[20]        ;                   ;         ;
; instrucao[17]        ;                   ;         ;
; instrucao[19]        ;                   ;         ;
; instrucao[18]        ;                   ;         ;
; instrucao[4]         ;                   ;         ;
; instrucao[5]         ;                   ;         ;
; instrucao[6]         ;                   ;         ;
; instrucao[7]         ;                   ;         ;
; instrucao[8]         ;                   ;         ;
; instrucao[9]         ;                   ;         ;
; instrucao[10]        ;                   ;         ;
; instrucao[11]        ;                   ;         ;
; instrucao[12]        ;                   ;         ;
; instrucao[13]        ;                   ;         ;
; instrucao[14]        ;                   ;         ;
; instrucao[15]        ;                   ;         ;
; instrucao[16]        ;                   ;         ;
; reset_input          ;                   ;         ;
+----------------------+-------------------+---------+


+-------------------------------------------------------------------------------------------------------------------------------------------------------------------------------------------------------------------------------------------------------------------------------------------------------------------------+
; Control Signals                                                                                                                                                                                                                                                                                                         ;
+----------------------------------------------------------------------------------------------------------------------------------------------------------------------+----------------------------+---------+----------------------------+--------+----------------------+------------------+---------------------------+
; Name                                                                                                                                                                 ; Location                   ; Fan-Out ; Usage                      ; Global ; Global Resource Used ; Global Line Name ; Enable Signal Source Name ;
+----------------------------------------------------------------------------------------------------------------------------------------------------------------------+----------------------------+---------+----------------------------+--------+----------------------+------------------+---------------------------+
; Equal16~0                                                                                                                                                            ; Unassigned                 ; 68      ; Latch enable               ; no     ; --                   ; --               ; --                        ;
; Selector118~0                                                                                                                                                        ; Unassigned                 ; 9       ; Clock enable               ; no     ; --                   ; --               ; --                        ;
; Selector124~5                                                                                                                                                        ; Unassigned                 ; 19      ; Clock enable               ; no     ; --                   ; --               ; --                        ;
; clock_50Mhz                                                                                                                                                          ; PIN_K14                    ; 5       ; Clock                      ; yes    ; Global Clock         ; Not Available    ; --                        ;
; clock_50Mhz                                                                                                                                                          ; PIN_K14                    ; 4       ; Clock                      ; no     ; --                   ; --               ; --                        ;
; clock_75mhz:clock_75|clock_75mhz_0002:clock_75mhz_inst|altera_pll:altera_pll_i|outclk_wire[0]                                                                        ; PLLOUTPUTCOUNTER_X0_Y63_N1 ; 176     ; Clock                      ; yes    ; Global Clock         ; Not Available    ; --                        ;
; coluna_aux[3]~0                                                                                                                                                      ; Unassigned                 ; 9       ; Sync. load                 ; no     ; --                   ; --               ; --                        ;
; coluna_aux[3]~2                                                                                                                                                      ; Unassigned                 ; 9       ; Clock enable               ; no     ; --                   ; --               ; --                        ;
; controle_vga:controle_saida|contador_escrita[11]~4                                                                                                                   ; Unassigned                 ; 17      ; Clock enable               ; no     ; --                   ; --               ; --                        ;
; controle_vga:controle_saida|fifo_a:fifo_inst|scfifo:scfifo_component|scfifo_7nd1:auto_generated|a_dpfifo_90c1:dpfifo|_~7                                             ; Unassigned                 ; 8       ; Clock enable               ; no     ; --                   ; --               ; --                        ;
; controle_vga:controle_saida|fifo_a:fifo_inst|scfifo:scfifo_component|scfifo_7nd1:auto_generated|a_dpfifo_90c1:dpfifo|_~8                                             ; Unassigned                 ; 9       ; Clock enable               ; no     ; --                   ; --               ; --                        ;
; controle_vga:controle_saida|fifo_a:fifo_inst|scfifo:scfifo_component|scfifo_7nd1:auto_generated|a_dpfifo_90c1:dpfifo|valid_rreq                                      ; Unassigned                 ; 24      ; Clock enable               ; no     ; --                   ; --               ; --                        ;
; controle_vga:controle_saida|fifo_a:fifo_inst|scfifo:scfifo_component|scfifo_7nd1:auto_generated|a_dpfifo_90c1:dpfifo|valid_wreq                                      ; Unassigned                 ; 30      ; Clock enable, Write enable ; no     ; --                   ; --               ; --                        ;
; controle_vga:controle_saida|inicio_frame                                                                                                                             ; Unassigned                 ; 20      ; Sync. clear                ; no     ; --                   ; --               ; --                        ;
; controle_vga:controle_saida|leitura_valida                                                                                                                           ; Unassigned                 ; 8       ; Sync. clear                ; no     ; --                   ; --               ; --                        ;
; controle_vga:controle_saida|ram_secundaria:ram_inst|altsyncram:altsyncram_component|altsyncram_f3n2:auto_generated|decode_g2a:rden_decode_a|w_anode1074w[3]~0        ; Unassigned                 ; 9       ; Clock enable               ; no     ; --                   ; --               ; --                        ;
; controle_vga:controle_saida|ram_secundaria:ram_inst|altsyncram:altsyncram_component|altsyncram_f3n2:auto_generated|decode_g2a:rden_decode_a|w_anode1091w[3]~0        ; Unassigned                 ; 8       ; Clock enable               ; no     ; --                   ; --               ; --                        ;
; controle_vga:controle_saida|ram_secundaria:ram_inst|altsyncram:altsyncram_component|altsyncram_f3n2:auto_generated|decode_g2a:rden_decode_a|w_anode1101w[3]~0        ; Unassigned                 ; 8       ; Clock enable               ; no     ; --                   ; --               ; --                        ;
; controle_vga:controle_saida|ram_secundaria:ram_inst|altsyncram:altsyncram_component|altsyncram_f3n2:auto_generated|decode_g2a:rden_decode_a|w_anode1111w[3]~0        ; Unassigned                 ; 8       ; Clock enable               ; no     ; --                   ; --               ; --                        ;
; controle_vga:controle_saida|ram_secundaria:ram_inst|altsyncram:altsyncram_component|altsyncram_f3n2:auto_generated|decode_g2a:rden_decode_a|w_anode1121w[3]~0        ; Unassigned                 ; 8       ; Clock enable               ; no     ; --                   ; --               ; --                        ;
; controle_vga:controle_saida|ram_secundaria:ram_inst|altsyncram:altsyncram_component|altsyncram_f3n2:auto_generated|decode_g2a:rden_decode_a|w_anode1131w[3]~0        ; Unassigned                 ; 8       ; Clock enable               ; no     ; --                   ; --               ; --                        ;
; controle_vga:controle_saida|ram_secundaria:ram_inst|altsyncram:altsyncram_component|altsyncram_f3n2:auto_generated|decode_g2a:rden_decode_a|w_anode1141w[3]~0        ; Unassigned                 ; 8       ; Clock enable               ; no     ; --                   ; --               ; --                        ;
; controle_vga:controle_saida|ram_secundaria:ram_inst|altsyncram:altsyncram_component|altsyncram_f3n2:auto_generated|decode_g2a:rden_decode_a|w_anode1151w[3]~0        ; Unassigned                 ; 8       ; Clock enable               ; no     ; --                   ; --               ; --                        ;
; controle_vga:controle_saida|ram_secundaria:ram_inst|altsyncram:altsyncram_component|altsyncram_f3n2:auto_generated|decode_g2a:rden_decode_a|w_anode1161w[3]          ; Unassigned                 ; 8       ; Clock enable               ; no     ; --                   ; --               ; --                        ;
; controle_vga:controle_saida|ram_secundaria:ram_inst|altsyncram:altsyncram_component|altsyncram_f3n2:auto_generated|decode_g2a:rden_decode_a|w_anode1172w[3]          ; Unassigned                 ; 8       ; Clock enable               ; no     ; --                   ; --               ; --                        ;
; controle_vga:controle_saida|ram_secundaria:ram_inst|altsyncram:altsyncram_component|altsyncram_f3n2:auto_generated|decode_g2a:rden_decode_b|w_anode1074w[3]          ; Unassigned                 ; 8       ; Clock enable               ; no     ; --                   ; --               ; --                        ;
; controle_vga:controle_saida|ram_secundaria:ram_inst|altsyncram:altsyncram_component|altsyncram_f3n2:auto_generated|decode_g2a:rden_decode_b|w_anode1091w[3]~0        ; Unassigned                 ; 8       ; Clock enable               ; no     ; --                   ; --               ; --                        ;
; controle_vga:controle_saida|ram_secundaria:ram_inst|altsyncram:altsyncram_component|altsyncram_f3n2:auto_generated|decode_g2a:rden_decode_b|w_anode1101w[3]~0        ; Unassigned                 ; 8       ; Clock enable               ; no     ; --                   ; --               ; --                        ;
; controle_vga:controle_saida|ram_secundaria:ram_inst|altsyncram:altsyncram_component|altsyncram_f3n2:auto_generated|decode_g2a:rden_decode_b|w_anode1111w[3]~0        ; Unassigned                 ; 8       ; Clock enable               ; no     ; --                   ; --               ; --                        ;
; controle_vga:controle_saida|ram_secundaria:ram_inst|altsyncram:altsyncram_component|altsyncram_f3n2:auto_generated|decode_g2a:rden_decode_b|w_anode1121w[3]~0        ; Unassigned                 ; 8       ; Clock enable               ; no     ; --                   ; --               ; --                        ;
; controle_vga:controle_saida|ram_secundaria:ram_inst|altsyncram:altsyncram_component|altsyncram_f3n2:auto_generated|decode_g2a:rden_decode_b|w_anode1131w[3]~0        ; Unassigned                 ; 8       ; Clock enable               ; no     ; --                   ; --               ; --                        ;
; controle_vga:controle_saida|ram_secundaria:ram_inst|altsyncram:altsyncram_component|altsyncram_f3n2:auto_generated|decode_g2a:rden_decode_b|w_anode1141w[3]~0        ; Unassigned                 ; 8       ; Clock enable               ; no     ; --                   ; --               ; --                        ;
; controle_vga:controle_saida|ram_secundaria:ram_inst|altsyncram:altsyncram_component|altsyncram_f3n2:auto_generated|decode_g2a:rden_decode_b|w_anode1151w[3]~0        ; Unassigned                 ; 8       ; Clock enable               ; no     ; --                   ; --               ; --                        ;
; controle_vga:controle_saida|ram_secundaria:ram_inst|altsyncram:altsyncram_component|altsyncram_f3n2:auto_generated|decode_g2a:rden_decode_b|w_anode1161w[3]          ; Unassigned                 ; 8       ; Clock enable               ; no     ; --                   ; --               ; --                        ;
; controle_vga:controle_saida|ram_secundaria:ram_inst|altsyncram:altsyncram_component|altsyncram_f3n2:auto_generated|decode_g2a:rden_decode_b|w_anode1172w[3]          ; Unassigned                 ; 8       ; Clock enable               ; no     ; --                   ; --               ; --                        ;
; controle_vga:controle_saida|ram_secundaria:ram_inst|altsyncram:altsyncram_component|altsyncram_f3n2:auto_generated|decode_nma:decode3|w_anode548w[3]                 ; Unassigned                 ; 8       ; Write enable               ; no     ; --                   ; --               ; --                        ;
; controle_vga:controle_saida|ram_secundaria:ram_inst|altsyncram:altsyncram_component|altsyncram_f3n2:auto_generated|decode_nma:decode3|w_anode565w[3]                 ; Unassigned                 ; 8       ; Write enable               ; no     ; --                   ; --               ; --                        ;
; controle_vga:controle_saida|ram_secundaria:ram_inst|altsyncram:altsyncram_component|altsyncram_f3n2:auto_generated|decode_nma:decode3|w_anode575w[3]                 ; Unassigned                 ; 8       ; Write enable               ; no     ; --                   ; --               ; --                        ;
; controle_vga:controle_saida|ram_secundaria:ram_inst|altsyncram:altsyncram_component|altsyncram_f3n2:auto_generated|decode_nma:decode3|w_anode585w[3]                 ; Unassigned                 ; 8       ; Write enable               ; no     ; --                   ; --               ; --                        ;
; controle_vga:controle_saida|ram_secundaria:ram_inst|altsyncram:altsyncram_component|altsyncram_f3n2:auto_generated|decode_nma:decode3|w_anode595w[3]                 ; Unassigned                 ; 8       ; Write enable               ; no     ; --                   ; --               ; --                        ;
; controle_vga:controle_saida|ram_secundaria:ram_inst|altsyncram:altsyncram_component|altsyncram_f3n2:auto_generated|decode_nma:decode3|w_anode605w[3]                 ; Unassigned                 ; 8       ; Write enable               ; no     ; --                   ; --               ; --                        ;
; controle_vga:controle_saida|ram_secundaria:ram_inst|altsyncram:altsyncram_component|altsyncram_f3n2:auto_generated|decode_nma:decode3|w_anode615w[3]                 ; Unassigned                 ; 8       ; Write enable               ; no     ; --                   ; --               ; --                        ;
; controle_vga:controle_saida|ram_secundaria:ram_inst|altsyncram:altsyncram_component|altsyncram_f3n2:auto_generated|decode_nma:decode3|w_anode625w[3]                 ; Unassigned                 ; 8       ; Write enable               ; no     ; --                   ; --               ; --                        ;
; controle_vga:controle_saida|ram_secundaria:ram_inst|altsyncram:altsyncram_component|altsyncram_f3n2:auto_generated|decode_nma:decode3|w_anode644w[3]                 ; Unassigned                 ; 8       ; Write enable               ; no     ; --                   ; --               ; --                        ;
; controle_vga:controle_saida|ram_secundaria:ram_inst|altsyncram:altsyncram_component|altsyncram_f3n2:auto_generated|decode_nma:decode3|w_anode655w[3]                 ; Unassigned                 ; 8       ; Write enable               ; no     ; --                   ; --               ; --                        ;
; controle_vga:controle_saida|vga_module:vga|h_counter[6]~2                                                                                                            ; Unassigned                 ; 10      ; Sync. clear                ; no     ; --                   ; --               ; --                        ;
; controle_vga:controle_saida|vga_module:vga|line_done                                                                                                                 ; Unassigned                 ; 16      ; Clock enable               ; no     ; --                   ; --               ; --                        ;
; controle_vga:controle_saida|vga_module:vga|v_counter[9]~2                                                                                                            ; Unassigned                 ; 10      ; Sync. clear                ; no     ; --                   ; --               ; --                        ;
; debounce_bt:debouce_reset|clock_div:u1|LessThan0~6                                                                                                                   ; Unassigned                 ; 27      ; Sync. clear                ; no     ; --                   ; --               ; --                        ;
; debounce_bt:debouce_reset|clock_div:u1|slow_clk                                                                                                                      ; Unassigned                 ; 3       ; Clock                      ; no     ; --                   ; --               ; --                        ;
; decodificador:decoder_instrucao|delayed_clock_generator:gerador_de_sinal|delayed_clk                                                                                 ; Unassigned                 ; 28      ; Clock                      ; no     ; --                   ; --               ; --                        ;
; divisor_clock_por_2:divisor_clock_50MHZ|clock                                                                                                                        ; Unassigned                 ; 476     ; Clock                      ; no     ; --                   ; --               ; --                        ;
; endereco_memoria[16]~5                                                                                                                                               ; Unassigned                 ; 7       ; Clock enable               ; no     ; --                   ; --               ; --                        ;
; endereco_memoria[6]~10                                                                                                                                               ; Unassigned                 ; 10      ; Clock enable               ; no     ; --                   ; --               ; --                        ;
; estado_atual.IDLE                                                                                                                                                    ; Unassigned                 ; 19      ; Clock enable, Sync. load   ; no     ; --                   ; --               ; --                        ;
; estado_atual.LOAD_OP                                                                                                                                                 ; Unassigned                 ; 8       ; Clock enable               ; no     ; --                   ; --               ; --                        ;
; estado_atual.WRITE                                                                                                                                                   ; Unassigned                 ; 27      ; Sync. load                 ; no     ; --                   ; --               ; --                        ;
; gerenciar_memoria_ram:gmr|ram_leitura_2:ram_leitura_2_inst|altsyncram:altsyncram_component|altsyncram_f3n2:auto_generated|decode_g2a:rden_decode_a|w_anode1074w[3]   ; Unassigned                 ; 8       ; Clock enable               ; no     ; --                   ; --               ; --                        ;
; gerenciar_memoria_ram:gmr|ram_leitura_2:ram_leitura_2_inst|altsyncram:altsyncram_component|altsyncram_f3n2:auto_generated|decode_g2a:rden_decode_a|w_anode1091w[3]~0 ; Unassigned                 ; 8       ; Clock enable               ; no     ; --                   ; --               ; --                        ;
; gerenciar_memoria_ram:gmr|ram_leitura_2:ram_leitura_2_inst|altsyncram:altsyncram_component|altsyncram_f3n2:auto_generated|decode_g2a:rden_decode_a|w_anode1101w[3]~0 ; Unassigned                 ; 8       ; Clock enable               ; no     ; --                   ; --               ; --                        ;
; gerenciar_memoria_ram:gmr|ram_leitura_2:ram_leitura_2_inst|altsyncram:altsyncram_component|altsyncram_f3n2:auto_generated|decode_g2a:rden_decode_a|w_anode1111w[3]~0 ; Unassigned                 ; 8       ; Clock enable               ; no     ; --                   ; --               ; --                        ;
; gerenciar_memoria_ram:gmr|ram_leitura_2:ram_leitura_2_inst|altsyncram:altsyncram_component|altsyncram_f3n2:auto_generated|decode_g2a:rden_decode_a|w_anode1121w[3]~0 ; Unassigned                 ; 8       ; Clock enable               ; no     ; --                   ; --               ; --                        ;
; gerenciar_memoria_ram:gmr|ram_leitura_2:ram_leitura_2_inst|altsyncram:altsyncram_component|altsyncram_f3n2:auto_generated|decode_g2a:rden_decode_a|w_anode1131w[3]~0 ; Unassigned                 ; 8       ; Clock enable               ; no     ; --                   ; --               ; --                        ;
; gerenciar_memoria_ram:gmr|ram_leitura_2:ram_leitura_2_inst|altsyncram:altsyncram_component|altsyncram_f3n2:auto_generated|decode_g2a:rden_decode_a|w_anode1141w[3]~0 ; Unassigned                 ; 8       ; Clock enable               ; no     ; --                   ; --               ; --                        ;
; gerenciar_memoria_ram:gmr|ram_leitura_2:ram_leitura_2_inst|altsyncram:altsyncram_component|altsyncram_f3n2:auto_generated|decode_g2a:rden_decode_a|w_anode1151w[3]~0 ; Unassigned                 ; 8       ; Clock enable               ; no     ; --                   ; --               ; --                        ;
; gerenciar_memoria_ram:gmr|ram_leitura_2:ram_leitura_2_inst|altsyncram:altsyncram_component|altsyncram_f3n2:auto_generated|decode_g2a:rden_decode_a|w_anode1161w[3]   ; Unassigned                 ; 8       ; Clock enable               ; no     ; --                   ; --               ; --                        ;
; gerenciar_memoria_ram:gmr|ram_leitura_2:ram_leitura_2_inst|altsyncram:altsyncram_component|altsyncram_f3n2:auto_generated|decode_g2a:rden_decode_a|w_anode1172w[3]   ; Unassigned                 ; 8       ; Clock enable               ; no     ; --                   ; --               ; --                        ;
; gerenciar_memoria_ram:gmr|ram_leitura_2:ram_leitura_2_inst|altsyncram:altsyncram_component|altsyncram_f3n2:auto_generated|decode_g2a:rden_decode_b|w_anode1074w[3]   ; Unassigned                 ; 8       ; Clock enable               ; no     ; --                   ; --               ; --                        ;
; gerenciar_memoria_ram:gmr|ram_leitura_2:ram_leitura_2_inst|altsyncram:altsyncram_component|altsyncram_f3n2:auto_generated|decode_g2a:rden_decode_b|w_anode1091w[3]~0 ; Unassigned                 ; 8       ; Clock enable               ; no     ; --                   ; --               ; --                        ;
; gerenciar_memoria_ram:gmr|ram_leitura_2:ram_leitura_2_inst|altsyncram:altsyncram_component|altsyncram_f3n2:auto_generated|decode_g2a:rden_decode_b|w_anode1101w[3]~0 ; Unassigned                 ; 8       ; Clock enable               ; no     ; --                   ; --               ; --                        ;
; gerenciar_memoria_ram:gmr|ram_leitura_2:ram_leitura_2_inst|altsyncram:altsyncram_component|altsyncram_f3n2:auto_generated|decode_g2a:rden_decode_b|w_anode1111w[3]~0 ; Unassigned                 ; 8       ; Clock enable               ; no     ; --                   ; --               ; --                        ;
; gerenciar_memoria_ram:gmr|ram_leitura_2:ram_leitura_2_inst|altsyncram:altsyncram_component|altsyncram_f3n2:auto_generated|decode_g2a:rden_decode_b|w_anode1121w[3]~0 ; Unassigned                 ; 8       ; Clock enable               ; no     ; --                   ; --               ; --                        ;
; gerenciar_memoria_ram:gmr|ram_leitura_2:ram_leitura_2_inst|altsyncram:altsyncram_component|altsyncram_f3n2:auto_generated|decode_g2a:rden_decode_b|w_anode1131w[3]~0 ; Unassigned                 ; 8       ; Clock enable               ; no     ; --                   ; --               ; --                        ;
; gerenciar_memoria_ram:gmr|ram_leitura_2:ram_leitura_2_inst|altsyncram:altsyncram_component|altsyncram_f3n2:auto_generated|decode_g2a:rden_decode_b|w_anode1141w[3]~0 ; Unassigned                 ; 8       ; Clock enable               ; no     ; --                   ; --               ; --                        ;
; gerenciar_memoria_ram:gmr|ram_leitura_2:ram_leitura_2_inst|altsyncram:altsyncram_component|altsyncram_f3n2:auto_generated|decode_g2a:rden_decode_b|w_anode1151w[3]~0 ; Unassigned                 ; 8       ; Clock enable               ; no     ; --                   ; --               ; --                        ;
; gerenciar_memoria_ram:gmr|ram_leitura_2:ram_leitura_2_inst|altsyncram:altsyncram_component|altsyncram_f3n2:auto_generated|decode_g2a:rden_decode_b|w_anode1161w[3]~0 ; Unassigned                 ; 9       ; Clock enable               ; no     ; --                   ; --               ; --                        ;
; gerenciar_memoria_ram:gmr|ram_leitura_2:ram_leitura_2_inst|altsyncram:altsyncram_component|altsyncram_f3n2:auto_generated|decode_g2a:rden_decode_b|w_anode1172w[3]~0 ; Unassigned                 ; 8       ; Clock enable               ; no     ; --                   ; --               ; --                        ;
; gerenciar_memoria_ram:gmr|ram_leitura_2:ram_leitura_2_inst|altsyncram:altsyncram_component|altsyncram_f3n2:auto_generated|decode_nma:decode3|w_anode548w[3]          ; Unassigned                 ; 8       ; Write enable               ; no     ; --                   ; --               ; --                        ;
; gerenciar_memoria_ram:gmr|ram_leitura_2:ram_leitura_2_inst|altsyncram:altsyncram_component|altsyncram_f3n2:auto_generated|decode_nma:decode3|w_anode565w[3]          ; Unassigned                 ; 8       ; Write enable               ; no     ; --                   ; --               ; --                        ;
; gerenciar_memoria_ram:gmr|ram_leitura_2:ram_leitura_2_inst|altsyncram:altsyncram_component|altsyncram_f3n2:auto_generated|decode_nma:decode3|w_anode575w[3]          ; Unassigned                 ; 8       ; Write enable               ; no     ; --                   ; --               ; --                        ;
; gerenciar_memoria_ram:gmr|ram_leitura_2:ram_leitura_2_inst|altsyncram:altsyncram_component|altsyncram_f3n2:auto_generated|decode_nma:decode3|w_anode585w[3]          ; Unassigned                 ; 8       ; Write enable               ; no     ; --                   ; --               ; --                        ;
; gerenciar_memoria_ram:gmr|ram_leitura_2:ram_leitura_2_inst|altsyncram:altsyncram_component|altsyncram_f3n2:auto_generated|decode_nma:decode3|w_anode595w[3]          ; Unassigned                 ; 8       ; Write enable               ; no     ; --                   ; --               ; --                        ;
; gerenciar_memoria_ram:gmr|ram_leitura_2:ram_leitura_2_inst|altsyncram:altsyncram_component|altsyncram_f3n2:auto_generated|decode_nma:decode3|w_anode605w[3]          ; Unassigned                 ; 8       ; Write enable               ; no     ; --                   ; --               ; --                        ;
; gerenciar_memoria_ram:gmr|ram_leitura_2:ram_leitura_2_inst|altsyncram:altsyncram_component|altsyncram_f3n2:auto_generated|decode_nma:decode3|w_anode615w[3]          ; Unassigned                 ; 8       ; Write enable               ; no     ; --                   ; --               ; --                        ;
; gerenciar_memoria_ram:gmr|ram_leitura_2:ram_leitura_2_inst|altsyncram:altsyncram_component|altsyncram_f3n2:auto_generated|decode_nma:decode3|w_anode625w[3]          ; Unassigned                 ; 8       ; Write enable               ; no     ; --                   ; --               ; --                        ;
; gerenciar_memoria_ram:gmr|ram_leitura_2:ram_leitura_2_inst|altsyncram:altsyncram_component|altsyncram_f3n2:auto_generated|decode_nma:decode3|w_anode644w[3]~0        ; Unassigned                 ; 8       ; Write enable               ; no     ; --                   ; --               ; --                        ;
; gerenciar_memoria_ram:gmr|ram_leitura_2:ram_leitura_2_inst|altsyncram:altsyncram_component|altsyncram_f3n2:auto_generated|decode_nma:decode3|w_anode655w[3]~0        ; Unassigned                 ; 8       ; Write enable               ; no     ; --                   ; --               ; --                        ;
; linha[0]~0                                                                                                                                                           ; Unassigned                 ; 2       ; Latch enable               ; no     ; --                   ; --               ; --                        ;
; linha_aux[6]~1                                                                                                                                                       ; Unassigned                 ; 9       ; Clock enable               ; no     ; --                   ; --               ; --                        ;
; pixel_m_1[0]~0                                                                                                                                                       ; Unassigned                 ; 8       ; Clock enable               ; no     ; --                   ; --               ; --                        ;
; pixel_m_2[0]~0                                                                                                                                                       ; Unassigned                 ; 8       ; Clock enable               ; no     ; --                   ; --               ; --                        ;
; pixel_m_3[0]~0                                                                                                                                                       ; Unassigned                 ; 9       ; Clock enable               ; no     ; --                   ; --               ; --                        ;
+----------------------------------------------------------------------------------------------------------------------------------------------------------------------+----------------------------+---------+----------------------------+--------+----------------------+------------------+---------------------------+


+------------------------------------------------------------------------------------------------------------------------------------------------------------------------------------------------------------+
; Global & Other Fast Signals                                                                                                                                                                                ;
+-----------------------------------------------------------------------------------------------+----------------------------+---------+----------------------+------------------+---------------------------+
; Name                                                                                          ; Location                   ; Fan-Out ; Global Resource Used ; Global Line Name ; Enable Signal Source Name ;
+-----------------------------------------------------------------------------------------------+----------------------------+---------+----------------------+------------------+---------------------------+
; clock_50Mhz                                                                                   ; PIN_K14                    ; 5       ; Global Clock         ; Not Available    ; --                        ;
; clock_75mhz:clock_75|clock_75mhz_0002:clock_75mhz_inst|altera_pll:altera_pll_i|outclk_wire[0] ; PLLOUTPUTCOUNTER_X0_Y63_N1 ; 176     ; Global Clock         ; Not Available    ; --                        ;
+-----------------------------------------------------------------------------------------------+----------------------------+---------+----------------------+------------------+---------------------------+


+-------------------------------------------------------------------------------------------------------------------------------------------------------------------------------------------------------------------------------------------------------------------------------------------------------------------------------------------------------------------------------------------------------------------------------------------------------------------------------------------------------------------------------------------------------------------------------------------------------------------------------------------------------------------------------------------------------+
; Fitter RAM Summary                                                                                                                                                                                                                                                                                                                                                                                                                                                                                                                                                                                                                                                                                    ;
+---------------------------------------------------------------------------------------------------------------------------------------------------------+------------+------------------+--------------+--------------+--------------+--------------+--------------+------------------------+-------------------------+------------------------+-------------------------+--------+-----------------------------+-----------------------------+-----------------------------+-----------------------------+---------------------+-------------+-------+-------------------+------------+----------------------+-----------------+-----------------+----------+------------------------+---------------+
; Name                                                                                                                                                    ; Type       ; Mode             ; Clock Mode   ; Port A Depth ; Port A Width ; Port B Depth ; Port B Width ; Port A Input Registers ; Port A Output Registers ; Port B Input Registers ; Port B Output Registers ; Size   ; Implementation Port A Depth ; Implementation Port A Width ; Implementation Port B Depth ; Implementation Port B Width ; Implementation Bits ; M10K blocks ; MLABs ; MIF               ; Location   ; Mixed Width RDW Mode ; Port A RDW Mode ; Port B RDW Mode ; ECC Mode ; ECC Pipeline Registers ; Fits in MLABs ;
+---------------------------------------------------------------------------------------------------------------------------------------------------------+------------+------------------+--------------+--------------+--------------+--------------+--------------+------------------------+-------------------------+------------------------+-------------------------+--------+-----------------------------+-----------------------------+-----------------------------+-----------------------------+---------------------+-------------+-------+-------------------+------------+----------------------+-----------------+-----------------+----------+------------------------+---------------+
; controle_vga:controle_saida|fifo_a:fifo_inst|scfifo:scfifo_component|scfifo_7nd1:auto_generated|a_dpfifo_90c1:dpfifo|altsyncram_kep1:FIFOram|ALTSYNCRAM ; M10K block ; Simple Dual Port ; Single Clock ; 512          ; 8            ; 512          ; 8            ; yes                    ; no                      ; yes                    ; yes                     ; 4096   ; 512                         ; 8                           ; 512                         ; 8                           ; 4096                ; 1           ; 0     ; None              ; Unassigned ; Don't care           ; New data        ; New data        ; Off      ; No                     ; Yes           ;
; controle_vga:controle_saida|ram_secundaria:ram_inst|altsyncram:altsyncram_component|altsyncram_f3n2:auto_generated|ALTSYNCRAM                           ; M10K block ; True Dual Port   ; Dual Clocks  ; 76800        ; 8            ; 76800        ; 8            ; yes                    ; yes                     ; yes                    ; yes                     ; 614400 ; 76800                       ; 8                           ; 76800                       ; 8                           ; 614400              ; 76          ; 0     ; memoria_bahia.mif ; Unassigned ; Don't care           ; New data        ; New data        ; Off      ; No                     ; Yes           ;
; gerenciar_memoria_ram:gmr|ram_leitura_2:ram_leitura_2_inst|altsyncram:altsyncram_component|altsyncram_f3n2:auto_generated|ALTSYNCRAM                    ; M10K block ; True Dual Port   ; Dual Clocks  ; 76800        ; 8            ; 76800        ; 8            ; yes                    ; yes                     ; yes                    ; yes                     ; 614400 ; 76800                       ; 8                           ; 76800                       ; 8                           ; 614400              ; 76          ; 0     ; memoria_bahia.mif ; Unassigned ; Don't care           ; New data        ; New data        ; Off      ; No                     ; Yes           ;
+---------------------------------------------------------------------------------------------------------------------------------------------------------+------------+------------------+--------------+--------------+--------------+--------------+--------------+------------------------+-------------------------+------------------------+-------------------------+--------+-----------------------------+-----------------------------+-----------------------------+-----------------------------+---------------------+-------------+-------+-------------------+------------+----------------------+-----------------+-----------------+----------+------------------------+---------------+
Note: Fitter may spread logical memories into multiple blocks to improve timing. The actual required RAM blocks can be found in the Fitter Resource Usage section.


+------------------------------------------+
; I/O Rules Summary                        ;
+----------------------------------+-------+
; I/O Rules Statistic              ; Total ;
+----------------------------------+-------+
; Total I/O Rules                  ; 28    ;
; Number of I/O Rules Passed       ; 6     ;
; Number of I/O Rules Failed       ; 0     ;
; Number of I/O Rules Unchecked    ; 0     ;
; Number of I/O Rules Inapplicable ; 22    ;
+----------------------------------+-------+


+-----------------------------------------------------------------------------------------------------------------------------------------------------------------------------------------------------------------------------------------------------------------------------------+
; I/O Rules Details                                                                                                                                                                                                                                                                 ;
+--------------+-----------+-----------------------------------+------------------------------------------------------------------------------------+----------+--------------------------------------------------------------------------+---------------------+-------------------+
; Status       ; ID        ; Category                          ; Rule Description                                                                   ; Severity ; Information                                                              ; Area                ; Extra Information ;
+--------------+-----------+-----------------------------------+------------------------------------------------------------------------------------+----------+--------------------------------------------------------------------------+---------------------+-------------------+
; Inapplicable ; IO_000002 ; Capacity Checks                   ; Number of clocks in an I/O bank should not exceed the number of clocks available.  ; Critical ; No Global Signal assignments found.                                      ; I/O                 ;                   ;
; Inapplicable ; IO_000001 ; Capacity Checks                   ; Number of pins in an I/O bank should not exceed the number of locations available. ; Critical ; No Location assignments found.                                           ; I/O                 ;                   ;
; Inapplicable ; IO_000003 ; Capacity Checks                   ; Number of pins in a Vrefgroup should not exceed the number of locations available. ; Critical ; No Location assignments found.                                           ; I/O                 ;                   ;
; Inapplicable ; IO_000004 ; Voltage Compatibility Checks      ; The I/O bank should support the requested VCCIO.                                   ; Critical ; No IOBANK_VCCIO assignments found.                                       ; I/O                 ;                   ;
; Inapplicable ; IO_000005 ; Voltage Compatibility Checks      ; The I/O bank should not have competing VREF values.                                ; Critical ; No VREF I/O Standard assignments found.                                  ; I/O                 ;                   ;
; Pass         ; IO_000006 ; Voltage Compatibility Checks      ; The I/O bank should not have competing VCCIO values.                               ; Critical ; 0 such failures found.                                                   ; I/O                 ;                   ;
; Inapplicable ; IO_000007 ; Valid Location Checks             ; Checks for unavailable locations.                                                  ; Critical ; No Location assignments found.                                           ; I/O                 ;                   ;
; Inapplicable ; IO_000008 ; Valid Location Checks             ; Checks for reserved locations.                                                     ; Critical ; No reserved LogicLock region found.                                      ; I/O                 ;                   ;
; Inapplicable ; IO_000047 ; I/O Properties Checks for One I/O ; On Chip Termination and Slew Rate should not be used at the same time.             ; Critical ; No Slew Rate assignments found.                                          ; I/O                 ;                   ;
; Inapplicable ; IO_000046 ; I/O Properties Checks for One I/O ; The location should support the requested Slew Rate value.                         ; Critical ; No Slew Rate assignments found.                                          ; I/O                 ;                   ;
; Inapplicable ; IO_000045 ; I/O Properties Checks for One I/O ; The I/O standard should support the requested Slew Rate value.                     ; Critical ; No Slew Rate assignments found.                                          ; I/O                 ;                   ;
; Inapplicable ; IO_000027 ; I/O Properties Checks for One I/O ; Weak Pull Up and Bus Hold should not be used at the same time.                     ; Critical ; No Enable Bus-Hold Circuitry or Weak Pull-Up Resistor assignments found. ; I/O                 ;                   ;
; Inapplicable ; IO_000026 ; I/O Properties Checks for One I/O ; On Chip Termination and Current Strength should not be used at the same time.      ; Critical ; No Current Strength assignments found.                                   ; I/O                 ;                   ;
; Pass         ; IO_000024 ; I/O Properties Checks for One I/O ; The I/O direction should support the On Chip Termination value.                    ; Critical ; 0 such failures found.                                                   ; I/O                 ;                   ;
; Inapplicable ; IO_000023 ; I/O Properties Checks for One I/O ; The I/O standard should support the Open Drain value.                              ; Critical ; No open drain assignments found.                                         ; I/O                 ;                   ;
; Inapplicable ; IO_000022 ; I/O Properties Checks for One I/O ; The I/O standard should support the requested Bus Hold value.                      ; Critical ; No Enable Bus-Hold Circuitry assignments found.                          ; I/O                 ;                   ;
; Inapplicable ; IO_000021 ; I/O Properties Checks for One I/O ; The I/O standard should support the requested Weak Pull Up value.                  ; Critical ; No Weak Pull-Up Resistor assignments found.                              ; I/O                 ;                   ;
; Inapplicable ; IO_000020 ; I/O Properties Checks for One I/O ; The I/O standard should support the requested PCI Clamp Diode.                     ; Critical ; No Clamping Diode assignments found.                                     ; I/O                 ;                   ;
; Pass         ; IO_000019 ; I/O Properties Checks for One I/O ; The I/O standard should support the requested On Chip Termination value.           ; Critical ; 0 such failures found.                                                   ; I/O                 ;                   ;
; Inapplicable ; IO_000018 ; I/O Properties Checks for One I/O ; The I/O standard should support the requested Current Strength.                    ; Critical ; No Current Strength assignments found.                                   ; I/O                 ;                   ;
; Inapplicable ; IO_000015 ; I/O Properties Checks for One I/O ; The location should support the requested PCI Clamp Diode.                         ; Critical ; No Clamping Diode assignments found.                                     ; I/O                 ;                   ;
; Inapplicable ; IO_000014 ; I/O Properties Checks for One I/O ; The location should support the requested Weak Pull Up value.                      ; Critical ; No Weak Pull-Up Resistor assignments found.                              ; I/O                 ;                   ;
; Inapplicable ; IO_000013 ; I/O Properties Checks for One I/O ; The location should support the requested Bus Hold value.                          ; Critical ; No Enable Bus-Hold Circuitry assignments found.                          ; I/O                 ;                   ;
; Pass         ; IO_000012 ; I/O Properties Checks for One I/O ; The location should support the requested On Chip Termination value.               ; Critical ; 0 such failures found.                                                   ; I/O                 ;                   ;
; Inapplicable ; IO_000011 ; I/O Properties Checks for One I/O ; The location should support the requested Current Strength.                        ; Critical ; No Current Strength assignments found.                                   ; I/O                 ;                   ;
; Pass         ; IO_000010 ; I/O Properties Checks for One I/O ; The location should support the requested I/O direction.                           ; Critical ; 0 such failures found.                                                   ; I/O                 ;                   ;
; Pass         ; IO_000009 ; I/O Properties Checks for One I/O ; The location should support the requested I/O standard.                            ; Critical ; 0 such failures found.                                                   ; I/O                 ;                   ;
; Inapplicable ; IO_000034 ; SI Related Distance Checks        ; Single-ended outputs should be 0 LAB row(s) away from a differential I/O.          ; High     ; No Differential I/O Standard assignments found.                          ; I/O                 ;                   ;
; ----         ; ----      ; Disclaimer                        ; OCT rules are checked but not reported.                                            ; None     ; ----                                                                     ; On Chip Termination ;                   ;
+--------------+-----------+-----------------------------------+------------------------------------------------------------------------------------+----------+--------------------------------------------------------------------------+---------------------+-------------------+


+-------------------------------------------------------------------------------------------------------------------------------------------------------------------------------------------------------------------------------------------------------------------------------------------------------------------------------------------------------------------------------------------------------------------------------------------------+
; I/O Rules Matrix                                                                                                                                                                                                                                                                                                                                                                                                                                ;
+----------------------+--------------+--------------+--------------+--------------+--------------+-----------+--------------+--------------+--------------+--------------+--------------+--------------+--------------+--------------+--------------+--------------+--------------+--------------+--------------+--------------+--------------+--------------+--------------+--------------+--------------+-----------+-----------+--------------+
; Pin/Rules            ; IO_000002    ; IO_000001    ; IO_000003    ; IO_000004    ; IO_000005    ; IO_000006 ; IO_000007    ; IO_000008    ; IO_000047    ; IO_000046    ; IO_000045    ; IO_000027    ; IO_000026    ; IO_000024    ; IO_000023    ; IO_000022    ; IO_000021    ; IO_000020    ; IO_000019    ; IO_000018    ; IO_000015    ; IO_000014    ; IO_000013    ; IO_000012    ; IO_000011    ; IO_000010 ; IO_000009 ; IO_000034    ;
+----------------------+--------------+--------------+--------------+--------------+--------------+-----------+--------------+--------------+--------------+--------------+--------------+--------------+--------------+--------------+--------------+--------------+--------------+--------------+--------------+--------------+--------------+--------------+--------------+--------------+--------------+-----------+-----------+--------------+
; Total Pass           ; 0            ; 0            ; 0            ; 0            ; 0            ; 67        ; 0            ; 0            ; 0            ; 0            ; 0            ; 0            ; 0            ; 30           ; 0            ; 0            ; 0            ; 0            ; 30           ; 0            ; 0            ; 0            ; 0            ; 30           ; 0            ; 67        ; 67        ; 0            ;
; Total Unchecked      ; 0            ; 0            ; 0            ; 0            ; 0            ; 0         ; 0            ; 0            ; 0            ; 0            ; 0            ; 0            ; 0            ; 0            ; 0            ; 0            ; 0            ; 0            ; 0            ; 0            ; 0            ; 0            ; 0            ; 0            ; 0            ; 0         ; 0         ; 0            ;
; Total Inapplicable   ; 67           ; 67           ; 67           ; 67           ; 67           ; 0         ; 67           ; 67           ; 67           ; 67           ; 67           ; 67           ; 67           ; 37           ; 67           ; 67           ; 67           ; 67           ; 37           ; 67           ; 67           ; 67           ; 67           ; 37           ; 67           ; 0         ; 0         ; 67           ;
; Total Fail           ; 0            ; 0            ; 0            ; 0            ; 0            ; 0         ; 0            ; 0            ; 0            ; 0            ; 0            ; 0            ; 0            ; 0            ; 0            ; 0            ; 0            ; 0            ; 0            ; 0            ; 0            ; 0            ; 0            ; 0            ; 0            ; 0         ; 0         ; 0            ;
; instrucao[0]         ; Inapplicable ; Inapplicable ; Inapplicable ; Inapplicable ; Inapplicable ; Pass      ; Inapplicable ; Inapplicable ; Inapplicable ; Inapplicable ; Inapplicable ; Inapplicable ; Inapplicable ; Inapplicable ; Inapplicable ; Inapplicable ; Inapplicable ; Inapplicable ; Inapplicable ; Inapplicable ; Inapplicable ; Inapplicable ; Inapplicable ; Inapplicable ; Inapplicable ; Pass      ; Pass      ; Inapplicable ;
; instrucao[1]         ; Inapplicable ; Inapplicable ; Inapplicable ; Inapplicable ; Inapplicable ; Pass      ; Inapplicable ; Inapplicable ; Inapplicable ; Inapplicable ; Inapplicable ; Inapplicable ; Inapplicable ; Inapplicable ; Inapplicable ; Inapplicable ; Inapplicable ; Inapplicable ; Inapplicable ; Inapplicable ; Inapplicable ; Inapplicable ; Inapplicable ; Inapplicable ; Inapplicable ; Pass      ; Pass      ; Inapplicable ;
; instrucao[2]         ; Inapplicable ; Inapplicable ; Inapplicable ; Inapplicable ; Inapplicable ; Pass      ; Inapplicable ; Inapplicable ; Inapplicable ; Inapplicable ; Inapplicable ; Inapplicable ; Inapplicable ; Inapplicable ; Inapplicable ; Inapplicable ; Inapplicable ; Inapplicable ; Inapplicable ; Inapplicable ; Inapplicable ; Inapplicable ; Inapplicable ; Inapplicable ; Inapplicable ; Pass      ; Pass      ; Inapplicable ;
; instrucao[3]         ; Inapplicable ; Inapplicable ; Inapplicable ; Inapplicable ; Inapplicable ; Pass      ; Inapplicable ; Inapplicable ; Inapplicable ; Inapplicable ; Inapplicable ; Inapplicable ; Inapplicable ; Inapplicable ; Inapplicable ; Inapplicable ; Inapplicable ; Inapplicable ; Inapplicable ; Inapplicable ; Inapplicable ; Inapplicable ; Inapplicable ; Inapplicable ; Inapplicable ; Pass      ; Pass      ; Inapplicable ;
; botao_zoom_in_input  ; Inapplicable ; Inapplicable ; Inapplicable ; Inapplicable ; Inapplicable ; Pass      ; Inapplicable ; Inapplicable ; Inapplicable ; Inapplicable ; Inapplicable ; Inapplicable ; Inapplicable ; Inapplicable ; Inapplicable ; Inapplicable ; Inapplicable ; Inapplicable ; Inapplicable ; Inapplicable ; Inapplicable ; Inapplicable ; Inapplicable ; Inapplicable ; Inapplicable ; Pass      ; Pass      ; Inapplicable ;
; botao_zoom_out_input ; Inapplicable ; Inapplicable ; Inapplicable ; Inapplicable ; Inapplicable ; Pass      ; Inapplicable ; Inapplicable ; Inapplicable ; Inapplicable ; Inapplicable ; Inapplicable ; Inapplicable ; Inapplicable ; Inapplicable ; Inapplicable ; Inapplicable ; Inapplicable ; Inapplicable ; Inapplicable ; Inapplicable ; Inapplicable ; Inapplicable ; Inapplicable ; Inapplicable ; Pass      ; Pass      ; Inapplicable ;
; hsync                ; Inapplicable ; Inapplicable ; Inapplicable ; Inapplicable ; Inapplicable ; Pass      ; Inapplicable ; Inapplicable ; Inapplicable ; Inapplicable ; Inapplicable ; Inapplicable ; Inapplicable ; Pass         ; Inapplicable ; Inapplicable ; Inapplicable ; Inapplicable ; Pass         ; Inapplicable ; Inapplicable ; Inapplicable ; Inapplicable ; Pass         ; Inapplicable ; Pass      ; Pass      ; Inapplicable ;
; vsync                ; Inapplicable ; Inapplicable ; Inapplicable ; Inapplicable ; Inapplicable ; Pass      ; Inapplicable ; Inapplicable ; Inapplicable ; Inapplicable ; Inapplicable ; Inapplicable ; Inapplicable ; Pass         ; Inapplicable ; Inapplicable ; Inapplicable ; Inapplicable ; Pass         ; Inapplicable ; Inapplicable ; Inapplicable ; Inapplicable ; Pass         ; Inapplicable ; Pass      ; Pass      ; Inapplicable ;
; red[0]               ; Inapplicable ; Inapplicable ; Inapplicable ; Inapplicable ; Inapplicable ; Pass      ; Inapplicable ; Inapplicable ; Inapplicable ; Inapplicable ; Inapplicable ; Inapplicable ; Inapplicable ; Pass         ; Inapplicable ; Inapplicable ; Inapplicable ; Inapplicable ; Pass         ; Inapplicable ; Inapplicable ; Inapplicable ; Inapplicable ; Pass         ; Inapplicable ; Pass      ; Pass      ; Inapplicable ;
; red[1]               ; Inapplicable ; Inapplicable ; Inapplicable ; Inapplicable ; Inapplicable ; Pass      ; Inapplicable ; Inapplicable ; Inapplicable ; Inapplicable ; Inapplicable ; Inapplicable ; Inapplicable ; Pass         ; Inapplicable ; Inapplicable ; Inapplicable ; Inapplicable ; Pass         ; Inapplicable ; Inapplicable ; Inapplicable ; Inapplicable ; Pass         ; Inapplicable ; Pass      ; Pass      ; Inapplicable ;
; red[2]               ; Inapplicable ; Inapplicable ; Inapplicable ; Inapplicable ; Inapplicable ; Pass      ; Inapplicable ; Inapplicable ; Inapplicable ; Inapplicable ; Inapplicable ; Inapplicable ; Inapplicable ; Pass         ; Inapplicable ; Inapplicable ; Inapplicable ; Inapplicable ; Pass         ; Inapplicable ; Inapplicable ; Inapplicable ; Inapplicable ; Pass         ; Inapplicable ; Pass      ; Pass      ; Inapplicable ;
; red[3]               ; Inapplicable ; Inapplicable ; Inapplicable ; Inapplicable ; Inapplicable ; Pass      ; Inapplicable ; Inapplicable ; Inapplicable ; Inapplicable ; Inapplicable ; Inapplicable ; Inapplicable ; Pass         ; Inapplicable ; Inapplicable ; Inapplicable ; Inapplicable ; Pass         ; Inapplicable ; Inapplicable ; Inapplicable ; Inapplicable ; Pass         ; Inapplicable ; Pass      ; Pass      ; Inapplicable ;
; red[4]               ; Inapplicable ; Inapplicable ; Inapplicable ; Inapplicable ; Inapplicable ; Pass      ; Inapplicable ; Inapplicable ; Inapplicable ; Inapplicable ; Inapplicable ; Inapplicable ; Inapplicable ; Pass         ; Inapplicable ; Inapplicable ; Inapplicable ; Inapplicable ; Pass         ; Inapplicable ; Inapplicable ; Inapplicable ; Inapplicable ; Pass         ; Inapplicable ; Pass      ; Pass      ; Inapplicable ;
; red[5]               ; Inapplicable ; Inapplicable ; Inapplicable ; Inapplicable ; Inapplicable ; Pass      ; Inapplicable ; Inapplicable ; Inapplicable ; Inapplicable ; Inapplicable ; Inapplicable ; Inapplicable ; Pass         ; Inapplicable ; Inapplicable ; Inapplicable ; Inapplicable ; Pass         ; Inapplicable ; Inapplicable ; Inapplicable ; Inapplicable ; Pass         ; Inapplicable ; Pass      ; Pass      ; Inapplicable ;
; red[6]               ; Inapplicable ; Inapplicable ; Inapplicable ; Inapplicable ; Inapplicable ; Pass      ; Inapplicable ; Inapplicable ; Inapplicable ; Inapplicable ; Inapplicable ; Inapplicable ; Inapplicable ; Pass         ; Inapplicable ; Inapplicable ; Inapplicable ; Inapplicable ; Pass         ; Inapplicable ; Inapplicable ; Inapplicable ; Inapplicable ; Pass         ; Inapplicable ; Pass      ; Pass      ; Inapplicable ;
; red[7]               ; Inapplicable ; Inapplicable ; Inapplicable ; Inapplicable ; Inapplicable ; Pass      ; Inapplicable ; Inapplicable ; Inapplicable ; Inapplicable ; Inapplicable ; Inapplicable ; Inapplicable ; Pass         ; Inapplicable ; Inapplicable ; Inapplicable ; Inapplicable ; Pass         ; Inapplicable ; Inapplicable ; Inapplicable ; Inapplicable ; Pass         ; Inapplicable ; Pass      ; Pass      ; Inapplicable ;
; green[0]             ; Inapplicable ; Inapplicable ; Inapplicable ; Inapplicable ; Inapplicable ; Pass      ; Inapplicable ; Inapplicable ; Inapplicable ; Inapplicable ; Inapplicable ; Inapplicable ; Inapplicable ; Pass         ; Inapplicable ; Inapplicable ; Inapplicable ; Inapplicable ; Pass         ; Inapplicable ; Inapplicable ; Inapplicable ; Inapplicable ; Pass         ; Inapplicable ; Pass      ; Pass      ; Inapplicable ;
; green[1]             ; Inapplicable ; Inapplicable ; Inapplicable ; Inapplicable ; Inapplicable ; Pass      ; Inapplicable ; Inapplicable ; Inapplicable ; Inapplicable ; Inapplicable ; Inapplicable ; Inapplicable ; Pass         ; Inapplicable ; Inapplicable ; Inapplicable ; Inapplicable ; Pass         ; Inapplicable ; Inapplicable ; Inapplicable ; Inapplicable ; Pass         ; Inapplicable ; Pass      ; Pass      ; Inapplicable ;
; green[2]             ; Inapplicable ; Inapplicable ; Inapplicable ; Inapplicable ; Inapplicable ; Pass      ; Inapplicable ; Inapplicable ; Inapplicable ; Inapplicable ; Inapplicable ; Inapplicable ; Inapplicable ; Pass         ; Inapplicable ; Inapplicable ; Inapplicable ; Inapplicable ; Pass         ; Inapplicable ; Inapplicable ; Inapplicable ; Inapplicable ; Pass         ; Inapplicable ; Pass      ; Pass      ; Inapplicable ;
; green[3]             ; Inapplicable ; Inapplicable ; Inapplicable ; Inapplicable ; Inapplicable ; Pass      ; Inapplicable ; Inapplicable ; Inapplicable ; Inapplicable ; Inapplicable ; Inapplicable ; Inapplicable ; Pass         ; Inapplicable ; Inapplicable ; Inapplicable ; Inapplicable ; Pass         ; Inapplicable ; Inapplicable ; Inapplicable ; Inapplicable ; Pass         ; Inapplicable ; Pass      ; Pass      ; Inapplicable ;
; green[4]             ; Inapplicable ; Inapplicable ; Inapplicable ; Inapplicable ; Inapplicable ; Pass      ; Inapplicable ; Inapplicable ; Inapplicable ; Inapplicable ; Inapplicable ; Inapplicable ; Inapplicable ; Pass         ; Inapplicable ; Inapplicable ; Inapplicable ; Inapplicable ; Pass         ; Inapplicable ; Inapplicable ; Inapplicable ; Inapplicable ; Pass         ; Inapplicable ; Pass      ; Pass      ; Inapplicable ;
; green[5]             ; Inapplicable ; Inapplicable ; Inapplicable ; Inapplicable ; Inapplicable ; Pass      ; Inapplicable ; Inapplicable ; Inapplicable ; Inapplicable ; Inapplicable ; Inapplicable ; Inapplicable ; Pass         ; Inapplicable ; Inapplicable ; Inapplicable ; Inapplicable ; Pass         ; Inapplicable ; Inapplicable ; Inapplicable ; Inapplicable ; Pass         ; Inapplicable ; Pass      ; Pass      ; Inapplicable ;
; green[6]             ; Inapplicable ; Inapplicable ; Inapplicable ; Inapplicable ; Inapplicable ; Pass      ; Inapplicable ; Inapplicable ; Inapplicable ; Inapplicable ; Inapplicable ; Inapplicable ; Inapplicable ; Pass         ; Inapplicable ; Inapplicable ; Inapplicable ; Inapplicable ; Pass         ; Inapplicable ; Inapplicable ; Inapplicable ; Inapplicable ; Pass         ; Inapplicable ; Pass      ; Pass      ; Inapplicable ;
; green[7]             ; Inapplicable ; Inapplicable ; Inapplicable ; Inapplicable ; Inapplicable ; Pass      ; Inapplicable ; Inapplicable ; Inapplicable ; Inapplicable ; Inapplicable ; Inapplicable ; Inapplicable ; Pass         ; Inapplicable ; Inapplicable ; Inapplicable ; Inapplicable ; Pass         ; Inapplicable ; Inapplicable ; Inapplicable ; Inapplicable ; Pass         ; Inapplicable ; Pass      ; Pass      ; Inapplicable ;
; blue[0]              ; Inapplicable ; Inapplicable ; Inapplicable ; Inapplicable ; Inapplicable ; Pass      ; Inapplicable ; Inapplicable ; Inapplicable ; Inapplicable ; Inapplicable ; Inapplicable ; Inapplicable ; Pass         ; Inapplicable ; Inapplicable ; Inapplicable ; Inapplicable ; Pass         ; Inapplicable ; Inapplicable ; Inapplicable ; Inapplicable ; Pass         ; Inapplicable ; Pass      ; Pass      ; Inapplicable ;
; blue[1]              ; Inapplicable ; Inapplicable ; Inapplicable ; Inapplicable ; Inapplicable ; Pass      ; Inapplicable ; Inapplicable ; Inapplicable ; Inapplicable ; Inapplicable ; Inapplicable ; Inapplicable ; Pass         ; Inapplicable ; Inapplicable ; Inapplicable ; Inapplicable ; Pass         ; Inapplicable ; Inapplicable ; Inapplicable ; Inapplicable ; Pass         ; Inapplicable ; Pass      ; Pass      ; Inapplicable ;
; blue[2]              ; Inapplicable ; Inapplicable ; Inapplicable ; Inapplicable ; Inapplicable ; Pass      ; Inapplicable ; Inapplicable ; Inapplicable ; Inapplicable ; Inapplicable ; Inapplicable ; Inapplicable ; Pass         ; Inapplicable ; Inapplicable ; Inapplicable ; Inapplicable ; Pass         ; Inapplicable ; Inapplicable ; Inapplicable ; Inapplicable ; Pass         ; Inapplicable ; Pass      ; Pass      ; Inapplicable ;
; blue[3]              ; Inapplicable ; Inapplicable ; Inapplicable ; Inapplicable ; Inapplicable ; Pass      ; Inapplicable ; Inapplicable ; Inapplicable ; Inapplicable ; Inapplicable ; Inapplicable ; Inapplicable ; Pass         ; Inapplicable ; Inapplicable ; Inapplicable ; Inapplicable ; Pass         ; Inapplicable ; Inapplicable ; Inapplicable ; Inapplicable ; Pass         ; Inapplicable ; Pass      ; Pass      ; Inapplicable ;
; blue[4]              ; Inapplicable ; Inapplicable ; Inapplicable ; Inapplicable ; Inapplicable ; Pass      ; Inapplicable ; Inapplicable ; Inapplicable ; Inapplicable ; Inapplicable ; Inapplicable ; Inapplicable ; Pass         ; Inapplicable ; Inapplicable ; Inapplicable ; Inapplicable ; Pass         ; Inapplicable ; Inapplicable ; Inapplicable ; Inapplicable ; Pass         ; Inapplicable ; Pass      ; Pass      ; Inapplicable ;
; blue[5]              ; Inapplicable ; Inapplicable ; Inapplicable ; Inapplicable ; Inapplicable ; Pass      ; Inapplicable ; Inapplicable ; Inapplicable ; Inapplicable ; Inapplicable ; Inapplicable ; Inapplicable ; Pass         ; Inapplicable ; Inapplicable ; Inapplicable ; Inapplicable ; Pass         ; Inapplicable ; Inapplicable ; Inapplicable ; Inapplicable ; Pass         ; Inapplicable ; Pass      ; Pass      ; Inapplicable ;
; blue[6]              ; Inapplicable ; Inapplicable ; Inapplicable ; Inapplicable ; Inapplicable ; Pass      ; Inapplicable ; Inapplicable ; Inapplicable ; Inapplicable ; Inapplicable ; Inapplicable ; Inapplicable ; Pass         ; Inapplicable ; Inapplicable ; Inapplicable ; Inapplicable ; Pass         ; Inapplicable ; Inapplicable ; Inapplicable ; Inapplicable ; Pass         ; Inapplicable ; Pass      ; Pass      ; Inapplicable ;
; blue[7]              ; Inapplicable ; Inapplicable ; Inapplicable ; Inapplicable ; Inapplicable ; Pass      ; Inapplicable ; Inapplicable ; Inapplicable ; Inapplicable ; Inapplicable ; Inapplicable ; Inapplicable ; Pass         ; Inapplicable ; Inapplicable ; Inapplicable ; Inapplicable ; Pass         ; Inapplicable ; Inapplicable ; Inapplicable ; Inapplicable ; Pass         ; Inapplicable ; Pass      ; Pass      ; Inapplicable ;
; sync                 ; Inapplicable ; Inapplicable ; Inapplicable ; Inapplicable ; Inapplicable ; Pass      ; Inapplicable ; Inapplicable ; Inapplicable ; Inapplicable ; Inapplicable ; Inapplicable ; Inapplicable ; Pass         ; Inapplicable ; Inapplicable ; Inapplicable ; Inapplicable ; Pass         ; Inapplicable ; Inapplicable ; Inapplicable ; Inapplicable ; Pass         ; Inapplicable ; Pass      ; Pass      ; Inapplicable ;
; clk                  ; Inapplicable ; Inapplicable ; Inapplicable ; Inapplicable ; Inapplicable ; Pass      ; Inapplicable ; Inapplicable ; Inapplicable ; Inapplicable ; Inapplicable ; Inapplicable ; Inapplicable ; Pass         ; Inapplicable ; Inapplicable ; Inapplicable ; Inapplicable ; Pass         ; Inapplicable ; Inapplicable ; Inapplicable ; Inapplicable ; Pass         ; Inapplicable ; Pass      ; Pass      ; Inapplicable ;
; blank                ; Inapplicable ; Inapplicable ; Inapplicable ; Inapplicable ; Inapplicable ; Pass      ; Inapplicable ; Inapplicable ; Inapplicable ; Inapplicable ; Inapplicable ; Inapplicable ; Inapplicable ; Pass         ; Inapplicable ; Inapplicable ; Inapplicable ; Inapplicable ; Pass         ; Inapplicable ; Inapplicable ; Inapplicable ; Inapplicable ; Pass         ; Inapplicable ; Pass      ; Pass      ; Inapplicable ;
; proxima_instrucao    ; Inapplicable ; Inapplicable ; Inapplicable ; Inapplicable ; Inapplicable ; Pass      ; Inapplicable ; Inapplicable ; Inapplicable ; Inapplicable ; Inapplicable ; Inapplicable ; Inapplicable ; Pass         ; Inapplicable ; Inapplicable ; Inapplicable ; Inapplicable ; Pass         ; Inapplicable ; Inapplicable ; Inapplicable ; Inapplicable ; Pass         ; Inapplicable ; Pass      ; Pass      ; Inapplicable ;
; clock_50Mhz          ; Inapplicable ; Inapplicable ; Inapplicable ; Inapplicable ; Inapplicable ; Pass      ; Inapplicable ; Inapplicable ; Inapplicable ; Inapplicable ; Inapplicable ; Inapplicable ; Inapplicable ; Inapplicable ; Inapplicable ; Inapplicable ; Inapplicable ; Inapplicable ; Inapplicable ; Inapplicable ; Inapplicable ; Inapplicable ; Inapplicable ; Inapplicable ; Inapplicable ; Pass      ; Pass      ; Inapplicable ;
; instrucao[30]        ; Inapplicable ; Inapplicable ; Inapplicable ; Inapplicable ; Inapplicable ; Pass      ; Inapplicable ; Inapplicable ; Inapplicable ; Inapplicable ; Inapplicable ; Inapplicable ; Inapplicable ; Inapplicable ; Inapplicable ; Inapplicable ; Inapplicable ; Inapplicable ; Inapplicable ; Inapplicable ; Inapplicable ; Inapplicable ; Inapplicable ; Inapplicable ; Inapplicable ; Pass      ; Pass      ; Inapplicable ;
; instrucao[29]        ; Inapplicable ; Inapplicable ; Inapplicable ; Inapplicable ; Inapplicable ; Pass      ; Inapplicable ; Inapplicable ; Inapplicable ; Inapplicable ; Inapplicable ; Inapplicable ; Inapplicable ; Inapplicable ; Inapplicable ; Inapplicable ; Inapplicable ; Inapplicable ; Inapplicable ; Inapplicable ; Inapplicable ; Inapplicable ; Inapplicable ; Inapplicable ; Inapplicable ; Pass      ; Pass      ; Inapplicable ;
; instrucao[31]        ; Inapplicable ; Inapplicable ; Inapplicable ; Inapplicable ; Inapplicable ; Pass      ; Inapplicable ; Inapplicable ; Inapplicable ; Inapplicable ; Inapplicable ; Inapplicable ; Inapplicable ; Inapplicable ; Inapplicable ; Inapplicable ; Inapplicable ; Inapplicable ; Inapplicable ; Inapplicable ; Inapplicable ; Inapplicable ; Inapplicable ; Inapplicable ; Inapplicable ; Pass      ; Pass      ; Inapplicable ;
; sinal_wb             ; Inapplicable ; Inapplicable ; Inapplicable ; Inapplicable ; Inapplicable ; Pass      ; Inapplicable ; Inapplicable ; Inapplicable ; Inapplicable ; Inapplicable ; Inapplicable ; Inapplicable ; Inapplicable ; Inapplicable ; Inapplicable ; Inapplicable ; Inapplicable ; Inapplicable ; Inapplicable ; Inapplicable ; Inapplicable ; Inapplicable ; Inapplicable ; Inapplicable ; Pass      ; Pass      ; Inapplicable ;
; instrucao[23]        ; Inapplicable ; Inapplicable ; Inapplicable ; Inapplicable ; Inapplicable ; Pass      ; Inapplicable ; Inapplicable ; Inapplicable ; Inapplicable ; Inapplicable ; Inapplicable ; Inapplicable ; Inapplicable ; Inapplicable ; Inapplicable ; Inapplicable ; Inapplicable ; Inapplicable ; Inapplicable ; Inapplicable ; Inapplicable ; Inapplicable ; Inapplicable ; Inapplicable ; Pass      ; Pass      ; Inapplicable ;
; instrucao[24]        ; Inapplicable ; Inapplicable ; Inapplicable ; Inapplicable ; Inapplicable ; Pass      ; Inapplicable ; Inapplicable ; Inapplicable ; Inapplicable ; Inapplicable ; Inapplicable ; Inapplicable ; Inapplicable ; Inapplicable ; Inapplicable ; Inapplicable ; Inapplicable ; Inapplicable ; Inapplicable ; Inapplicable ; Inapplicable ; Inapplicable ; Inapplicable ; Inapplicable ; Pass      ; Pass      ; Inapplicable ;
; instrucao[25]        ; Inapplicable ; Inapplicable ; Inapplicable ; Inapplicable ; Inapplicable ; Pass      ; Inapplicable ; Inapplicable ; Inapplicable ; Inapplicable ; Inapplicable ; Inapplicable ; Inapplicable ; Inapplicable ; Inapplicable ; Inapplicable ; Inapplicable ; Inapplicable ; Inapplicable ; Inapplicable ; Inapplicable ; Inapplicable ; Inapplicable ; Inapplicable ; Inapplicable ; Pass      ; Pass      ; Inapplicable ;
; instrucao[26]        ; Inapplicable ; Inapplicable ; Inapplicable ; Inapplicable ; Inapplicable ; Pass      ; Inapplicable ; Inapplicable ; Inapplicable ; Inapplicable ; Inapplicable ; Inapplicable ; Inapplicable ; Inapplicable ; Inapplicable ; Inapplicable ; Inapplicable ; Inapplicable ; Inapplicable ; Inapplicable ; Inapplicable ; Inapplicable ; Inapplicable ; Inapplicable ; Inapplicable ; Pass      ; Pass      ; Inapplicable ;
; instrucao[21]        ; Inapplicable ; Inapplicable ; Inapplicable ; Inapplicable ; Inapplicable ; Pass      ; Inapplicable ; Inapplicable ; Inapplicable ; Inapplicable ; Inapplicable ; Inapplicable ; Inapplicable ; Inapplicable ; Inapplicable ; Inapplicable ; Inapplicable ; Inapplicable ; Inapplicable ; Inapplicable ; Inapplicable ; Inapplicable ; Inapplicable ; Inapplicable ; Inapplicable ; Pass      ; Pass      ; Inapplicable ;
; instrucao[22]        ; Inapplicable ; Inapplicable ; Inapplicable ; Inapplicable ; Inapplicable ; Pass      ; Inapplicable ; Inapplicable ; Inapplicable ; Inapplicable ; Inapplicable ; Inapplicable ; Inapplicable ; Inapplicable ; Inapplicable ; Inapplicable ; Inapplicable ; Inapplicable ; Inapplicable ; Inapplicable ; Inapplicable ; Inapplicable ; Inapplicable ; Inapplicable ; Inapplicable ; Pass      ; Pass      ; Inapplicable ;
; instrucao[27]        ; Inapplicable ; Inapplicable ; Inapplicable ; Inapplicable ; Inapplicable ; Pass      ; Inapplicable ; Inapplicable ; Inapplicable ; Inapplicable ; Inapplicable ; Inapplicable ; Inapplicable ; Inapplicable ; Inapplicable ; Inapplicable ; Inapplicable ; Inapplicable ; Inapplicable ; Inapplicable ; Inapplicable ; Inapplicable ; Inapplicable ; Inapplicable ; Inapplicable ; Pass      ; Pass      ; Inapplicable ;
; instrucao[28]        ; Inapplicable ; Inapplicable ; Inapplicable ; Inapplicable ; Inapplicable ; Pass      ; Inapplicable ; Inapplicable ; Inapplicable ; Inapplicable ; Inapplicable ; Inapplicable ; Inapplicable ; Inapplicable ; Inapplicable ; Inapplicable ; Inapplicable ; Inapplicable ; Inapplicable ; Inapplicable ; Inapplicable ; Inapplicable ; Inapplicable ; Inapplicable ; Inapplicable ; Pass      ; Pass      ; Inapplicable ;
; instrucao[20]        ; Inapplicable ; Inapplicable ; Inapplicable ; Inapplicable ; Inapplicable ; Pass      ; Inapplicable ; Inapplicable ; Inapplicable ; Inapplicable ; Inapplicable ; Inapplicable ; Inapplicable ; Inapplicable ; Inapplicable ; Inapplicable ; Inapplicable ; Inapplicable ; Inapplicable ; Inapplicable ; Inapplicable ; Inapplicable ; Inapplicable ; Inapplicable ; Inapplicable ; Pass      ; Pass      ; Inapplicable ;
; instrucao[17]        ; Inapplicable ; Inapplicable ; Inapplicable ; Inapplicable ; Inapplicable ; Pass      ; Inapplicable ; Inapplicable ; Inapplicable ; Inapplicable ; Inapplicable ; Inapplicable ; Inapplicable ; Inapplicable ; Inapplicable ; Inapplicable ; Inapplicable ; Inapplicable ; Inapplicable ; Inapplicable ; Inapplicable ; Inapplicable ; Inapplicable ; Inapplicable ; Inapplicable ; Pass      ; Pass      ; Inapplicable ;
; instrucao[19]        ; Inapplicable ; Inapplicable ; Inapplicable ; Inapplicable ; Inapplicable ; Pass      ; Inapplicable ; Inapplicable ; Inapplicable ; Inapplicable ; Inapplicable ; Inapplicable ; Inapplicable ; Inapplicable ; Inapplicable ; Inapplicable ; Inapplicable ; Inapplicable ; Inapplicable ; Inapplicable ; Inapplicable ; Inapplicable ; Inapplicable ; Inapplicable ; Inapplicable ; Pass      ; Pass      ; Inapplicable ;
; instrucao[18]        ; Inapplicable ; Inapplicable ; Inapplicable ; Inapplicable ; Inapplicable ; Pass      ; Inapplicable ; Inapplicable ; Inapplicable ; Inapplicable ; Inapplicable ; Inapplicable ; Inapplicable ; Inapplicable ; Inapplicable ; Inapplicable ; Inapplicable ; Inapplicable ; Inapplicable ; Inapplicable ; Inapplicable ; Inapplicable ; Inapplicable ; Inapplicable ; Inapplicable ; Pass      ; Pass      ; Inapplicable ;
; instrucao[4]         ; Inapplicable ; Inapplicable ; Inapplicable ; Inapplicable ; Inapplicable ; Pass      ; Inapplicable ; Inapplicable ; Inapplicable ; Inapplicable ; Inapplicable ; Inapplicable ; Inapplicable ; Inapplicable ; Inapplicable ; Inapplicable ; Inapplicable ; Inapplicable ; Inapplicable ; Inapplicable ; Inapplicable ; Inapplicable ; Inapplicable ; Inapplicable ; Inapplicable ; Pass      ; Pass      ; Inapplicable ;
; instrucao[5]         ; Inapplicable ; Inapplicable ; Inapplicable ; Inapplicable ; Inapplicable ; Pass      ; Inapplicable ; Inapplicable ; Inapplicable ; Inapplicable ; Inapplicable ; Inapplicable ; Inapplicable ; Inapplicable ; Inapplicable ; Inapplicable ; Inapplicable ; Inapplicable ; Inapplicable ; Inapplicable ; Inapplicable ; Inapplicable ; Inapplicable ; Inapplicable ; Inapplicable ; Pass      ; Pass      ; Inapplicable ;
; instrucao[6]         ; Inapplicable ; Inapplicable ; Inapplicable ; Inapplicable ; Inapplicable ; Pass      ; Inapplicable ; Inapplicable ; Inapplicable ; Inapplicable ; Inapplicable ; Inapplicable ; Inapplicable ; Inapplicable ; Inapplicable ; Inapplicable ; Inapplicable ; Inapplicable ; Inapplicable ; Inapplicable ; Inapplicable ; Inapplicable ; Inapplicable ; Inapplicable ; Inapplicable ; Pass      ; Pass      ; Inapplicable ;
; instrucao[7]         ; Inapplicable ; Inapplicable ; Inapplicable ; Inapplicable ; Inapplicable ; Pass      ; Inapplicable ; Inapplicable ; Inapplicable ; Inapplicable ; Inapplicable ; Inapplicable ; Inapplicable ; Inapplicable ; Inapplicable ; Inapplicable ; Inapplicable ; Inapplicable ; Inapplicable ; Inapplicable ; Inapplicable ; Inapplicable ; Inapplicable ; Inapplicable ; Inapplicable ; Pass      ; Pass      ; Inapplicable ;
; instrucao[8]         ; Inapplicable ; Inapplicable ; Inapplicable ; Inapplicable ; Inapplicable ; Pass      ; Inapplicable ; Inapplicable ; Inapplicable ; Inapplicable ; Inapplicable ; Inapplicable ; Inapplicable ; Inapplicable ; Inapplicable ; Inapplicable ; Inapplicable ; Inapplicable ; Inapplicable ; Inapplicable ; Inapplicable ; Inapplicable ; Inapplicable ; Inapplicable ; Inapplicable ; Pass      ; Pass      ; Inapplicable ;
; instrucao[9]         ; Inapplicable ; Inapplicable ; Inapplicable ; Inapplicable ; Inapplicable ; Pass      ; Inapplicable ; Inapplicable ; Inapplicable ; Inapplicable ; Inapplicable ; Inapplicable ; Inapplicable ; Inapplicable ; Inapplicable ; Inapplicable ; Inapplicable ; Inapplicable ; Inapplicable ; Inapplicable ; Inapplicable ; Inapplicable ; Inapplicable ; Inapplicable ; Inapplicable ; Pass      ; Pass      ; Inapplicable ;
; instrucao[10]        ; Inapplicable ; Inapplicable ; Inapplicable ; Inapplicable ; Inapplicable ; Pass      ; Inapplicable ; Inapplicable ; Inapplicable ; Inapplicable ; Inapplicable ; Inapplicable ; Inapplicable ; Inapplicable ; Inapplicable ; Inapplicable ; Inapplicable ; Inapplicable ; Inapplicable ; Inapplicable ; Inapplicable ; Inapplicable ; Inapplicable ; Inapplicable ; Inapplicable ; Pass      ; Pass      ; Inapplicable ;
; instrucao[11]        ; Inapplicable ; Inapplicable ; Inapplicable ; Inapplicable ; Inapplicable ; Pass      ; Inapplicable ; Inapplicable ; Inapplicable ; Inapplicable ; Inapplicable ; Inapplicable ; Inapplicable ; Inapplicable ; Inapplicable ; Inapplicable ; Inapplicable ; Inapplicable ; Inapplicable ; Inapplicable ; Inapplicable ; Inapplicable ; Inapplicable ; Inapplicable ; Inapplicable ; Pass      ; Pass      ; Inapplicable ;
; instrucao[12]        ; Inapplicable ; Inapplicable ; Inapplicable ; Inapplicable ; Inapplicable ; Pass      ; Inapplicable ; Inapplicable ; Inapplicable ; Inapplicable ; Inapplicable ; Inapplicable ; Inapplicable ; Inapplicable ; Inapplicable ; Inapplicable ; Inapplicable ; Inapplicable ; Inapplicable ; Inapplicable ; Inapplicable ; Inapplicable ; Inapplicable ; Inapplicable ; Inapplicable ; Pass      ; Pass      ; Inapplicable ;
; instrucao[13]        ; Inapplicable ; Inapplicable ; Inapplicable ; Inapplicable ; Inapplicable ; Pass      ; Inapplicable ; Inapplicable ; Inapplicable ; Inapplicable ; Inapplicable ; Inapplicable ; Inapplicable ; Inapplicable ; Inapplicable ; Inapplicable ; Inapplicable ; Inapplicable ; Inapplicable ; Inapplicable ; Inapplicable ; Inapplicable ; Inapplicable ; Inapplicable ; Inapplicable ; Pass      ; Pass      ; Inapplicable ;
; instrucao[14]        ; Inapplicable ; Inapplicable ; Inapplicable ; Inapplicable ; Inapplicable ; Pass      ; Inapplicable ; Inapplicable ; Inapplicable ; Inapplicable ; Inapplicable ; Inapplicable ; Inapplicable ; Inapplicable ; Inapplicable ; Inapplicable ; Inapplicable ; Inapplicable ; Inapplicable ; Inapplicable ; Inapplicable ; Inapplicable ; Inapplicable ; Inapplicable ; Inapplicable ; Pass      ; Pass      ; Inapplicable ;
; instrucao[15]        ; Inapplicable ; Inapplicable ; Inapplicable ; Inapplicable ; Inapplicable ; Pass      ; Inapplicable ; Inapplicable ; Inapplicable ; Inapplicable ; Inapplicable ; Inapplicable ; Inapplicable ; Inapplicable ; Inapplicable ; Inapplicable ; Inapplicable ; Inapplicable ; Inapplicable ; Inapplicable ; Inapplicable ; Inapplicable ; Inapplicable ; Inapplicable ; Inapplicable ; Pass      ; Pass      ; Inapplicable ;
; instrucao[16]        ; Inapplicable ; Inapplicable ; Inapplicable ; Inapplicable ; Inapplicable ; Pass      ; Inapplicable ; Inapplicable ; Inapplicable ; Inapplicable ; Inapplicable ; Inapplicable ; Inapplicable ; Inapplicable ; Inapplicable ; Inapplicable ; Inapplicable ; Inapplicable ; Inapplicable ; Inapplicable ; Inapplicable ; Inapplicable ; Inapplicable ; Inapplicable ; Inapplicable ; Pass      ; Pass      ; Inapplicable ;
; reset_input          ; Inapplicable ; Inapplicable ; Inapplicable ; Inapplicable ; Inapplicable ; Pass      ; Inapplicable ; Inapplicable ; Inapplicable ; Inapplicable ; Inapplicable ; Inapplicable ; Inapplicable ; Inapplicable ; Inapplicable ; Inapplicable ; Inapplicable ; Inapplicable ; Inapplicable ; Inapplicable ; Inapplicable ; Inapplicable ; Inapplicable ; Inapplicable ; Inapplicable ; Pass      ; Pass      ; Inapplicable ;
+----------------------+--------------+--------------+--------------+--------------+--------------+-----------+--------------+--------------+--------------+--------------+--------------+--------------+--------------+--------------+--------------+--------------+--------------+--------------+--------------+--------------+--------------+--------------+--------------+--------------+--------------+-----------+-----------+--------------+


+------------------------------------------------------------------------------------------------+
; Fitter Device Options                                                                          ;
+------------------------------------------------------------------+-----------------------------+
; Option                                                           ; Setting                     ;
+------------------------------------------------------------------+-----------------------------+
; Enable user-supplied start-up clock (CLKUSR)                     ; Off                         ;
; Enable device-wide reset (DEV_CLRn)                              ; Off                         ;
; Enable device-wide output enable (DEV_OE)                        ; Off                         ;
; Enable INIT_DONE output                                          ; Off                         ;
; Configuration scheme                                             ; Passive Serial              ;
; Enable Error Detection CRC_ERROR pin                             ; Off                         ;
; Enable CvP_CONFDONE pin                                          ; Off                         ;
; Enable open drain on CRC_ERROR pin                               ; On                          ;
; Enable open drain on CvP_CONFDONE pin                            ; On                          ;
; Enable open drain on INIT_DONE pin                               ; On                          ;
; Enable open drain on Partial Reconfiguration pins                ; Off                         ;
; Enable open drain on nCEO pin                                    ; On                          ;
; Enable Partial Reconfiguration pins                              ; Off                         ;
; Enable input tri-state on active configuration pins in user mode ; Off                         ;
; Enable internal scrubbing                                        ; Off                         ;
; Active Serial clock source                                       ; 100 MHz Internal Oscillator ;
; Device initialization clock source                               ; Internal Oscillator         ;
; Configuration via Protocol                                       ; Off                         ;
; Configuration Voltage Level                                      ; Auto                        ;
; Force Configuration Voltage Level                                ; Off                         ;
; Enable nCEO output                                               ; Off                         ;
; Data[15..8]                                                      ; Unreserved                  ;
; Data[7..5]                                                       ; Unreserved                  ;
; Base pin-out file on sameframe device                            ; Off                         ;
+------------------------------------------------------------------+-----------------------------+


+------------------------------------+
; Operating Settings and Conditions  ;
+---------------------------+--------+
; Setting                   ; Value  ;
+---------------------------+--------+
; Nominal Core Voltage      ; 1.10 V ;
; Low Junction Temperature  ; 0 °C   ;
; High Junction Temperature ; 85 °C  ;
+---------------------------+--------+


+-----------------+
; Fitter Messages ;
+-----------------+
Warning (18236): Number of processors has not been specified which may cause overloading on shared machines.  Set the global assignment NUM_PARALLEL_PROCESSORS in your QSF to an appropriate value for best performance.
Info (20030): Parallel compilation is enabled and will use 2 of the 2 processors detected
Info (119006): Selected device 5CSEMA5F31C6 for design "soc_system"
Info (21077): Low junction temperature is 0 degrees C
Info (21077): High junction temperature is 85 degrees C
Warning: RST port on the PLL is not properly connected on instance clock_75mhz:clock_75|clock_75mhz_0002:clock_75mhz_inst|altera_pll:altera_pll_i|general[0].gpll. The reset port on the PLL should be connected. If the PLL loses lock for any reason, you might need to manually reset the PLL in order to re-establish lock to the reference clock. File: /home/lucas/intelFPGA_lite/23.1std/quartus/libraries/megafunctions/altera_pll.v Line: 749
    Info: Must be connected
Warning (21300): LOCKED port on the PLL is not properly connected on instance "clock_75mhz:clock_75|clock_75mhz_0002:clock_75mhz_inst|altera_pll:altera_pll_i|general[0].gpll". The LOCKED port on the PLL should be connected when the FBOUTCLK port is connected. Although it is unnecessary to connect the LOCKED signal, any logic driven off of an output clock of the PLL will not know when the PLL is locked and ready.
Info (171003): Fitter is performing an Auto Fit compilation, which may decrease Fitter effort to reduce compilation time
Warning (292013): Feature LogicLock is only available with a valid subscription license. You can purchase a software subscription to gain full access to this feature.
Warning (15714): Some pins have incomplete I/O assignments. Refer to the I/O Assignment Warnings report for details
Info (176045): Design uses memory blocks. Violating setup or hold times of memory block address registers for either read or write operations could cause memory contents to be corrupted. Make sure that all memory block address registers meet the setup and hold time requirements.
Critical Warning (169085): No exact pin location assignment(s) for 67 pins of 67 total pins. For the list of pins please refer to the I/O Assignment Warnings table in the fitter report.
Info (184020): Starting Fitter periphery placement operations
Info (11178): Promoted 1 clock (1 global)
    Info (11162): clock_75mhz:clock_75|clock_75mhz_0002:clock_75mhz_inst|altera_pll:altera_pll_i|outclk_wire[0]~CLKENA0 with 176 fanout uses global clock CLKCTRL_G2
Info (11191): Automatically promoted 1 clock (1 global)
    Info (11162): clock_50Mhz~inputCLKENA0 with 5 fanout uses global clock CLKCTRL_G12
Info (184021): Fitter periphery placement operations ending: elapsed time is 00:00:00
Warning (335093): The Timing Analyzer is analyzing 27 combinational loops as latches. For more details, run the Check Timing command in the Timing Analyzer or view the "User-Specified and Inferred Latches" table in the Analysis & Synthesis report.
Info (332104): Reading SDC File: 'soc_system/synthesis/submodules/altera_reset_controller.sdc'
Info (332104): Reading SDC File: 'soc_system/synthesis/submodules/hps_sdram_p0.sdc'
Info (332151): Clock uncertainty is not calculated until you update the timing netlist.
Error: The auto-constraining script was not able to detect any instance for core < hps_sdram_p0 >
Error: Verify the following:
Error:  The core < hps_sdram_p0 > is instantiated within another component (wrapper)
Error:  The core is not the top-level of the project
Error:  The memory interface pins are exported to the top-level of the project
Error: Alternatively, if you are no longer instantiating core < hps_sdram_p0 >,
Error:  clean up any stale SDC_FILE references from the QSF/QIP files.
Critical Warning (332008): Read_sdc failed due to errors in the SDC file
Info (332144): No user constrained generated clocks found in the design
Info (332144): No user constrained base clocks found in the design
Info (332097): The following timing edges are non-unate.  The Timing Analyzer will assume pos-unate behavior for these edges in the clock network.
    Info (332098): Cell: clock_75|clock_75mhz_inst|altera_pll_i|general[0].gpll~FRACTIONAL_PLL  from: refclkin  to: fbclk
    Info (332098): Cell: clock_75|clock_75mhz_inst|altera_pll_i|general[0].gpll~PLL_OUTPUT_COUNTER  from: vco0ph[0]  to: divclk
    Info (332098): Cell: clock_75|clock_75mhz_inst|altera_pll_i|general[0].gpll~PLL_REFCLK_SELECT  from: clkin[0]  to: clkout
Info (332123): Deriving Clock Uncertainty. Please refer to report_sdc in the Timing Analyzer to see clock uncertainties.
Info (11798): Fitter preparation operations ending: elapsed time is 00:00:25
Warning (171167): Found invalid Fitter assignments. See the Ignored Assignments panel in the Fitter Compilation Report for more information.
Error (11802): Can't fit design in device. Modify your design to reduce resources, or choose a larger device. The Intel FPGA Knowledge Database contains many articles with specific details on how to resolve this error. Visit the Knowledge Database at https://www.altera.com/support/support-resources/knowledge-base/search.html and search for this specific error message number.
Error: Quartus Prime Fitter was unsuccessful. 8 errors, 9 warnings
    Error: Peak virtual memory: 966 megabytes
    Error: Processing ended: Sat Nov  1 17:37:55 2025
    Error: Elapsed time: 00:00:40
    Error: Total CPU time (on all processors): 00:00:39


