Analysis & Synthesis report for soc_system
Sat Nov  1 17:37:13 2025
Quartus Prime Version 23.1std.0 Build 991 11/28/2023 SC Lite Edition


---------------------
; Table of Contents ;
---------------------
  1. Legal Notice
  2. Analysis & Synthesis Summary
  3. Analysis & Synthesis Settings
  4. Parallel Compilation
  5. Analysis & Synthesis Source Files Read
  6. Analysis & Synthesis Resource Usage Summary
  7. Analysis & Synthesis Resource Utilization by Entity
  8. Analysis & Synthesis RAM Summary
  9. Analysis & Synthesis IP Cores Summary
 10. State Machine - |unidade_de_controle|salvar_pixels
 11. State Machine - |unidade_de_controle|estado_atual
 12. State Machine - |unidade_de_controle|controle_vga:controle_saida|vga_module:vga|v_state
 13. State Machine - |unidade_de_controle|controle_vga:controle_saida|vga_module:vga|h_state
 14. User-Specified and Inferred Latches
 15. Registers Removed During Synthesis
 16. General Register Statistics
 17. Multiplexer Restructuring Statistics (Restructuring Performed)
 18. Source assignments for gerenciar_memoria_ram:gmr|ram_leitura_2:ram_leitura_2_inst|altsyncram:altsyncram_component|altsyncram_f3n2:auto_generated
 19. Source assignments for controle_vga:controle_saida|ram_secundaria:ram_inst|altsyncram:altsyncram_component|altsyncram_f3n2:auto_generated
 20. Source assignments for controle_vga:controle_saida|fifo_a:fifo_inst|scfifo:scfifo_component|scfifo_7nd1:auto_generated|a_dpfifo_90c1:dpfifo|altsyncram_kep1:FIFOram
 21. Parameter Settings for User Entity Instance: Top-level Entity: |unidade_de_controle
 22. Parameter Settings for User Entity Instance: gerenciar_memoria_ram:gmr|ram_leitura_2:ram_leitura_2_inst|altsyncram:altsyncram_component
 23. Parameter Settings for User Entity Instance: clock_75mhz:clock_75|clock_75mhz_0002:clock_75mhz_inst|altera_pll:altera_pll_i
 24. Parameter Settings for User Entity Instance: controle_vga:controle_saida|ram_secundaria:ram_inst|altsyncram:altsyncram_component
 25. Parameter Settings for User Entity Instance: controle_vga:controle_saida|fifo_a:fifo_inst|scfifo:scfifo_component
 26. Parameter Settings for User Entity Instance: controle_vga:controle_saida|vga_module:vga
 27. Parameter Settings for Inferred Entity Instance: lpm_divide:Div0
 28. Parameter Settings for Inferred Entity Instance: lpm_divide:Mod0
 29. altsyncram Parameter Settings by Entity Instance
 30. scfifo Parameter Settings by Entity Instance
 31. Port Connectivity Checks: "controle_vga:controle_saida|vga_module:vga"
 32. Port Connectivity Checks: "controle_vga:controle_saida|ram_secundaria:ram_inst"
 33. Port Connectivity Checks: "clock_75mhz:clock_75"
 34. Port Connectivity Checks: "gerenciar_memoria_ram:gmr|ram_leitura_2:ram_leitura_2_inst"
 35. Post-Synthesis Netlist Statistics for Top Partition
 36. Elapsed Time Per Partition
 37. Analysis & Synthesis Messages
 38. Analysis & Synthesis Suppressed Messages



----------------
; Legal Notice ;
----------------
Copyright (C) 2023  Intel Corporation. All rights reserved.
Your use of Intel Corporation's design tools, logic functions 
and other software and tools, and any partner logic 
functions, and any output files from any of the foregoing 
(including device programming or simulation files), and any 
associated documentation or information are expressly subject 
to the terms and conditions of the Intel Program License 
Subscription Agreement, the Intel Quartus Prime License Agreement,
the Intel FPGA IP License Agreement, or other applicable license
agreement, including, without limitation, that your use is for
the sole purpose of programming logic devices manufactured by
Intel and sold by Intel or its authorized distributors.  Please
refer to the applicable agreement for further details, at
https://fpgasoftware.intel.com/eula.



+----------------------------------------------------------------------------------+
; Analysis & Synthesis Summary                                                     ;
+---------------------------------+------------------------------------------------+
; Analysis & Synthesis Status     ; Successful - Sat Nov  1 17:37:13 2025          ;
; Quartus Prime Version           ; 23.1std.0 Build 991 11/28/2023 SC Lite Edition ;
; Revision Name                   ; soc_system                                     ;
; Top-level Entity Name           ; unidade_de_controle                            ;
; Family                          ; Cyclone V                                      ;
; Logic utilization (in ALMs)     ; N/A                                            ;
; Total registers                 ; 360                                            ;
; Total pins                      ; 67                                             ;
; Total virtual pins              ; 0                                              ;
; Total block memory bits         ; 1,232,896                                      ;
; Total DSP Blocks                ; 0                                              ;
; Total HSSI RX PCSs              ; 0                                              ;
; Total HSSI PMA RX Deserializers ; 0                                              ;
; Total HSSI TX PCSs              ; 0                                              ;
; Total HSSI PMA TX Serializers   ; 0                                              ;
; Total PLLs                      ; 1                                              ;
; Total DLLs                      ; 0                                              ;
+---------------------------------+------------------------------------------------+


+----------------------------------------------------------------------------------------------------------------------------+
; Analysis & Synthesis Settings                                                                                              ;
+---------------------------------------------------------------------------------+---------------------+--------------------+
; Option                                                                          ; Setting             ; Default Value      ;
+---------------------------------------------------------------------------------+---------------------+--------------------+
; Device                                                                          ; 5CSEMA5F31C6        ;                    ;
; Top-level entity name                                                           ; unidade_de_controle ; soc_system         ;
; Family name                                                                     ; Cyclone V           ; Cyclone V          ;
; Use smart compilation                                                           ; Off                 ; Off                ;
; Enable parallel Assembler and Timing Analyzer during compilation                ; On                  ; On                 ;
; Enable compact report table                                                     ; Off                 ; Off                ;
; Restructure Multiplexers                                                        ; Auto                ; Auto               ;
; MLAB Add Timing Constraints For Mixed-Port Feed-Through Mode Setting Don't Care ; Off                 ; Off                ;
; Create Debugging Nodes for IP Cores                                             ; Off                 ; Off                ;
; Preserve fewer node names                                                       ; On                  ; On                 ;
; Intel FPGA IP Evaluation Mode                                                   ; Enable              ; Enable             ;
; Verilog Version                                                                 ; Verilog_2001        ; Verilog_2001       ;
; VHDL Version                                                                    ; VHDL_1993           ; VHDL_1993          ;
; State Machine Processing                                                        ; Auto                ; Auto               ;
; Safe State Machine                                                              ; Off                 ; Off                ;
; Extract Verilog State Machines                                                  ; On                  ; On                 ;
; Extract VHDL State Machines                                                     ; On                  ; On                 ;
; Ignore Verilog initial constructs                                               ; Off                 ; Off                ;
; Iteration limit for constant Verilog loops                                      ; 5000                ; 5000               ;
; Iteration limit for non-constant Verilog loops                                  ; 250                 ; 250                ;
; Add Pass-Through Logic to Inferred RAMs                                         ; On                  ; On                 ;
; Infer RAMs from Raw Logic                                                       ; On                  ; On                 ;
; Parallel Synthesis                                                              ; On                  ; On                 ;
; DSP Block Balancing                                                             ; Auto                ; Auto               ;
; NOT Gate Push-Back                                                              ; On                  ; On                 ;
; Power-Up Don't Care                                                             ; On                  ; On                 ;
; Remove Redundant Logic Cells                                                    ; Off                 ; Off                ;
; Remove Duplicate Registers                                                      ; On                  ; On                 ;
; Ignore CARRY Buffers                                                            ; Off                 ; Off                ;
; Ignore CASCADE Buffers                                                          ; Off                 ; Off                ;
; Ignore GLOBAL Buffers                                                           ; Off                 ; Off                ;
; Ignore ROW GLOBAL Buffers                                                       ; Off                 ; Off                ;
; Ignore LCELL Buffers                                                            ; Off                 ; Off                ;
; Ignore SOFT Buffers                                                             ; On                  ; On                 ;
; Limit AHDL Integers to 32 Bits                                                  ; Off                 ; Off                ;
; Optimization Technique                                                          ; Balanced            ; Balanced           ;
; Carry Chain Length                                                              ; 70                  ; 70                 ;
; Auto Carry Chains                                                               ; On                  ; On                 ;
; Auto Open-Drain Pins                                                            ; On                  ; On                 ;
; Perform WYSIWYG Primitive Resynthesis                                           ; Off                 ; Off                ;
; Auto ROM Replacement                                                            ; On                  ; On                 ;
; Auto RAM Replacement                                                            ; On                  ; On                 ;
; Auto DSP Block Replacement                                                      ; On                  ; On                 ;
; Auto Shift Register Replacement                                                 ; Auto                ; Auto               ;
; Allow Shift Register Merging across Hierarchies                                 ; Auto                ; Auto               ;
; Auto Clock Enable Replacement                                                   ; On                  ; On                 ;
; Strict RAM Replacement                                                          ; Off                 ; Off                ;
; Allow Synchronous Control Signals                                               ; On                  ; On                 ;
; Force Use of Synchronous Clear Signals                                          ; Off                 ; Off                ;
; Auto Resource Sharing                                                           ; Off                 ; Off                ;
; Allow Any RAM Size For Recognition                                              ; Off                 ; Off                ;
; Allow Any ROM Size For Recognition                                              ; Off                 ; Off                ;
; Allow Any Shift Register Size For Recognition                                   ; Off                 ; Off                ;
; Use LogicLock Constraints during Resource Balancing                             ; On                  ; On                 ;
; Ignore translate_off and synthesis_off directives                               ; Off                 ; Off                ;
; Timing-Driven Synthesis                                                         ; On                  ; On                 ;
; Report Parameter Settings                                                       ; On                  ; On                 ;
; Report Source Assignments                                                       ; On                  ; On                 ;
; Report Connectivity Checks                                                      ; On                  ; On                 ;
; Ignore Maximum Fan-Out Assignments                                              ; Off                 ; Off                ;
; Synchronization Register Chain Length                                           ; 3                   ; 3                  ;
; Power Optimization During Synthesis                                             ; Normal compilation  ; Normal compilation ;
; HDL message level                                                               ; Level2              ; Level2             ;
; Suppress Register Optimization Related Messages                                 ; Off                 ; Off                ;
; Number of Removed Registers Reported in Synthesis Report                        ; 5000                ; 5000               ;
; Number of Swept Nodes Reported in Synthesis Report                              ; 5000                ; 5000               ;
; Number of Inverted Registers Reported in Synthesis Report                       ; 100                 ; 100                ;
; Clock MUX Protection                                                            ; On                  ; On                 ;
; Auto Gated Clock Conversion                                                     ; Off                 ; Off                ;
; Block Design Naming                                                             ; Auto                ; Auto               ;
; SDC constraint protection                                                       ; Off                 ; Off                ;
; Synthesis Effort                                                                ; Auto                ; Auto               ;
; Shift Register Replacement - Allow Asynchronous Clear Signal                    ; On                  ; On                 ;
; Pre-Mapping Resynthesis Optimization                                            ; Off                 ; Off                ;
; Analysis & Synthesis Message Level                                              ; Medium              ; Medium             ;
; Disable Register Merging Across Hierarchies                                     ; Auto                ; Auto               ;
; Resource Aware Inference For Block RAM                                          ; On                  ; On                 ;
; Automatic Parallel Synthesis                                                    ; On                  ; On                 ;
; Partial Reconfiguration Bitstream ID                                            ; Off                 ; Off                ;
+---------------------------------------------------------------------------------+---------------------+--------------------+


+------------------------------------------+
; Parallel Compilation                     ;
+----------------------------+-------------+
; Processors                 ; Number      ;
+----------------------------+-------------+
; Number detected on machine ; 2           ;
; Maximum allowed            ; 2           ;
;                            ;             ;
; Average used               ; 1.00        ;
; Maximum used               ; 2           ;
;                            ;             ;
; Usage by Processor         ; % Time Used ;
;     Processor 1            ; 100.0%      ;
;     Processor 2            ;   0.0%      ;
+----------------------------+-------------+


+------------------------------------------------------------------------------------------------------------------------------------------------------------------------------------------------------+
; Analysis & Synthesis Source Files Read                                                                                                                                                               ;
+----------------------------------+-----------------+----------------------------------------+------------------------------------------------------------------------------------------+-------------+
; File Name with User-Entered Path ; Used in Netlist ; File Type                              ; File Name with Absolute Path                                                             ; Library     ;
+----------------------------------+-----------------+----------------------------------------+------------------------------------------------------------------------------------------+-------------+
; unidade_de_controle.v            ; yes             ; User Verilog HDL File                  ; /home/lucas/uefs/pbl/Zoom-FPGA/coprecessador/unidade_de_controle.v                       ;             ;
; debouce_bt.v                     ; yes             ; User Verilog HDL File                  ; /home/lucas/uefs/pbl/Zoom-FPGA/coprecessador/debouce_bt.v                                ;             ;
; divisor_clock_por_2.v            ; yes             ; User Verilog HDL File                  ; /home/lucas/uefs/pbl/Zoom-FPGA/coprecessador/divisor_clock_por_2.v                       ;             ;
; alu.v                            ; yes             ; User Verilog HDL File                  ; /home/lucas/uefs/pbl/Zoom-FPGA/coprecessador/alu.v                                       ;             ;
; clock_75mhz.v                    ; yes             ; User Wizard-Generated File             ; /home/lucas/uefs/pbl/Zoom-FPGA/coprecessador/clock_75mhz.v                               ; clock_75mhz ;
; clock_75mhz/clock_75mhz_0002.v   ; yes             ; User Verilog HDL File                  ; /home/lucas/uefs/pbl/Zoom-FPGA/coprecessador/clock_75mhz/clock_75mhz_0002.v              ; clock_75mhz ;
; vga_module.v                     ; yes             ; User Verilog HDL File                  ; /home/lucas/uefs/pbl/Zoom-FPGA/coprecessador/vga_module.v                                ;             ;
; controle_vga.v                   ; yes             ; User Verilog HDL File                  ; /home/lucas/uefs/pbl/Zoom-FPGA/coprecessador/controle_vga.v                              ;             ;
; fifo_a.v                         ; yes             ; User Wizard-Generated File             ; /home/lucas/uefs/pbl/Zoom-FPGA/coprecessador/fifo_a.v                                    ;             ;
; ram_secundaria.v                 ; yes             ; User Wizard-Generated File             ; /home/lucas/uefs/pbl/Zoom-FPGA/coprecessador/ram_secundaria.v                            ;             ;
; delayed_clock_generator.v        ; yes             ; User Verilog HDL File                  ; /home/lucas/uefs/pbl/Zoom-FPGA/coprecessador/delayed_clock_generator.v                   ;             ;
; ram_leitura_2.v                  ; yes             ; User Wizard-Generated File             ; /home/lucas/uefs/pbl/Zoom-FPGA/coprecessador/ram_leitura_2.v                             ;             ;
; gerenciar_memoria_ram.v          ; yes             ; User Verilog HDL File                  ; /home/lucas/uefs/pbl/Zoom-FPGA/coprecessador/gerenciar_memoria_ram.v                     ;             ;
; decodificador.v                  ; yes             ; User Verilog HDL File                  ; /home/lucas/uefs/pbl/Zoom-FPGA/coprecessador/decodificador.v                             ;             ;
; altsyncram.tdf                   ; yes             ; Megafunction                           ; /home/lucas/intelFPGA_lite/23.1std/quartus/libraries/megafunctions/altsyncram.tdf        ;             ;
; stratix_ram_block.inc            ; yes             ; Megafunction                           ; /home/lucas/intelFPGA_lite/23.1std/quartus/libraries/megafunctions/stratix_ram_block.inc ;             ;
; lpm_mux.inc                      ; yes             ; Megafunction                           ; /home/lucas/intelFPGA_lite/23.1std/quartus/libraries/megafunctions/lpm_mux.inc           ;             ;
; lpm_decode.inc                   ; yes             ; Megafunction                           ; /home/lucas/intelFPGA_lite/23.1std/quartus/libraries/megafunctions/lpm_decode.inc        ;             ;
; aglobal231.inc                   ; yes             ; Megafunction                           ; /home/lucas/intelFPGA_lite/23.1std/quartus/libraries/megafunctions/aglobal231.inc        ;             ;
; a_rdenreg.inc                    ; yes             ; Megafunction                           ; /home/lucas/intelFPGA_lite/23.1std/quartus/libraries/megafunctions/a_rdenreg.inc         ;             ;
; altrom.inc                       ; yes             ; Megafunction                           ; /home/lucas/intelFPGA_lite/23.1std/quartus/libraries/megafunctions/altrom.inc            ;             ;
; altram.inc                       ; yes             ; Megafunction                           ; /home/lucas/intelFPGA_lite/23.1std/quartus/libraries/megafunctions/altram.inc            ;             ;
; altdpram.inc                     ; yes             ; Megafunction                           ; /home/lucas/intelFPGA_lite/23.1std/quartus/libraries/megafunctions/altdpram.inc          ;             ;
; db/altsyncram_f3n2.tdf           ; yes             ; Auto-Generated Megafunction            ; /home/lucas/uefs/pbl/Zoom-FPGA/coprecessador/db/altsyncram_f3n2.tdf                      ;             ;
; memoria_bahia.mif                ; yes             ; Auto-Found Memory Initialization File  ; /home/lucas/uefs/pbl/Zoom-FPGA/coprecessador/memoria_bahia.mif                           ;             ;
; db/decode_nma.tdf                ; yes             ; Auto-Generated Megafunction            ; /home/lucas/uefs/pbl/Zoom-FPGA/coprecessador/db/decode_nma.tdf                           ;             ;
; db/decode_g2a.tdf                ; yes             ; Auto-Generated Megafunction            ; /home/lucas/uefs/pbl/Zoom-FPGA/coprecessador/db/decode_g2a.tdf                           ;             ;
; db/mux_7hb.tdf                   ; yes             ; Auto-Generated Megafunction            ; /home/lucas/uefs/pbl/Zoom-FPGA/coprecessador/db/mux_7hb.tdf                              ;             ;
; altera_pll.v                     ; yes             ; Megafunction                           ; /home/lucas/intelFPGA_lite/23.1std/quartus/libraries/megafunctions/altera_pll.v          ;             ;
; scfifo.tdf                       ; yes             ; Megafunction                           ; /home/lucas/intelFPGA_lite/23.1std/quartus/libraries/megafunctions/scfifo.tdf            ;             ;
; a_regfifo.inc                    ; yes             ; Megafunction                           ; /home/lucas/intelFPGA_lite/23.1std/quartus/libraries/megafunctions/a_regfifo.inc         ;             ;
; a_dpfifo.inc                     ; yes             ; Megafunction                           ; /home/lucas/intelFPGA_lite/23.1std/quartus/libraries/megafunctions/a_dpfifo.inc          ;             ;
; a_i2fifo.inc                     ; yes             ; Megafunction                           ; /home/lucas/intelFPGA_lite/23.1std/quartus/libraries/megafunctions/a_i2fifo.inc          ;             ;
; a_fffifo.inc                     ; yes             ; Megafunction                           ; /home/lucas/intelFPGA_lite/23.1std/quartus/libraries/megafunctions/a_fffifo.inc          ;             ;
; a_f2fifo.inc                     ; yes             ; Megafunction                           ; /home/lucas/intelFPGA_lite/23.1std/quartus/libraries/megafunctions/a_f2fifo.inc          ;             ;
; db/scfifo_7nd1.tdf               ; yes             ; Auto-Generated Megafunction            ; /home/lucas/uefs/pbl/Zoom-FPGA/coprecessador/db/scfifo_7nd1.tdf                          ;             ;
; db/a_dpfifo_90c1.tdf             ; yes             ; Auto-Generated Megafunction            ; /home/lucas/uefs/pbl/Zoom-FPGA/coprecessador/db/a_dpfifo_90c1.tdf                        ;             ;
; db/altsyncram_kep1.tdf           ; yes             ; Auto-Generated Megafunction            ; /home/lucas/uefs/pbl/Zoom-FPGA/coprecessador/db/altsyncram_kep1.tdf                      ;             ;
; db/cmpr_8l8.tdf                  ; yes             ; Auto-Generated Megafunction            ; /home/lucas/uefs/pbl/Zoom-FPGA/coprecessador/db/cmpr_8l8.tdf                             ;             ;
; db/cntr_j2b.tdf                  ; yes             ; Auto-Generated Megafunction            ; /home/lucas/uefs/pbl/Zoom-FPGA/coprecessador/db/cntr_j2b.tdf                             ;             ;
; db/cntr_037.tdf                  ; yes             ; Auto-Generated Megafunction            ; /home/lucas/uefs/pbl/Zoom-FPGA/coprecessador/db/cntr_037.tdf                             ;             ;
; db/cntr_k2b.tdf                  ; yes             ; Auto-Generated Megafunction            ; /home/lucas/uefs/pbl/Zoom-FPGA/coprecessador/db/cntr_k2b.tdf                             ;             ;
; lpm_divide.tdf                   ; yes             ; Megafunction                           ; /home/lucas/intelFPGA_lite/23.1std/quartus/libraries/megafunctions/lpm_divide.tdf        ;             ;
; abs_divider.inc                  ; yes             ; Megafunction                           ; /home/lucas/intelFPGA_lite/23.1std/quartus/libraries/megafunctions/abs_divider.inc       ;             ;
; sign_div_unsign.inc              ; yes             ; Megafunction                           ; /home/lucas/intelFPGA_lite/23.1std/quartus/libraries/megafunctions/sign_div_unsign.inc   ;             ;
; db/lpm_divide_qbm.tdf            ; yes             ; Auto-Generated Megafunction            ; /home/lucas/uefs/pbl/Zoom-FPGA/coprecessador/db/lpm_divide_qbm.tdf                       ;             ;
; db/sign_div_unsign_0mh.tdf       ; yes             ; Auto-Generated Megafunction            ; /home/lucas/uefs/pbl/Zoom-FPGA/coprecessador/db/sign_div_unsign_0mh.tdf                  ;             ;
; db/alt_u_div_60f.tdf             ; yes             ; Auto-Generated Megafunction            ; /home/lucas/uefs/pbl/Zoom-FPGA/coprecessador/db/alt_u_div_60f.tdf                        ;             ;
; db/lpm_divide_t3m.tdf            ; yes             ; Auto-Generated Megafunction            ; /home/lucas/uefs/pbl/Zoom-FPGA/coprecessador/db/lpm_divide_t3m.tdf                       ;             ;
+----------------------------------+-----------------+----------------------------------------+------------------------------------------------------------------------------------------+-------------+


+---------------------------------------------------------------------------------------------+
; Analysis & Synthesis Resource Usage Summary                                                 ;
+---------------------------------------------+-----------------------------------------------+
; Resource                                    ; Usage                                         ;
+---------------------------------------------+-----------------------------------------------+
; Estimate of Logic utilization (ALMs needed) ; 715                                           ;
;                                             ;                                               ;
; Combinational ALUT usage for logic          ; 1220                                          ;
;     -- 7 input functions                    ; 5                                             ;
;     -- 6 input functions                    ; 190                                           ;
;     -- 5 input functions                    ; 118                                           ;
;     -- 4 input functions                    ; 203                                           ;
;     -- <=3 input functions                  ; 704                                           ;
;                                             ;                                               ;
; Dedicated logic registers                   ; 360                                           ;
;                                             ;                                               ;
; I/O pins                                    ; 67                                            ;
; Total MLAB memory bits                      ; 0                                             ;
; Total block memory bits                     ; 1232896                                       ;
;                                             ;                                               ;
; Total DSP Blocks                            ; 0                                             ;
;                                             ;                                               ;
; Total PLLs                                  ; 1                                             ;
;     -- PLLs                                 ; 1                                             ;
;                                             ;                                               ;
; Maximum fan-out node                        ; divisor_clock_por_2:divisor_clock_50MHZ|clock ;
; Maximum fan-out                             ; 476                                           ;
; Total fan-out                               ; 10870                                         ;
; Average fan-out                             ; 5.77                                          ;
+---------------------------------------------+-----------------------------------------------+


+------------------------------------------------------------------------------------------------------------------------------------------------------------------------------------------------------------------------------------------------------------------------------------------------------------------------------------------------------------------------------+
; Analysis & Synthesis Resource Utilization by Entity                                                                                                                                                                                                                                                                                                                          ;
+--------------------------------------------------+---------------------+---------------------------+-------------------+------------+------+--------------+-------------------------------------------------------------------------------------------------------------------------------------------------------------------------+-------------------------+--------------+
; Compilation Hierarchy Node                       ; Combinational ALUTs ; Dedicated Logic Registers ; Block Memory Bits ; DSP Blocks ; Pins ; Virtual Pins ; Full Hierarchy Name                                                                                                                                                     ; Entity Name             ; Library Name ;
+--------------------------------------------------+---------------------+---------------------------+-------------------+------------+------+--------------+-------------------------------------------------------------------------------------------------------------------------------------------------------------------------+-------------------------+--------------+
; |unidade_de_controle                             ; 1220 (395)          ; 360 (138)                 ; 1232896           ; 0          ; 67   ; 0            ; |unidade_de_controle                                                                                                                                                    ; unidade_de_controle     ; work         ;
;    |alu:alu|                                     ; 20 (20)             ; 0 (0)                     ; 0                 ; 0          ; 0    ; 0            ; |unidade_de_controle|alu:alu                                                                                                                                            ; alu                     ; work         ;
;    |clock_75mhz:clock_75|                        ; 0 (0)               ; 0 (0)                     ; 0                 ; 0          ; 0    ; 0            ; |unidade_de_controle|clock_75mhz:clock_75                                                                                                                               ; clock_75mhz             ; clock_75mhz  ;
;       |clock_75mhz_0002:clock_75mhz_inst|        ; 0 (0)               ; 0 (0)                     ; 0                 ; 0          ; 0    ; 0            ; |unidade_de_controle|clock_75mhz:clock_75|clock_75mhz_0002:clock_75mhz_inst                                                                                             ; clock_75mhz_0002        ; clock_75mhz  ;
;          |altera_pll:altera_pll_i|               ; 0 (0)               ; 0 (0)                     ; 0                 ; 0          ; 0    ; 0            ; |unidade_de_controle|clock_75mhz:clock_75|clock_75mhz_0002:clock_75mhz_inst|altera_pll:altera_pll_i                                                                     ; altera_pll              ; work         ;
;    |controle_vga:controle_saida|                 ; 233 (32)            ; 140 (29)                  ; 618496            ; 0          ; 0    ; 0            ; |unidade_de_controle|controle_vga:controle_saida                                                                                                                        ; controle_vga            ; work         ;
;       |fifo_a:fifo_inst|                         ; 48 (0)              ; 40 (0)                    ; 4096              ; 0          ; 0    ; 0            ; |unidade_de_controle|controle_vga:controle_saida|fifo_a:fifo_inst                                                                                                       ; fifo_a                  ; work         ;
;          |scfifo:scfifo_component|               ; 48 (0)              ; 40 (0)                    ; 4096              ; 0          ; 0    ; 0            ; |unidade_de_controle|controle_vga:controle_saida|fifo_a:fifo_inst|scfifo:scfifo_component                                                                               ; scfifo                  ; work         ;
;             |scfifo_7nd1:auto_generated|         ; 48 (0)              ; 40 (0)                    ; 4096              ; 0          ; 0    ; 0            ; |unidade_de_controle|controle_vga:controle_saida|fifo_a:fifo_inst|scfifo:scfifo_component|scfifo_7nd1:auto_generated                                                    ; scfifo_7nd1             ; work         ;
;                |a_dpfifo_90c1:dpfifo|            ; 48 (22)             ; 40 (14)                   ; 4096              ; 0          ; 0    ; 0            ; |unidade_de_controle|controle_vga:controle_saida|fifo_a:fifo_inst|scfifo:scfifo_component|scfifo_7nd1:auto_generated|a_dpfifo_90c1:dpfifo                               ; a_dpfifo_90c1           ; work         ;
;                   |altsyncram_kep1:FIFOram|      ; 0 (0)               ; 0 (0)                     ; 4096              ; 0          ; 0    ; 0            ; |unidade_de_controle|controle_vga:controle_saida|fifo_a:fifo_inst|scfifo:scfifo_component|scfifo_7nd1:auto_generated|a_dpfifo_90c1:dpfifo|altsyncram_kep1:FIFOram       ; altsyncram_kep1         ; work         ;
;                   |cntr_037:usedw_counter|       ; 9 (9)               ; 9 (9)                     ; 0                 ; 0          ; 0    ; 0            ; |unidade_de_controle|controle_vga:controle_saida|fifo_a:fifo_inst|scfifo:scfifo_component|scfifo_7nd1:auto_generated|a_dpfifo_90c1:dpfifo|cntr_037:usedw_counter        ; cntr_037                ; work         ;
;                   |cntr_j2b:rd_ptr_msb|          ; 8 (8)               ; 8 (8)                     ; 0                 ; 0          ; 0    ; 0            ; |unidade_de_controle|controle_vga:controle_saida|fifo_a:fifo_inst|scfifo:scfifo_component|scfifo_7nd1:auto_generated|a_dpfifo_90c1:dpfifo|cntr_j2b:rd_ptr_msb           ; cntr_j2b                ; work         ;
;                   |cntr_k2b:wr_ptr|              ; 9 (9)               ; 9 (9)                     ; 0                 ; 0          ; 0    ; 0            ; |unidade_de_controle|controle_vga:controle_saida|fifo_a:fifo_inst|scfifo:scfifo_component|scfifo_7nd1:auto_generated|a_dpfifo_90c1:dpfifo|cntr_k2b:wr_ptr               ; cntr_k2b                ; work         ;
;       |ram_secundaria:ram_inst|                  ; 93 (0)              ; 16 (0)                    ; 614400            ; 0          ; 0    ; 0            ; |unidade_de_controle|controle_vga:controle_saida|ram_secundaria:ram_inst                                                                                                ; ram_secundaria          ; work         ;
;          |altsyncram:altsyncram_component|       ; 93 (0)              ; 16 (0)                    ; 614400            ; 0          ; 0    ; 0            ; |unidade_de_controle|controle_vga:controle_saida|ram_secundaria:ram_inst|altsyncram:altsyncram_component                                                                ; altsyncram              ; work         ;
;             |altsyncram_f3n2:auto_generated|     ; 93 (0)              ; 16 (16)                   ; 614400            ; 0          ; 0    ; 0            ; |unidade_de_controle|controle_vga:controle_saida|ram_secundaria:ram_inst|altsyncram:altsyncram_component|altsyncram_f3n2:auto_generated                                 ; altsyncram_f3n2         ; work         ;
;                |decode_g2a:rden_decode_a|        ; 10 (10)             ; 0 (0)                     ; 0                 ; 0          ; 0    ; 0            ; |unidade_de_controle|controle_vga:controle_saida|ram_secundaria:ram_inst|altsyncram:altsyncram_component|altsyncram_f3n2:auto_generated|decode_g2a:rden_decode_a        ; decode_g2a              ; work         ;
;                |decode_g2a:rden_decode_b|        ; 11 (11)             ; 0 (0)                     ; 0                 ; 0          ; 0    ; 0            ; |unidade_de_controle|controle_vga:controle_saida|ram_secundaria:ram_inst|altsyncram:altsyncram_component|altsyncram_f3n2:auto_generated|decode_g2a:rden_decode_b        ; decode_g2a              ; work         ;
;                |decode_nma:decode3|              ; 13 (13)             ; 0 (0)                     ; 0                 ; 0          ; 0    ; 0            ; |unidade_de_controle|controle_vga:controle_saida|ram_secundaria:ram_inst|altsyncram:altsyncram_component|altsyncram_f3n2:auto_generated|decode_nma:decode3              ; decode_nma              ; work         ;
;                |mux_7hb:mux4|                    ; 33 (33)             ; 0 (0)                     ; 0                 ; 0          ; 0    ; 0            ; |unidade_de_controle|controle_vga:controle_saida|ram_secundaria:ram_inst|altsyncram:altsyncram_component|altsyncram_f3n2:auto_generated|mux_7hb:mux4                    ; mux_7hb                 ; work         ;
;                |mux_7hb:mux5|                    ; 26 (26)             ; 0 (0)                     ; 0                 ; 0          ; 0    ; 0            ; |unidade_de_controle|controle_vga:controle_saida|ram_secundaria:ram_inst|altsyncram:altsyncram_component|altsyncram_f3n2:auto_generated|mux_7hb:mux5                    ; mux_7hb                 ; work         ;
;       |vga_module:vga|                           ; 60 (60)             ; 55 (55)                   ; 0                 ; 0          ; 0    ; 0            ; |unidade_de_controle|controle_vga:controle_saida|vga_module:vga                                                                                                         ; vga_module              ; work         ;
;    |debounce_bt:debouce_reset|                   ; 39 (1)              ; 31 (0)                    ; 0                 ; 0          ; 0    ; 0            ; |unidade_de_controle|debounce_bt:debouce_reset                                                                                                                          ; debounce_bt             ; work         ;
;       |clock_div:u1|                             ; 38 (38)             ; 28 (28)                   ; 0                 ; 0          ; 0    ; 0            ; |unidade_de_controle|debounce_bt:debouce_reset|clock_div:u1                                                                                                             ; clock_div               ; work         ;
;       |my_dff:d0|                                ; 0 (0)               ; 1 (1)                     ; 0                 ; 0          ; 0    ; 0            ; |unidade_de_controle|debounce_bt:debouce_reset|my_dff:d0                                                                                                                ; my_dff                  ; work         ;
;       |my_dff:d1|                                ; 0 (0)               ; 1 (1)                     ; 0                 ; 0          ; 0    ; 0            ; |unidade_de_controle|debounce_bt:debouce_reset|my_dff:d1                                                                                                                ; my_dff                  ; work         ;
;       |my_dff:d2|                                ; 0 (0)               ; 1 (1)                     ; 0                 ; 0          ; 0    ; 0            ; |unidade_de_controle|debounce_bt:debouce_reset|my_dff:d2                                                                                                                ; my_dff                  ; work         ;
;    |decodificador:decoder_instrucao|             ; 30 (27)             ; 34 (28)                   ; 0                 ; 0          ; 0    ; 0            ; |unidade_de_controle|decodificador:decoder_instrucao                                                                                                                    ; decodificador           ; work         ;
;       |delayed_clock_generator:gerador_de_sinal| ; 1 (1)               ; 2 (2)                     ; 0                 ; 0          ; 0    ; 0            ; |unidade_de_controle|decodificador:decoder_instrucao|delayed_clock_generator:gerador_de_sinal                                                                           ; delayed_clock_generator ; work         ;
;       |delayed_clock_generator:zoom_in_sinal|    ; 1 (1)               ; 2 (2)                     ; 0                 ; 0          ; 0    ; 0            ; |unidade_de_controle|decodificador:decoder_instrucao|delayed_clock_generator:zoom_in_sinal                                                                              ; delayed_clock_generator ; work         ;
;       |delayed_clock_generator:zoom_out_sinal|   ; 1 (1)               ; 2 (2)                     ; 0                 ; 0          ; 0    ; 0            ; |unidade_de_controle|decodificador:decoder_instrucao|delayed_clock_generator:zoom_out_sinal                                                                             ; delayed_clock_generator ; work         ;
;    |divisor_clock_por_2:divisor_clock_50MHZ|     ; 1 (1)               ; 1 (1)                     ; 0                 ; 0          ; 0    ; 0            ; |unidade_de_controle|divisor_clock_por_2:divisor_clock_50MHZ                                                                                                            ; divisor_clock_por_2     ; work         ;
;    |gerenciar_memoria_ram:gmr|                   ; 95 (6)              ; 16 (0)                    ; 614400            ; 0          ; 0    ; 0            ; |unidade_de_controle|gerenciar_memoria_ram:gmr                                                                                                                          ; gerenciar_memoria_ram   ; work         ;
;       |ram_leitura_2:ram_leitura_2_inst|         ; 89 (0)              ; 16 (0)                    ; 614400            ; 0          ; 0    ; 0            ; |unidade_de_controle|gerenciar_memoria_ram:gmr|ram_leitura_2:ram_leitura_2_inst                                                                                         ; ram_leitura_2           ; work         ;
;          |altsyncram:altsyncram_component|       ; 89 (0)              ; 16 (0)                    ; 614400            ; 0          ; 0    ; 0            ; |unidade_de_controle|gerenciar_memoria_ram:gmr|ram_leitura_2:ram_leitura_2_inst|altsyncram:altsyncram_component                                                         ; altsyncram              ; work         ;
;             |altsyncram_f3n2:auto_generated|     ; 89 (0)              ; 16 (16)                   ; 614400            ; 0          ; 0    ; 0            ; |unidade_de_controle|gerenciar_memoria_ram:gmr|ram_leitura_2:ram_leitura_2_inst|altsyncram:altsyncram_component|altsyncram_f3n2:auto_generated                          ; altsyncram_f3n2         ; work         ;
;                |decode_g2a:rden_decode_a|        ; 10 (10)             ; 0 (0)                     ; 0                 ; 0          ; 0    ; 0            ; |unidade_de_controle|gerenciar_memoria_ram:gmr|ram_leitura_2:ram_leitura_2_inst|altsyncram:altsyncram_component|altsyncram_f3n2:auto_generated|decode_g2a:rden_decode_a ; decode_g2a              ; work         ;
;                |decode_g2a:rden_decode_b|        ; 10 (10)             ; 0 (0)                     ; 0                 ; 0          ; 0    ; 0            ; |unidade_de_controle|gerenciar_memoria_ram:gmr|ram_leitura_2:ram_leitura_2_inst|altsyncram:altsyncram_component|altsyncram_f3n2:auto_generated|decode_g2a:rden_decode_b ; decode_g2a              ; work         ;
;                |decode_nma:decode3|              ; 10 (10)             ; 0 (0)                     ; 0                 ; 0          ; 0    ; 0            ; |unidade_de_controle|gerenciar_memoria_ram:gmr|ram_leitura_2:ram_leitura_2_inst|altsyncram:altsyncram_component|altsyncram_f3n2:auto_generated|decode_nma:decode3       ; decode_nma              ; work         ;
;                |mux_7hb:mux4|                    ; 33 (33)             ; 0 (0)                     ; 0                 ; 0          ; 0    ; 0            ; |unidade_de_controle|gerenciar_memoria_ram:gmr|ram_leitura_2:ram_leitura_2_inst|altsyncram:altsyncram_component|altsyncram_f3n2:auto_generated|mux_7hb:mux4             ; mux_7hb                 ; work         ;
;                |mux_7hb:mux5|                    ; 26 (26)             ; 0 (0)                     ; 0                 ; 0          ; 0    ; 0            ; |unidade_de_controle|gerenciar_memoria_ram:gmr|ram_leitura_2:ram_leitura_2_inst|altsyncram:altsyncram_component|altsyncram_f3n2:auto_generated|mux_7hb:mux5             ; mux_7hb                 ; work         ;
;    |lpm_divide:Div0|                             ; 196 (0)             ; 0 (0)                     ; 0                 ; 0          ; 0    ; 0            ; |unidade_de_controle|lpm_divide:Div0                                                                                                                                    ; lpm_divide              ; work         ;
;       |lpm_divide_qbm:auto_generated|            ; 196 (0)             ; 0 (0)                     ; 0                 ; 0          ; 0    ; 0            ; |unidade_de_controle|lpm_divide:Div0|lpm_divide_qbm:auto_generated                                                                                                      ; lpm_divide_qbm          ; work         ;
;          |sign_div_unsign_0mh:divider|           ; 196 (0)             ; 0 (0)                     ; 0                 ; 0          ; 0    ; 0            ; |unidade_de_controle|lpm_divide:Div0|lpm_divide_qbm:auto_generated|sign_div_unsign_0mh:divider                                                                          ; sign_div_unsign_0mh     ; work         ;
;             |alt_u_div_60f:divider|              ; 196 (196)           ; 0 (0)                     ; 0                 ; 0          ; 0    ; 0            ; |unidade_de_controle|lpm_divide:Div0|lpm_divide_qbm:auto_generated|sign_div_unsign_0mh:divider|alt_u_div_60f:divider                                                    ; alt_u_div_60f           ; work         ;
;    |lpm_divide:Mod0|                             ; 211 (0)             ; 0 (0)                     ; 0                 ; 0          ; 0    ; 0            ; |unidade_de_controle|lpm_divide:Mod0                                                                                                                                    ; lpm_divide              ; work         ;
;       |lpm_divide_t3m:auto_generated|            ; 211 (0)             ; 0 (0)                     ; 0                 ; 0          ; 0    ; 0            ; |unidade_de_controle|lpm_divide:Mod0|lpm_divide_t3m:auto_generated                                                                                                      ; lpm_divide_t3m          ; work         ;
;          |sign_div_unsign_0mh:divider|           ; 211 (0)             ; 0 (0)                     ; 0                 ; 0          ; 0    ; 0            ; |unidade_de_controle|lpm_divide:Mod0|lpm_divide_t3m:auto_generated|sign_div_unsign_0mh:divider                                                                          ; sign_div_unsign_0mh     ; work         ;
;             |alt_u_div_60f:divider|              ; 211 (211)           ; 0 (0)                     ; 0                 ; 0          ; 0    ; 0            ; |unidade_de_controle|lpm_divide:Mod0|lpm_divide_t3m:auto_generated|sign_div_unsign_0mh:divider|alt_u_div_60f:divider                                                    ; alt_u_div_60f           ; work         ;
+--------------------------------------------------+---------------------+---------------------------+-------------------+------------+------+--------------+-------------------------------------------------------------------------------------------------------------------------------------------------------------------------+-------------------------+--------------+
Note: For table entries with two numbers listed, the numbers in parentheses indicate the number of resources of the given type used by the specific entity alone. The numbers listed outside of parentheses indicate the total resources of the given type used by the specific entity and all of its sub-entities in the hierarchy.


+----------------------------------------------------------------------------------------------------------------------------------------------------------------------------------------------------------------------------------------------------------------------------------+
; Analysis & Synthesis RAM Summary                                                                                                                                                                                                                                                 ;
+---------------------------------------------------------------------------------------------------------------------------------------------------------+------------+------------------+--------------+--------------+--------------+--------------+--------+-------------------+
; Name                                                                                                                                                    ; Type       ; Mode             ; Port A Depth ; Port A Width ; Port B Depth ; Port B Width ; Size   ; MIF               ;
+---------------------------------------------------------------------------------------------------------------------------------------------------------+------------+------------------+--------------+--------------+--------------+--------------+--------+-------------------+
; controle_vga:controle_saida|fifo_a:fifo_inst|scfifo:scfifo_component|scfifo_7nd1:auto_generated|a_dpfifo_90c1:dpfifo|altsyncram_kep1:FIFOram|ALTSYNCRAM ; M10K block ; Simple Dual Port ; 512          ; 8            ; 512          ; 8            ; 4096   ; None              ;
; controle_vga:controle_saida|ram_secundaria:ram_inst|altsyncram:altsyncram_component|altsyncram_f3n2:auto_generated|ALTSYNCRAM                           ; M10K block ; True Dual Port   ; 76800        ; 8            ; 76800        ; 8            ; 614400 ; memoria_bahia.mif ;
; gerenciar_memoria_ram:gmr|ram_leitura_2:ram_leitura_2_inst|altsyncram:altsyncram_component|altsyncram_f3n2:auto_generated|ALTSYNCRAM                    ; M10K block ; True Dual Port   ; 76800        ; 8            ; 76800        ; 8            ; 614400 ; memoria_bahia.mif ;
+---------------------------------------------------------------------------------------------------------------------------------------------------------+------------+------------------+--------------+--------------+--------------+--------------+--------+-------------------+


+--------------------------------------------------------------------------------------------------------------------------------------------------------------------+
; Analysis & Synthesis IP Cores Summary                                                                                                                              ;
+--------+--------------+---------+--------------+--------------+---------------------------------------------------------------------------------+------------------+
; Vendor ; IP Core Name ; Version ; Release Date ; License Type ; Entity Instance                                                                 ; IP Include File  ;
+--------+--------------+---------+--------------+--------------+---------------------------------------------------------------------------------+------------------+
; Altera ; altera_pll   ; 23.1    ; N/A          ; N/A          ; |unidade_de_controle|clock_75mhz:clock_75                                       ; clock_75mhz.v    ;
; Altera ; FIFO         ; 23.1    ; N/A          ; N/A          ; |unidade_de_controle|controle_vga:controle_saida|fifo_a:fifo_inst               ; fifo_a.v         ;
; Altera ; RAM: 2-PORT  ; 23.1    ; N/A          ; N/A          ; |unidade_de_controle|controle_vga:controle_saida|ram_secundaria:ram_inst        ; ram_secundaria.v ;
; Altera ; RAM: 2-PORT  ; 23.1    ; N/A          ; N/A          ; |unidade_de_controle|gerenciar_memoria_ram:gmr|ram_leitura_2:ram_leitura_2_inst ; ram_leitura_2.v  ;
+--------+--------------+---------+--------------+--------------+---------------------------------------------------------------------------------+------------------+


Encoding Type:  One-Hot
+-----------------------------------------------------------------------------------------------------------------------------------------------------------------+
; State Machine - |unidade_de_controle|salvar_pixels                                                                                                              ;
+--------------------------+--------------------------+--------------------------+--------------------------+--------------------------+--------------------------+
; Name                     ; salvar_pixels.ENDERECO_4 ; salvar_pixels.ENDERECO_3 ; salvar_pixels.ENDERECO_2 ; salvar_pixels.ENDERECO_1 ; salvar_pixels.ENDERECO_5 ;
+--------------------------+--------------------------+--------------------------+--------------------------+--------------------------+--------------------------+
; salvar_pixels.ENDERECO_1 ; 0                        ; 0                        ; 0                        ; 0                        ; 0                        ;
; salvar_pixels.ENDERECO_2 ; 0                        ; 0                        ; 1                        ; 1                        ; 0                        ;
; salvar_pixels.ENDERECO_3 ; 0                        ; 1                        ; 0                        ; 1                        ; 0                        ;
; salvar_pixels.ENDERECO_4 ; 1                        ; 0                        ; 0                        ; 1                        ; 0                        ;
; salvar_pixels.ENDERECO_5 ; 0                        ; 0                        ; 0                        ; 1                        ; 1                        ;
+--------------------------+--------------------------+--------------------------+--------------------------+--------------------------+--------------------------+


Encoding Type:  One-Hot
+---------------------------------------------------------------------------------------------------------------------------------------------------------------------------------------------------------------------------------+
; State Machine - |unidade_de_controle|estado_atual                                                                                                                                                                               ;
+------------------------------+------------------------+------------------------------+-------------------------+--------------------+----------------------+-------------------------+----------------------+-------------------+
; Name                         ; estado_atual.WAIT_READ ; estado_atual.END_INSTRUCTION ; estado_atual.NEXT_PIXEL ; estado_atual.WRITE ; estado_atual.EXECUTE ; estado_atual.READ_PIXEL ; estado_atual.LOAD_OP ; estado_atual.IDLE ;
+------------------------------+------------------------+------------------------------+-------------------------+--------------------+----------------------+-------------------------+----------------------+-------------------+
; estado_atual.IDLE            ; 0                      ; 0                            ; 0                       ; 0                  ; 0                    ; 0                       ; 0                    ; 0                 ;
; estado_atual.LOAD_OP         ; 0                      ; 0                            ; 0                       ; 0                  ; 0                    ; 0                       ; 1                    ; 1                 ;
; estado_atual.READ_PIXEL      ; 0                      ; 0                            ; 0                       ; 0                  ; 0                    ; 1                       ; 0                    ; 1                 ;
; estado_atual.EXECUTE         ; 0                      ; 0                            ; 0                       ; 0                  ; 1                    ; 0                       ; 0                    ; 1                 ;
; estado_atual.WRITE           ; 0                      ; 0                            ; 0                       ; 1                  ; 0                    ; 0                       ; 0                    ; 1                 ;
; estado_atual.NEXT_PIXEL      ; 0                      ; 0                            ; 1                       ; 0                  ; 0                    ; 0                       ; 0                    ; 1                 ;
; estado_atual.END_INSTRUCTION ; 0                      ; 1                            ; 0                       ; 0                  ; 0                    ; 0                       ; 0                    ; 1                 ;
; estado_atual.WAIT_READ       ; 1                      ; 0                            ; 0                       ; 0                  ; 0                    ; 0                       ; 0                    ; 1                 ;
+------------------------------+------------------------+------------------------------+-------------------------+--------------------+----------------------+-------------------------+----------------------+-------------------+


Encoding Type:  One-Hot
+------------------------------------------------------------------------------------------------------------------------+
; State Machine - |unidade_de_controle|controle_vga:controle_saida|vga_module:vga|v_state                                ;
+------------------------+----------------------+-----------------------+-----------------------+------------------------+
; Name                   ; v_state.V_BACK_STATE ; v_state.V_PULSE_STATE ; v_state.V_FRONT_STATE ; v_state.V_ACTIVE_STATE ;
+------------------------+----------------------+-----------------------+-----------------------+------------------------+
; v_state.V_ACTIVE_STATE ; 0                    ; 0                     ; 0                     ; 0                      ;
; v_state.V_FRONT_STATE  ; 0                    ; 0                     ; 1                     ; 1                      ;
; v_state.V_PULSE_STATE  ; 0                    ; 1                     ; 0                     ; 1                      ;
; v_state.V_BACK_STATE   ; 1                    ; 0                     ; 0                     ; 1                      ;
+------------------------+----------------------+-----------------------+-----------------------+------------------------+


Encoding Type:  One-Hot
+------------------------------------------------------------------------------------------------------------------------+
; State Machine - |unidade_de_controle|controle_vga:controle_saida|vga_module:vga|h_state                                ;
+------------------------+----------------------+-----------------------+-----------------------+------------------------+
; Name                   ; h_state.H_BACK_STATE ; h_state.H_PULSE_STATE ; h_state.H_FRONT_STATE ; h_state.H_ACTIVE_STATE ;
+------------------------+----------------------+-----------------------+-----------------------+------------------------+
; h_state.H_ACTIVE_STATE ; 0                    ; 0                     ; 0                     ; 0                      ;
; h_state.H_FRONT_STATE  ; 0                    ; 0                     ; 1                     ; 1                      ;
; h_state.H_PULSE_STATE  ; 0                    ; 1                     ; 0                     ; 1                      ;
; h_state.H_BACK_STATE   ; 1                    ; 0                     ; 0                     ; 1                      ;
+------------------------+----------------------+-----------------------+-----------------------+------------------------+


+----------------------------------------------------------------------------------------------------------+
; User-Specified and Inferred Latches                                                                      ;
+-----------------------------------------------------------+---------------------+------------------------+
; Latch Name                                                ; Latch Enable Signal ; Free of Timing Hazards ;
+-----------------------------------------------------------+---------------------+------------------------+
; decodificador:decoder_instrucao|pixel[0]                  ; Equal16             ; yes                    ;
; decodificador:decoder_instrucao|pixel[1]                  ; Equal16             ; yes                    ;
; decodificador:decoder_instrucao|pixel[2]                  ; Equal16             ; yes                    ;
; decodificador:decoder_instrucao|pixel[3]                  ; Equal16             ; yes                    ;
; decodificador:decoder_instrucao|pixel[4]                  ; Equal16             ; yes                    ;
; decodificador:decoder_instrucao|pixel[5]                  ; Equal16             ; yes                    ;
; decodificador:decoder_instrucao|pixel[6]                  ; Equal16             ; yes                    ;
; decodificador:decoder_instrucao|pixel[7]                  ; Equal16             ; yes                    ;
; decodificador:decoder_instrucao|endereco_para_escrita[16] ; Equal16             ; yes                    ;
; decodificador:decoder_instrucao|endereco_para_escrita[15] ; Equal16             ; yes                    ;
; decodificador:decoder_instrucao|endereco_para_escrita[13] ; Equal16             ; yes                    ;
; decodificador:decoder_instrucao|endereco_para_escrita[14] ; Equal16             ; yes                    ;
; decodificador:decoder_instrucao|endereco_para_escrita[0]  ; Equal16             ; yes                    ;
; decodificador:decoder_instrucao|endereco_para_escrita[1]  ; Equal16             ; yes                    ;
; decodificador:decoder_instrucao|endereco_para_escrita[2]  ; Equal16             ; yes                    ;
; decodificador:decoder_instrucao|endereco_para_escrita[3]  ; Equal16             ; yes                    ;
; decodificador:decoder_instrucao|endereco_para_escrita[4]  ; Equal16             ; yes                    ;
; decodificador:decoder_instrucao|endereco_para_escrita[5]  ; Equal16             ; yes                    ;
; decodificador:decoder_instrucao|endereco_para_escrita[6]  ; Equal16             ; yes                    ;
; decodificador:decoder_instrucao|endereco_para_escrita[7]  ; Equal16             ; yes                    ;
; decodificador:decoder_instrucao|endereco_para_escrita[8]  ; Equal16             ; yes                    ;
; decodificador:decoder_instrucao|endereco_para_escrita[9]  ; Equal16             ; yes                    ;
; decodificador:decoder_instrucao|endereco_para_escrita[10] ; Equal16             ; yes                    ;
; decodificador:decoder_instrucao|endereco_para_escrita[11] ; Equal16             ; yes                    ;
; decodificador:decoder_instrucao|endereco_para_escrita[12] ; Equal16             ; yes                    ;
; linha[0]                                                  ; linha[0]            ; yes                    ;
; coluna[0]                                                 ; linha[0]            ; yes                    ;
; Number of user-specified and inferred latches = 27        ;                     ;                        ;
+-----------------------------------------------------------+---------------------+------------------------+
Note: All latches listed above may not be present at the end of synthesis due to various synthesis optimizations.


+----------------------------------------------------------------------------+
; Registers Removed During Synthesis                                         ;
+-------------------------------------------------------+--------------------+
; Register name                                         ; Reason for Removal ;
+-------------------------------------------------------+--------------------+
; salvar_pixels~2                                       ; Lost fanout        ;
; salvar_pixels~3                                       ; Lost fanout        ;
; estado_atual~2                                        ; Lost fanout        ;
; estado_atual~3                                        ; Lost fanout        ;
; estado_atual~4                                        ; Lost fanout        ;
; controle_vga:controle_saida|vga_module:vga|v_state~5  ; Lost fanout        ;
; controle_vga:controle_saida|vga_module:vga|v_state~6  ; Lost fanout        ;
; controle_vga:controle_saida|vga_module:vga|v_state~7  ; Lost fanout        ;
; controle_vga:controle_saida|vga_module:vga|v_state~8  ; Lost fanout        ;
; controle_vga:controle_saida|vga_module:vga|v_state~9  ; Lost fanout        ;
; controle_vga:controle_saida|vga_module:vga|v_state~10 ; Lost fanout        ;
; controle_vga:controle_saida|vga_module:vga|v_state~11 ; Lost fanout        ;
; controle_vga:controle_saida|vga_module:vga|v_state~12 ; Lost fanout        ;
; controle_vga:controle_saida|vga_module:vga|h_state~5  ; Lost fanout        ;
; controle_vga:controle_saida|vga_module:vga|h_state~6  ; Lost fanout        ;
; controle_vga:controle_saida|vga_module:vga|h_state~7  ; Lost fanout        ;
; controle_vga:controle_saida|vga_module:vga|h_state~8  ; Lost fanout        ;
; controle_vga:controle_saida|vga_module:vga|h_state~9  ; Lost fanout        ;
; controle_vga:controle_saida|vga_module:vga|h_state~10 ; Lost fanout        ;
; controle_vga:controle_saida|vga_module:vga|h_state~11 ; Lost fanout        ;
; controle_vga:controle_saida|vga_module:vga|h_state~12 ; Lost fanout        ;
; Total Number of Removed Registers = 21                ;                    ;
+-------------------------------------------------------+--------------------+


+------------------------------------------------------+
; General Register Statistics                          ;
+----------------------------------------------+-------+
; Statistic                                    ; Value ;
+----------------------------------------------+-------+
; Total registers                              ; 360   ;
; Number of registers using Synchronous Clear  ; 72    ;
; Number of registers using Synchronous Load   ; 25    ;
; Number of registers using Asynchronous Clear ; 0     ;
; Number of registers using Asynchronous Load  ; 0     ;
; Number of registers using Clock Enable       ; 145   ;
; Number of registers using Preset             ; 0     ;
+----------------------------------------------+-------+


+------------------------------------------------------------------------------------------------------------------------------------------------------------------------------------------------------------------------------------------------------------------------------------------------+
; Multiplexer Restructuring Statistics (Restructuring Performed)                                                                                                                                                                                                                                 ;
+--------------------+-----------+---------------+----------------------+------------------------+------------+----------------------------------------------------------------------------------------------------------------------------------------------------------------------------------+
; Multiplexer Inputs ; Bus Width ; Baseline Area ; Area if Restructured ; Saving if Restructured ; Registered ; Example Multiplexer Output                                                                                                                                                       ;
+--------------------+-----------+---------------+----------------------+------------------------+------------+----------------------------------------------------------------------------------------------------------------------------------------------------------------------------------+
; 3:1                ; 17 bits   ; 34 LEs        ; 0 LEs                ; 34 LEs                 ; Yes        ; |unidade_de_controle|controle_vga:controle_saida|contador_escrita[11]                                                                                                            ;
; 4:1                ; 4 bits    ; 8 LEs         ; 4 LEs                ; 4 LEs                  ; Yes        ; |unidade_de_controle|linha_aux[5]                                                                                                                                                ;
; 4:1                ; 5 bits    ; 10 LEs        ; 5 LEs                ; 5 LEs                  ; Yes        ; |unidade_de_controle|linha_aux[6]                                                                                                                                                ;
; 4:1                ; 2 bits    ; 4 LEs         ; 4 LEs                ; 0 LEs                  ; Yes        ; |unidade_de_controle|coluna_aux[6]                                                                                                                                               ;
; 4:1                ; 7 bits    ; 14 LEs        ; 14 LEs               ; 0 LEs                  ; Yes        ; |unidade_de_controle|coluna_aux[3]                                                                                                                                               ;
; 9:1                ; 10 bits   ; 60 LEs        ; 0 LEs                ; 60 LEs                 ; Yes        ; |unidade_de_controle|controle_vga:controle_saida|vga_module:vga|v_counter[9]                                                                                                     ;
; 9:1                ; 10 bits   ; 60 LEs        ; 0 LEs                ; 60 LEs                 ; Yes        ; |unidade_de_controle|controle_vga:controle_saida|vga_module:vga|h_counter[6]                                                                                                     ;
; 14:1               ; 7 bits    ; 63 LEs        ; 42 LEs               ; 21 LEs                 ; Yes        ; |unidade_de_controle|endereco_memoria[16]                                                                                                                                        ;
; 15:1               ; 6 bits    ; 60 LEs        ; 30 LEs               ; 30 LEs                 ; Yes        ; |unidade_de_controle|endereco_memoria[0]                                                                                                                                         ;
; 16:1               ; 4 bits    ; 40 LEs        ; 24 LEs               ; 16 LEs                 ; Yes        ; |unidade_de_controle|endereco_memoria[6]                                                                                                                                         ;
; 1:1                ; 2 bits    ; 0 LEs         ; 0 LEs                ; 0 LEs                  ; No         ; |unidade_de_controle|Mux51                                                                                                                                                       ;
; 3:1                ; 8 bits    ; 16 LEs        ; 16 LEs               ; 0 LEs                  ; No         ; |unidade_de_controle|controle_vga:controle_saida|vga_module:vga|red_reg                                                                                                          ;
; 4:1                ; 7 bits    ; 14 LEs        ; 7 LEs                ; 7 LEs                  ; No         ; |unidade_de_controle|Selector62                                                                                                                                                  ;
; 5:1                ; 7 bits    ; 21 LEs        ; 14 LEs               ; 7 LEs                  ; No         ; |unidade_de_controle|Selector74                                                                                                                                                  ;
; 9:1                ; 8 bits    ; 48 LEs        ; 48 LEs               ; 0 LEs                  ; No         ; |unidade_de_controle|controle_vga:controle_saida|ram_secundaria:ram_inst|altsyncram:altsyncram_component|altsyncram_f3n2:auto_generated|mux_7hb:mux5|l4_w7_n0_mux_dataout        ;
; 9:1                ; 8 bits    ; 48 LEs        ; 48 LEs               ; 0 LEs                  ; No         ; |unidade_de_controle|gerenciar_memoria_ram:gmr|ram_leitura_2:ram_leitura_2_inst|altsyncram:altsyncram_component|altsyncram_f3n2:auto_generated|mux_7hb:mux5|l4_w7_n0_mux_dataout ;
; 9:1                ; 8 bits    ; 48 LEs        ; 48 LEs               ; 0 LEs                  ; No         ; |unidade_de_controle|gerenciar_memoria_ram:gmr|ram_leitura_2:ram_leitura_2_inst|altsyncram:altsyncram_component|altsyncram_f3n2:auto_generated|mux_7hb:mux4|l4_w5_n0_mux_dataout ;
; 9:1                ; 8 bits    ; 48 LEs        ; 48 LEs               ; 0 LEs                  ; No         ; |unidade_de_controle|controle_vga:controle_saida|ram_secundaria:ram_inst|altsyncram:altsyncram_component|altsyncram_f3n2:auto_generated|mux_7hb:mux4|l4_w0_n0_mux_dataout        ;
; 11:1               ; 8 bits    ; 56 LEs        ; 16 LEs               ; 40 LEs                 ; No         ; |unidade_de_controle|endereco_escrita_next[15]                                                                                                                                   ;
; 8:1                ; 5 bits    ; 25 LEs        ; 10 LEs               ; 15 LEs                 ; No         ; |unidade_de_controle|endereco_escrita_next[1]                                                                                                                                    ;
; 7:1                ; 8 bits    ; 32 LEs        ; 24 LEs               ; 8 LEs                  ; No         ; |unidade_de_controle|pixel_para_salvar_next[7]                                                                                                                                   ;
; 13:1               ; 3 bits    ; 24 LEs        ; 9 LEs                ; 15 LEs                 ; No         ; |unidade_de_controle|Selector124                                                                                                                                                 ;
; 11:1               ; 3 bits    ; 21 LEs        ; 9 LEs                ; 12 LEs                 ; No         ; |unidade_de_controle|endereco_escrita_next[8]                                                                                                                                    ;
+--------------------+-----------+---------------+----------------------+------------------------+------------+----------------------------------------------------------------------------------------------------------------------------------------------------------------------------------+


+--------------------------------------------------------------------------------------------------------------------------------------------------+
; Source assignments for gerenciar_memoria_ram:gmr|ram_leitura_2:ram_leitura_2_inst|altsyncram:altsyncram_component|altsyncram_f3n2:auto_generated ;
+---------------------------------+--------------------+------+------------------------------------------------------------------------------------+
; Assignment                      ; Value              ; From ; To                                                                                 ;
+---------------------------------+--------------------+------+------------------------------------------------------------------------------------+
; OPTIMIZE_POWER_DURING_SYNTHESIS ; NORMAL_COMPILATION ; -    ; -                                                                                  ;
+---------------------------------+--------------------+------+------------------------------------------------------------------------------------+


+-------------------------------------------------------------------------------------------------------------------------------------------+
; Source assignments for controle_vga:controle_saida|ram_secundaria:ram_inst|altsyncram:altsyncram_component|altsyncram_f3n2:auto_generated ;
+---------------------------------+--------------------+------+-----------------------------------------------------------------------------+
; Assignment                      ; Value              ; From ; To                                                                          ;
+---------------------------------+--------------------+------+-----------------------------------------------------------------------------+
; OPTIMIZE_POWER_DURING_SYNTHESIS ; NORMAL_COMPILATION ; -    ; -                                                                           ;
+---------------------------------+--------------------+------+-----------------------------------------------------------------------------+


+---------------------------------------------------------------------------------------------------------------------------------------------------------------------+
; Source assignments for controle_vga:controle_saida|fifo_a:fifo_inst|scfifo:scfifo_component|scfifo_7nd1:auto_generated|a_dpfifo_90c1:dpfifo|altsyncram_kep1:FIFOram ;
+---------------------------------+--------------------+------+-------------------------------------------------------------------------------------------------------+
; Assignment                      ; Value              ; From ; To                                                                                                    ;
+---------------------------------+--------------------+------+-------------------------------------------------------------------------------------------------------+
; OPTIMIZE_POWER_DURING_SYNTHESIS ; NORMAL_COMPILATION ; -    ; -                                                                                                     ;
+---------------------------------+--------------------+------+-------------------------------------------------------------------------------------------------------+


+-------------------------------------------------------------------------------------+
; Parameter Settings for User Entity Instance: Top-level Entity: |unidade_de_controle ;
+-----------------+-------------------+-----------------------------------------------+
; Parameter Name  ; Value             ; Type                                          ;
+-----------------+-------------------+-----------------------------------------------+
; ENDERECO_BASE   ; 01001011010100000 ; Unsigned Binary                               ;
; IDLE            ; 0                 ; Signed Integer                                ;
; LOAD_OP         ; 1                 ; Signed Integer                                ;
; READ_PIXEL      ; 2                 ; Signed Integer                                ;
; EXECUTE         ; 3                 ; Signed Integer                                ;
; WRITE           ; 4                 ; Signed Integer                                ;
; NEXT_PIXEL      ; 5                 ; Signed Integer                                ;
; END_INSTRUCTION ; 6                 ; Signed Integer                                ;
; WAIT_READ       ; 7                 ; Signed Integer                                ;
; ENDERECO_1      ; 0                 ; Signed Integer                                ;
; ENDERECO_2      ; 1                 ; Signed Integer                                ;
; ENDERECO_3      ; 2                 ; Signed Integer                                ;
; ENDERECO_4      ; 3                 ; Signed Integer                                ;
; ENDERECO_5      ; 4                 ; Signed Integer                                ;
+-----------------+-------------------+-----------------------------------------------+
Note: In order to hide this table in the UI and the text report file, please set the "Show Parameter Settings in Synthesis Report" option in "Analysis and Synthesis Settings -> More Settings" to "Off".


+-----------------------------------------------------------------------------------------------------------------------------------------+
; Parameter Settings for User Entity Instance: gerenciar_memoria_ram:gmr|ram_leitura_2:ram_leitura_2_inst|altsyncram:altsyncram_component ;
+------------------------------------+----------------------+-----------------------------------------------------------------------------+
; Parameter Name                     ; Value                ; Type                                                                        ;
+------------------------------------+----------------------+-----------------------------------------------------------------------------+
; BYTE_SIZE_BLOCK                    ; 8                    ; Untyped                                                                     ;
; AUTO_CARRY_CHAINS                  ; ON                   ; AUTO_CARRY                                                                  ;
; IGNORE_CARRY_BUFFERS               ; OFF                  ; IGNORE_CARRY                                                                ;
; AUTO_CASCADE_CHAINS                ; ON                   ; AUTO_CASCADE                                                                ;
; IGNORE_CASCADE_BUFFERS             ; OFF                  ; IGNORE_CASCADE                                                              ;
; WIDTH_BYTEENA                      ; 1                    ; Untyped                                                                     ;
; OPERATION_MODE                     ; BIDIR_DUAL_PORT      ; Untyped                                                                     ;
; WIDTH_A                            ; 8                    ; Signed Integer                                                              ;
; WIDTHAD_A                          ; 17                   ; Signed Integer                                                              ;
; NUMWORDS_A                         ; 76800                ; Signed Integer                                                              ;
; OUTDATA_REG_A                      ; CLOCK0               ; Untyped                                                                     ;
; ADDRESS_ACLR_A                     ; NONE                 ; Untyped                                                                     ;
; OUTDATA_ACLR_A                     ; NONE                 ; Untyped                                                                     ;
; WRCONTROL_ACLR_A                   ; NONE                 ; Untyped                                                                     ;
; INDATA_ACLR_A                      ; NONE                 ; Untyped                                                                     ;
; BYTEENA_ACLR_A                     ; NONE                 ; Untyped                                                                     ;
; WIDTH_B                            ; 8                    ; Signed Integer                                                              ;
; WIDTHAD_B                          ; 17                   ; Signed Integer                                                              ;
; NUMWORDS_B                         ; 76800                ; Signed Integer                                                              ;
; INDATA_REG_B                       ; CLOCK1               ; Untyped                                                                     ;
; WRCONTROL_WRADDRESS_REG_B          ; CLOCK1               ; Untyped                                                                     ;
; RDCONTROL_REG_B                    ; CLOCK1               ; Untyped                                                                     ;
; ADDRESS_REG_B                      ; CLOCK1               ; Untyped                                                                     ;
; OUTDATA_REG_B                      ; CLOCK1               ; Untyped                                                                     ;
; BYTEENA_REG_B                      ; CLOCK1               ; Untyped                                                                     ;
; INDATA_ACLR_B                      ; NONE                 ; Untyped                                                                     ;
; WRCONTROL_ACLR_B                   ; NONE                 ; Untyped                                                                     ;
; ADDRESS_ACLR_B                     ; NONE                 ; Untyped                                                                     ;
; OUTDATA_ACLR_B                     ; NONE                 ; Untyped                                                                     ;
; RDCONTROL_ACLR_B                   ; NONE                 ; Untyped                                                                     ;
; BYTEENA_ACLR_B                     ; NONE                 ; Untyped                                                                     ;
; WIDTH_BYTEENA_A                    ; 1                    ; Signed Integer                                                              ;
; WIDTH_BYTEENA_B                    ; 1                    ; Signed Integer                                                              ;
; RAM_BLOCK_TYPE                     ; M10K                 ; Untyped                                                                     ;
; BYTE_SIZE                          ; 8                    ; Untyped                                                                     ;
; READ_DURING_WRITE_MODE_MIXED_PORTS ; DONT_CARE            ; Untyped                                                                     ;
; READ_DURING_WRITE_MODE_PORT_A      ; NEW_DATA_NO_NBE_READ ; Untyped                                                                     ;
; READ_DURING_WRITE_MODE_PORT_B      ; NEW_DATA_NO_NBE_READ ; Untyped                                                                     ;
; INIT_FILE                          ; memoria_bahia.mif    ; Untyped                                                                     ;
; INIT_FILE_LAYOUT                   ; PORT_A               ; Untyped                                                                     ;
; MAXIMUM_DEPTH                      ; 0                    ; Untyped                                                                     ;
; CLOCK_ENABLE_INPUT_A               ; BYPASS               ; Untyped                                                                     ;
; CLOCK_ENABLE_INPUT_B               ; BYPASS               ; Untyped                                                                     ;
; CLOCK_ENABLE_OUTPUT_A              ; BYPASS               ; Untyped                                                                     ;
; CLOCK_ENABLE_OUTPUT_B              ; BYPASS               ; Untyped                                                                     ;
; CLOCK_ENABLE_CORE_A                ; USE_INPUT_CLKEN      ; Untyped                                                                     ;
; CLOCK_ENABLE_CORE_B                ; USE_INPUT_CLKEN      ; Untyped                                                                     ;
; ENABLE_ECC                         ; FALSE                ; Untyped                                                                     ;
; ECC_PIPELINE_STAGE_ENABLED         ; FALSE                ; Untyped                                                                     ;
; WIDTH_ECCSTATUS                    ; 3                    ; Untyped                                                                     ;
; DEVICE_FAMILY                      ; Cyclone V            ; Untyped                                                                     ;
; CBXI_PARAMETER                     ; altsyncram_f3n2      ; Untyped                                                                     ;
+------------------------------------+----------------------+-----------------------------------------------------------------------------+
Note: In order to hide this table in the UI and the text report file, please set the "Show Parameter Settings in Synthesis Report" option in "Analysis and Synthesis Settings -> More Settings" to "Off".


+-----------------------------------------------------------------------------------------------------------------------------+
; Parameter Settings for User Entity Instance: clock_75mhz:clock_75|clock_75mhz_0002:clock_75mhz_inst|altera_pll:altera_pll_i ;
+--------------------------------------+------------------------+-------------------------------------------------------------+
; Parameter Name                       ; Value                  ; Type                                                        ;
+--------------------------------------+------------------------+-------------------------------------------------------------+
; reference_clock_frequency            ; 50.0 MHz               ; String                                                      ;
; fractional_vco_multiplier            ; false                  ; String                                                      ;
; pll_type                             ; General                ; String                                                      ;
; pll_subtype                          ; General                ; String                                                      ;
; number_of_clocks                     ; 1                      ; Signed Integer                                              ;
; operation_mode                       ; direct                 ; String                                                      ;
; deserialization_factor               ; 4                      ; Signed Integer                                              ;
; data_rate                            ; 0                      ; Signed Integer                                              ;
; sim_additional_refclk_cycles_to_lock ; 0                      ; Signed Integer                                              ;
; output_clock_frequency0              ; 75.000000 MHz          ; String                                                      ;
; phase_shift0                         ; 0 ps                   ; String                                                      ;
; duty_cycle0                          ; 50                     ; Signed Integer                                              ;
; output_clock_frequency1              ; 0 MHz                  ; String                                                      ;
; phase_shift1                         ; 0 ps                   ; String                                                      ;
; duty_cycle1                          ; 50                     ; Signed Integer                                              ;
; output_clock_frequency2              ; 0 MHz                  ; String                                                      ;
; phase_shift2                         ; 0 ps                   ; String                                                      ;
; duty_cycle2                          ; 50                     ; Signed Integer                                              ;
; output_clock_frequency3              ; 0 MHz                  ; String                                                      ;
; phase_shift3                         ; 0 ps                   ; String                                                      ;
; duty_cycle3                          ; 50                     ; Signed Integer                                              ;
; output_clock_frequency4              ; 0 MHz                  ; String                                                      ;
; phase_shift4                         ; 0 ps                   ; String                                                      ;
; duty_cycle4                          ; 50                     ; Signed Integer                                              ;
; output_clock_frequency5              ; 0 MHz                  ; String                                                      ;
; phase_shift5                         ; 0 ps                   ; String                                                      ;
; duty_cycle5                          ; 50                     ; Signed Integer                                              ;
; output_clock_frequency6              ; 0 MHz                  ; String                                                      ;
; phase_shift6                         ; 0 ps                   ; String                                                      ;
; duty_cycle6                          ; 50                     ; Signed Integer                                              ;
; output_clock_frequency7              ; 0 MHz                  ; String                                                      ;
; phase_shift7                         ; 0 ps                   ; String                                                      ;
; duty_cycle7                          ; 50                     ; Signed Integer                                              ;
; output_clock_frequency8              ; 0 MHz                  ; String                                                      ;
; phase_shift8                         ; 0 ps                   ; String                                                      ;
; duty_cycle8                          ; 50                     ; Signed Integer                                              ;
; output_clock_frequency9              ; 0 MHz                  ; String                                                      ;
; phase_shift9                         ; 0 ps                   ; String                                                      ;
; duty_cycle9                          ; 50                     ; Signed Integer                                              ;
; output_clock_frequency10             ; 0 MHz                  ; String                                                      ;
; phase_shift10                        ; 0 ps                   ; String                                                      ;
; duty_cycle10                         ; 50                     ; Signed Integer                                              ;
; output_clock_frequency11             ; 0 MHz                  ; String                                                      ;
; phase_shift11                        ; 0 ps                   ; String                                                      ;
; duty_cycle11                         ; 50                     ; Signed Integer                                              ;
; output_clock_frequency12             ; 0 MHz                  ; String                                                      ;
; phase_shift12                        ; 0 ps                   ; String                                                      ;
; duty_cycle12                         ; 50                     ; Signed Integer                                              ;
; output_clock_frequency13             ; 0 MHz                  ; String                                                      ;
; phase_shift13                        ; 0 ps                   ; String                                                      ;
; duty_cycle13                         ; 50                     ; Signed Integer                                              ;
; output_clock_frequency14             ; 0 MHz                  ; String                                                      ;
; phase_shift14                        ; 0 ps                   ; String                                                      ;
; duty_cycle14                         ; 50                     ; Signed Integer                                              ;
; output_clock_frequency15             ; 0 MHz                  ; String                                                      ;
; phase_shift15                        ; 0 ps                   ; String                                                      ;
; duty_cycle15                         ; 50                     ; Signed Integer                                              ;
; output_clock_frequency16             ; 0 MHz                  ; String                                                      ;
; phase_shift16                        ; 0 ps                   ; String                                                      ;
; duty_cycle16                         ; 50                     ; Signed Integer                                              ;
; output_clock_frequency17             ; 0 MHz                  ; String                                                      ;
; phase_shift17                        ; 0 ps                   ; String                                                      ;
; duty_cycle17                         ; 50                     ; Signed Integer                                              ;
; clock_name_0                         ;                        ; String                                                      ;
; clock_name_1                         ;                        ; String                                                      ;
; clock_name_2                         ;                        ; String                                                      ;
; clock_name_3                         ;                        ; String                                                      ;
; clock_name_4                         ;                        ; String                                                      ;
; clock_name_5                         ;                        ; String                                                      ;
; clock_name_6                         ;                        ; String                                                      ;
; clock_name_7                         ;                        ; String                                                      ;
; clock_name_8                         ;                        ; String                                                      ;
; clock_name_global_0                  ; false                  ; String                                                      ;
; clock_name_global_1                  ; false                  ; String                                                      ;
; clock_name_global_2                  ; false                  ; String                                                      ;
; clock_name_global_3                  ; false                  ; String                                                      ;
; clock_name_global_4                  ; false                  ; String                                                      ;
; clock_name_global_5                  ; false                  ; String                                                      ;
; clock_name_global_6                  ; false                  ; String                                                      ;
; clock_name_global_7                  ; false                  ; String                                                      ;
; clock_name_global_8                  ; false                  ; String                                                      ;
; m_cnt_hi_div                         ; 1                      ; Signed Integer                                              ;
; m_cnt_lo_div                         ; 1                      ; Signed Integer                                              ;
; m_cnt_bypass_en                      ; false                  ; String                                                      ;
; m_cnt_odd_div_duty_en                ; false                  ; String                                                      ;
; n_cnt_hi_div                         ; 1                      ; Signed Integer                                              ;
; n_cnt_lo_div                         ; 1                      ; Signed Integer                                              ;
; n_cnt_bypass_en                      ; false                  ; String                                                      ;
; n_cnt_odd_div_duty_en                ; false                  ; String                                                      ;
; c_cnt_hi_div0                        ; 1                      ; Signed Integer                                              ;
; c_cnt_lo_div0                        ; 1                      ; Signed Integer                                              ;
; c_cnt_bypass_en0                     ; false                  ; String                                                      ;
; c_cnt_in_src0                        ; ph_mux_clk             ; String                                                      ;
; c_cnt_odd_div_duty_en0               ; false                  ; String                                                      ;
; c_cnt_prst0                          ; 1                      ; Signed Integer                                              ;
; c_cnt_ph_mux_prst0                   ; 0                      ; Signed Integer                                              ;
; c_cnt_hi_div1                        ; 1                      ; Signed Integer                                              ;
; c_cnt_lo_div1                        ; 1                      ; Signed Integer                                              ;
; c_cnt_bypass_en1                     ; false                  ; String                                                      ;
; c_cnt_in_src1                        ; ph_mux_clk             ; String                                                      ;
; c_cnt_odd_div_duty_en1               ; false                  ; String                                                      ;
; c_cnt_prst1                          ; 1                      ; Signed Integer                                              ;
; c_cnt_ph_mux_prst1                   ; 0                      ; Signed Integer                                              ;
; c_cnt_hi_div2                        ; 1                      ; Signed Integer                                              ;
; c_cnt_lo_div2                        ; 1                      ; Signed Integer                                              ;
; c_cnt_bypass_en2                     ; false                  ; String                                                      ;
; c_cnt_in_src2                        ; ph_mux_clk             ; String                                                      ;
; c_cnt_odd_div_duty_en2               ; false                  ; String                                                      ;
; c_cnt_prst2                          ; 1                      ; Signed Integer                                              ;
; c_cnt_ph_mux_prst2                   ; 0                      ; Signed Integer                                              ;
; c_cnt_hi_div3                        ; 1                      ; Signed Integer                                              ;
; c_cnt_lo_div3                        ; 1                      ; Signed Integer                                              ;
; c_cnt_bypass_en3                     ; false                  ; String                                                      ;
; c_cnt_in_src3                        ; ph_mux_clk             ; String                                                      ;
; c_cnt_odd_div_duty_en3               ; false                  ; String                                                      ;
; c_cnt_prst3                          ; 1                      ; Signed Integer                                              ;
; c_cnt_ph_mux_prst3                   ; 0                      ; Signed Integer                                              ;
; c_cnt_hi_div4                        ; 1                      ; Signed Integer                                              ;
; c_cnt_lo_div4                        ; 1                      ; Signed Integer                                              ;
; c_cnt_bypass_en4                     ; false                  ; String                                                      ;
; c_cnt_in_src4                        ; ph_mux_clk             ; String                                                      ;
; c_cnt_odd_div_duty_en4               ; false                  ; String                                                      ;
; c_cnt_prst4                          ; 1                      ; Signed Integer                                              ;
; c_cnt_ph_mux_prst4                   ; 0                      ; Signed Integer                                              ;
; c_cnt_hi_div5                        ; 1                      ; Signed Integer                                              ;
; c_cnt_lo_div5                        ; 1                      ; Signed Integer                                              ;
; c_cnt_bypass_en5                     ; false                  ; String                                                      ;
; c_cnt_in_src5                        ; ph_mux_clk             ; String                                                      ;
; c_cnt_odd_div_duty_en5               ; false                  ; String                                                      ;
; c_cnt_prst5                          ; 1                      ; Signed Integer                                              ;
; c_cnt_ph_mux_prst5                   ; 0                      ; Signed Integer                                              ;
; c_cnt_hi_div6                        ; 1                      ; Signed Integer                                              ;
; c_cnt_lo_div6                        ; 1                      ; Signed Integer                                              ;
; c_cnt_bypass_en6                     ; false                  ; String                                                      ;
; c_cnt_in_src6                        ; ph_mux_clk             ; String                                                      ;
; c_cnt_odd_div_duty_en6               ; false                  ; String                                                      ;
; c_cnt_prst6                          ; 1                      ; Signed Integer                                              ;
; c_cnt_ph_mux_prst6                   ; 0                      ; Signed Integer                                              ;
; c_cnt_hi_div7                        ; 1                      ; Signed Integer                                              ;
; c_cnt_lo_div7                        ; 1                      ; Signed Integer                                              ;
; c_cnt_bypass_en7                     ; false                  ; String                                                      ;
; c_cnt_in_src7                        ; ph_mux_clk             ; String                                                      ;
; c_cnt_odd_div_duty_en7               ; false                  ; String                                                      ;
; c_cnt_prst7                          ; 1                      ; Signed Integer                                              ;
; c_cnt_ph_mux_prst7                   ; 0                      ; Signed Integer                                              ;
; c_cnt_hi_div8                        ; 1                      ; Signed Integer                                              ;
; c_cnt_lo_div8                        ; 1                      ; Signed Integer                                              ;
; c_cnt_bypass_en8                     ; false                  ; String                                                      ;
; c_cnt_in_src8                        ; ph_mux_clk             ; String                                                      ;
; c_cnt_odd_div_duty_en8               ; false                  ; String                                                      ;
; c_cnt_prst8                          ; 1                      ; Signed Integer                                              ;
; c_cnt_ph_mux_prst8                   ; 0                      ; Signed Integer                                              ;
; c_cnt_hi_div9                        ; 1                      ; Signed Integer                                              ;
; c_cnt_lo_div9                        ; 1                      ; Signed Integer                                              ;
; c_cnt_bypass_en9                     ; false                  ; String                                                      ;
; c_cnt_in_src9                        ; ph_mux_clk             ; String                                                      ;
; c_cnt_odd_div_duty_en9               ; false                  ; String                                                      ;
; c_cnt_prst9                          ; 1                      ; Signed Integer                                              ;
; c_cnt_ph_mux_prst9                   ; 0                      ; Signed Integer                                              ;
; c_cnt_hi_div10                       ; 1                      ; Signed Integer                                              ;
; c_cnt_lo_div10                       ; 1                      ; Signed Integer                                              ;
; c_cnt_bypass_en10                    ; false                  ; String                                                      ;
; c_cnt_in_src10                       ; ph_mux_clk             ; String                                                      ;
; c_cnt_odd_div_duty_en10              ; false                  ; String                                                      ;
; c_cnt_prst10                         ; 1                      ; Signed Integer                                              ;
; c_cnt_ph_mux_prst10                  ; 0                      ; Signed Integer                                              ;
; c_cnt_hi_div11                       ; 1                      ; Signed Integer                                              ;
; c_cnt_lo_div11                       ; 1                      ; Signed Integer                                              ;
; c_cnt_bypass_en11                    ; false                  ; String                                                      ;
; c_cnt_in_src11                       ; ph_mux_clk             ; String                                                      ;
; c_cnt_odd_div_duty_en11              ; false                  ; String                                                      ;
; c_cnt_prst11                         ; 1                      ; Signed Integer                                              ;
; c_cnt_ph_mux_prst11                  ; 0                      ; Signed Integer                                              ;
; c_cnt_hi_div12                       ; 1                      ; Signed Integer                                              ;
; c_cnt_lo_div12                       ; 1                      ; Signed Integer                                              ;
; c_cnt_bypass_en12                    ; false                  ; String                                                      ;
; c_cnt_in_src12                       ; ph_mux_clk             ; String                                                      ;
; c_cnt_odd_div_duty_en12              ; false                  ; String                                                      ;
; c_cnt_prst12                         ; 1                      ; Signed Integer                                              ;
; c_cnt_ph_mux_prst12                  ; 0                      ; Signed Integer                                              ;
; c_cnt_hi_div13                       ; 1                      ; Signed Integer                                              ;
; c_cnt_lo_div13                       ; 1                      ; Signed Integer                                              ;
; c_cnt_bypass_en13                    ; false                  ; String                                                      ;
; c_cnt_in_src13                       ; ph_mux_clk             ; String                                                      ;
; c_cnt_odd_div_duty_en13              ; false                  ; String                                                      ;
; c_cnt_prst13                         ; 1                      ; Signed Integer                                              ;
; c_cnt_ph_mux_prst13                  ; 0                      ; Signed Integer                                              ;
; c_cnt_hi_div14                       ; 1                      ; Signed Integer                                              ;
; c_cnt_lo_div14                       ; 1                      ; Signed Integer                                              ;
; c_cnt_bypass_en14                    ; false                  ; String                                                      ;
; c_cnt_in_src14                       ; ph_mux_clk             ; String                                                      ;
; c_cnt_odd_div_duty_en14              ; false                  ; String                                                      ;
; c_cnt_prst14                         ; 1                      ; Signed Integer                                              ;
; c_cnt_ph_mux_prst14                  ; 0                      ; Signed Integer                                              ;
; c_cnt_hi_div15                       ; 1                      ; Signed Integer                                              ;
; c_cnt_lo_div15                       ; 1                      ; Signed Integer                                              ;
; c_cnt_bypass_en15                    ; false                  ; String                                                      ;
; c_cnt_in_src15                       ; ph_mux_clk             ; String                                                      ;
; c_cnt_odd_div_duty_en15              ; false                  ; String                                                      ;
; c_cnt_prst15                         ; 1                      ; Signed Integer                                              ;
; c_cnt_ph_mux_prst15                  ; 0                      ; Signed Integer                                              ;
; c_cnt_hi_div16                       ; 1                      ; Signed Integer                                              ;
; c_cnt_lo_div16                       ; 1                      ; Signed Integer                                              ;
; c_cnt_bypass_en16                    ; false                  ; String                                                      ;
; c_cnt_in_src16                       ; ph_mux_clk             ; String                                                      ;
; c_cnt_odd_div_duty_en16              ; false                  ; String                                                      ;
; c_cnt_prst16                         ; 1                      ; Signed Integer                                              ;
; c_cnt_ph_mux_prst16                  ; 0                      ; Signed Integer                                              ;
; c_cnt_hi_div17                       ; 1                      ; Signed Integer                                              ;
; c_cnt_lo_div17                       ; 1                      ; Signed Integer                                              ;
; c_cnt_bypass_en17                    ; false                  ; String                                                      ;
; c_cnt_in_src17                       ; ph_mux_clk             ; String                                                      ;
; c_cnt_odd_div_duty_en17              ; false                  ; String                                                      ;
; c_cnt_prst17                         ; 1                      ; Signed Integer                                              ;
; c_cnt_ph_mux_prst17                  ; 0                      ; Signed Integer                                              ;
; pll_vco_div                          ; 1                      ; Signed Integer                                              ;
; pll_slf_rst                          ; false                  ; String                                                      ;
; pll_bw_sel                           ; low                    ; String                                                      ;
; pll_output_clk_frequency             ; 0 MHz                  ; String                                                      ;
; pll_cp_current                       ; 0                      ; Signed Integer                                              ;
; pll_bwctrl                           ; 0                      ; Signed Integer                                              ;
; pll_fractional_division              ; 1                      ; Signed Integer                                              ;
; pll_fractional_cout                  ; 24                     ; Signed Integer                                              ;
; pll_dsm_out_sel                      ; 1st_order              ; String                                                      ;
; mimic_fbclk_type                     ; gclk                   ; String                                                      ;
; pll_fbclk_mux_1                      ; glb                    ; String                                                      ;
; pll_fbclk_mux_2                      ; fb_1                   ; String                                                      ;
; pll_m_cnt_in_src                     ; ph_mux_clk             ; String                                                      ;
; pll_vcoph_div                        ; 1                      ; Signed Integer                                              ;
; refclk1_frequency                    ; 0 MHz                  ; String                                                      ;
; pll_clkin_0_src                      ; clk_0                  ; String                                                      ;
; pll_clkin_1_src                      ; clk_0                  ; String                                                      ;
; pll_clk_loss_sw_en                   ; false                  ; String                                                      ;
; pll_auto_clk_sw_en                   ; false                  ; String                                                      ;
; pll_manu_clk_sw_en                   ; false                  ; String                                                      ;
; pll_clk_sw_dly                       ; 0                      ; Signed Integer                                              ;
; pll_extclk_0_cnt_src                 ; pll_extclk_cnt_src_vss ; String                                                      ;
; pll_extclk_1_cnt_src                 ; pll_extclk_cnt_src_vss ; String                                                      ;
+--------------------------------------+------------------------+-------------------------------------------------------------+
Note: In order to hide this table in the UI and the text report file, please set the "Show Parameter Settings in Synthesis Report" option in "Analysis and Synthesis Settings -> More Settings" to "Off".


+----------------------------------------------------------------------------------------------------------------------------------+
; Parameter Settings for User Entity Instance: controle_vga:controle_saida|ram_secundaria:ram_inst|altsyncram:altsyncram_component ;
+------------------------------------+----------------------+----------------------------------------------------------------------+
; Parameter Name                     ; Value                ; Type                                                                 ;
+------------------------------------+----------------------+----------------------------------------------------------------------+
; BYTE_SIZE_BLOCK                    ; 8                    ; Untyped                                                              ;
; AUTO_CARRY_CHAINS                  ; ON                   ; AUTO_CARRY                                                           ;
; IGNORE_CARRY_BUFFERS               ; OFF                  ; IGNORE_CARRY                                                         ;
; AUTO_CASCADE_CHAINS                ; ON                   ; AUTO_CASCADE                                                         ;
; IGNORE_CASCADE_BUFFERS             ; OFF                  ; IGNORE_CASCADE                                                       ;
; WIDTH_BYTEENA                      ; 1                    ; Untyped                                                              ;
; OPERATION_MODE                     ; BIDIR_DUAL_PORT      ; Untyped                                                              ;
; WIDTH_A                            ; 8                    ; Signed Integer                                                       ;
; WIDTHAD_A                          ; 17                   ; Signed Integer                                                       ;
; NUMWORDS_A                         ; 76800                ; Signed Integer                                                       ;
; OUTDATA_REG_A                      ; CLOCK0               ; Untyped                                                              ;
; ADDRESS_ACLR_A                     ; NONE                 ; Untyped                                                              ;
; OUTDATA_ACLR_A                     ; NONE                 ; Untyped                                                              ;
; WRCONTROL_ACLR_A                   ; NONE                 ; Untyped                                                              ;
; INDATA_ACLR_A                      ; NONE                 ; Untyped                                                              ;
; BYTEENA_ACLR_A                     ; NONE                 ; Untyped                                                              ;
; WIDTH_B                            ; 8                    ; Signed Integer                                                       ;
; WIDTHAD_B                          ; 17                   ; Signed Integer                                                       ;
; NUMWORDS_B                         ; 76800                ; Signed Integer                                                       ;
; INDATA_REG_B                       ; CLOCK1               ; Untyped                                                              ;
; WRCONTROL_WRADDRESS_REG_B          ; CLOCK1               ; Untyped                                                              ;
; RDCONTROL_REG_B                    ; CLOCK1               ; Untyped                                                              ;
; ADDRESS_REG_B                      ; CLOCK1               ; Untyped                                                              ;
; OUTDATA_REG_B                      ; CLOCK1               ; Untyped                                                              ;
; BYTEENA_REG_B                      ; CLOCK1               ; Untyped                                                              ;
; INDATA_ACLR_B                      ; NONE                 ; Untyped                                                              ;
; WRCONTROL_ACLR_B                   ; NONE                 ; Untyped                                                              ;
; ADDRESS_ACLR_B                     ; NONE                 ; Untyped                                                              ;
; OUTDATA_ACLR_B                     ; NONE                 ; Untyped                                                              ;
; RDCONTROL_ACLR_B                   ; NONE                 ; Untyped                                                              ;
; BYTEENA_ACLR_B                     ; NONE                 ; Untyped                                                              ;
; WIDTH_BYTEENA_A                    ; 1                    ; Signed Integer                                                       ;
; WIDTH_BYTEENA_B                    ; 1                    ; Signed Integer                                                       ;
; RAM_BLOCK_TYPE                     ; M10K                 ; Untyped                                                              ;
; BYTE_SIZE                          ; 8                    ; Untyped                                                              ;
; READ_DURING_WRITE_MODE_MIXED_PORTS ; DONT_CARE            ; Untyped                                                              ;
; READ_DURING_WRITE_MODE_PORT_A      ; NEW_DATA_NO_NBE_READ ; Untyped                                                              ;
; READ_DURING_WRITE_MODE_PORT_B      ; NEW_DATA_NO_NBE_READ ; Untyped                                                              ;
; INIT_FILE                          ; memoria_bahia.mif    ; Untyped                                                              ;
; INIT_FILE_LAYOUT                   ; PORT_A               ; Untyped                                                              ;
; MAXIMUM_DEPTH                      ; 0                    ; Untyped                                                              ;
; CLOCK_ENABLE_INPUT_A               ; BYPASS               ; Untyped                                                              ;
; CLOCK_ENABLE_INPUT_B               ; BYPASS               ; Untyped                                                              ;
; CLOCK_ENABLE_OUTPUT_A              ; BYPASS               ; Untyped                                                              ;
; CLOCK_ENABLE_OUTPUT_B              ; BYPASS               ; Untyped                                                              ;
; CLOCK_ENABLE_CORE_A                ; USE_INPUT_CLKEN      ; Untyped                                                              ;
; CLOCK_ENABLE_CORE_B                ; USE_INPUT_CLKEN      ; Untyped                                                              ;
; ENABLE_ECC                         ; FALSE                ; Untyped                                                              ;
; ECC_PIPELINE_STAGE_ENABLED         ; FALSE                ; Untyped                                                              ;
; WIDTH_ECCSTATUS                    ; 3                    ; Untyped                                                              ;
; DEVICE_FAMILY                      ; Cyclone V            ; Untyped                                                              ;
; CBXI_PARAMETER                     ; altsyncram_f3n2      ; Untyped                                                              ;
+------------------------------------+----------------------+----------------------------------------------------------------------+
Note: In order to hide this table in the UI and the text report file, please set the "Show Parameter Settings in Synthesis Report" option in "Analysis and Synthesis Settings -> More Settings" to "Off".


+-------------------------------------------------------------------------------------------------------------------+
; Parameter Settings for User Entity Instance: controle_vga:controle_saida|fifo_a:fifo_inst|scfifo:scfifo_component ;
+-------------------------+-------------+---------------------------------------------------------------------------+
; Parameter Name          ; Value       ; Type                                                                      ;
+-------------------------+-------------+---------------------------------------------------------------------------+
; AUTO_CARRY_CHAINS       ; ON          ; AUTO_CARRY                                                                ;
; IGNORE_CARRY_BUFFERS    ; OFF         ; IGNORE_CARRY                                                              ;
; AUTO_CASCADE_CHAINS     ; ON          ; AUTO_CASCADE                                                              ;
; IGNORE_CASCADE_BUFFERS  ; OFF         ; IGNORE_CASCADE                                                            ;
; lpm_width               ; 8           ; Signed Integer                                                            ;
; LPM_NUMWORDS            ; 512         ; Signed Integer                                                            ;
; LPM_WIDTHU              ; 9           ; Signed Integer                                                            ;
; LPM_SHOWAHEAD           ; OFF         ; Untyped                                                                   ;
; UNDERFLOW_CHECKING      ; ON          ; Untyped                                                                   ;
; OVERFLOW_CHECKING       ; ON          ; Untyped                                                                   ;
; ALLOW_RWCYCLE_WHEN_FULL ; OFF         ; Untyped                                                                   ;
; ADD_RAM_OUTPUT_REGISTER ; ON          ; Untyped                                                                   ;
; ALMOST_FULL_VALUE       ; 0           ; Untyped                                                                   ;
; ALMOST_EMPTY_VALUE      ; 0           ; Untyped                                                                   ;
; ENABLE_ECC              ; FALSE       ; Untyped                                                                   ;
; USE_EAB                 ; ON          ; Untyped                                                                   ;
; MAXIMIZE_SPEED          ; 5           ; Untyped                                                                   ;
; DEVICE_FAMILY           ; Cyclone V   ; Untyped                                                                   ;
; OPTIMIZE_FOR_SPEED      ; 5           ; Untyped                                                                   ;
; CBXI_PARAMETER          ; scfifo_7nd1 ; Untyped                                                                   ;
+-------------------------+-------------+---------------------------------------------------------------------------+
Note: In order to hide this table in the UI and the text report file, please set the "Show Parameter Settings in Synthesis Report" option in "Analysis and Synthesis Settings -> More Settings" to "Off".


+-----------------------------------------------------------------------------------------+
; Parameter Settings for User Entity Instance: controle_vga:controle_saida|vga_module:vga ;
+----------------+------------+-----------------------------------------------------------+
; Parameter Name ; Value      ; Type                                                      ;
+----------------+------------+-----------------------------------------------------------+
; H_ACTIVE       ; 1001111111 ; Unsigned Binary                                           ;
; H_FRONT        ; 0000001111 ; Unsigned Binary                                           ;
; H_PULSE        ; 0001011111 ; Unsigned Binary                                           ;
; H_BACK         ; 0000101111 ; Unsigned Binary                                           ;
; V_ACTIVE       ; 0111011111 ; Unsigned Binary                                           ;
; V_FRONT        ; 0000001001 ; Unsigned Binary                                           ;
; V_PULSE        ; 0000000001 ; Unsigned Binary                                           ;
; V_BACK         ; 0000100000 ; Unsigned Binary                                           ;
; LOW            ; 0          ; Unsigned Binary                                           ;
; HIGH           ; 1          ; Unsigned Binary                                           ;
; H_ACTIVE_STATE ; 00000000   ; Unsigned Binary                                           ;
; H_FRONT_STATE  ; 00000001   ; Unsigned Binary                                           ;
; H_PULSE_STATE  ; 00000010   ; Unsigned Binary                                           ;
; H_BACK_STATE   ; 00000011   ; Unsigned Binary                                           ;
; V_ACTIVE_STATE ; 00000000   ; Unsigned Binary                                           ;
; V_FRONT_STATE  ; 00000001   ; Unsigned Binary                                           ;
; V_PULSE_STATE  ; 00000010   ; Unsigned Binary                                           ;
; V_BACK_STATE   ; 00000011   ; Unsigned Binary                                           ;
+----------------+------------+-----------------------------------------------------------+
Note: In order to hide this table in the UI and the text report file, please set the "Show Parameter Settings in Synthesis Report" option in "Analysis and Synthesis Settings -> More Settings" to "Off".


+------------------------------------------------------------------+
; Parameter Settings for Inferred Entity Instance: lpm_divide:Div0 ;
+------------------------+----------------+------------------------+
; Parameter Name         ; Value          ; Type                   ;
+------------------------+----------------+------------------------+
; LPM_WIDTHN             ; 17             ; Untyped                ;
; LPM_WIDTHD             ; 9              ; Untyped                ;
; LPM_NREPRESENTATION    ; UNSIGNED       ; Untyped                ;
; LPM_DREPRESENTATION    ; UNSIGNED       ; Untyped                ;
; LPM_PIPELINE           ; 0              ; Untyped                ;
; LPM_REMAINDERPOSITIVE  ; TRUE           ; Untyped                ;
; MAXIMIZE_SPEED         ; 5              ; Untyped                ;
; CBXI_PARAMETER         ; lpm_divide_qbm ; Untyped                ;
; CARRY_CHAIN            ; MANUAL         ; Untyped                ;
; OPTIMIZE_FOR_SPEED     ; 5              ; Untyped                ;
; AUTO_CARRY_CHAINS      ; ON             ; AUTO_CARRY             ;
; IGNORE_CARRY_BUFFERS   ; OFF            ; IGNORE_CARRY           ;
; AUTO_CASCADE_CHAINS    ; ON             ; AUTO_CASCADE           ;
; IGNORE_CASCADE_BUFFERS ; OFF            ; IGNORE_CASCADE         ;
+------------------------+----------------+------------------------+
Note: In order to hide this table in the UI and the text report file, please set the "Show Parameter Settings in Synthesis Report" option in "Analysis and Synthesis Settings -> More Settings" to "Off".


+------------------------------------------------------------------+
; Parameter Settings for Inferred Entity Instance: lpm_divide:Mod0 ;
+------------------------+----------------+------------------------+
; Parameter Name         ; Value          ; Type                   ;
+------------------------+----------------+------------------------+
; LPM_WIDTHN             ; 17             ; Untyped                ;
; LPM_WIDTHD             ; 9              ; Untyped                ;
; LPM_NREPRESENTATION    ; UNSIGNED       ; Untyped                ;
; LPM_DREPRESENTATION    ; UNSIGNED       ; Untyped                ;
; LPM_PIPELINE           ; 0              ; Untyped                ;
; LPM_REMAINDERPOSITIVE  ; TRUE           ; Untyped                ;
; MAXIMIZE_SPEED         ; 5              ; Untyped                ;
; CBXI_PARAMETER         ; lpm_divide_t3m ; Untyped                ;
; CARRY_CHAIN            ; MANUAL         ; Untyped                ;
; OPTIMIZE_FOR_SPEED     ; 5              ; Untyped                ;
; AUTO_CARRY_CHAINS      ; ON             ; AUTO_CARRY             ;
; IGNORE_CARRY_BUFFERS   ; OFF            ; IGNORE_CARRY           ;
; AUTO_CASCADE_CHAINS    ; ON             ; AUTO_CASCADE           ;
; IGNORE_CASCADE_BUFFERS ; OFF            ; IGNORE_CASCADE         ;
+------------------------+----------------+------------------------+
Note: In order to hide this table in the UI and the text report file, please set the "Show Parameter Settings in Synthesis Report" option in "Analysis and Synthesis Settings -> More Settings" to "Off".


+----------------------------------------------------------------------------------------------------------------------------------------+
; altsyncram Parameter Settings by Entity Instance                                                                                       ;
+-------------------------------------------+--------------------------------------------------------------------------------------------+
; Name                                      ; Value                                                                                      ;
+-------------------------------------------+--------------------------------------------------------------------------------------------+
; Number of entity instances                ; 2                                                                                          ;
; Entity Instance                           ; gerenciar_memoria_ram:gmr|ram_leitura_2:ram_leitura_2_inst|altsyncram:altsyncram_component ;
;     -- OPERATION_MODE                     ; BIDIR_DUAL_PORT                                                                            ;
;     -- WIDTH_A                            ; 8                                                                                          ;
;     -- NUMWORDS_A                         ; 76800                                                                                      ;
;     -- OUTDATA_REG_A                      ; CLOCK0                                                                                     ;
;     -- WIDTH_B                            ; 8                                                                                          ;
;     -- NUMWORDS_B                         ; 76800                                                                                      ;
;     -- ADDRESS_REG_B                      ; CLOCK1                                                                                     ;
;     -- OUTDATA_REG_B                      ; CLOCK1                                                                                     ;
;     -- RAM_BLOCK_TYPE                     ; M10K                                                                                       ;
;     -- READ_DURING_WRITE_MODE_MIXED_PORTS ; DONT_CARE                                                                                  ;
; Entity Instance                           ; controle_vga:controle_saida|ram_secundaria:ram_inst|altsyncram:altsyncram_component        ;
;     -- OPERATION_MODE                     ; BIDIR_DUAL_PORT                                                                            ;
;     -- WIDTH_A                            ; 8                                                                                          ;
;     -- NUMWORDS_A                         ; 76800                                                                                      ;
;     -- OUTDATA_REG_A                      ; CLOCK0                                                                                     ;
;     -- WIDTH_B                            ; 8                                                                                          ;
;     -- NUMWORDS_B                         ; 76800                                                                                      ;
;     -- ADDRESS_REG_B                      ; CLOCK1                                                                                     ;
;     -- OUTDATA_REG_B                      ; CLOCK1                                                                                     ;
;     -- RAM_BLOCK_TYPE                     ; M10K                                                                                       ;
;     -- READ_DURING_WRITE_MODE_MIXED_PORTS ; DONT_CARE                                                                                  ;
+-------------------------------------------+--------------------------------------------------------------------------------------------+


+---------------------------------------------------------------------------------------------------+
; scfifo Parameter Settings by Entity Instance                                                      ;
+----------------------------+----------------------------------------------------------------------+
; Name                       ; Value                                                                ;
+----------------------------+----------------------------------------------------------------------+
; Number of entity instances ; 1                                                                    ;
; Entity Instance            ; controle_vga:controle_saida|fifo_a:fifo_inst|scfifo:scfifo_component ;
;     -- FIFO Type           ; Single Clock                                                         ;
;     -- lpm_width           ; 8                                                                    ;
;     -- LPM_NUMWORDS        ; 512                                                                  ;
;     -- LPM_SHOWAHEAD       ; OFF                                                                  ;
;     -- USE_EAB             ; ON                                                                   ;
+----------------------------+----------------------------------------------------------------------+


+------------------------------------------------------------------------+
; Port Connectivity Checks: "controle_vga:controle_saida|vga_module:vga" ;
+-------+-------+----------+---------------------------------------------+
; Port  ; Type  ; Severity ; Details                                     ;
+-------+-------+----------+---------------------------------------------+
; reset ; Input ; Info     ; Stuck at GND                                ;
+-------+-------+----------+---------------------------------------------+


+---------------------------------------------------------------------------------+
; Port Connectivity Checks: "controle_vga:controle_saida|ram_secundaria:ram_inst" ;
+--------+-------+----------+-----------------------------------------------------+
; Port   ; Type  ; Severity ; Details                                             ;
+--------+-------+----------+-----------------------------------------------------+
; data_a ; Input ; Info     ; Stuck at GND                                        ;
; wren_a ; Input ; Info     ; Stuck at GND                                        ;
+--------+-------+----------+-----------------------------------------------------+


+-----------------------------------------------------+
; Port Connectivity Checks: "clock_75mhz:clock_75"    ;
+--------+--------+----------+------------------------+
; Port   ; Type   ; Severity ; Details                ;
+--------+--------+----------+------------------------+
; rst    ; Input  ; Info     ; Stuck at GND           ;
; locked ; Output ; Info     ; Explicitly unconnected ;
+--------+--------+----------+------------------------+


+----------------------------------------------------------------------------------------+
; Port Connectivity Checks: "gerenciar_memoria_ram:gmr|ram_leitura_2:ram_leitura_2_inst" ;
+--------+-------+----------+------------------------------------------------------------+
; Port   ; Type  ; Severity ; Details                                                    ;
+--------+-------+----------+------------------------------------------------------------+
; data_a ; Input ; Info     ; Stuck at GND                                               ;
; wren_a ; Input ; Info     ; Stuck at GND                                               ;
+--------+-------+----------+------------------------------------------------------------+


+-----------------------------------------------------+
; Post-Synthesis Netlist Statistics for Top Partition ;
+-----------------------+-----------------------------+
; Type                  ; Count                       ;
+-----------------------+-----------------------------+
; arriav_ff             ; 360                         ;
;     ENA               ; 94                          ;
;     ENA SCLR          ; 27                          ;
;     ENA SLD           ; 24                          ;
;     SCLR              ; 45                          ;
;     SLD               ; 1                           ;
;     plain             ; 169                         ;
; arriav_lcell_comb     ; 1220                        ;
;     arith             ; 381                         ;
;         0 data inputs ; 35                          ;
;         1 data inputs ; 186                         ;
;         2 data inputs ; 24                          ;
;         3 data inputs ; 80                          ;
;         4 data inputs ; 56                          ;
;     extend            ; 5                           ;
;         7 data inputs ; 5                           ;
;     normal            ; 761                         ;
;         0 data inputs ; 1                           ;
;         1 data inputs ; 2                           ;
;         2 data inputs ; 167                         ;
;         3 data inputs ; 145                         ;
;         4 data inputs ; 138                         ;
;         5 data inputs ; 118                         ;
;         6 data inputs ; 190                         ;
;     shared            ; 73                          ;
;         0 data inputs ; 4                           ;
;         1 data inputs ; 20                          ;
;         2 data inputs ; 11                          ;
;         3 data inputs ; 29                          ;
;         4 data inputs ; 9                           ;
; boundary_port         ; 67                          ;
; generic_pll           ; 1                           ;
; stratixv_ram_block    ; 168                         ;
;                       ;                             ;
; Max LUT depth         ; 25.60                       ;
; Average LUT depth     ; 10.31                       ;
+-----------------------+-----------------------------+


+-------------------------------+
; Elapsed Time Per Partition    ;
+----------------+--------------+
; Partition Name ; Elapsed Time ;
+----------------+--------------+
; Top            ; 00:00:06     ;
+----------------+--------------+


+-------------------------------+
; Analysis & Synthesis Messages ;
+-------------------------------+
Info: *******************************************************************
Info: Running Quartus Prime Analysis & Synthesis
    Info: Version 23.1std.0 Build 991 11/28/2023 SC Lite Edition
    Info: Processing started: Sat Nov  1 17:32:29 2025
Info: Command: quartus_map --read_settings_files=on --write_settings_files=off soc_system -c soc_system
Warning (18236): Number of processors has not been specified which may cause overloading on shared machines.  Set the global assignment NUM_PARALLEL_PROCESSORS in your QSF to an appropriate value for best performance.
Info (20030): Parallel compilation is enabled and will use 2 of the 2 processors detected
Info (12021): Found 1 design units, including 1 entities, in source file ip/altsource_probe/hps_reset.v
    Info (12023): Found entity 1: hps_reset File: /home/lucas/uefs/pbl/Zoom-FPGA/coprecessador/ip/altsource_probe/hps_reset.v Line: 40
Info (12021): Found 1 design units, including 1 entities, in source file ip/debounce/debounce.v
    Info (12023): Found entity 1: debounce File: /home/lucas/uefs/pbl/Zoom-FPGA/coprecessador/ip/debounce/debounce.v Line: 13
Info (12021): Found 1 design units, including 1 entities, in source file ip/edge_detect/altera_edge_detector.v
    Info (12023): Found entity 1: altera_edge_detector File: /home/lucas/uefs/pbl/Zoom-FPGA/coprecessador/ip/edge_detect/altera_edge_detector.v Line: 1
Info (12021): Found 1 design units, including 1 entities, in source file soc_system/synthesis/soc_system.v
    Info (12023): Found entity 1: soc_system File: /home/lucas/uefs/pbl/Zoom-FPGA/coprecessador/soc_system/synthesis/soc_system.v Line: 6
Info (12021): Found 1 design units, including 1 entities, in source file soc_system/synthesis/submodules/altera_reset_controller.v
    Info (12023): Found entity 1: altera_reset_controller File: /home/lucas/uefs/pbl/Zoom-FPGA/coprecessador/soc_system/synthesis/submodules/altera_reset_controller.v Line: 42
Info (12021): Found 1 design units, including 1 entities, in source file soc_system/synthesis/submodules/altera_reset_synchronizer.v
    Info (12023): Found entity 1: altera_reset_synchronizer File: /home/lucas/uefs/pbl/Zoom-FPGA/coprecessador/soc_system/synthesis/submodules/altera_reset_synchronizer.v Line: 24
Info (12021): Found 1 design units, including 1 entities, in source file soc_system/synthesis/submodules/soc_system_irq_mapper_001.sv
    Info (12023): Found entity 1: soc_system_irq_mapper_001 File: /home/lucas/uefs/pbl/Zoom-FPGA/coprecessador/soc_system/synthesis/submodules/soc_system_irq_mapper_001.sv Line: 31
Info (12021): Found 1 design units, including 1 entities, in source file soc_system/synthesis/submodules/soc_system_irq_mapper.sv
    Info (12023): Found entity 1: soc_system_irq_mapper File: /home/lucas/uefs/pbl/Zoom-FPGA/coprecessador/soc_system/synthesis/submodules/soc_system_irq_mapper.sv Line: 31
Info (12021): Found 1 design units, including 1 entities, in source file soc_system/synthesis/submodules/soc_system_mm_interconnect_1.v
    Info (12023): Found entity 1: soc_system_mm_interconnect_1 File: /home/lucas/uefs/pbl/Zoom-FPGA/coprecessador/soc_system/synthesis/submodules/soc_system_mm_interconnect_1.v Line: 9
Info (12021): Found 1 design units, including 1 entities, in source file soc_system/synthesis/submodules/altera_merlin_width_adapter.sv
    Info (12023): Found entity 1: altera_merlin_width_adapter File: /home/lucas/uefs/pbl/Zoom-FPGA/coprecessador/soc_system/synthesis/submodules/altera_merlin_width_adapter.sv Line: 25
Info (12021): Found 1 design units, including 1 entities, in source file soc_system/synthesis/submodules/altera_merlin_address_alignment.sv
    Info (12023): Found entity 1: altera_merlin_address_alignment File: /home/lucas/uefs/pbl/Zoom-FPGA/coprecessador/soc_system/synthesis/submodules/altera_merlin_address_alignment.sv Line: 26
Info (12021): Found 1 design units, including 1 entities, in source file soc_system/synthesis/submodules/altera_merlin_burst_uncompressor.sv
    Info (12023): Found entity 1: altera_merlin_burst_uncompressor File: /home/lucas/uefs/pbl/Zoom-FPGA/coprecessador/soc_system/synthesis/submodules/altera_merlin_burst_uncompressor.sv Line: 40
Info (12021): Found 1 design units, including 1 entities, in source file soc_system/synthesis/submodules/soc_system_mm_interconnect_1_rsp_mux.sv
    Info (12023): Found entity 1: soc_system_mm_interconnect_1_rsp_mux File: /home/lucas/uefs/pbl/Zoom-FPGA/coprecessador/soc_system/synthesis/submodules/soc_system_mm_interconnect_1_rsp_mux.sv Line: 51
Info (12021): Found 2 design units, including 2 entities, in source file soc_system/synthesis/submodules/altera_merlin_arbitrator.sv
    Info (12023): Found entity 1: altera_merlin_arbitrator File: /home/lucas/uefs/pbl/Zoom-FPGA/coprecessador/soc_system/synthesis/submodules/altera_merlin_arbitrator.sv Line: 103
    Info (12023): Found entity 2: altera_merlin_arb_adder File: /home/lucas/uefs/pbl/Zoom-FPGA/coprecessador/soc_system/synthesis/submodules/altera_merlin_arbitrator.sv Line: 228
Info (12021): Found 1 design units, including 1 entities, in source file soc_system/synthesis/submodules/soc_system_mm_interconnect_1_rsp_demux.sv
    Info (12023): Found entity 1: soc_system_mm_interconnect_1_rsp_demux File: /home/lucas/uefs/pbl/Zoom-FPGA/coprecessador/soc_system/synthesis/submodules/soc_system_mm_interconnect_1_rsp_demux.sv Line: 43
Info (12021): Found 1 design units, including 1 entities, in source file soc_system/synthesis/submodules/soc_system_mm_interconnect_1_cmd_mux.sv
    Info (12023): Found entity 1: soc_system_mm_interconnect_1_cmd_mux File: /home/lucas/uefs/pbl/Zoom-FPGA/coprecessador/soc_system/synthesis/submodules/soc_system_mm_interconnect_1_cmd_mux.sv Line: 51
Info (12021): Found 1 design units, including 1 entities, in source file soc_system/synthesis/submodules/soc_system_mm_interconnect_1_cmd_demux.sv
    Info (12023): Found entity 1: soc_system_mm_interconnect_1_cmd_demux File: /home/lucas/uefs/pbl/Zoom-FPGA/coprecessador/soc_system/synthesis/submodules/soc_system_mm_interconnect_1_cmd_demux.sv Line: 43
Info (12021): Found 1 design units, including 1 entities, in source file soc_system/synthesis/submodules/altera_merlin_traffic_limiter.sv
    Info (12023): Found entity 1: altera_merlin_traffic_limiter File: /home/lucas/uefs/pbl/Zoom-FPGA/coprecessador/soc_system/synthesis/submodules/altera_merlin_traffic_limiter.sv Line: 49
Info (12021): Found 2 design units, including 2 entities, in source file soc_system/synthesis/submodules/altera_merlin_reorder_memory.sv
    Info (12023): Found entity 1: altera_merlin_reorder_memory File: /home/lucas/uefs/pbl/Zoom-FPGA/coprecessador/soc_system/synthesis/submodules/altera_merlin_reorder_memory.sv Line: 28
    Info (12023): Found entity 2: memory_pointer_controller File: /home/lucas/uefs/pbl/Zoom-FPGA/coprecessador/soc_system/synthesis/submodules/altera_merlin_reorder_memory.sv Line: 185
Info (12021): Found 1 design units, including 1 entities, in source file soc_system/synthesis/submodules/altera_avalon_sc_fifo.v
    Info (12023): Found entity 1: altera_avalon_sc_fifo File: /home/lucas/uefs/pbl/Zoom-FPGA/coprecessador/soc_system/synthesis/submodules/altera_avalon_sc_fifo.v Line: 21
Info (12021): Found 1 design units, including 1 entities, in source file soc_system/synthesis/submodules/altera_avalon_st_pipeline_base.v
    Info (12023): Found entity 1: altera_avalon_st_pipeline_base File: /home/lucas/uefs/pbl/Zoom-FPGA/coprecessador/soc_system/synthesis/submodules/altera_avalon_st_pipeline_base.v Line: 22
Info (12021): Found 2 design units, including 2 entities, in source file soc_system/synthesis/submodules/soc_system_mm_interconnect_1_router_001.sv
    Info (12023): Found entity 1: soc_system_mm_interconnect_1_router_001_default_decode File: /home/lucas/uefs/pbl/Zoom-FPGA/coprecessador/soc_system/synthesis/submodules/soc_system_mm_interconnect_1_router_001.sv Line: 45
    Info (12023): Found entity 2: soc_system_mm_interconnect_1_router_001 File: /home/lucas/uefs/pbl/Zoom-FPGA/coprecessador/soc_system/synthesis/submodules/soc_system_mm_interconnect_1_router_001.sv Line: 84
Info (12021): Found 2 design units, including 2 entities, in source file soc_system/synthesis/submodules/soc_system_mm_interconnect_1_router.sv
    Info (12023): Found entity 1: soc_system_mm_interconnect_1_router_default_decode File: /home/lucas/uefs/pbl/Zoom-FPGA/coprecessador/soc_system/synthesis/submodules/soc_system_mm_interconnect_1_router.sv Line: 45
    Info (12023): Found entity 2: soc_system_mm_interconnect_1_router File: /home/lucas/uefs/pbl/Zoom-FPGA/coprecessador/soc_system/synthesis/submodules/soc_system_mm_interconnect_1_router.sv Line: 84
Info (12021): Found 1 design units, including 1 entities, in source file soc_system/synthesis/submodules/altera_merlin_axi_slave_ni.sv
    Info (12023): Found entity 1: altera_merlin_axi_slave_ni File: /home/lucas/uefs/pbl/Zoom-FPGA/coprecessador/soc_system/synthesis/submodules/altera_merlin_axi_slave_ni.sv Line: 22
Info (12021): Found 1 design units, including 1 entities, in source file soc_system/synthesis/submodules/altera_merlin_master_agent.sv
    Info (12023): Found entity 1: altera_merlin_master_agent File: /home/lucas/uefs/pbl/Zoom-FPGA/coprecessador/soc_system/synthesis/submodules/altera_merlin_master_agent.sv Line: 28
Info (12021): Found 1 design units, including 1 entities, in source file soc_system/synthesis/submodules/altera_merlin_master_translator.sv
    Info (12023): Found entity 1: altera_merlin_master_translator File: /home/lucas/uefs/pbl/Zoom-FPGA/coprecessador/soc_system/synthesis/submodules/altera_merlin_master_translator.sv Line: 32
Info (12021): Found 1 design units, including 1 entities, in source file soc_system/synthesis/submodules/soc_system_mm_interconnect_0.v
    Info (12023): Found entity 1: soc_system_mm_interconnect_0 File: /home/lucas/uefs/pbl/Zoom-FPGA/coprecessador/soc_system/synthesis/submodules/soc_system_mm_interconnect_0.v Line: 9
Info (12021): Found 1 design units, including 1 entities, in source file soc_system/synthesis/submodules/soc_system_mm_interconnect_0_avalon_st_adapter_001.v
    Info (12023): Found entity 1: soc_system_mm_interconnect_0_avalon_st_adapter_001 File: /home/lucas/uefs/pbl/Zoom-FPGA/coprecessador/soc_system/synthesis/submodules/soc_system_mm_interconnect_0_avalon_st_adapter_001.v Line: 9
Info (12021): Found 1 design units, including 1 entities, in source file soc_system/synthesis/submodules/soc_system_mm_interconnect_0_avalon_st_adapter_001_error_adapter_0.sv
    Info (12023): Found entity 1: soc_system_mm_interconnect_0_avalon_st_adapter_001_error_adapter_0 File: /home/lucas/uefs/pbl/Zoom-FPGA/coprecessador/soc_system/synthesis/submodules/soc_system_mm_interconnect_0_avalon_st_adapter_001_error_adapter_0.sv Line: 66
Info (12021): Found 1 design units, including 1 entities, in source file soc_system/synthesis/submodules/soc_system_mm_interconnect_0_avalon_st_adapter.v
    Info (12023): Found entity 1: soc_system_mm_interconnect_0_avalon_st_adapter File: /home/lucas/uefs/pbl/Zoom-FPGA/coprecessador/soc_system/synthesis/submodules/soc_system_mm_interconnect_0_avalon_st_adapter.v Line: 9
Info (12021): Found 1 design units, including 1 entities, in source file soc_system/synthesis/submodules/soc_system_mm_interconnect_0_avalon_st_adapter_error_adapter_0.sv
    Info (12023): Found entity 1: soc_system_mm_interconnect_0_avalon_st_adapter_error_adapter_0 File: /home/lucas/uefs/pbl/Zoom-FPGA/coprecessador/soc_system/synthesis/submodules/soc_system_mm_interconnect_0_avalon_st_adapter_error_adapter_0.sv Line: 66
Info (12021): Found 1 design units, including 1 entities, in source file soc_system/synthesis/submodules/soc_system_mm_interconnect_0_rsp_mux_002.sv
    Info (12023): Found entity 1: soc_system_mm_interconnect_0_rsp_mux_002 File: /home/lucas/uefs/pbl/Zoom-FPGA/coprecessador/soc_system/synthesis/submodules/soc_system_mm_interconnect_0_rsp_mux_002.sv Line: 51
Info (12021): Found 1 design units, including 1 entities, in source file soc_system/synthesis/submodules/soc_system_mm_interconnect_0_rsp_mux.sv
    Info (12023): Found entity 1: soc_system_mm_interconnect_0_rsp_mux File: /home/lucas/uefs/pbl/Zoom-FPGA/coprecessador/soc_system/synthesis/submodules/soc_system_mm_interconnect_0_rsp_mux.sv Line: 51
Info (12021): Found 1 design units, including 1 entities, in source file soc_system/synthesis/submodules/soc_system_mm_interconnect_0_rsp_demux_004.sv
    Info (12023): Found entity 1: soc_system_mm_interconnect_0_rsp_demux_004 File: /home/lucas/uefs/pbl/Zoom-FPGA/coprecessador/soc_system/synthesis/submodules/soc_system_mm_interconnect_0_rsp_demux_004.sv Line: 43
Info (12021): Found 1 design units, including 1 entities, in source file soc_system/synthesis/submodules/soc_system_mm_interconnect_0_rsp_demux_002.sv
    Info (12023): Found entity 1: soc_system_mm_interconnect_0_rsp_demux_002 File: /home/lucas/uefs/pbl/Zoom-FPGA/coprecessador/soc_system/synthesis/submodules/soc_system_mm_interconnect_0_rsp_demux_002.sv Line: 43
Info (12021): Found 1 design units, including 1 entities, in source file soc_system/synthesis/submodules/soc_system_mm_interconnect_0_rsp_demux_001.sv
    Info (12023): Found entity 1: soc_system_mm_interconnect_0_rsp_demux_001 File: /home/lucas/uefs/pbl/Zoom-FPGA/coprecessador/soc_system/synthesis/submodules/soc_system_mm_interconnect_0_rsp_demux_001.sv Line: 43
Info (12021): Found 1 design units, including 1 entities, in source file soc_system/synthesis/submodules/soc_system_mm_interconnect_0_rsp_demux.sv
    Info (12023): Found entity 1: soc_system_mm_interconnect_0_rsp_demux File: /home/lucas/uefs/pbl/Zoom-FPGA/coprecessador/soc_system/synthesis/submodules/soc_system_mm_interconnect_0_rsp_demux.sv Line: 43
Info (12021): Found 1 design units, including 1 entities, in source file soc_system/synthesis/submodules/soc_system_mm_interconnect_0_cmd_mux_004.sv
    Info (12023): Found entity 1: soc_system_mm_interconnect_0_cmd_mux_004 File: /home/lucas/uefs/pbl/Zoom-FPGA/coprecessador/soc_system/synthesis/submodules/soc_system_mm_interconnect_0_cmd_mux_004.sv Line: 51
Info (12021): Found 1 design units, including 1 entities, in source file soc_system/synthesis/submodules/soc_system_mm_interconnect_0_cmd_mux_002.sv
    Info (12023): Found entity 1: soc_system_mm_interconnect_0_cmd_mux_002 File: /home/lucas/uefs/pbl/Zoom-FPGA/coprecessador/soc_system/synthesis/submodules/soc_system_mm_interconnect_0_cmd_mux_002.sv Line: 51
Info (12021): Found 1 design units, including 1 entities, in source file soc_system/synthesis/submodules/soc_system_mm_interconnect_0_cmd_mux_001.sv
    Info (12023): Found entity 1: soc_system_mm_interconnect_0_cmd_mux_001 File: /home/lucas/uefs/pbl/Zoom-FPGA/coprecessador/soc_system/synthesis/submodules/soc_system_mm_interconnect_0_cmd_mux_001.sv Line: 51
Info (12021): Found 1 design units, including 1 entities, in source file soc_system/synthesis/submodules/soc_system_mm_interconnect_0_cmd_mux.sv
    Info (12023): Found entity 1: soc_system_mm_interconnect_0_cmd_mux File: /home/lucas/uefs/pbl/Zoom-FPGA/coprecessador/soc_system/synthesis/submodules/soc_system_mm_interconnect_0_cmd_mux.sv Line: 51
Info (12021): Found 1 design units, including 1 entities, in source file soc_system/synthesis/submodules/soc_system_mm_interconnect_0_cmd_demux_002.sv
    Info (12023): Found entity 1: soc_system_mm_interconnect_0_cmd_demux_002 File: /home/lucas/uefs/pbl/Zoom-FPGA/coprecessador/soc_system/synthesis/submodules/soc_system_mm_interconnect_0_cmd_demux_002.sv Line: 43
Info (12021): Found 1 design units, including 1 entities, in source file soc_system/synthesis/submodules/soc_system_mm_interconnect_0_cmd_demux.sv
    Info (12023): Found entity 1: soc_system_mm_interconnect_0_cmd_demux File: /home/lucas/uefs/pbl/Zoom-FPGA/coprecessador/soc_system/synthesis/submodules/soc_system_mm_interconnect_0_cmd_demux.sv Line: 43
Info (12021): Found 1 design units, including 1 entities, in source file soc_system/synthesis/submodules/altera_merlin_burst_adapter.sv
    Info (12023): Found entity 1: altera_merlin_burst_adapter File: /home/lucas/uefs/pbl/Zoom-FPGA/coprecessador/soc_system/synthesis/submodules/altera_merlin_burst_adapter.sv Line: 21
Info (12021): Found 1 design units, including 1 entities, in source file soc_system/synthesis/submodules/altera_merlin_burst_adapter_uncmpr.sv
    Info (12023): Found entity 1: altera_merlin_burst_adapter_uncompressed_only File: /home/lucas/uefs/pbl/Zoom-FPGA/coprecessador/soc_system/synthesis/submodules/altera_merlin_burst_adapter_uncmpr.sv Line: 39
Info (12021): Found 5 design units, including 5 entities, in source file soc_system/synthesis/submodules/altera_merlin_burst_adapter_13_1.sv
    Info (12023): Found entity 1: altera_merlin_burst_adapter_burstwrap_increment File: /home/lucas/uefs/pbl/Zoom-FPGA/coprecessador/soc_system/synthesis/submodules/altera_merlin_burst_adapter_13_1.sv Line: 40
    Info (12023): Found entity 2: altera_merlin_burst_adapter_adder File: /home/lucas/uefs/pbl/Zoom-FPGA/coprecessador/soc_system/synthesis/submodules/altera_merlin_burst_adapter_13_1.sv Line: 55
    Info (12023): Found entity 3: altera_merlin_burst_adapter_subtractor File: /home/lucas/uefs/pbl/Zoom-FPGA/coprecessador/soc_system/synthesis/submodules/altera_merlin_burst_adapter_13_1.sv Line: 77
    Info (12023): Found entity 4: altera_merlin_burst_adapter_min File: /home/lucas/uefs/pbl/Zoom-FPGA/coprecessador/soc_system/synthesis/submodules/altera_merlin_burst_adapter_13_1.sv Line: 98
    Info (12023): Found entity 5: altera_merlin_burst_adapter_13_1 File: /home/lucas/uefs/pbl/Zoom-FPGA/coprecessador/soc_system/synthesis/submodules/altera_merlin_burst_adapter_13_1.sv Line: 264
Info (12021): Found 1 design units, including 1 entities, in source file soc_system/synthesis/submodules/altera_merlin_burst_adapter_new.sv
    Info (12023): Found entity 1: altera_merlin_burst_adapter_new File: /home/lucas/uefs/pbl/Zoom-FPGA/coprecessador/soc_system/synthesis/submodules/altera_merlin_burst_adapter_new.sv Line: 25
Info (12021): Found 1 design units, including 1 entities, in source file soc_system/synthesis/submodules/altera_incr_burst_converter.sv
    Info (12023): Found entity 1: altera_incr_burst_converter File: /home/lucas/uefs/pbl/Zoom-FPGA/coprecessador/soc_system/synthesis/submodules/altera_incr_burst_converter.sv Line: 28
Info (12021): Found 1 design units, including 1 entities, in source file soc_system/synthesis/submodules/altera_wrap_burst_converter.sv
    Info (12023): Found entity 1: altera_wrap_burst_converter File: /home/lucas/uefs/pbl/Zoom-FPGA/coprecessador/soc_system/synthesis/submodules/altera_wrap_burst_converter.sv Line: 27
Info (12021): Found 1 design units, including 1 entities, in source file soc_system/synthesis/submodules/altera_default_burst_converter.sv
    Info (12023): Found entity 1: altera_default_burst_converter File: /home/lucas/uefs/pbl/Zoom-FPGA/coprecessador/soc_system/synthesis/submodules/altera_default_burst_converter.sv Line: 30
Info (12021): Found 1 design units, including 1 entities, in source file soc_system/synthesis/submodules/altera_avalon_st_pipeline_stage.sv
    Info (12023): Found entity 1: altera_avalon_st_pipeline_stage File: /home/lucas/uefs/pbl/Zoom-FPGA/coprecessador/soc_system/synthesis/submodules/altera_avalon_st_pipeline_stage.sv Line: 22
Info (12021): Found 2 design units, including 2 entities, in source file soc_system/synthesis/submodules/soc_system_mm_interconnect_0_router_009.sv
    Info (12023): Found entity 1: soc_system_mm_interconnect_0_router_009_default_decode File: /home/lucas/uefs/pbl/Zoom-FPGA/coprecessador/soc_system/synthesis/submodules/soc_system_mm_interconnect_0_router_009.sv Line: 45
    Info (12023): Found entity 2: soc_system_mm_interconnect_0_router_009 File: /home/lucas/uefs/pbl/Zoom-FPGA/coprecessador/soc_system/synthesis/submodules/soc_system_mm_interconnect_0_router_009.sv Line: 84
Info (12021): Found 2 design units, including 2 entities, in source file soc_system/synthesis/submodules/soc_system_mm_interconnect_0_router_007.sv
    Info (12023): Found entity 1: soc_system_mm_interconnect_0_router_007_default_decode File: /home/lucas/uefs/pbl/Zoom-FPGA/coprecessador/soc_system/synthesis/submodules/soc_system_mm_interconnect_0_router_007.sv Line: 45
    Info (12023): Found entity 2: soc_system_mm_interconnect_0_router_007 File: /home/lucas/uefs/pbl/Zoom-FPGA/coprecessador/soc_system/synthesis/submodules/soc_system_mm_interconnect_0_router_007.sv Line: 84
Info (12021): Found 2 design units, including 2 entities, in source file soc_system/synthesis/submodules/soc_system_mm_interconnect_0_router_006.sv
    Info (12023): Found entity 1: soc_system_mm_interconnect_0_router_006_default_decode File: /home/lucas/uefs/pbl/Zoom-FPGA/coprecessador/soc_system/synthesis/submodules/soc_system_mm_interconnect_0_router_006.sv Line: 45
    Info (12023): Found entity 2: soc_system_mm_interconnect_0_router_006 File: /home/lucas/uefs/pbl/Zoom-FPGA/coprecessador/soc_system/synthesis/submodules/soc_system_mm_interconnect_0_router_006.sv Line: 84
Info (12021): Found 2 design units, including 2 entities, in source file soc_system/synthesis/submodules/soc_system_mm_interconnect_0_router_005.sv
    Info (12023): Found entity 1: soc_system_mm_interconnect_0_router_005_default_decode File: /home/lucas/uefs/pbl/Zoom-FPGA/coprecessador/soc_system/synthesis/submodules/soc_system_mm_interconnect_0_router_005.sv Line: 45
    Info (12023): Found entity 2: soc_system_mm_interconnect_0_router_005 File: /home/lucas/uefs/pbl/Zoom-FPGA/coprecessador/soc_system/synthesis/submodules/soc_system_mm_interconnect_0_router_005.sv Line: 84
Info (12021): Found 2 design units, including 2 entities, in source file soc_system/synthesis/submodules/soc_system_mm_interconnect_0_router_003.sv
    Info (12023): Found entity 1: soc_system_mm_interconnect_0_router_003_default_decode File: /home/lucas/uefs/pbl/Zoom-FPGA/coprecessador/soc_system/synthesis/submodules/soc_system_mm_interconnect_0_router_003.sv Line: 45
    Info (12023): Found entity 2: soc_system_mm_interconnect_0_router_003 File: /home/lucas/uefs/pbl/Zoom-FPGA/coprecessador/soc_system/synthesis/submodules/soc_system_mm_interconnect_0_router_003.sv Line: 84
Info (12021): Found 2 design units, including 2 entities, in source file soc_system/synthesis/submodules/soc_system_mm_interconnect_0_router_002.sv
    Info (12023): Found entity 1: soc_system_mm_interconnect_0_router_002_default_decode File: /home/lucas/uefs/pbl/Zoom-FPGA/coprecessador/soc_system/synthesis/submodules/soc_system_mm_interconnect_0_router_002.sv Line: 45
    Info (12023): Found entity 2: soc_system_mm_interconnect_0_router_002 File: /home/lucas/uefs/pbl/Zoom-FPGA/coprecessador/soc_system/synthesis/submodules/soc_system_mm_interconnect_0_router_002.sv Line: 84
Info (12021): Found 2 design units, including 2 entities, in source file soc_system/synthesis/submodules/soc_system_mm_interconnect_0_router.sv
    Info (12023): Found entity 1: soc_system_mm_interconnect_0_router_default_decode File: /home/lucas/uefs/pbl/Zoom-FPGA/coprecessador/soc_system/synthesis/submodules/soc_system_mm_interconnect_0_router.sv Line: 45
    Info (12023): Found entity 2: soc_system_mm_interconnect_0_router File: /home/lucas/uefs/pbl/Zoom-FPGA/coprecessador/soc_system/synthesis/submodules/soc_system_mm_interconnect_0_router.sv Line: 84
Info (12021): Found 1 design units, including 1 entities, in source file soc_system/synthesis/submodules/altera_merlin_slave_agent.sv
    Info (12023): Found entity 1: altera_merlin_slave_agent File: /home/lucas/uefs/pbl/Zoom-FPGA/coprecessador/soc_system/synthesis/submodules/altera_merlin_slave_agent.sv Line: 34
Info (12021): Found 1 design units, including 1 entities, in source file soc_system/synthesis/submodules/altera_merlin_axi_master_ni.sv
    Info (12023): Found entity 1: altera_merlin_axi_master_ni File: /home/lucas/uefs/pbl/Zoom-FPGA/coprecessador/soc_system/synthesis/submodules/altera_merlin_axi_master_ni.sv Line: 27
Info (12021): Found 1 design units, including 1 entities, in source file soc_system/synthesis/submodules/altera_merlin_slave_translator.sv
    Info (12023): Found entity 1: altera_merlin_slave_translator File: /home/lucas/uefs/pbl/Zoom-FPGA/coprecessador/soc_system/synthesis/submodules/altera_merlin_slave_translator.sv Line: 35
Info (12021): Found 1 design units, including 1 entities, in source file soc_system/synthesis/submodules/soc_system_sysid_qsys.v
    Info (12023): Found entity 1: soc_system_sysid_qsys File: /home/lucas/uefs/pbl/Zoom-FPGA/coprecessador/soc_system/synthesis/submodules/soc_system_sysid_qsys.v Line: 34
Info (12021): Found 1 design units, including 1 entities, in source file soc_system/synthesis/submodules/soc_system_pio_1.v
    Info (12023): Found entity 1: soc_system_pio_1 File: /home/lucas/uefs/pbl/Zoom-FPGA/coprecessador/soc_system/synthesis/submodules/soc_system_pio_1.v Line: 21
Info (12021): Found 1 design units, including 1 entities, in source file soc_system/synthesis/submodules/soc_system_pio_0.v
    Info (12023): Found entity 1: soc_system_pio_0 File: /home/lucas/uefs/pbl/Zoom-FPGA/coprecessador/soc_system/synthesis/submodules/soc_system_pio_0.v Line: 21
Info (12021): Found 1 design units, including 1 entities, in source file soc_system/synthesis/submodules/soc_system_onchip_memory2_0.v
    Info (12023): Found entity 1: soc_system_onchip_memory2_0 File: /home/lucas/uefs/pbl/Zoom-FPGA/coprecessador/soc_system/synthesis/submodules/soc_system_onchip_memory2_0.v Line: 21
Info (12021): Found 5 design units, including 5 entities, in source file soc_system/synthesis/submodules/soc_system_jtag_uart.v
    Info (12023): Found entity 1: soc_system_jtag_uart_sim_scfifo_w File: /home/lucas/uefs/pbl/Zoom-FPGA/coprecessador/soc_system/synthesis/submodules/soc_system_jtag_uart.v Line: 21
    Info (12023): Found entity 2: soc_system_jtag_uart_scfifo_w File: /home/lucas/uefs/pbl/Zoom-FPGA/coprecessador/soc_system/synthesis/submodules/soc_system_jtag_uart.v Line: 78
    Info (12023): Found entity 3: soc_system_jtag_uart_sim_scfifo_r File: /home/lucas/uefs/pbl/Zoom-FPGA/coprecessador/soc_system/synthesis/submodules/soc_system_jtag_uart.v Line: 164
    Info (12023): Found entity 4: soc_system_jtag_uart_scfifo_r File: /home/lucas/uefs/pbl/Zoom-FPGA/coprecessador/soc_system/synthesis/submodules/soc_system_jtag_uart.v Line: 243
    Info (12023): Found entity 5: soc_system_jtag_uart File: /home/lucas/uefs/pbl/Zoom-FPGA/coprecessador/soc_system/synthesis/submodules/soc_system_jtag_uart.v Line: 331
Info (12021): Found 1 design units, including 1 entities, in source file soc_system/synthesis/submodules/intr_capturer.v
    Info (12023): Found entity 1: intr_capturer File: /home/lucas/uefs/pbl/Zoom-FPGA/coprecessador/soc_system/synthesis/submodules/intr_capturer.v Line: 13
Info (12021): Found 1 design units, including 1 entities, in source file soc_system/synthesis/submodules/soc_system_hps_0.v
    Info (12023): Found entity 1: soc_system_hps_0 File: /home/lucas/uefs/pbl/Zoom-FPGA/coprecessador/soc_system/synthesis/submodules/soc_system_hps_0.v Line: 9
Info (12021): Found 1 design units, including 1 entities, in source file soc_system/synthesis/submodules/soc_system_hps_0_hps_io.v
    Info (12023): Found entity 1: soc_system_hps_0_hps_io File: /home/lucas/uefs/pbl/Zoom-FPGA/coprecessador/soc_system/synthesis/submodules/soc_system_hps_0_hps_io.v Line: 9
Info (12021): Found 1 design units, including 1 entities, in source file soc_system/synthesis/submodules/hps_sdram.v
    Info (12023): Found entity 1: hps_sdram File: /home/lucas/uefs/pbl/Zoom-FPGA/coprecessador/soc_system/synthesis/submodules/hps_sdram.v Line: 9
Info (12021): Found 1 design units, including 1 entities, in source file soc_system/synthesis/submodules/hps_sdram_p0_phy_csr.sv
    Info (12023): Found entity 1: hps_sdram_p0_phy_csr File: /home/lucas/uefs/pbl/Zoom-FPGA/coprecessador/soc_system/synthesis/submodules/hps_sdram_p0_phy_csr.sv Line: 31
Info (12021): Found 1 design units, including 1 entities, in source file soc_system/synthesis/submodules/altera_mem_if_dll_cyclonev.sv
    Info (12023): Found entity 1: altera_mem_if_dll_cyclonev File: /home/lucas/uefs/pbl/Zoom-FPGA/coprecessador/soc_system/synthesis/submodules/altera_mem_if_dll_cyclonev.sv Line: 23
Info (12021): Found 1 design units, including 1 entities, in source file soc_system/synthesis/submodules/hps_sdram_p0_clock_pair_generator.v
    Info (12023): Found entity 1: hps_sdram_p0_clock_pair_generator File: /home/lucas/uefs/pbl/Zoom-FPGA/coprecessador/soc_system/synthesis/submodules/hps_sdram_p0_clock_pair_generator.v Line: 29
Info (12021): Found 1 design units, including 1 entities, in source file soc_system/synthesis/submodules/hps_sdram_p0_reset.v
    Info (12023): Found entity 1: hps_sdram_p0_reset File: /home/lucas/uefs/pbl/Zoom-FPGA/coprecessador/soc_system/synthesis/submodules/hps_sdram_p0_reset.v Line: 18
Info (12021): Found 1 design units, including 1 entities, in source file soc_system/synthesis/submodules/hps_sdram_p0_generic_ddio.v
    Info (12023): Found entity 1: hps_sdram_p0_generic_ddio File: /home/lucas/uefs/pbl/Zoom-FPGA/coprecessador/soc_system/synthesis/submodules/hps_sdram_p0_generic_ddio.v Line: 17
Info (12021): Found 1 design units, including 1 entities, in source file soc_system/synthesis/submodules/hps_sdram_p0_acv_hard_memphy.v
    Info (12023): Found entity 1: hps_sdram_p0_acv_hard_memphy File: /home/lucas/uefs/pbl/Zoom-FPGA/coprecessador/soc_system/synthesis/submodules/hps_sdram_p0_acv_hard_memphy.v Line: 21
Info (12021): Found 1 design units, including 1 entities, in source file soc_system/synthesis/submodules/hps_sdram_pll.sv
    Info (12023): Found entity 1: hps_sdram_pll File: /home/lucas/uefs/pbl/Zoom-FPGA/coprecessador/soc_system/synthesis/submodules/hps_sdram_pll.sv Line: 25
Info (12021): Found 1 design units, including 1 entities, in source file soc_system/synthesis/submodules/hps_sdram_p0_acv_hard_addr_cmd_pads.v
    Info (12023): Found entity 1: hps_sdram_p0_acv_hard_addr_cmd_pads File: /home/lucas/uefs/pbl/Zoom-FPGA/coprecessador/soc_system/synthesis/submodules/hps_sdram_p0_acv_hard_addr_cmd_pads.v Line: 17
Info (12021): Found 1 design units, including 1 entities, in source file soc_system/synthesis/submodules/altdq_dqs2_acv_connect_to_hard_phy_cyclonev.sv
    Info (12023): Found entity 1: altdq_dqs2_acv_connect_to_hard_phy_cyclonev File: /home/lucas/uefs/pbl/Zoom-FPGA/coprecessador/soc_system/synthesis/submodules/altdq_dqs2_acv_connect_to_hard_phy_cyclonev.sv Line: 19
Info (12021): Found 1 design units, including 1 entities, in source file soc_system/synthesis/submodules/altera_mem_if_oct_cyclonev.sv
    Info (12023): Found entity 1: altera_mem_if_oct_cyclonev File: /home/lucas/uefs/pbl/Zoom-FPGA/coprecessador/soc_system/synthesis/submodules/altera_mem_if_oct_cyclonev.sv Line: 23
Info (12021): Found 1 design units, including 1 entities, in source file soc_system/synthesis/submodules/hps_sdram_p0_acv_ldc.v
    Info (12023): Found entity 1: hps_sdram_p0_acv_ldc File: /home/lucas/uefs/pbl/Zoom-FPGA/coprecessador/soc_system/synthesis/submodules/hps_sdram_p0_acv_ldc.v Line: 17
Info (12021): Found 1 design units, including 1 entities, in source file soc_system/synthesis/submodules/hps_sdram_p0_acv_hard_io_pads.v
    Info (12023): Found entity 1: hps_sdram_p0_acv_hard_io_pads File: /home/lucas/uefs/pbl/Zoom-FPGA/coprecessador/soc_system/synthesis/submodules/hps_sdram_p0_acv_hard_io_pads.v Line: 17
Info (12021): Found 1 design units, including 1 entities, in source file soc_system/synthesis/submodules/hps_sdram_p0_iss_probe.v
    Info (12023): Found entity 1: hps_sdram_p0_iss_probe File: /home/lucas/uefs/pbl/Zoom-FPGA/coprecessador/soc_system/synthesis/submodules/hps_sdram_p0_iss_probe.v Line: 17
Info (12021): Found 1 design units, including 1 entities, in source file soc_system/synthesis/submodules/hps_sdram_p0.sv
    Info (12023): Found entity 1: hps_sdram_p0 File: /home/lucas/uefs/pbl/Zoom-FPGA/coprecessador/soc_system/synthesis/submodules/hps_sdram_p0.sv Line: 18
Info (12021): Found 1 design units, including 1 entities, in source file soc_system/synthesis/submodules/altera_mem_if_hard_memory_controller_top_cyclonev.sv
    Info (12023): Found entity 1: altera_mem_if_hard_memory_controller_top_cyclonev File: /home/lucas/uefs/pbl/Zoom-FPGA/coprecessador/soc_system/synthesis/submodules/altera_mem_if_hard_memory_controller_top_cyclonev.sv Line: 18
Info (12021): Found 1 design units, including 1 entities, in source file soc_system/synthesis/submodules/hps_sdram_p0_reset_sync.v
    Info (12023): Found entity 1: hps_sdram_p0_reset_sync File: /home/lucas/uefs/pbl/Zoom-FPGA/coprecessador/soc_system/synthesis/submodules/hps_sdram_p0_reset_sync.v Line: 17
Info (12021): Found 1 design units, including 1 entities, in source file soc_system/synthesis/submodules/hps_sdram_p0_altdqdqs.v
    Info (12023): Found entity 1: hps_sdram_p0_altdqdqs File: /home/lucas/uefs/pbl/Zoom-FPGA/coprecessador/soc_system/synthesis/submodules/hps_sdram_p0_altdqdqs.v Line: 17
Info (12021): Found 1 design units, including 1 entities, in source file soc_system/synthesis/submodules/altera_mem_if_hhp_qseq_synth_top.v
    Info (12023): Found entity 1: altera_mem_if_hhp_qseq_synth_top File: /home/lucas/uefs/pbl/Zoom-FPGA/coprecessador/soc_system/synthesis/submodules/altera_mem_if_hhp_qseq_synth_top.v Line: 15
Info (12021): Found 1 design units, including 1 entities, in source file soc_system/synthesis/submodules/soc_system_hps_0_hps_io_border.sv
    Info (12023): Found entity 1: soc_system_hps_0_hps_io_border File: /home/lucas/uefs/pbl/Zoom-FPGA/coprecessador/soc_system/synthesis/submodules/soc_system_hps_0_hps_io_border.sv Line: 14
Info (12021): Found 1 design units, including 1 entities, in source file soc_system/synthesis/submodules/soc_system_hps_0_fpga_interfaces.sv
    Info (12023): Found entity 1: soc_system_hps_0_fpga_interfaces File: /home/lucas/uefs/pbl/Zoom-FPGA/coprecessador/soc_system/synthesis/submodules/soc_system_hps_0_fpga_interfaces.sv Line: 14
Info (12021): Found 1 design units, including 1 entities, in source file soc_system/synthesis/submodules/soc_system_fpga_only_master.v
    Info (12023): Found entity 1: soc_system_fpga_only_master File: /home/lucas/uefs/pbl/Zoom-FPGA/coprecessador/soc_system/synthesis/submodules/soc_system_fpga_only_master.v Line: 9
Info (12021): Found 1 design units, including 1 entities, in source file soc_system/synthesis/submodules/soc_system_fpga_only_master_p2b_adapter.sv
    Info (12023): Found entity 1: soc_system_fpga_only_master_p2b_adapter File: /home/lucas/uefs/pbl/Zoom-FPGA/coprecessador/soc_system/synthesis/submodules/soc_system_fpga_only_master_p2b_adapter.sv Line: 55
Info (12021): Found 1 design units, including 1 entities, in source file soc_system/synthesis/submodules/soc_system_fpga_only_master_b2p_adapter.sv
    Info (12023): Found entity 1: soc_system_fpga_only_master_b2p_adapter File: /home/lucas/uefs/pbl/Zoom-FPGA/coprecessador/soc_system/synthesis/submodules/soc_system_fpga_only_master_b2p_adapter.sv Line: 55
Info (12021): Found 7 design units, including 7 entities, in source file soc_system/synthesis/submodules/altera_avalon_packets_to_master.v
    Info (12023): Found entity 1: altera_avalon_packets_to_master File: /home/lucas/uefs/pbl/Zoom-FPGA/coprecessador/soc_system/synthesis/submodules/altera_avalon_packets_to_master.v Line: 22
    Info (12023): Found entity 2: packets_to_fifo File: /home/lucas/uefs/pbl/Zoom-FPGA/coprecessador/soc_system/synthesis/submodules/altera_avalon_packets_to_master.v Line: 142
    Info (12023): Found entity 3: fifo_buffer_single_clock_fifo File: /home/lucas/uefs/pbl/Zoom-FPGA/coprecessador/soc_system/synthesis/submodules/altera_avalon_packets_to_master.v Line: 512
    Info (12023): Found entity 4: fifo_buffer_scfifo_with_controls File: /home/lucas/uefs/pbl/Zoom-FPGA/coprecessador/soc_system/synthesis/submodules/altera_avalon_packets_to_master.v Line: 573
    Info (12023): Found entity 5: fifo_buffer File: /home/lucas/uefs/pbl/Zoom-FPGA/coprecessador/soc_system/synthesis/submodules/altera_avalon_packets_to_master.v Line: 627
    Info (12023): Found entity 6: fifo_to_packet File: /home/lucas/uefs/pbl/Zoom-FPGA/coprecessador/soc_system/synthesis/submodules/altera_avalon_packets_to_master.v Line: 697
    Info (12023): Found entity 7: packets_to_master File: /home/lucas/uefs/pbl/Zoom-FPGA/coprecessador/soc_system/synthesis/submodules/altera_avalon_packets_to_master.v Line: 851
Info (12021): Found 1 design units, including 1 entities, in source file soc_system/synthesis/submodules/altera_avalon_st_packets_to_bytes.v
    Info (12023): Found entity 1: altera_avalon_st_packets_to_bytes File: /home/lucas/uefs/pbl/Zoom-FPGA/coprecessador/soc_system/synthesis/submodules/altera_avalon_st_packets_to_bytes.v Line: 19
Info (12021): Found 1 design units, including 1 entities, in source file soc_system/synthesis/submodules/altera_avalon_st_bytes_to_packets.v
    Info (12023): Found entity 1: altera_avalon_st_bytes_to_packets File: /home/lucas/uefs/pbl/Zoom-FPGA/coprecessador/soc_system/synthesis/submodules/altera_avalon_st_bytes_to_packets.v Line: 19
Info (12021): Found 1 design units, including 1 entities, in source file soc_system/synthesis/submodules/soc_system_fpga_only_master_timing_adt.sv
    Info (12023): Found entity 1: soc_system_fpga_only_master_timing_adt File: /home/lucas/uefs/pbl/Zoom-FPGA/coprecessador/soc_system/synthesis/submodules/soc_system_fpga_only_master_timing_adt.sv Line: 60
Info (12021): Found 1 design units, including 1 entities, in source file soc_system/synthesis/submodules/altera_avalon_st_jtag_interface.v
    Info (12023): Found entity 1: altera_avalon_st_jtag_interface File: /home/lucas/uefs/pbl/Zoom-FPGA/coprecessador/soc_system/synthesis/submodules/altera_avalon_st_jtag_interface.v Line: 20
Info (12021): Found 3 design units, including 3 entities, in source file soc_system/synthesis/submodules/altera_jtag_dc_streaming.v
    Info (12023): Found entity 1: altera_jtag_control_signal_crosser File: /home/lucas/uefs/pbl/Zoom-FPGA/coprecessador/soc_system/synthesis/submodules/altera_jtag_dc_streaming.v Line: 30
    Info (12023): Found entity 2: altera_jtag_src_crosser File: /home/lucas/uefs/pbl/Zoom-FPGA/coprecessador/soc_system/synthesis/submodules/altera_jtag_dc_streaming.v Line: 72
    Info (12023): Found entity 3: altera_jtag_dc_streaming File: /home/lucas/uefs/pbl/Zoom-FPGA/coprecessador/soc_system/synthesis/submodules/altera_jtag_dc_streaming.v Line: 135
Info (12021): Found 1 design units, including 1 entities, in source file soc_system/synthesis/submodules/altera_jtag_sld_node.v
    Info (12023): Found entity 1: altera_jtag_sld_node File: /home/lucas/uefs/pbl/Zoom-FPGA/coprecessador/soc_system/synthesis/submodules/altera_jtag_sld_node.v Line: 17
Info (12021): Found 1 design units, including 1 entities, in source file soc_system/synthesis/submodules/altera_jtag_streaming.v
    Info (12023): Found entity 1: altera_jtag_streaming File: /home/lucas/uefs/pbl/Zoom-FPGA/coprecessador/soc_system/synthesis/submodules/altera_jtag_streaming.v Line: 18
Info (12021): Found 1 design units, including 1 entities, in source file soc_system/synthesis/submodules/altera_avalon_st_clock_crosser.v
    Info (12023): Found entity 1: altera_avalon_st_clock_crosser File: /home/lucas/uefs/pbl/Zoom-FPGA/coprecessador/soc_system/synthesis/submodules/altera_avalon_st_clock_crosser.v Line: 22
Info (12021): Found 1 design units, including 1 entities, in source file soc_system/synthesis/submodules/altera_std_synchronizer_nocut.v
    Info (12023): Found entity 1: altera_std_synchronizer_nocut File: /home/lucas/uefs/pbl/Zoom-FPGA/coprecessador/soc_system/synthesis/submodules/altera_std_synchronizer_nocut.v Line: 44
Info (12021): Found 1 design units, including 1 entities, in source file soc_system/synthesis/submodules/altera_avalon_st_idle_remover.v
    Info (12023): Found entity 1: altera_avalon_st_idle_remover File: /home/lucas/uefs/pbl/Zoom-FPGA/coprecessador/soc_system/synthesis/submodules/altera_avalon_st_idle_remover.v Line: 19
Info (12021): Found 1 design units, including 1 entities, in source file soc_system/synthesis/submodules/altera_avalon_st_idle_inserter.v
    Info (12023): Found entity 1: altera_avalon_st_idle_inserter File: /home/lucas/uefs/pbl/Zoom-FPGA/coprecessador/soc_system/synthesis/submodules/altera_avalon_st_idle_inserter.v Line: 19
Info (12021): Found 1 design units, including 1 entities, in source file ghrd_top.v
    Info (12023): Found entity 1: ghrd_top File: /home/lucas/uefs/pbl/Zoom-FPGA/coprecessador/ghrd_top.v Line: 36
Warning (10275): Verilog HDL Module Instantiation warning at unidade_de_controle.v(538): ignored dangling comma in List of Port Connections File: /home/lucas/uefs/pbl/Zoom-FPGA/coprecessador/unidade_de_controle.v Line: 538
Info (12021): Found 1 design units, including 1 entities, in source file unidade_de_controle.v
    Info (12023): Found entity 1: unidade_de_controle File: /home/lucas/uefs/pbl/Zoom-FPGA/coprecessador/unidade_de_controle.v Line: 1
Info (12021): Found 3 design units, including 3 entities, in source file debouce_bt.v
    Info (12023): Found entity 1: debounce_bt File: /home/lucas/uefs/pbl/Zoom-FPGA/coprecessador/debouce_bt.v Line: 5
    Info (12023): Found entity 2: clock_div File: /home/lucas/uefs/pbl/Zoom-FPGA/coprecessador/debouce_bt.v Line: 19
    Info (12023): Found entity 3: my_dff File: /home/lucas/uefs/pbl/Zoom-FPGA/coprecessador/debouce_bt.v Line: 30
Info (12021): Found 1 design units, including 1 entities, in source file divisor_clock_por_2.v
    Info (12023): Found entity 1: divisor_clock_por_2 File: /home/lucas/uefs/pbl/Zoom-FPGA/coprecessador/divisor_clock_por_2.v Line: 1
Info (12021): Found 1 design units, including 1 entities, in source file alu.v
    Info (12023): Found entity 1: alu File: /home/lucas/uefs/pbl/Zoom-FPGA/coprecessador/alu.v Line: 1
Info (12021): Found 1 design units, including 1 entities, in source file clock_75mhz.v
    Info (12023): Found entity 1: clock_75mhz File: /home/lucas/uefs/pbl/Zoom-FPGA/coprecessador/clock_75mhz.v Line: 8
Info (12021): Found 1 design units, including 1 entities, in source file clock_75mhz/clock_75mhz_0002.v
    Info (12023): Found entity 1: clock_75mhz_0002 File: /home/lucas/uefs/pbl/Zoom-FPGA/coprecessador/clock_75mhz/clock_75mhz_0002.v Line: 2
Info (12021): Found 1 design units, including 1 entities, in source file vga_module.v
    Info (12023): Found entity 1: vga_module File: /home/lucas/uefs/pbl/Zoom-FPGA/coprecessador/vga_module.v Line: 1
Info (12021): Found 1 design units, including 1 entities, in source file controle_vga.v
    Info (12023): Found entity 1: controle_vga File: /home/lucas/uefs/pbl/Zoom-FPGA/coprecessador/controle_vga.v Line: 1
Info (12021): Found 1 design units, including 1 entities, in source file ram_primaria.v
    Info (12023): Found entity 1: ram_primaria File: /home/lucas/uefs/pbl/Zoom-FPGA/coprecessador/ram_primaria.v Line: 40
Info (12021): Found 1 design units, including 1 entities, in source file fifo_a.v
    Info (12023): Found entity 1: fifo_a File: /home/lucas/uefs/pbl/Zoom-FPGA/coprecessador/fifo_a.v Line: 40
Info (12021): Found 1 design units, including 1 entities, in source file ram_secundaria.v
    Info (12023): Found entity 1: ram_secundaria File: /home/lucas/uefs/pbl/Zoom-FPGA/coprecessador/ram_secundaria.v Line: 40
Info (12021): Found 1 design units, including 1 entities, in source file decodificar_num.v
    Info (12023): Found entity 1: decodificar_num File: /home/lucas/uefs/pbl/Zoom-FPGA/coprecessador/decodificar_num.v Line: 1
Info (12021): Found 1 design units, including 1 entities, in source file decodificar_segmentos.v
    Info (12023): Found entity 1: decodificar_segmentos File: /home/lucas/uefs/pbl/Zoom-FPGA/coprecessador/decodificar_segmentos.v Line: 1
Info (12021): Found 1 design units, including 1 entities, in source file delayed_clock_generator.v
    Info (12023): Found entity 1: delayed_clock_generator File: /home/lucas/uefs/pbl/Zoom-FPGA/coprecessador/delayed_clock_generator.v Line: 1
Info (12021): Found 1 design units, including 1 entities, in source file ram_leitura_2.v
    Info (12023): Found entity 1: ram_leitura_2 File: /home/lucas/uefs/pbl/Zoom-FPGA/coprecessador/ram_leitura_2.v Line: 40
Info (12021): Found 1 design units, including 1 entities, in source file gerenciar_memoria_ram.v
    Info (12023): Found entity 1: gerenciar_memoria_ram File: /home/lucas/uefs/pbl/Zoom-FPGA/coprecessador/gerenciar_memoria_ram.v Line: 1
Info (12021): Found 1 design units, including 1 entities, in source file decodificador.v
    Info (12023): Found entity 1: decodificador File: /home/lucas/uefs/pbl/Zoom-FPGA/coprecessador/decodificador.v Line: 1
Warning (10236): Verilog HDL Implicit Net warning at altera_edge_detector.v(21): created implicit net for "reset_qual_n" File: /home/lucas/uefs/pbl/Zoom-FPGA/coprecessador/ip/edge_detect/altera_edge_detector.v Line: 21
Warning (10236): Verilog HDL Implicit Net warning at hps_sdram_pll.sv(168): created implicit net for "pll_dr_clk" File: /home/lucas/uefs/pbl/Zoom-FPGA/coprecessador/soc_system/synthesis/submodules/hps_sdram_pll.sv Line: 168
Info (12127): Elaborating entity "unidade_de_controle" for the top level hierarchy
Warning (10230): Verilog HDL assignment warning at unidade_de_controle.v(286): truncated value with size 17 to match size of target (9) File: /home/lucas/uefs/pbl/Zoom-FPGA/coprecessador/unidade_de_controle.v Line: 286
Warning (10230): Verilog HDL assignment warning at unidade_de_controle.v(287): truncated value with size 17 to match size of target (9) File: /home/lucas/uefs/pbl/Zoom-FPGA/coprecessador/unidade_de_controle.v Line: 287
Info (10264): Verilog HDL Case Statement information at unidade_de_controle.v(289): all case item expressions in this case statement are onehot File: /home/lucas/uefs/pbl/Zoom-FPGA/coprecessador/unidade_de_controle.v Line: 289
Warning (10230): Verilog HDL assignment warning at unidade_de_controle.v(372): truncated value with size 17 to match size of target (9) File: /home/lucas/uefs/pbl/Zoom-FPGA/coprecessador/unidade_de_controle.v Line: 372
Warning (10230): Verilog HDL assignment warning at unidade_de_controle.v(373): truncated value with size 17 to match size of target (9) File: /home/lucas/uefs/pbl/Zoom-FPGA/coprecessador/unidade_de_controle.v Line: 373
Info (10264): Verilog HDL Case Statement information at unidade_de_controle.v(375): all case item expressions in this case statement are onehot File: /home/lucas/uefs/pbl/Zoom-FPGA/coprecessador/unidade_de_controle.v Line: 375
Warning (10230): Verilog HDL assignment warning at unidade_de_controle.v(439): truncated value with size 17 to match size of target (9) File: /home/lucas/uefs/pbl/Zoom-FPGA/coprecessador/unidade_de_controle.v Line: 439
Warning (10230): Verilog HDL assignment warning at unidade_de_controle.v(440): truncated value with size 17 to match size of target (9) File: /home/lucas/uefs/pbl/Zoom-FPGA/coprecessador/unidade_de_controle.v Line: 440
Warning (10230): Verilog HDL assignment warning at unidade_de_controle.v(445): truncated value with size 32 to match size of target (17) File: /home/lucas/uefs/pbl/Zoom-FPGA/coprecessador/unidade_de_controle.v Line: 445
Warning (10230): Verilog HDL assignment warning at unidade_de_controle.v(451): truncated value with size 32 to match size of target (17) File: /home/lucas/uefs/pbl/Zoom-FPGA/coprecessador/unidade_de_controle.v Line: 451
Warning (10230): Verilog HDL assignment warning at unidade_de_controle.v(457): truncated value with size 32 to match size of target (17) File: /home/lucas/uefs/pbl/Zoom-FPGA/coprecessador/unidade_de_controle.v Line: 457
Warning (10230): Verilog HDL assignment warning at unidade_de_controle.v(463): truncated value with size 32 to match size of target (17) File: /home/lucas/uefs/pbl/Zoom-FPGA/coprecessador/unidade_de_controle.v Line: 463
Info (10264): Verilog HDL Case Statement information at unidade_de_controle.v(443): all case item expressions in this case statement are onehot File: /home/lucas/uefs/pbl/Zoom-FPGA/coprecessador/unidade_de_controle.v Line: 443
Warning (10240): Verilog HDL Always Construct warning at unidade_de_controle.v(158): inferring latch(es) for variable "coluna", which holds its previous value in one or more paths through the always construct File: /home/lucas/uefs/pbl/Zoom-FPGA/coprecessador/unidade_de_controle.v Line: 158
Warning (10240): Verilog HDL Always Construct warning at unidade_de_controle.v(158): inferring latch(es) for variable "linha", which holds its previous value in one or more paths through the always construct File: /home/lucas/uefs/pbl/Zoom-FPGA/coprecessador/unidade_de_controle.v Line: 158
Info (10041): Inferred latch for "linha[0]" at unidade_de_controle.v(158) File: /home/lucas/uefs/pbl/Zoom-FPGA/coprecessador/unidade_de_controle.v Line: 158
Info (10041): Inferred latch for "coluna[0]" at unidade_de_controle.v(158) File: /home/lucas/uefs/pbl/Zoom-FPGA/coprecessador/unidade_de_controle.v Line: 158
Info (12128): Elaborating entity "debounce_bt" for hierarchy "debounce_bt:debouce_reset" File: /home/lucas/uefs/pbl/Zoom-FPGA/coprecessador/unidade_de_controle.v Line: 29
Info (12128): Elaborating entity "clock_div" for hierarchy "debounce_bt:debouce_reset|clock_div:u1" File: /home/lucas/uefs/pbl/Zoom-FPGA/coprecessador/debouce_bt.v Line: 8
Warning (10230): Verilog HDL assignment warning at debouce_bt.v(25): truncated value with size 32 to match size of target (27) File: /home/lucas/uefs/pbl/Zoom-FPGA/coprecessador/debouce_bt.v Line: 25
Info (12128): Elaborating entity "my_dff" for hierarchy "debounce_bt:debouce_reset|my_dff:d0" File: /home/lucas/uefs/pbl/Zoom-FPGA/coprecessador/debouce_bt.v Line: 10
Info (12128): Elaborating entity "divisor_clock_por_2" for hierarchy "divisor_clock_por_2:divisor_clock_50MHZ" File: /home/lucas/uefs/pbl/Zoom-FPGA/coprecessador/unidade_de_controle.v Line: 41
Info (12128): Elaborating entity "gerenciar_memoria_ram" for hierarchy "gerenciar_memoria_ram:gmr" File: /home/lucas/uefs/pbl/Zoom-FPGA/coprecessador/unidade_de_controle.v Line: 538
Info (12128): Elaborating entity "ram_leitura_2" for hierarchy "gerenciar_memoria_ram:gmr|ram_leitura_2:ram_leitura_2_inst" File: /home/lucas/uefs/pbl/Zoom-FPGA/coprecessador/gerenciar_memoria_ram.v Line: 25
Info (12128): Elaborating entity "altsyncram" for hierarchy "gerenciar_memoria_ram:gmr|ram_leitura_2:ram_leitura_2_inst|altsyncram:altsyncram_component" File: /home/lucas/uefs/pbl/Zoom-FPGA/coprecessador/ram_leitura_2.v Line: 100
Info (12130): Elaborated megafunction instantiation "gerenciar_memoria_ram:gmr|ram_leitura_2:ram_leitura_2_inst|altsyncram:altsyncram_component" File: /home/lucas/uefs/pbl/Zoom-FPGA/coprecessador/ram_leitura_2.v Line: 100
Info (12133): Instantiated megafunction "gerenciar_memoria_ram:gmr|ram_leitura_2:ram_leitura_2_inst|altsyncram:altsyncram_component" with the following parameter: File: /home/lucas/uefs/pbl/Zoom-FPGA/coprecessador/ram_leitura_2.v Line: 100
    Info (12134): Parameter "address_reg_b" = "CLOCK1"
    Info (12134): Parameter "clock_enable_input_a" = "BYPASS"
    Info (12134): Parameter "clock_enable_input_b" = "BYPASS"
    Info (12134): Parameter "clock_enable_output_a" = "BYPASS"
    Info (12134): Parameter "clock_enable_output_b" = "BYPASS"
    Info (12134): Parameter "indata_reg_b" = "CLOCK1"
    Info (12134): Parameter "init_file" = "memoria_bahia.mif"
    Info (12134): Parameter "intended_device_family" = "Cyclone V"
    Info (12134): Parameter "lpm_type" = "altsyncram"
    Info (12134): Parameter "numwords_a" = "76800"
    Info (12134): Parameter "numwords_b" = "76800"
    Info (12134): Parameter "operation_mode" = "BIDIR_DUAL_PORT"
    Info (12134): Parameter "outdata_aclr_a" = "NONE"
    Info (12134): Parameter "outdata_aclr_b" = "NONE"
    Info (12134): Parameter "outdata_reg_a" = "CLOCK0"
    Info (12134): Parameter "outdata_reg_b" = "CLOCK1"
    Info (12134): Parameter "power_up_uninitialized" = "FALSE"
    Info (12134): Parameter "ram_block_type" = "M10K"
    Info (12134): Parameter "read_during_write_mode_port_a" = "NEW_DATA_NO_NBE_READ"
    Info (12134): Parameter "read_during_write_mode_port_b" = "NEW_DATA_NO_NBE_READ"
    Info (12134): Parameter "widthad_a" = "17"
    Info (12134): Parameter "widthad_b" = "17"
    Info (12134): Parameter "width_a" = "8"
    Info (12134): Parameter "width_b" = "8"
    Info (12134): Parameter "width_byteena_a" = "1"
    Info (12134): Parameter "width_byteena_b" = "1"
    Info (12134): Parameter "wrcontrol_wraddress_reg_b" = "CLOCK1"
Info (12021): Found 1 design units, including 1 entities, in source file db/altsyncram_f3n2.tdf
    Info (12023): Found entity 1: altsyncram_f3n2 File: /home/lucas/uefs/pbl/Zoom-FPGA/coprecessador/db/altsyncram_f3n2.tdf Line: 34
Info (12128): Elaborating entity "altsyncram_f3n2" for hierarchy "gerenciar_memoria_ram:gmr|ram_leitura_2:ram_leitura_2_inst|altsyncram:altsyncram_component|altsyncram_f3n2:auto_generated" File: /home/lucas/intelFPGA_lite/23.1std/quartus/libraries/megafunctions/altsyncram.tdf Line: 792
Info (12021): Found 1 design units, including 1 entities, in source file db/decode_nma.tdf
    Info (12023): Found entity 1: decode_nma File: /home/lucas/uefs/pbl/Zoom-FPGA/coprecessador/db/decode_nma.tdf Line: 23
Info (12128): Elaborating entity "decode_nma" for hierarchy "gerenciar_memoria_ram:gmr|ram_leitura_2:ram_leitura_2_inst|altsyncram:altsyncram_component|altsyncram_f3n2:auto_generated|decode_nma:decode2" File: /home/lucas/uefs/pbl/Zoom-FPGA/coprecessador/db/altsyncram_f3n2.tdf Line: 52
Info (12021): Found 1 design units, including 1 entities, in source file db/decode_g2a.tdf
    Info (12023): Found entity 1: decode_g2a File: /home/lucas/uefs/pbl/Zoom-FPGA/coprecessador/db/decode_g2a.tdf Line: 23
Info (12128): Elaborating entity "decode_g2a" for hierarchy "gerenciar_memoria_ram:gmr|ram_leitura_2:ram_leitura_2_inst|altsyncram:altsyncram_component|altsyncram_f3n2:auto_generated|decode_g2a:rden_decode_a" File: /home/lucas/uefs/pbl/Zoom-FPGA/coprecessador/db/altsyncram_f3n2.tdf Line: 54
Info (12021): Found 1 design units, including 1 entities, in source file db/mux_7hb.tdf
    Info (12023): Found entity 1: mux_7hb File: /home/lucas/uefs/pbl/Zoom-FPGA/coprecessador/db/mux_7hb.tdf Line: 23
Info (12128): Elaborating entity "mux_7hb" for hierarchy "gerenciar_memoria_ram:gmr|ram_leitura_2:ram_leitura_2_inst|altsyncram:altsyncram_component|altsyncram_f3n2:auto_generated|mux_7hb:mux4" File: /home/lucas/uefs/pbl/Zoom-FPGA/coprecessador/db/altsyncram_f3n2.tdf Line: 56
Info (12128): Elaborating entity "alu" for hierarchy "alu:alu" File: /home/lucas/uefs/pbl/Zoom-FPGA/coprecessador/unidade_de_controle.v Line: 551
Warning (10230): Verilog HDL assignment warning at alu.v(22): truncated value with size 10 to match size of target (8) File: /home/lucas/uefs/pbl/Zoom-FPGA/coprecessador/alu.v Line: 22
Info (12128): Elaborating entity "clock_75mhz" for hierarchy "clock_75mhz:clock_75" File: /home/lucas/uefs/pbl/Zoom-FPGA/coprecessador/unidade_de_controle.v Line: 559
Info (12128): Elaborating entity "clock_75mhz_0002" for hierarchy "clock_75mhz:clock_75|clock_75mhz_0002:clock_75mhz_inst" File: /home/lucas/uefs/pbl/Zoom-FPGA/coprecessador/clock_75mhz.v Line: 20
Info (12128): Elaborating entity "altera_pll" for hierarchy "clock_75mhz:clock_75|clock_75mhz_0002:clock_75mhz_inst|altera_pll:altera_pll_i" File: /home/lucas/uefs/pbl/Zoom-FPGA/coprecessador/clock_75mhz/clock_75mhz_0002.v Line: 85
Info (10008): Verilog HDL or VHDL information: EDA Netlist Writer cannot regroup multidimensional array "wire_to_nowhere_64" into its bus
Info (12130): Elaborated megafunction instantiation "clock_75mhz:clock_75|clock_75mhz_0002:clock_75mhz_inst|altera_pll:altera_pll_i" File: /home/lucas/uefs/pbl/Zoom-FPGA/coprecessador/clock_75mhz/clock_75mhz_0002.v Line: 85
Info (12133): Instantiated megafunction "clock_75mhz:clock_75|clock_75mhz_0002:clock_75mhz_inst|altera_pll:altera_pll_i" with the following parameter: File: /home/lucas/uefs/pbl/Zoom-FPGA/coprecessador/clock_75mhz/clock_75mhz_0002.v Line: 85
    Info (12134): Parameter "fractional_vco_multiplier" = "false"
    Info (12134): Parameter "reference_clock_frequency" = "50.0 MHz"
    Info (12134): Parameter "operation_mode" = "direct"
    Info (12134): Parameter "number_of_clocks" = "1"
    Info (12134): Parameter "output_clock_frequency0" = "75.000000 MHz"
    Info (12134): Parameter "phase_shift0" = "0 ps"
    Info (12134): Parameter "duty_cycle0" = "50"
    Info (12134): Parameter "output_clock_frequency1" = "0 MHz"
    Info (12134): Parameter "phase_shift1" = "0 ps"
    Info (12134): Parameter "duty_cycle1" = "50"
    Info (12134): Parameter "output_clock_frequency2" = "0 MHz"
    Info (12134): Parameter "phase_shift2" = "0 ps"
    Info (12134): Parameter "duty_cycle2" = "50"
    Info (12134): Parameter "output_clock_frequency3" = "0 MHz"
    Info (12134): Parameter "phase_shift3" = "0 ps"
    Info (12134): Parameter "duty_cycle3" = "50"
    Info (12134): Parameter "output_clock_frequency4" = "0 MHz"
    Info (12134): Parameter "phase_shift4" = "0 ps"
    Info (12134): Parameter "duty_cycle4" = "50"
    Info (12134): Parameter "output_clock_frequency5" = "0 MHz"
    Info (12134): Parameter "phase_shift5" = "0 ps"
    Info (12134): Parameter "duty_cycle5" = "50"
    Info (12134): Parameter "output_clock_frequency6" = "0 MHz"
    Info (12134): Parameter "phase_shift6" = "0 ps"
    Info (12134): Parameter "duty_cycle6" = "50"
    Info (12134): Parameter "output_clock_frequency7" = "0 MHz"
    Info (12134): Parameter "phase_shift7" = "0 ps"
    Info (12134): Parameter "duty_cycle7" = "50"
    Info (12134): Parameter "output_clock_frequency8" = "0 MHz"
    Info (12134): Parameter "phase_shift8" = "0 ps"
    Info (12134): Parameter "duty_cycle8" = "50"
    Info (12134): Parameter "output_clock_frequency9" = "0 MHz"
    Info (12134): Parameter "phase_shift9" = "0 ps"
    Info (12134): Parameter "duty_cycle9" = "50"
    Info (12134): Parameter "output_clock_frequency10" = "0 MHz"
    Info (12134): Parameter "phase_shift10" = "0 ps"
    Info (12134): Parameter "duty_cycle10" = "50"
    Info (12134): Parameter "output_clock_frequency11" = "0 MHz"
    Info (12134): Parameter "phase_shift11" = "0 ps"
    Info (12134): Parameter "duty_cycle11" = "50"
    Info (12134): Parameter "output_clock_frequency12" = "0 MHz"
    Info (12134): Parameter "phase_shift12" = "0 ps"
    Info (12134): Parameter "duty_cycle12" = "50"
    Info (12134): Parameter "output_clock_frequency13" = "0 MHz"
    Info (12134): Parameter "phase_shift13" = "0 ps"
    Info (12134): Parameter "duty_cycle13" = "50"
    Info (12134): Parameter "output_clock_frequency14" = "0 MHz"
    Info (12134): Parameter "phase_shift14" = "0 ps"
    Info (12134): Parameter "duty_cycle14" = "50"
    Info (12134): Parameter "output_clock_frequency15" = "0 MHz"
    Info (12134): Parameter "phase_shift15" = "0 ps"
    Info (12134): Parameter "duty_cycle15" = "50"
    Info (12134): Parameter "output_clock_frequency16" = "0 MHz"
    Info (12134): Parameter "phase_shift16" = "0 ps"
    Info (12134): Parameter "duty_cycle16" = "50"
    Info (12134): Parameter "output_clock_frequency17" = "0 MHz"
    Info (12134): Parameter "phase_shift17" = "0 ps"
    Info (12134): Parameter "duty_cycle17" = "50"
    Info (12134): Parameter "pll_type" = "General"
    Info (12134): Parameter "pll_subtype" = "General"
Info (12128): Elaborating entity "decodificador" for hierarchy "decodificador:decoder_instrucao" File: /home/lucas/uefs/pbl/Zoom-FPGA/coprecessador/unidade_de_controle.v Line: 575
Warning (10270): Verilog HDL Case Statement warning at decodificador.v(52): incomplete case statement has no default case item File: /home/lucas/uefs/pbl/Zoom-FPGA/coprecessador/decodificador.v Line: 52
Warning (10240): Verilog HDL Always Construct warning at decodificador.v(50): inferring latch(es) for variable "pixel", which holds its previous value in one or more paths through the always construct File: /home/lucas/uefs/pbl/Zoom-FPGA/coprecessador/decodificador.v Line: 50
Warning (10240): Verilog HDL Always Construct warning at decodificador.v(50): inferring latch(es) for variable "endereco_para_escrita", which holds its previous value in one or more paths through the always construct File: /home/lucas/uefs/pbl/Zoom-FPGA/coprecessador/decodificador.v Line: 50
Info (10041): Inferred latch for "endereco_para_escrita[0]" at decodificador.v(50) File: /home/lucas/uefs/pbl/Zoom-FPGA/coprecessador/decodificador.v Line: 50
Info (10041): Inferred latch for "endereco_para_escrita[1]" at decodificador.v(50) File: /home/lucas/uefs/pbl/Zoom-FPGA/coprecessador/decodificador.v Line: 50
Info (10041): Inferred latch for "endereco_para_escrita[2]" at decodificador.v(50) File: /home/lucas/uefs/pbl/Zoom-FPGA/coprecessador/decodificador.v Line: 50
Info (10041): Inferred latch for "endereco_para_escrita[3]" at decodificador.v(50) File: /home/lucas/uefs/pbl/Zoom-FPGA/coprecessador/decodificador.v Line: 50
Info (10041): Inferred latch for "endereco_para_escrita[4]" at decodificador.v(50) File: /home/lucas/uefs/pbl/Zoom-FPGA/coprecessador/decodificador.v Line: 50
Info (10041): Inferred latch for "endereco_para_escrita[5]" at decodificador.v(50) File: /home/lucas/uefs/pbl/Zoom-FPGA/coprecessador/decodificador.v Line: 50
Info (10041): Inferred latch for "endereco_para_escrita[6]" at decodificador.v(50) File: /home/lucas/uefs/pbl/Zoom-FPGA/coprecessador/decodificador.v Line: 50
Info (10041): Inferred latch for "endereco_para_escrita[7]" at decodificador.v(50) File: /home/lucas/uefs/pbl/Zoom-FPGA/coprecessador/decodificador.v Line: 50
Info (10041): Inferred latch for "endereco_para_escrita[8]" at decodificador.v(50) File: /home/lucas/uefs/pbl/Zoom-FPGA/coprecessador/decodificador.v Line: 50
Info (10041): Inferred latch for "endereco_para_escrita[9]" at decodificador.v(50) File: /home/lucas/uefs/pbl/Zoom-FPGA/coprecessador/decodificador.v Line: 50
Info (10041): Inferred latch for "endereco_para_escrita[10]" at decodificador.v(50) File: /home/lucas/uefs/pbl/Zoom-FPGA/coprecessador/decodificador.v Line: 50
Info (10041): Inferred latch for "endereco_para_escrita[11]" at decodificador.v(50) File: /home/lucas/uefs/pbl/Zoom-FPGA/coprecessador/decodificador.v Line: 50
Info (10041): Inferred latch for "endereco_para_escrita[12]" at decodificador.v(50) File: /home/lucas/uefs/pbl/Zoom-FPGA/coprecessador/decodificador.v Line: 50
Info (10041): Inferred latch for "endereco_para_escrita[13]" at decodificador.v(50) File: /home/lucas/uefs/pbl/Zoom-FPGA/coprecessador/decodificador.v Line: 50
Info (10041): Inferred latch for "endereco_para_escrita[14]" at decodificador.v(50) File: /home/lucas/uefs/pbl/Zoom-FPGA/coprecessador/decodificador.v Line: 50
Info (10041): Inferred latch for "endereco_para_escrita[15]" at decodificador.v(50) File: /home/lucas/uefs/pbl/Zoom-FPGA/coprecessador/decodificador.v Line: 50
Info (10041): Inferred latch for "endereco_para_escrita[16]" at decodificador.v(50) File: /home/lucas/uefs/pbl/Zoom-FPGA/coprecessador/decodificador.v Line: 50
Info (10041): Inferred latch for "pixel[0]" at decodificador.v(50) File: /home/lucas/uefs/pbl/Zoom-FPGA/coprecessador/decodificador.v Line: 50
Info (10041): Inferred latch for "pixel[1]" at decodificador.v(50) File: /home/lucas/uefs/pbl/Zoom-FPGA/coprecessador/decodificador.v Line: 50
Info (10041): Inferred latch for "pixel[2]" at decodificador.v(50) File: /home/lucas/uefs/pbl/Zoom-FPGA/coprecessador/decodificador.v Line: 50
Info (10041): Inferred latch for "pixel[3]" at decodificador.v(50) File: /home/lucas/uefs/pbl/Zoom-FPGA/coprecessador/decodificador.v Line: 50
Info (10041): Inferred latch for "pixel[4]" at decodificador.v(50) File: /home/lucas/uefs/pbl/Zoom-FPGA/coprecessador/decodificador.v Line: 50
Info (10041): Inferred latch for "pixel[5]" at decodificador.v(50) File: /home/lucas/uefs/pbl/Zoom-FPGA/coprecessador/decodificador.v Line: 50
Info (10041): Inferred latch for "pixel[6]" at decodificador.v(50) File: /home/lucas/uefs/pbl/Zoom-FPGA/coprecessador/decodificador.v Line: 50
Info (10041): Inferred latch for "pixel[7]" at decodificador.v(50) File: /home/lucas/uefs/pbl/Zoom-FPGA/coprecessador/decodificador.v Line: 50
Info (12128): Elaborating entity "delayed_clock_generator" for hierarchy "decodificador:decoder_instrucao|delayed_clock_generator:gerador_de_sinal" File: /home/lucas/uefs/pbl/Zoom-FPGA/coprecessador/decodificador.v Line: 29
Info (12128): Elaborating entity "controle_vga" for hierarchy "controle_vga:controle_saida" File: /home/lucas/uefs/pbl/Zoom-FPGA/coprecessador/unidade_de_controle.v Line: 599
Warning (10230): Verilog HDL assignment warning at controle_vga.v(97): truncated value with size 32 to match size of target (17) File: /home/lucas/uefs/pbl/Zoom-FPGA/coprecessador/controle_vga.v Line: 97
Warning (10230): Verilog HDL assignment warning at controle_vga.v(105): truncated value with size 32 to match size of target (17) File: /home/lucas/uefs/pbl/Zoom-FPGA/coprecessador/controle_vga.v Line: 105
Warning (10230): Verilog HDL assignment warning at controle_vga.v(120): truncated value with size 32 to match size of target (17) File: /home/lucas/uefs/pbl/Zoom-FPGA/coprecessador/controle_vga.v Line: 120
Info (12128): Elaborating entity "ram_secundaria" for hierarchy "controle_vga:controle_saida|ram_secundaria:ram_inst" File: /home/lucas/uefs/pbl/Zoom-FPGA/coprecessador/controle_vga.v Line: 42
Info (12128): Elaborating entity "fifo_a" for hierarchy "controle_vga:controle_saida|fifo_a:fifo_inst" File: /home/lucas/uefs/pbl/Zoom-FPGA/coprecessador/controle_vga.v Line: 61
Info (12128): Elaborating entity "scfifo" for hierarchy "controle_vga:controle_saida|fifo_a:fifo_inst|scfifo:scfifo_component" File: /home/lucas/uefs/pbl/Zoom-FPGA/coprecessador/fifo_a.v Line: 77
Info (12130): Elaborated megafunction instantiation "controle_vga:controle_saida|fifo_a:fifo_inst|scfifo:scfifo_component" File: /home/lucas/uefs/pbl/Zoom-FPGA/coprecessador/fifo_a.v Line: 77
Info (12133): Instantiated megafunction "controle_vga:controle_saida|fifo_a:fifo_inst|scfifo:scfifo_component" with the following parameter: File: /home/lucas/uefs/pbl/Zoom-FPGA/coprecessador/fifo_a.v Line: 77
    Info (12134): Parameter "add_ram_output_register" = "ON"
    Info (12134): Parameter "intended_device_family" = "Cyclone V"
    Info (12134): Parameter "lpm_hint" = "RAM_BLOCK_TYPE=M10K"
    Info (12134): Parameter "lpm_numwords" = "512"
    Info (12134): Parameter "lpm_showahead" = "OFF"
    Info (12134): Parameter "lpm_type" = "scfifo"
    Info (12134): Parameter "lpm_width" = "8"
    Info (12134): Parameter "lpm_widthu" = "9"
    Info (12134): Parameter "overflow_checking" = "ON"
    Info (12134): Parameter "underflow_checking" = "ON"
    Info (12134): Parameter "use_eab" = "ON"
Info (12021): Found 1 design units, including 1 entities, in source file db/scfifo_7nd1.tdf
    Info (12023): Found entity 1: scfifo_7nd1 File: /home/lucas/uefs/pbl/Zoom-FPGA/coprecessador/db/scfifo_7nd1.tdf Line: 25
Info (12128): Elaborating entity "scfifo_7nd1" for hierarchy "controle_vga:controle_saida|fifo_a:fifo_inst|scfifo:scfifo_component|scfifo_7nd1:auto_generated" File: /home/lucas/intelFPGA_lite/23.1std/quartus/libraries/megafunctions/scfifo.tdf Line: 300
Info (12021): Found 1 design units, including 1 entities, in source file db/a_dpfifo_90c1.tdf
    Info (12023): Found entity 1: a_dpfifo_90c1 File: /home/lucas/uefs/pbl/Zoom-FPGA/coprecessador/db/a_dpfifo_90c1.tdf Line: 33
Info (12128): Elaborating entity "a_dpfifo_90c1" for hierarchy "controle_vga:controle_saida|fifo_a:fifo_inst|scfifo:scfifo_component|scfifo_7nd1:auto_generated|a_dpfifo_90c1:dpfifo" File: /home/lucas/uefs/pbl/Zoom-FPGA/coprecessador/db/scfifo_7nd1.tdf Line: 36
Info (12021): Found 1 design units, including 1 entities, in source file db/altsyncram_kep1.tdf
    Info (12023): Found entity 1: altsyncram_kep1 File: /home/lucas/uefs/pbl/Zoom-FPGA/coprecessador/db/altsyncram_kep1.tdf Line: 28
Info (12128): Elaborating entity "altsyncram_kep1" for hierarchy "controle_vga:controle_saida|fifo_a:fifo_inst|scfifo:scfifo_component|scfifo_7nd1:auto_generated|a_dpfifo_90c1:dpfifo|altsyncram_kep1:FIFOram" File: /home/lucas/uefs/pbl/Zoom-FPGA/coprecessador/db/a_dpfifo_90c1.tdf Line: 45
Info (12021): Found 1 design units, including 1 entities, in source file db/cmpr_8l8.tdf
    Info (12023): Found entity 1: cmpr_8l8 File: /home/lucas/uefs/pbl/Zoom-FPGA/coprecessador/db/cmpr_8l8.tdf Line: 23
Info (12128): Elaborating entity "cmpr_8l8" for hierarchy "controle_vga:controle_saida|fifo_a:fifo_inst|scfifo:scfifo_component|scfifo_7nd1:auto_generated|a_dpfifo_90c1:dpfifo|cmpr_8l8:almost_full_comparer" File: /home/lucas/uefs/pbl/Zoom-FPGA/coprecessador/db/a_dpfifo_90c1.tdf Line: 53
Info (12128): Elaborating entity "cmpr_8l8" for hierarchy "controle_vga:controle_saida|fifo_a:fifo_inst|scfifo:scfifo_component|scfifo_7nd1:auto_generated|a_dpfifo_90c1:dpfifo|cmpr_8l8:two_comparison" File: /home/lucas/uefs/pbl/Zoom-FPGA/coprecessador/db/a_dpfifo_90c1.tdf Line: 54
Info (12021): Found 1 design units, including 1 entities, in source file db/cntr_j2b.tdf
    Info (12023): Found entity 1: cntr_j2b File: /home/lucas/uefs/pbl/Zoom-FPGA/coprecessador/db/cntr_j2b.tdf Line: 26
Info (12128): Elaborating entity "cntr_j2b" for hierarchy "controle_vga:controle_saida|fifo_a:fifo_inst|scfifo:scfifo_component|scfifo_7nd1:auto_generated|a_dpfifo_90c1:dpfifo|cntr_j2b:rd_ptr_msb" File: /home/lucas/uefs/pbl/Zoom-FPGA/coprecessador/db/a_dpfifo_90c1.tdf Line: 55
Info (12021): Found 1 design units, including 1 entities, in source file db/cntr_037.tdf
    Info (12023): Found entity 1: cntr_037 File: /home/lucas/uefs/pbl/Zoom-FPGA/coprecessador/db/cntr_037.tdf Line: 26
Info (12128): Elaborating entity "cntr_037" for hierarchy "controle_vga:controle_saida|fifo_a:fifo_inst|scfifo:scfifo_component|scfifo_7nd1:auto_generated|a_dpfifo_90c1:dpfifo|cntr_037:usedw_counter" File: /home/lucas/uefs/pbl/Zoom-FPGA/coprecessador/db/a_dpfifo_90c1.tdf Line: 56
Info (12021): Found 1 design units, including 1 entities, in source file db/cntr_k2b.tdf
    Info (12023): Found entity 1: cntr_k2b File: /home/lucas/uefs/pbl/Zoom-FPGA/coprecessador/db/cntr_k2b.tdf Line: 26
Info (12128): Elaborating entity "cntr_k2b" for hierarchy "controle_vga:controle_saida|fifo_a:fifo_inst|scfifo:scfifo_component|scfifo_7nd1:auto_generated|a_dpfifo_90c1:dpfifo|cntr_k2b:wr_ptr" File: /home/lucas/uefs/pbl/Zoom-FPGA/coprecessador/db/a_dpfifo_90c1.tdf Line: 57
Info (12128): Elaborating entity "vga_module" for hierarchy "controle_vga:controle_saida|vga_module:vga" File: /home/lucas/uefs/pbl/Zoom-FPGA/coprecessador/controle_vga.v Line: 157
Info (278001): Inferred 2 megafunctions from design logic
    Info (278004): Inferred divider/modulo megafunction ("lpm_divide") from the following logic: "Div0" File: /home/lucas/uefs/pbl/Zoom-FPGA/coprecessador/unidade_de_controle.v Line: 216
    Info (278004): Inferred divider/modulo megafunction ("lpm_divide") from the following logic: "Mod0" File: /home/lucas/uefs/pbl/Zoom-FPGA/coprecessador/unidade_de_controle.v Line: 216
Info (12130): Elaborated megafunction instantiation "lpm_divide:Div0" File: /home/lucas/uefs/pbl/Zoom-FPGA/coprecessador/unidade_de_controle.v Line: 216
Info (12133): Instantiated megafunction "lpm_divide:Div0" with the following parameter: File: /home/lucas/uefs/pbl/Zoom-FPGA/coprecessador/unidade_de_controle.v Line: 216
    Info (12134): Parameter "LPM_WIDTHN" = "17"
    Info (12134): Parameter "LPM_WIDTHD" = "9"
    Info (12134): Parameter "LPM_NREPRESENTATION" = "UNSIGNED"
    Info (12134): Parameter "LPM_DREPRESENTATION" = "UNSIGNED"
Info (12021): Found 1 design units, including 1 entities, in source file db/lpm_divide_qbm.tdf
    Info (12023): Found entity 1: lpm_divide_qbm File: /home/lucas/uefs/pbl/Zoom-FPGA/coprecessador/db/lpm_divide_qbm.tdf Line: 25
Info (12021): Found 1 design units, including 1 entities, in source file db/sign_div_unsign_0mh.tdf
    Info (12023): Found entity 1: sign_div_unsign_0mh File: /home/lucas/uefs/pbl/Zoom-FPGA/coprecessador/db/sign_div_unsign_0mh.tdf Line: 25
Info (12021): Found 1 design units, including 1 entities, in source file db/alt_u_div_60f.tdf
    Info (12023): Found entity 1: alt_u_div_60f File: /home/lucas/uefs/pbl/Zoom-FPGA/coprecessador/db/alt_u_div_60f.tdf Line: 23
Info (12130): Elaborated megafunction instantiation "lpm_divide:Mod0" File: /home/lucas/uefs/pbl/Zoom-FPGA/coprecessador/unidade_de_controle.v Line: 216
Info (12133): Instantiated megafunction "lpm_divide:Mod0" with the following parameter: File: /home/lucas/uefs/pbl/Zoom-FPGA/coprecessador/unidade_de_controle.v Line: 216
    Info (12134): Parameter "LPM_WIDTHN" = "17"
    Info (12134): Parameter "LPM_WIDTHD" = "9"
    Info (12134): Parameter "LPM_NREPRESENTATION" = "UNSIGNED"
    Info (12134): Parameter "LPM_DREPRESENTATION" = "UNSIGNED"
Info (12021): Found 1 design units, including 1 entities, in source file db/lpm_divide_t3m.tdf
    Info (12023): Found entity 1: lpm_divide_t3m File: /home/lucas/uefs/pbl/Zoom-FPGA/coprecessador/db/lpm_divide_t3m.tdf Line: 25
Warning (13024): Output pins are stuck at VCC or GND
    Warning (13410): Pin "sync" is stuck at GND File: /home/lucas/uefs/pbl/Zoom-FPGA/coprecessador/unidade_de_controle.v Line: 13
Info (286030): Timing-Driven Synthesis is running
Info (17049): 21 registers lost all their fanouts during netlist optimizations.
Warning (20013): Ignored 12 assignments for entity "altera_avalon_packets_to_master" -- entity does not exist in design
Warning (20013): Ignored 23 assignments for entity "altera_avalon_sc_fifo" -- entity does not exist in design
Warning (20013): Ignored 12 assignments for entity "altera_avalon_st_bytes_to_packets" -- entity does not exist in design
Warning (20013): Ignored 18 assignments for entity "altera_avalon_st_jtag_interface" -- entity does not exist in design
Warning (20013): Ignored 12 assignments for entity "altera_avalon_st_packets_to_bytes" -- entity does not exist in design
Warning (20013): Ignored 67 assignments for entity "altera_merlin_axi_master_ni" -- entity does not exist in design
Warning (20013): Ignored 66 assignments for entity "altera_merlin_axi_slave_ni" -- entity does not exist in design
Warning (20013): Ignored 43 assignments for entity "altera_merlin_burst_adapter" -- entity does not exist in design
Warning (20013): Ignored 64 assignments for entity "altera_merlin_master_agent" -- entity does not exist in design
Warning (20013): Ignored 55 assignments for entity "altera_merlin_master_translator" -- entity does not exist in design
Warning (20013): Ignored 53 assignments for entity "altera_merlin_slave_agent" -- entity does not exist in design
Warning (20013): Ignored 68 assignments for entity "altera_merlin_slave_translator" -- entity does not exist in design
Warning (20013): Ignored 34 assignments for entity "altera_merlin_traffic_limiter" -- entity does not exist in design
Warning (20013): Ignored 60 assignments for entity "altera_merlin_width_adapter" -- entity does not exist in design
Warning (20013): Ignored 35 assignments for entity "altera_reset_controller" -- entity does not exist in design
Warning (20013): Ignored 12 assignments for entity "intr_capturer" -- entity does not exist in design
Warning (20013): Ignored 19 assignments for entity "soc_system" -- entity does not exist in design
Warning (20013): Ignored 16 assignments for entity "soc_system_fpga_only_master" -- entity does not exist in design
Warning (20013): Ignored 21 assignments for entity "soc_system_fpga_only_master_b2p_adapter" -- entity does not exist in design
Warning (20013): Ignored 21 assignments for entity "soc_system_fpga_only_master_p2b_adapter" -- entity does not exist in design
Warning (20013): Ignored 21 assignments for entity "soc_system_fpga_only_master_timing_adt" -- entity does not exist in design
Warning (20013): Ignored 1744 assignments for entity "soc_system_hps_0" -- entity does not exist in design
Warning (20013): Ignored 1340 assignments for entity "soc_system_hps_0_fpga_interfaces" -- entity does not exist in design
Warning (20013): Ignored 1335 assignments for entity "soc_system_hps_0_hps_io" -- entity does not exist in design
Warning (20013): Ignored 1355 assignments for entity "soc_system_hps_0_hps_io_border" -- entity does not exist in design
Warning (20013): Ignored 14 assignments for entity "soc_system_irq_mapper" -- entity does not exist in design
Warning (20013): Ignored 13 assignments for entity "soc_system_irq_mapper_001" -- entity does not exist in design
Warning (20013): Ignored 24 assignments for entity "soc_system_jtag_uart" -- entity does not exist in design
Warning (20013): Ignored 12 assignments for entity "soc_system_mm_interconnect_0" -- entity does not exist in design
Warning (20013): Ignored 32 assignments for entity "soc_system_mm_interconnect_0_avalon_st_adapter" -- entity does not exist in design
Warning (20013): Ignored 32 assignments for entity "soc_system_mm_interconnect_0_avalon_st_adapter_001" -- entity does not exist in design
Warning (20013): Ignored 19 assignments for entity "soc_system_mm_interconnect_0_avalon_st_adapter_001_error_adapter_0" -- entity does not exist in design
Warning (20013): Ignored 19 assignments for entity "soc_system_mm_interconnect_0_avalon_st_adapter_error_adapter_0" -- entity does not exist in design
Warning (20013): Ignored 17 assignments for entity "soc_system_mm_interconnect_0_cmd_demux" -- entity does not exist in design
Warning (20013): Ignored 17 assignments for entity "soc_system_mm_interconnect_0_cmd_demux_002" -- entity does not exist in design
Warning (20013): Ignored 19 assignments for entity "soc_system_mm_interconnect_0_cmd_mux" -- entity does not exist in design
Warning (20013): Ignored 19 assignments for entity "soc_system_mm_interconnect_0_cmd_mux_001" -- entity does not exist in design
Warning (20013): Ignored 19 assignments for entity "soc_system_mm_interconnect_0_cmd_mux_002" -- entity does not exist in design
Warning (20013): Ignored 19 assignments for entity "soc_system_mm_interconnect_0_cmd_mux_004" -- entity does not exist in design
Warning (20013): Ignored 36 assignments for entity "soc_system_mm_interconnect_0_router" -- entity does not exist in design
Warning (20013): Ignored 36 assignments for entity "soc_system_mm_interconnect_0_router_002" -- entity does not exist in design
Warning (20013): Ignored 36 assignments for entity "soc_system_mm_interconnect_0_router_003" -- entity does not exist in design
Warning (20013): Ignored 36 assignments for entity "soc_system_mm_interconnect_0_router_005" -- entity does not exist in design
Warning (20013): Ignored 36 assignments for entity "soc_system_mm_interconnect_0_router_006" -- entity does not exist in design
Warning (20013): Ignored 36 assignments for entity "soc_system_mm_interconnect_0_router_007" -- entity does not exist in design
Warning (20013): Ignored 36 assignments for entity "soc_system_mm_interconnect_0_router_009" -- entity does not exist in design
Warning (20013): Ignored 17 assignments for entity "soc_system_mm_interconnect_0_rsp_demux" -- entity does not exist in design
Warning (20013): Ignored 17 assignments for entity "soc_system_mm_interconnect_0_rsp_demux_001" -- entity does not exist in design
Warning (20013): Ignored 17 assignments for entity "soc_system_mm_interconnect_0_rsp_demux_002" -- entity does not exist in design
Warning (20013): Ignored 17 assignments for entity "soc_system_mm_interconnect_0_rsp_demux_004" -- entity does not exist in design
Warning (20013): Ignored 19 assignments for entity "soc_system_mm_interconnect_0_rsp_mux" -- entity does not exist in design
Warning (20013): Ignored 19 assignments for entity "soc_system_mm_interconnect_0_rsp_mux_002" -- entity does not exist in design
Warning (20013): Ignored 12 assignments for entity "soc_system_mm_interconnect_1" -- entity does not exist in design
Warning (20013): Ignored 17 assignments for entity "soc_system_mm_interconnect_1_cmd_demux" -- entity does not exist in design
Warning (20013): Ignored 19 assignments for entity "soc_system_mm_interconnect_1_cmd_mux" -- entity does not exist in design
Warning (20013): Ignored 36 assignments for entity "soc_system_mm_interconnect_1_router" -- entity does not exist in design
Warning (20013): Ignored 36 assignments for entity "soc_system_mm_interconnect_1_router_001" -- entity does not exist in design
Warning (20013): Ignored 17 assignments for entity "soc_system_mm_interconnect_1_rsp_demux" -- entity does not exist in design
Warning (20013): Ignored 19 assignments for entity "soc_system_mm_interconnect_1_rsp_mux" -- entity does not exist in design
Warning (20013): Ignored 36 assignments for entity "soc_system_onchip_memory2_0" -- entity does not exist in design
Warning (20013): Ignored 22 assignments for entity "soc_system_pio_0" -- entity does not exist in design
Warning (20013): Ignored 23 assignments for entity "soc_system_pio_1" -- entity does not exist in design
Warning (20013): Ignored 10 assignments for entity "soc_system_sysid_qsys" -- entity does not exist in design
Info (144001): Generated suppressed messages file /home/lucas/uefs/pbl/Zoom-FPGA/coprecessador/output_files/soc_system.map.smsg
Info (16010): Generating hard_block partition "hard_block:auto_generated_inst"
    Info (16011): Adding 3 node(s), including 0 DDIO, 1 PLL, 0 transceiver and 0 LCELL
Warning: RST port on the PLL is not properly connected on instance clock_75mhz:clock_75|clock_75mhz_0002:clock_75mhz_inst|altera_pll:altera_pll_i|general[0].gpll. The reset port on the PLL should be connected. If the PLL loses lock for any reason, you might need to manually reset the PLL in order to re-establish lock to the reference clock. File: /home/lucas/intelFPGA_lite/23.1std/quartus/libraries/megafunctions/altera_pll.v Line: 749
    Info: Must be connected
Warning (21074): Design contains 6 input pin(s) that do not drive logic
    Warning (15610): No output dependent on input pin "instrucao[0]" File: /home/lucas/uefs/pbl/Zoom-FPGA/coprecessador/unidade_de_controle.v Line: 2
    Warning (15610): No output dependent on input pin "instrucao[1]" File: /home/lucas/uefs/pbl/Zoom-FPGA/coprecessador/unidade_de_controle.v Line: 2
    Warning (15610): No output dependent on input pin "instrucao[2]" File: /home/lucas/uefs/pbl/Zoom-FPGA/coprecessador/unidade_de_controle.v Line: 2
    Warning (15610): No output dependent on input pin "instrucao[3]" File: /home/lucas/uefs/pbl/Zoom-FPGA/coprecessador/unidade_de_controle.v Line: 2
    Warning (15610): No output dependent on input pin "botao_zoom_in_input" File: /home/lucas/uefs/pbl/Zoom-FPGA/coprecessador/unidade_de_controle.v Line: 5
    Warning (15610): No output dependent on input pin "botao_zoom_out_input" File: /home/lucas/uefs/pbl/Zoom-FPGA/coprecessador/unidade_de_controle.v Line: 6
Info (21057): Implemented 1641 device resources after synthesis - the final resource count might be different
    Info (21058): Implemented 37 input pins
    Info (21059): Implemented 30 output pins
    Info (21061): Implemented 1405 logic cells
    Info (21064): Implemented 168 RAM segments
    Info (21065): Implemented 1 PLLs
Info: Quartus Prime Analysis & Synthesis was successful. 0 errors, 97 warnings
    Info: Peak virtual memory: 519 megabytes
    Info: Processing ended: Sat Nov  1 17:37:13 2025
    Info: Elapsed time: 00:04:44
    Info: Total CPU time (on all processors): 00:04:51


+------------------------------------------+
; Analysis & Synthesis Suppressed Messages ;
+------------------------------------------+
The suppressed messages can be found in /home/lucas/uefs/pbl/Zoom-FPGA/coprecessador/output_files/soc_system.map.smsg.


